LIMIT_BAL,SEX,EDUCATION,MARRIAGE,AGE,PAY_0,PAY_2,PAY_3,PAY_4,PAY_5,PAY_6,BILL_AMT1,BILL_AMT2,BILL_AMT3,BILL_AMT4,BILL_AMT5,BILL_AMT6,PAY_AMT1,PAY_AMT2,PAY_AMT3,PAY_AMT4,PAY_AMT5,PAY_AMT6
0.24050632911392406,1.0,0.3333333333333333,0.3333333333333333,0.7222222222222223,0.1,0.1111111111111111,0.1,0.1,0.1,0.1,0.02465085541796103,0.04341326609375804,0.07689831786992915,0.07642796785386814,0.13378953801106527,0.3984047358744599,0.0008026625695742239,0.0003756880143299307,0.00104079605128286,0.0013648430430500491,0.0010204318281963867,0.0009814126394052044
