LIMIT_BAL,SEX,EDUCATION,MARRIAGE,AGE,PAY_0,PAY_2,PAY_3,PAY_4,PAY_5,PAY_6,BILL_AMT1,BILL_AMT2,BILL_AMT3,BILL_AMT4,BILL_AMT5,BILL_AMT6,PAY_AMT1,PAY_AMT2,PAY_AMT3,PAY_AMT4,PAY_AMT5,PAY_AMT6
0.13924050632911392,0.0,0.5,0.6666666666666666,0.12962962962962965,0.1,0.5555555555555556,0.4,0.1,0.1,0.1,0.026909679981540112,0.045027787783666964,0.07678112501836297,0.07641897844339368,0.13335816969114683,0.39781415770546313,0.0,0.0,0.0010250264141422106,0.0007049189343225528,0.0,0.007650557620817844
