LIMIT_BAL,SEX,EDUCATION,MARRIAGE,AGE,PAY_0,PAY_2,PAY_3,PAY_4,PAY_5,PAY_6,BILL_AMT1,BILL_AMT2,BILL_AMT3,BILL_AMT4,BILL_AMT5,BILL_AMT6,PAY_AMT1,PAY_AMT2,PAY_AMT3,PAY_AMT4,PAY_AMT5,PAY_AMT6
0.26582278481012656,1.0,0.3333333333333333,0.3333333333333333,0.2222222222222222,0.2,0.2222222222222222,0.2,0.2,0.2,0.2,0.08894023611701936,0.0991959553337107,0.15208495986557485,0.14706525712710428,0.2121270052907978,0.45595095388920326,0.006283469610303269,0.0026640436417452134,0.007359163998969717,0.0043395009573899,0.0046357496437507565,0.004867410161090459
