LIMIT_BAL,SEX,EDUCATION,MARRIAGE,AGE,PAY_0,PAY_2,PAY_3,PAY_4,PAY_5,PAY_6,BILL_AMT1,BILL_AMT2,BILL_AMT3,BILL_AMT4,BILL_AMT5,BILL_AMT6,PAY_AMT1,PAY_AMT2,PAY_AMT3,PAY_AMT4,PAY_AMT5,PAY_AMT6
0.05063291139240507,1.0,0.3333333333333333,0.6666666666666666,0.18518518518518523,0.4,0.4444444444444444,0.4,0.4,0.4,0.4,0.07209245012612686,0.08360006175063037,0.12947994434164853,0.12495730030024631,0.18749816178272763,0.4379172276573381,0.0036484662253373815,0.0012224121941320956,0.0034167547138073684,0.0032496262929763075,0.0036075872714013673,0.003717472118959108
