LIMIT_BAL,SEX,EDUCATION,MARRIAGE,AGE,PAY_0,PAY_2,PAY_3,PAY_4,PAY_5,PAY_6,BILL_AMT1,BILL_AMT2,BILL_AMT3,BILL_AMT4,BILL_AMT5,BILL_AMT6,PAY_AMT1,PAY_AMT2,PAY_AMT3,PAY_AMT4,PAY_AMT5,PAY_AMT6
0.05063291139240507,0.0,0.5,0.6666666666666666,0.03703703703703709,0.2,0.2222222222222222,0.2,0.2,0.2,0.2,0.09877923011598648,0.09669119538928628,0.13559708107269425,0.11923404229817275,0.1816371081329268,0.433148074586273,0.003999124368105919,0.0011621065258882455,0.0026309011296316736,0.003579588347340056,0.002736612630163037,0.0024708798017348205
