LIMIT_BAL,SEX,EDUCATION,MARRIAGE,AGE,PAY_0,PAY_2,PAY_3,PAY_4,PAY_5,PAY_6,BILL_AMT1,BILL_AMT2,BILL_AMT3,BILL_AMT4,BILL_AMT5,BILL_AMT6,PAY_AMT1,PAY_AMT2,PAY_AMT3,PAY_AMT4,PAY_AMT5,PAY_AMT6
0.2151898734177215,1.0,0.3333333333333333,0.3333333333333333,0.2407407407407407,0.2,0.2222222222222222,0.2,0.2,0.2,0.2,0.24897144211585465,0.23115705243657697,0.3188454358336126,0.26733008515968193,0.34585445240732937,0.5536061007662283,0.014188479765200929,0.0040747073137736515,0.013141364283874494,0.01224859141198762,0.012884240255004883,0.012639405204460967
