LIMIT_BAL,SEX,EDUCATION,MARRIAGE,AGE,PAY_0,PAY_2,PAY_3,PAY_4,PAY_5,PAY_6,BILL_AMT1,BILL_AMT2,BILL_AMT3,BILL_AMT4,BILL_AMT5,BILL_AMT6,PAY_AMT1,PAY_AMT2,PAY_AMT3,PAY_AMT4,PAY_AMT5,PAY_AMT6
0.24050632911392406,1.0,0.3333333333333333,0.3333333333333333,0.2407407407407407,0.2,0.1111111111111111,0.1,0.4,0.1,0.1,0.03505808742388829,0.04781171203622704,0.08416592527057519,0.07876821104738618,0.13421273647643978,0.40150995839001824,0.013375682567222989,0.00468428352791419,0.005146158253565252,0.002012268589112252,0.007988228958103027,0.00324907063197026
