LIMIT_BAL,SEX,EDUCATION,MARRIAGE,AGE,PAY_0,PAY_2,PAY_3,PAY_4,PAY_5,PAY_6,BILL_AMT1,BILL_AMT2,BILL_AMT3,BILL_AMT4,BILL_AMT5,BILL_AMT6,PAY_AMT1,PAY_AMT2,PAY_AMT3,PAY_AMT4,PAY_AMT5,PAY_AMT6
0.26582278481012656,0.0,0.16666666666666666,0.3333333333333333,0.33333333333333337,0.1,0.1111111111111111,0.2,0.1,0.1,0.1,0.025402750460319878,0.044309936705603875,0.08203334549277944,0.086816729892187,0.13289738989487032,0.40262197958521256,0.0022154297690520877,0.002052022603216411,0.019472873595845226,0.0,0.010294507963748901,0.0050260223048327135
