LIMIT_BAL,SEX,EDUCATION,MARRIAGE,AGE,PAY_0,PAY_2,PAY_3,PAY_4,PAY_5,PAY_6,BILL_AMT1,BILL_AMT2,BILL_AMT3,BILL_AMT4,BILL_AMT5,BILL_AMT6,PAY_AMT1,PAY_AMT2,PAY_AMT3,PAY_AMT4,PAY_AMT5,PAY_AMT6
0.0759493670886076,1.0,0.16666666666666666,0.3333333333333333,0.2592592592592593,0.6000000000000001,0.6666666666666666,0.5,0.4,0.2,0.2,0.14493051642160748,0.13716101476869244,0.19213355363388623,0.14482090097864714,0.20210749567814695,0.4460142418394166,0.0,0.0016306978669722156,0.0,0.0041645210800757915,0.00387815631675647,0.005152416356877324
