LIMIT_BAL,SEX,EDUCATION,MARRIAGE,AGE,PAY_0,PAY_2,PAY_3,PAY_4,PAY_5,PAY_6,BILL_AMT1,BILL_AMT2,BILL_AMT3,BILL_AMT4,BILL_AMT5,BILL_AMT6,PAY_AMT1,PAY_AMT2,PAY_AMT3,PAY_AMT4,PAY_AMT5,PAY_AMT6
0.05063291139240507,0.0,0.5,0.6666666666666666,0.07407407407407407,0.2,0.2222222222222222,0.2,0.2,0.4,0.4,0.09894718996887249,0.1019863119436011,0.15387256350284484,0.1499748296506715,0.2130975840106143,0.45089002707988385,0.004256543929560278,0.0017928712180604069,0.009198954998712146,0.004999425066117396,0.0,0.012765799256505577
