LIMIT_BAL,SEX,EDUCATION,MARRIAGE,AGE,PAY_0,PAY_2,PAY_3,PAY_4,PAY_5,PAY_6,BILL_AMT1,BILL_AMT2,BILL_AMT3,BILL_AMT4,BILL_AMT5,BILL_AMT6,PAY_AMT1,PAY_AMT2,PAY_AMT3,PAY_AMT4,PAY_AMT5,PAY_AMT6
0.13924050632911392,1.0,0.3333333333333333,0.6666666666666666,0.09259259259259262,0.5,0.5555555555555556,0.4,0.4,0.5,0.4,0.04291923642625385,0.0590464673493542,0.09603706595316577,0.09674703199630835,0.1549037100943455,0.4051401392780182,0.00202692568074299,0.0,0.0063078548562597574,0.0002499712533058698,0.0,0.14190334572490707
