LIMIT_BAL,SEX,EDUCATION,MARRIAGE,AGE,PAY_0,PAY_2,PAY_3,PAY_4,PAY_5,PAY_6,BILL_AMT1,BILL_AMT2,BILL_AMT3,BILL_AMT4,BILL_AMT5,BILL_AMT6,PAY_AMT1,PAY_AMT2,PAY_AMT3,PAY_AMT4,PAY_AMT5,PAY_AMT6
0.05063291139240507,1.0,0.16666666666666666,0.6666666666666666,0.07407407407407407,0.2,0.2222222222222222,0.1,0.2,0.2,0.2,0.036754952853512324,0.04920110121957495,0.09615590940827515,0.09400526180159771,0.14270121534756197,0.3979407101702482,0.00202692568074299,0.00988361006028937,0.0,0.0,0.0,0.0
