LIMIT_BAL,SEX,EDUCATION,MARRIAGE,AGE,PAY_0,PAY_2,PAY_3,PAY_4,PAY_5,PAY_6,BILL_AMT1,BILL_AMT2,BILL_AMT3,BILL_AMT4,BILL_AMT5,BILL_AMT6,PAY_AMT1,PAY_AMT2,PAY_AMT3,PAY_AMT4,PAY_AMT5,PAY_AMT6
0.025316455696202535,0.0,0.16666666666666666,0.3333333333333333,0.20370370370370372,0.2,0.2222222222222222,0.4,0.2,0.2,0.2,0.06861081504480761,0.0828680594864406,0.1257066646419263,0.12053900505204868,0.18134626131116363,0.3997768926917123,0.006960462787671427,0.0,0.0015690788954946147,0.001482329532103808,7.988228958103028e-05,0.0
