LIMIT_BAL,SEX,EDUCATION,MARRIAGE,AGE,PAY_0,PAY_2,PAY_3,PAY_4,PAY_5,PAY_6,BILL_AMT1,BILL_AMT2,BILL_AMT3,BILL_AMT4,BILL_AMT5,BILL_AMT6,PAY_AMT1,PAY_AMT2,PAY_AMT3,PAY_AMT4,PAY_AMT5,PAY_AMT6
0.05063291139240507,0.0,0.16666666666666666,0.6666666666666666,0.6666666666666667,0.2,0.2222222222222222,0.2,0.2,0.2,0.2,0.10372384260749037,0.10813950496577987,0.1583605545367664,0.15254280457620922,0.1660768031685964,0.4217349171139944,0.0036768431848677834,0.0014799336963625903,0.005784828557761553,0.001789794173670028,0.001857907444771704,0.0017174721189591078
