LIMIT_BAL,SEX,EDUCATION,MARRIAGE,AGE,PAY_0,PAY_2,PAY_3,PAY_4,PAY_5,PAY_6,BILL_AMT1,BILL_AMT2,BILL_AMT3,BILL_AMT4,BILL_AMT5,BILL_AMT6,PAY_AMT1,PAY_AMT2,PAY_AMT3,PAY_AMT4,PAY_AMT5,PAY_AMT6
0.36708860759493667,0.0,0.5,0.3333333333333333,0.5925925925925926,0.0,0.0,0.0,0.0,0.0,0.0,0.02402453783570387,0.04289996397879895,0.07613243782589105,0.07670364310841828,0.134518289036382,0.39935270757826624,0.0,0.0,0.0015322830754997661,0.0024797148327942286,0.003105101901456177,0.0002379182156133829
