LIMIT_BAL,SEX,EDUCATION,MARRIAGE,AGE,PAY_0,PAY_2,PAY_3,PAY_4,PAY_5,PAY_6,BILL_AMT1,BILL_AMT2,BILL_AMT3,BILL_AMT4,BILL_AMT5,BILL_AMT6,PAY_AMT1,PAY_AMT2,PAY_AMT3,PAY_AMT4,PAY_AMT5,PAY_AMT6
0.2531645569620253,1.0,0.16666666666666666,0.6666666666666666,0.12962962962962965,0.0,0.0,0.0,0.0,0.0,0.0,0.05346931279304677,0.05077960170843411,0.16664328311647153,0.07918022569413231,0.13289738989487032,0.3979407101702482,0.012408839017508583,0.04468487028576738,0.006179069486277787,0.0,0.0,0.0
