LIMIT_BAL,SEX,EDUCATION,MARRIAGE,AGE,PAY_0,PAY_2,PAY_3,PAY_4,PAY_5,PAY_6,BILL_AMT1,BILL_AMT2,BILL_AMT3,BILL_AMT4,BILL_AMT5,BILL_AMT6,PAY_AMT1,PAY_AMT2,PAY_AMT3,PAY_AMT4,PAY_AMT5,PAY_AMT6
0.18987341772151897,1.0,0.3333333333333333,0.3333333333333333,0.14814814814814814,0.2,0.2222222222222222,0.2,0.4,0.2,0.2,0.033843125497404467,0.04943009314053415,0.08745062632151447,0.08146653242480358,0.13806727385025638,0.4014560564142765,0.00810770272297196,0.0018173194619430487,0.0,3.999540052893917e-05,4.1229568816015626e-05,0.00020074349442379184
