LIMIT_BAL,SEX,EDUCATION,MARRIAGE,AGE,PAY_0,PAY_2,PAY_3,PAY_4,PAY_5,PAY_6,BILL_AMT1,BILL_AMT2,BILL_AMT3,BILL_AMT4,BILL_AMT5,BILL_AMT6,PAY_AMT1,PAY_AMT2,PAY_AMT3,PAY_AMT4,PAY_AMT5,PAY_AMT6
0.012658227848101266,0.0,0.3333333333333333,0.6666666666666666,0.5740740740740741,0.2,0.2222222222222222,0.2,0.2,0.2,0.2,0.05137373892759989,0.06751402253898009,0.109710665704915,0.10570947423934604,0.1654787698159822,0.3979407101702482,0.00405385136148598,0.0016298829255094608,0.0,0.0,0.0,0.0
