LIMIT_BAL,SEX,EDUCATION,MARRIAGE,AGE,PAY_0,PAY_2,PAY_3,PAY_4,PAY_5,PAY_6,BILL_AMT1,BILL_AMT2,BILL_AMT3,BILL_AMT4,BILL_AMT5,BILL_AMT6,PAY_AMT1,PAY_AMT2,PAY_AMT3,PAY_AMT4,PAY_AMT5,PAY_AMT6
0.4177215189873417,1.0,0.3333333333333333,0.6666666666666666,0.18518518518518523,0.6000000000000001,0.5555555555555556,0.4,0.1,0.1,0.1,0.9372520826236899,0.7796364431636906,0.710068186432369,0.5320592342220863,0.5367790511857726,0.6655159766627881,0.0,0.0,0.002628272856774899,0.010798758142813576,0.7420858554233632,0.01984386617100372
