LIMIT_BAL,SEX,EDUCATION,MARRIAGE,AGE,PAY_0,PAY_2,PAY_3,PAY_4,PAY_5,PAY_6,BILL_AMT1,BILL_AMT2,BILL_AMT3,BILL_AMT4,BILL_AMT5,BILL_AMT6,PAY_AMT1,PAY_AMT2,PAY_AMT3,PAY_AMT4,PAY_AMT5,PAY_AMT6
0.05063291139240507,1.0,0.5,0.6666666666666666,0.03703703703703709,0.2,0.2222222222222222,0.2,0.2,0.2,0.4,0.07797104497713706,0.08691658519014049,0.13206974130090668,0.12517004968147522,0.18934945082237756,0.43714619504781455,0.003772108691862704,0.0016331426913604797,0.003479833262369966,0.009418916824565174,2.5768480510009766e-06,0.002827757125154895
