LIMIT_BAL,SEX,EDUCATION,MARRIAGE,AGE,PAY_0,PAY_2,PAY_3,PAY_4,PAY_5,PAY_6,BILL_AMT1,BILL_AMT2,BILL_AMT3,BILL_AMT4,BILL_AMT5,BILL_AMT6,PAY_AMT1,PAY_AMT2,PAY_AMT3,PAY_AMT4,PAY_AMT5,PAY_AMT6
0.0,0.0,0.16666666666666666,0.6666666666666666,0.09259259259259262,0.1,0.4444444444444444,0.1,0.1,0.1,0.0,0.040121998502488786,0.05020712190603613,0.08065179032713313,0.08267261166346045,0.13289738989487032,0.3979407101702482,0.0,0.0022288649006341876,0.011995437318320638,0.0,0.0,0.0
