LIMIT_BAL,SEX,EDUCATION,MARRIAGE,AGE,PAY_0,PAY_2,PAY_3,PAY_4,PAY_5,PAY_6,BILL_AMT1,BILL_AMT2,BILL_AMT3,BILL_AMT4,BILL_AMT5,BILL_AMT6,PAY_AMT1,PAY_AMT2,PAY_AMT3,PAY_AMT4,PAY_AMT5,PAY_AMT6
0.2531645569620253,1.0,0.5,0.3333333333333333,0.38888888888888884,0.30000000000000004,0.1111111111111111,0.1,0.2,0.2,0.1,0.024029246990457682,0.0444475891524726,0.09671381340587186,0.10110989254658012,0.16188566778757071,0.41323129454969,0.002432310816891588,0.010159060274700468,0.015780150232076493,0.014998275198352189,0.018764607507389112,0.02411648079306072
