LIMIT_BAL,SEX,EDUCATION,MARRIAGE,AGE,PAY_0,PAY_2,PAY_3,PAY_4,PAY_5,PAY_6,BILL_AMT1,BILL_AMT2,BILL_AMT3,BILL_AMT4,BILL_AMT5,BILL_AMT6,PAY_AMT1,PAY_AMT2,PAY_AMT3,PAY_AMT4,PAY_AMT5,PAY_AMT6
0.12658227848101264,1.0,0.16666666666666666,0.6666666666666666,0.09259259259259262,0.2,0.2222222222222222,0.2,0.2,0.2,0.2,0.20185320936745066,0.18449544589101016,0.2422854916900365,0.21653242480358137,0.2613095296451342,0.4596280060604569,0.010540013539863547,0.0037715490896288923,0.012820714995347957,0.0074991375991760945,0.005295422744807007,0.004728624535315985
