LIMIT_BAL,SEX,EDUCATION,MARRIAGE,AGE,PAY_0,PAY_2,PAY_3,PAY_4,PAY_5,PAY_6,BILL_AMT1,BILL_AMT2,BILL_AMT3,BILL_AMT4,BILL_AMT5,BILL_AMT6,PAY_AMT1,PAY_AMT2,PAY_AMT3,PAY_AMT4,PAY_AMT5,PAY_AMT6
0.35443037974683544,1.0,0.16666666666666666,0.6666666666666666,0.11111111111111116,0.0,0.0,0.0,0.0,0.0,0.0,0.0240229681174526,0.042898677507332894,0.07754535445885789,0.07583466676255371,0.13301340182939383,0.39785517007831017,0.0,0.0006984048335808039,0.0,0.00017747958984716755,0.0,0.036401486988847584
