LIMIT_BAL,SEX,EDUCATION,MARRIAGE,AGE,PAY_0,PAY_2,PAY_3,PAY_4,PAY_5,PAY_6,BILL_AMT1,BILL_AMT2,BILL_AMT3,BILL_AMT4,BILL_AMT5,BILL_AMT6,PAY_AMT1,PAY_AMT2,PAY_AMT3,PAY_AMT4,PAY_AMT5,PAY_AMT6
0.5569620253164557,1.0,0.16666666666666666,0.6666666666666666,0.2592592592592593,0.30000000000000004,0.0,0.1,0.2,0.2,0.0,0.024029246990457682,0.04290382339319714,0.08204820092466811,0.08130921774150052,0.13289738989487032,0.3979407101702482,0.0,0.0029183053781246895,0.00019186391854456763,0.0,0.0,0.0
