LIMIT_BAL,SEX,EDUCATION,MARRIAGE,AGE,PAY_0,PAY_2,PAY_3,PAY_4,PAY_5,PAY_6,BILL_AMT1,BILL_AMT2,BILL_AMT3,BILL_AMT4,BILL_AMT5,BILL_AMT6,PAY_AMT1,PAY_AMT2,PAY_AMT3,PAY_AMT4,PAY_AMT5,PAY_AMT6
0.24050632911392406,0.0,0.5,0.3333333333333333,0.40740740740740744,0.2,0.1111111111111111,0.1,0.1,0.2,0.2,0.025980406776787632,0.04474990994699738,0.07823365613636626,0.08150249006670142,0.13701826452681837,0.3994183273748214,0.002945123014119564,0.0010349756576985075,0.010513091427099596,0.0,0.0,0.0035588599752168527
