LIMIT_BAL,SEX,EDUCATION,MARRIAGE,AGE,PAY_0,PAY_2,PAY_3,PAY_4,PAY_5,PAY_6,BILL_AMT1,BILL_AMT2,BILL_AMT3,BILL_AMT4,BILL_AMT5,BILL_AMT6,PAY_AMT1,PAY_AMT2,PAY_AMT3,PAY_AMT4,PAY_AMT5,PAY_AMT6
0.15189873417721517,1.0,0.3333333333333333,0.3333333333333333,0.2407407407407407,0.4,0.4444444444444444,0.4,0.4,0.4,0.4,0.06949927557502704,0.08249626923274841,0.13072449941321046,0.12428159627958266,0.1887563193824897,0.43847030879973187,0.005067314201857474,0.002444824388264191,0.0,0.006499252585952615,0.0025768480510009765,0.003717472118959108
