LIMIT_BAL,SEX,EDUCATION,MARRIAGE,AGE,PAY_0,PAY_2,PAY_3,PAY_4,PAY_5,PAY_6,BILL_AMT1,BILL_AMT2,BILL_AMT3,BILL_AMT4,BILL_AMT5,BILL_AMT6,PAY_AMT1,PAY_AMT2,PAY_AMT3,PAY_AMT4,PAY_AMT5,PAY_AMT6
0.13924050632911392,0.0,0.16666666666666666,0.6666666666666666,0.11111111111111116,0.2,0.2222222222222222,0.2,0.2,0.2,0.2,0.056795545767490185,0.07111614264395616,0.11272301717122866,0.10655148235378724,0.16399185628899063,0.4156568834580695,0.0034457736572630826,0.0012224121941320956,0.0018397909997424293,0.002499712533058698,0.0025768480510009765,0.0024783147459727386
