LIMIT_BAL,SEX,EDUCATION,MARRIAGE,AGE,PAY_0,PAY_2,PAY_3,PAY_4,PAY_5,PAY_6,BILL_AMT1,BILL_AMT2,BILL_AMT3,BILL_AMT4,BILL_AMT5,BILL_AMT6,PAY_AMT1,PAY_AMT2,PAY_AMT3,PAY_AMT4,PAY_AMT5,PAY_AMT6
0.10126582278481013,1.0,0.16666666666666666,0.6666666666666666,0.2222222222222222,0.1,0.1111111111111111,0.1,0.1,0.1,0.1,0.02873840174427092,0.05062265218957444,0.0761373896365206,0.08032937199978425,0.13779930262121615,0.4014560564142765,0.012161554084457939,0.0,0.007884818570324697,0.0074991375991760945,0.0077305441530029296,0.007434944237918216
