LIMIT_BAL,SEX,EDUCATION,MARRIAGE,AGE,PAY_0,PAY_2,PAY_3,PAY_4,PAY_5,PAY_6,BILL_AMT1,BILL_AMT2,BILL_AMT3,BILL_AMT4,BILL_AMT5,BILL_AMT6,PAY_AMT1,PAY_AMT2,PAY_AMT3,PAY_AMT4,PAY_AMT5,PAY_AMT6
0.35443037974683544,1.0,0.3333333333333333,0.3333333333333333,0.14814814814814814,0.4,0.2222222222222222,0.2,0.2,0.2,0.2,0.20089882067067782,0.189463798692945,0.2689741003798039,0.2554086286354674,0.33263889569710103,0.5442787153987398,0.009121165563343454,0.0037731789725544015,0.012765521265355684,0.010626277978032526,0.01155716350873938,0.011135068153655515
