LIMIT_BAL,SEX,EDUCATION,MARRIAGE,AGE,PAY_0,PAY_2,PAY_3,PAY_4,PAY_5,PAY_6,BILL_AMT1,BILL_AMT2,BILL_AMT3,BILL_AMT4,BILL_AMT5,BILL_AMT6,PAY_AMT1,PAY_AMT2,PAY_AMT3,PAY_AMT4,PAY_AMT5,PAY_AMT6
0.3924050632911392,0.0,0.16666666666666666,0.3333333333333333,0.5,0.4,0.4444444444444444,0.4,0.4,0.4,0.4,0.3485402405122304,0.3026835794782072,0.431664188010346,0.40300426098056485,0.4939673794047771,0.6616162858960792,0.0,0.014913428768411566,0.02102618285419919,0.019247786504551976,0.01984172999270752,0.0
