LIMIT_BAL,SEX,EDUCATION,MARRIAGE,AGE,PAY_0,PAY_2,PAY_3,PAY_4,PAY_5,PAY_6,BILL_AMT1,BILL_AMT2,BILL_AMT3,BILL_AMT4,BILL_AMT5,BILL_AMT6,PAY_AMT1,PAY_AMT2,PAY_AMT3,PAY_AMT4,PAY_AMT5,PAY_AMT6
0.0,1.0,0.3333333333333333,0.6666666666666666,0.18518518518518523,0.2,0.2222222222222222,0.2,0.2,0.2,0.2,0.04046105764476334,0.054659599650079764,0.0931534615632206,0.09126498984196615,0.1497191204007804,0.41001709630056676,0.0023512337896618683,0.001084687086926546,0.0034719484437996414,0.001292351379591347,0.0013605757709285156,0.001486988847583643
