LIMIT_BAL,SEX,EDUCATION,MARRIAGE,AGE,PAY_0,PAY_2,PAY_3,PAY_4,PAY_5,PAY_6,BILL_AMT1,BILL_AMT2,BILL_AMT3,BILL_AMT4,BILL_AMT5,BILL_AMT6,PAY_AMT1,PAY_AMT2,PAY_AMT3,PAY_AMT4,PAY_AMT5,PAY_AMT6
0.012658227848101266,1.0,0.3333333333333333,0.6666666666666666,0.2592592592592593,0.2,0.2222222222222222,0.2,0.2,0.2,0.2,0.04891242070960683,0.06459501878248342,0.10565678340285126,0.1036868568825923,0.16387584435446712,0.4206111780979867,0.003200515649893181,0.001305536223333078,0.0034377808966615676,0.0016923053848807387,0.0017831788512926757,0.003908302354399009
