LIMIT_BAL,SEX,EDUCATION,MARRIAGE,AGE,PAY_0,PAY_2,PAY_3,PAY_4,PAY_5,PAY_6,BILL_AMT1,BILL_AMT2,BILL_AMT3,BILL_AMT4,BILL_AMT5,BILL_AMT6,PAY_AMT1,PAY_AMT2,PAY_AMT3,PAY_AMT4,PAY_AMT5,PAY_AMT6
0.08860759493670886,1.0,0.5,0.6666666666666666,0.37037037037037035,0.2,0.2222222222222222,0.2,0.2,0.2,0.2,0.14657558114893957,0.11360186281068288,0.12220738513037294,0.09334454013172483,0.15238412695300374,0.41191538327234206,0.003194434872850952,0.0012949419843172666,0.002628272856774899,0.0005974312954010289,0.0,0.004203221809169765
