LIMIT_BAL,SEX,EDUCATION,MARRIAGE,AGE,PAY_0,PAY_2,PAY_3,PAY_4,PAY_5,PAY_6,BILL_AMT1,BILL_AMT2,BILL_AMT3,BILL_AMT4,BILL_AMT5,BILL_AMT6,PAY_AMT1,PAY_AMT2,PAY_AMT3,PAY_AMT4,PAY_AMT5,PAY_AMT6
0.13924050632911392,1.0,0.3333333333333333,0.6666666666666666,0.14814814814814814,0.2,0.2222222222222222,0.2,0.2,0.2,0.2,0.15284660556276755,0.15077059640817167,0.21735972758439126,0.20541851698698932,0.2769090499112754,0.5032675143338242,0.00810770272297196,0.0032597658510189215,0.008541886784518421,0.007986581543122541,0.008271682243713135,0.010408921933085503
