LIMIT_BAL,SEX,EDUCATION,MARRIAGE,AGE,PAY_0,PAY_2,PAY_3,PAY_4,PAY_5,PAY_6,BILL_AMT1,BILL_AMT2,BILL_AMT3,BILL_AMT4,BILL_AMT5,BILL_AMT6,PAY_AMT1,PAY_AMT2,PAY_AMT3,PAY_AMT4,PAY_AMT5,PAY_AMT6
0.05063291139240507,0.0,0.3333333333333333,0.6666666666666666,0.09259259259259262,0.4,0.2222222222222222,0.2,0.2,0.2,0.2,0.10186529619798541,0.10705372304842278,0.14403001457482928,0.12308600468647932,0.18011261327503325,0.4311197198034687,0.0045970674439251005,0.0017928712180604069,0.005038399066437481,0.002999655039670438,0.002654153492531006,0.0032218091697645604
