LIMIT_BAL,SEX,EDUCATION,MARRIAGE,AGE,PAY_0,PAY_2,PAY_3,PAY_4,PAY_5,PAY_6,BILL_AMT1,BILL_AMT2,BILL_AMT3,BILL_AMT4,BILL_AMT5,BILL_AMT6,PAY_AMT1,PAY_AMT2,PAY_AMT3,PAY_AMT4,PAY_AMT5,PAY_AMT6
0.27848101265822783,1.0,0.3333333333333333,0.6666666666666666,0.09259259259259262,0.1,0.1111111111111111,0.1,0.6000000000000001,0.5,0.4,0.037101860587043234,0.04290382339319714,0.07712775176243195,0.07673360780999981,0.1333875811675049,0.3981164774824496,0.0,0.0004889648776528383,0.0,0.0,0.0,0.0017001239157372987
