LIMIT_BAL,SEX,EDUCATION,MARRIAGE,AGE,PAY_0,PAY_2,PAY_3,PAY_4,PAY_5,PAY_6,BILL_AMT1,BILL_AMT2,BILL_AMT3,BILL_AMT4,BILL_AMT5,BILL_AMT6,PAY_AMT1,PAY_AMT2,PAY_AMT3,PAY_AMT4,PAY_AMT5,PAY_AMT6
0.430379746835443,0.0,0.3333333333333333,0.6666666666666666,0.2407407407407407,0.0,0.0,0.0,0.0,0.0,0.0,0.02745751165123372,0.04476277466165801,0.08013845262520242,0.08269957989488383,0.14204762698404919,0.40137051632233844,0.0029289076086736203,0.0019754181057174665,0.012048002775456137,0.014023387310459297,0.007542434245279859,0.003216852540272615
