LIMIT_BAL,SEX,EDUCATION,MARRIAGE,AGE,PAY_0,PAY_2,PAY_3,PAY_4,PAY_5,PAY_6,BILL_AMT1,BILL_AMT2,BILL_AMT3,BILL_AMT4,BILL_AMT5,BILL_AMT6,PAY_AMT1,PAY_AMT2,PAY_AMT3,PAY_AMT4,PAY_AMT5,PAY_AMT6
0.05063291139240507,0.0,0.5,0.3333333333333333,0.37037037037037035,0.2,0.2222222222222222,0.4,0.2,0.2,0.2,0.02811365388026503,0.05853445170586117,0.09539993298549615,0.09406369296968171,0.1365084656032784,0.4007600178579589,0.020269256807429897,0.0,0.002722890679618795,0.00019747729011163715,0.0005978287478322266,0.00027261462205700125
