LIMIT_BAL,SEX,EDUCATION,MARRIAGE,AGE,PAY_0,PAY_2,PAY_3,PAY_4,PAY_5,PAY_6,BILL_AMT1,BILL_AMT2,BILL_AMT3,BILL_AMT4,BILL_AMT5,BILL_AMT6,PAY_AMT1,PAY_AMT2,PAY_AMT3,PAY_AMT4,PAY_AMT5,PAY_AMT6
0.05063291139240507,1.0,0.3333333333333333,0.3333333333333333,0.5185185185185185,0.30000000000000004,0.4444444444444444,0.4,0.4,0.2,0.2,0.05418039516087257,0.06812895589975815,0.11345423454085987,0.10872242498336959,0.16931369953889341,0.42463156241907374,0.00202692568074299,0.0027064205978084596,0.0,0.002499712533058698,0.0025768480510009765,0.0024807930607187115
