LIMIT_BAL,SEX,EDUCATION,MARRIAGE,AGE,PAY_0,PAY_2,PAY_3,PAY_4,PAY_5,PAY_6,BILL_AMT1,BILL_AMT2,BILL_AMT3,BILL_AMT4,BILL_AMT5,BILL_AMT6,PAY_AMT1,PAY_AMT2,PAY_AMT3,PAY_AMT4,PAY_AMT5,PAY_AMT6
0.20253164556962022,1.0,0.3333333333333333,0.3333333333333333,0.2222222222222222,0.2,0.2222222222222222,0.2,0.2,0.2,0.2,0.29462041858106885,0.26559332064014823,0.35865139088107567,0.2577189071274039,0.3265866674509727,0.5400497538671738,0.013292578614312527,0.005147170278758877,0.010061028495734313,0.008921474030486494,0.010201741433912866,0.009905824039653037
