LIMIT_BAL,SEX,EDUCATION,MARRIAGE,AGE,PAY_0,PAY_2,PAY_3,PAY_4,PAY_5,PAY_6,BILL_AMT1,BILL_AMT2,BILL_AMT3,BILL_AMT4,BILL_AMT5,BILL_AMT6,PAY_AMT1,PAY_AMT2,PAY_AMT3,PAY_AMT4,PAY_AMT5,PAY_AMT6
0.1772151898734177,0.0,0.16666666666666666,0.6666666666666666,0.20370370370370372,0.0,0.0,0.0,0.0,0.0,0.0,0.025336822293766492,0.04496346421036382,0.09141042422161665,0.12536931494699244,0.13670127417051467,0.40276962412746176,0.0032552426432732417,0.007576510779230728,0.08737167457776797,0.005839328477225119,0.010668150931144043,0.026912019826517967
