LIMIT_BAL,SEX,EDUCATION,MARRIAGE,AGE,PAY_0,PAY_2,PAY_3,PAY_4,PAY_5,PAY_6,BILL_AMT1,BILL_AMT2,BILL_AMT3,BILL_AMT4,BILL_AMT5,BILL_AMT6,PAY_AMT1,PAY_AMT2,PAY_AMT3,PAY_AMT4,PAY_AMT5,PAY_AMT6
0.1772151898734177,0.0,0.5,0.3333333333333333,0.5740740740740741,0.4,0.4444444444444444,0.4,0.4,0.4,0.0,0.24834669425184874,0.23918592085627544,0.3238599693978103,0.14657233778608797,0.36959768368283974,0.5715437408674233,0.02698243466205068,0.0018784400716496535,0.0,0.24704159021712502,0.010928412584295142,0.008983890954151178
