LIMIT_BAL,SEX,EDUCATION,MARRIAGE,AGE,PAY_0,PAY_2,PAY_3,PAY_4,PAY_5,PAY_6,BILL_AMT1,BILL_AMT2,BILL_AMT3,BILL_AMT4,BILL_AMT5,BILL_AMT6,PAY_AMT1,PAY_AMT2,PAY_AMT3,PAY_AMT4,PAY_AMT5,PAY_AMT6
0.6835443037974683,0.0,0.16666666666666666,0.3333333333333333,0.42592592592592593,0.0,0.0,0.0,0.0,0.0,0.0,0.058230268249151965,0.04290382339319714,0.07793819810213605,0.07926712332871877,0.13453136080365227,0.3981164774824496,0.0,0.0008891011358654108,0.006068682026293242,0.002499712533058698,0.0003865272076501465,0.001858736059479554
