LIMIT_BAL,SEX,EDUCATION,MARRIAGE,AGE,PAY_0,PAY_2,PAY_3,PAY_4,PAY_5,PAY_6,BILL_AMT1,BILL_AMT2,BILL_AMT3,BILL_AMT4,BILL_AMT5,BILL_AMT6,PAY_AMT1,PAY_AMT2,PAY_AMT3,PAY_AMT4,PAY_AMT5,PAY_AMT6
0.012658227848101266,0.0,0.16666666666666666,0.6666666666666666,0.33333333333333337,0.4,0.2222222222222222,0.2,0.2,0.2,0.2,0.05050882417114952,0.06592523027839242,0.10739817014091203,0.10452586852687534,0.16483988719064846,0.4214618918890416,0.0032552426432732417,0.0013446534135453051,0.002163068561125742,0.0021422536408313045,0.0025768480510009765,0.0009913258983890955
