LIMIT_BAL,SEX,EDUCATION,MARRIAGE,AGE,PAY_0,PAY_2,PAY_3,PAY_4,PAY_5,PAY_6,BILL_AMT1,BILL_AMT2,BILL_AMT3,BILL_AMT4,BILL_AMT5,BILL_AMT6,PAY_AMT1,PAY_AMT2,PAY_AMT3,PAY_AMT4,PAY_AMT5,PAY_AMT6
0.3164556962025316,0.0,0.16666666666666666,0.6666666666666666,0.4444444444444444,0.1,0.1111111111111111,0.0,0.1,0.2,0.1,0.033544879029662966,0.04174599907374055,0.07465184644765359,0.0786888045881951,0.13436306180004773,0.40337895080976,0.0,0.0,0.007372305363253591,4.999425066117396e-06,0.011992650829358546,0.009073110285006196
