LIMIT_BAL,SEX,EDUCATION,MARRIAGE,AGE,PAY_0,PAY_2,PAY_3,PAY_4,PAY_5,PAY_6,BILL_AMT1,BILL_AMT2,BILL_AMT3,BILL_AMT4,BILL_AMT5,BILL_AMT6,PAY_AMT1,PAY_AMT2,PAY_AMT3,PAY_AMT4,PAY_AMT5,PAY_AMT6
0.10126582278481013,1.0,0.16666666666666666,0.3333333333333333,0.14814814814814814,0.2,0.2222222222222222,0.2,0.2,0.2,0.2,0.09520498165784223,0.08307775433540884,0.1252527486675503,0.11741218844201531,0.16605392757587345,0.4154436191192651,0.006013888494764451,0.0016355875157487438,0.0037558019123313303,0.0027296860861000982,0.0010616613970124023,0.0006517967781908303
