LIMIT_BAL,SEX,EDUCATION,MARRIAGE,AGE,PAY_0,PAY_2,PAY_3,PAY_4,PAY_5,PAY_6,BILL_AMT1,BILL_AMT2,BILL_AMT3,BILL_AMT4,BILL_AMT5,BILL_AMT6,PAY_AMT1,PAY_AMT2,PAY_AMT3,PAY_AMT4,PAY_AMT5,PAY_AMT6
0.10126582278481013,1.0,0.3333333333333333,0.6666666666666666,0.38888888888888884,0.2,0.2222222222222222,0.2,0.1,0.1,0.1,0.1697571802837109,0.16564992538465498,0.23205340032582916,0.09086346284077357,0.15126812482230567,0.40185797766817705,0.009121165563343454,0.0016298829255094608,0.026443053212012256,0.02818925823530294,0.00981263737821172,0.03653283767038414
