LIMIT_BAL,SEX,EDUCATION,MARRIAGE,AGE,PAY_0,PAY_2,PAY_3,PAY_4,PAY_5,PAY_6,BILL_AMT1,BILL_AMT2,BILL_AMT3,BILL_AMT4,BILL_AMT5,BILL_AMT6,PAY_AMT1,PAY_AMT2,PAY_AMT3,PAY_AMT4,PAY_AMT5,PAY_AMT6
0.1772151898734177,0.0,0.16666666666666666,0.3333333333333333,0.18518518518518523,0.1,0.1111111111111111,0.0,0.0,0.0,0.1,0.04757502075952387,0.04290382339319714,0.0761373896365206,0.07583466676255371,0.13289738989487032,0.4116435298294705,0.0,0.0,0.0,0.0,0.03013366110840542,0.07434944237918216
