LIMIT_BAL,SEX,EDUCATION,MARRIAGE,AGE,PAY_0,PAY_2,PAY_3,PAY_4,PAY_5,PAY_6,BILL_AMT1,BILL_AMT2,BILL_AMT3,BILL_AMT4,BILL_AMT5,BILL_AMT6,PAY_AMT1,PAY_AMT2,PAY_AMT3,PAY_AMT4,PAY_AMT5,PAY_AMT6
0.012658227848101266,1.0,0.3333333333333333,0.6666666666666666,0.5740740740740741,0.2,0.2222222222222222,0.2,0.2,0.2,0.2,0.053307631813165855,0.06671126434415685,0.10724961582202533,0.10567501483252728,0.1640849926307912,0.42089357757959034,0.0026350033849658868,0.0012224121941320956,0.003942409285162349,0.001249856266529349,0.0035560503103813476,0.0009541511771995044
