LIMIT_BAL,SEX,EDUCATION,MARRIAGE,AGE,PAY_0,PAY_2,PAY_3,PAY_4,PAY_5,PAY_6,BILL_AMT1,BILL_AMT2,BILL_AMT3,BILL_AMT4,BILL_AMT5,BILL_AMT6,PAY_AMT1,PAY_AMT2,PAY_AMT3,PAY_AMT4,PAY_AMT5,PAY_AMT6
0.05063291139240507,1.0,0.5,0.3333333333333333,0.5,0.2,0.2222222222222222,0.2,0.2,0.2,0.2,0.03040858196362335,0.05060592806051562,0.08887839838636999,0.08870150962166568,0.14807861360836333,0.41097912938934916,0.00405385136148598,0.0016298829255094608,0.002628272856774899,0.002499712533058698,0.005153696102001953,0.004956629491945477
