LIMIT_BAL,SEX,EDUCATION,MARRIAGE,AGE,PAY_0,PAY_2,PAY_3,PAY_4,PAY_5,PAY_6,BILL_AMT1,BILL_AMT2,BILL_AMT3,BILL_AMT4,BILL_AMT5,BILL_AMT6,PAY_AMT1,PAY_AMT2,PAY_AMT3,PAY_AMT4,PAY_AMT5,PAY_AMT6
0.08860759493670886,0.0,0.3333333333333333,0.6666666666666666,0.2777777777777778,0.0,0.0,0.0,0.0,0.0,0.0,0.11699267098548481,0.07666212113415324,0.09328220863958907,0.1879985377225628,0.25430959827191235,0.3979407101702482,0.0023127222017277514,0.008740247188044482,0.19676301914959604,0.0037145728241252253,0.0,0.0
