LIMIT_BAL,SEX,EDUCATION,MARRIAGE,AGE,PAY_0,PAY_2,PAY_3,PAY_4,PAY_5,PAY_6,BILL_AMT1,BILL_AMT2,BILL_AMT3,BILL_AMT4,BILL_AMT5,BILL_AMT6,PAY_AMT1,PAY_AMT2,PAY_AMT3,PAY_AMT4,PAY_AMT5,PAY_AMT6
0.05063291139240507,1.0,0.3333333333333333,0.3333333333333333,0.14814814814814814,0.4,0.5555555555555556,0.4,0.2,0.2,0.2,0.10272864123618451,0.10728400144084804,0.15296143034700638,0.1048389996584024,0.16206377061662794,0.4192706593969306,0.00202692568074299,4.074707313773652e-06,0.001737288358328208,0.0019247786504551976,0.002061478440800781,0.0018909541511771995
