LIMIT_BAL,SEX,EDUCATION,MARRIAGE,AGE,PAY_0,PAY_2,PAY_3,PAY_4,PAY_5,PAY_6,BILL_AMT1,BILL_AMT2,BILL_AMT3,BILL_AMT4,BILL_AMT5,BILL_AMT6,PAY_AMT1,PAY_AMT2,PAY_AMT3,PAY_AMT4,PAY_AMT5,PAY_AMT6
0.36708860759493667,1.0,0.16666666666666666,0.3333333333333333,0.2777777777777778,0.30000000000000004,0.4444444444444444,0.1,0.2,0.2,0.1,0.03282280863407827,0.04637729635156693,0.08653619195858966,0.08797037090307618,0.1417208328022928,0.40110452178987366,0.0,0.005134131215354801,0.014192673426584455,0.0,0.006957489737702637,0.01771995043370508
