LIMIT_BAL,SEX,EDUCATION,MARRIAGE,AGE,PAY_0,PAY_2,PAY_3,PAY_4,PAY_5,PAY_6,BILL_AMT1,BILL_AMT2,BILL_AMT3,BILL_AMT4,BILL_AMT5,BILL_AMT6,PAY_AMT1,PAY_AMT2,PAY_AMT3,PAY_AMT4,PAY_AMT5,PAY_AMT6
0.2531645569620253,0.0,0.3333333333333333,0.6666666666666666,0.09259259259259262,0.2,0.2222222222222222,0.0,0.0,0.1,0.4,0.038718670385852444,0.04286908866361344,0.07609282334085458,0.07579421441541863,0.13791858249755723,0.40131309900035267,0.0,0.0,0.0,0.007749108852481965,0.0,0.004964064436183396
