LIMIT_BAL,SEX,EDUCATION,MARRIAGE,AGE,PAY_0,PAY_2,PAY_3,PAY_4,PAY_5,PAY_6,BILL_AMT1,BILL_AMT2,BILL_AMT3,BILL_AMT4,BILL_AMT5,BILL_AMT6,PAY_AMT1,PAY_AMT2,PAY_AMT3,PAY_AMT4,PAY_AMT5,PAY_AMT6
0.30379746835443033,0.0,0.16666666666666666,0.3333333333333333,0.33333333333333337,0.30000000000000004,0.1111111111111111,0.1,0.1,0.1,0.1,0.024029246990457682,0.04302346523954099,0.08497472100673611,0.07608487202075954,0.13438103548004432,0.3979407101702482,0.00018850408830909805,0.004363196591588826,0.00043892156708140814,0.002269738980017298,0.0,0.0
