LIMIT_BAL,SEX,EDUCATION,MARRIAGE,AGE,PAY_0,PAY_2,PAY_3,PAY_4,PAY_5,PAY_6,BILL_AMT1,BILL_AMT2,BILL_AMT3,BILL_AMT4,BILL_AMT5,BILL_AMT6,PAY_AMT1,PAY_AMT2,PAY_AMT3,PAY_AMT4,PAY_AMT5,PAY_AMT6
0.18987341772151897,0.0,0.3333333333333333,0.3333333333333333,0.537037037037037,0.1,0.1111111111111111,0.1,0.1,0.1,0.1,0.024451501200049602,0.04290382339319714,0.07728786030612093,0.07687893661267027,0.13435979385823016,0.3995120699413288,0.0,0.0005680141995400471,0.0018319061811721046,0.0022372427170875347,0.0034555532363923095,0.000996282527881041
