LIMIT_BAL,SEX,EDUCATION,MARRIAGE,AGE,PAY_0,PAY_2,PAY_3,PAY_4,PAY_5,PAY_6,BILL_AMT1,BILL_AMT2,BILL_AMT3,BILL_AMT4,BILL_AMT5,BILL_AMT6,PAY_AMT1,PAY_AMT2,PAY_AMT3,PAY_AMT4,PAY_AMT5,PAY_AMT6
0.012658227848101266,0.0,0.3333333333333333,0.6666666666666666,0.11111111111111116,0.5,0.4444444444444444,0.2,0.2,0.2,0.0,0.056633864787609275,0.0685496320691607,0.0812707666558277,0.07904088983177816,0.13289738989487032,0.3979407101702482,0.0,0.0008149414627547304,0.0002628272856774899,0.004999425066117396,0.0,0.0
