LIMIT_BAL,SEX,EDUCATION,MARRIAGE,AGE,PAY_0,PAY_2,PAY_3,PAY_4,PAY_5,PAY_6,BILL_AMT1,BILL_AMT2,BILL_AMT3,BILL_AMT4,BILL_AMT5,BILL_AMT6,PAY_AMT1,PAY_AMT2,PAY_AMT3,PAY_AMT4,PAY_AMT5,PAY_AMT6
0.012658227848101266,1.0,0.16666666666666666,0.6666666666666666,0.462962962962963,0.30000000000000004,0.4444444444444444,0.4,0.4,0.2,0.2,0.04636790742429641,0.062063242937271654,0.10281114289439934,0.09921162870138976,0.1589477880935808,0.4170243531469965,0.002432310816891588,0.0014668946329585146,0.0,0.001499827519835219,0.001546108830600586,0.0018612143742255268
