LIMIT_BAL,SEX,EDUCATION,MARRIAGE,AGE,PAY_0,PAY_2,PAY_3,PAY_4,PAY_5,PAY_6,BILL_AMT1,BILL_AMT2,BILL_AMT3,BILL_AMT4,BILL_AMT5,BILL_AMT6,PAY_AMT1,PAY_AMT2,PAY_AMT3,PAY_AMT4,PAY_AMT5,PAY_AMT6
0.2531645569620253,1.0,0.3333333333333333,0.3333333333333333,0.16666666666666674,0.2,0.2222222222222222,0.2,0.2,0.2,0.2,0.1928351780138983,0.1757114187207328,0.15431492525241855,0.1444688157350641,0.20167612735822854,0.44081270118033605,0.006080777042228969,0.0024594933345937764,0.005256545713549798,0.0037495687995880472,0.0038652720765014648,0.004956629491945477
