LIMIT_BAL,SEX,EDUCATION,MARRIAGE,AGE,PAY_0,PAY_2,PAY_3,PAY_4,PAY_5,PAY_6,BILL_AMT1,BILL_AMT2,BILL_AMT3,BILL_AMT4,BILL_AMT5,BILL_AMT6,PAY_AMT1,PAY_AMT2,PAY_AMT3,PAY_AMT4,PAY_AMT5,PAY_AMT6
0.025316455696202535,1.0,0.3333333333333333,0.3333333333333333,0.2222222222222222,0.2,0.2222222222222222,0.2,0.2,0.2,0.2,0.06945375374574017,0.0818144393557351,0.12645603865053257,0.1211922355465262,0.18186259611833872,0.42545063809393235,0.0036484662253373815,0.0012827178623759457,0.0034167547138073684,0.0022147453042900066,0.0025768480510009765,0.0017001239157372987
