LIMIT_BAL,SEX,EDUCATION,MARRIAGE,AGE,PAY_0,PAY_2,PAY_3,PAY_4,PAY_5,PAY_6,BILL_AMT1,BILL_AMT2,BILL_AMT3,BILL_AMT4,BILL_AMT5,BILL_AMT6,PAY_AMT1,PAY_AMT2,PAY_AMT3,PAY_AMT4,PAY_AMT5,PAY_AMT6
0.0379746835443038,0.0,0.16666666666666666,0.6666666666666666,0.12962962962962965,0.2,0.2222222222222222,0.2,0.2,0.2,0.2,0.08515564541320478,0.09312638295682601,0.11657882704811015,0.09852244056501441,0.15860138626091902,0.4093398062575506,0.004057905212847466,0.0013096109306468518,0.00415267111370434,0.006249281332646745,0.0038652720765014648,0.08178438661710037
