LIMIT_BAL,SEX,EDUCATION,MARRIAGE,AGE,PAY_0,PAY_2,PAY_3,PAY_4,PAY_5,PAY_6,BILL_AMT1,BILL_AMT2,BILL_AMT3,BILL_AMT4,BILL_AMT5,BILL_AMT6,PAY_AMT1,PAY_AMT2,PAY_AMT3,PAY_AMT4,PAY_AMT5,PAY_AMT6
0.08860759493670886,1.0,0.3333333333333333,0.6666666666666666,0.11111111111111116,0.2,0.2222222222222222,0.2,0.2,0.4,0.2,0.12794930437935695,0.13037745072814286,0.19248678279212794,0.18692280493578564,0.25115603441796325,0.48091577113221096,0.0070942398826004645,0.0034227541435698674,0.014455500712261943,0.0,0.006442120127502442,0.021442379182156135
