LIMIT_BAL,SEX,EDUCATION,MARRIAGE,AGE,PAY_0,PAY_2,PAY_3,PAY_4,PAY_5,PAY_6,BILL_AMT1,BILL_AMT2,BILL_AMT3,BILL_AMT4,BILL_AMT5,BILL_AMT6,PAY_AMT1,PAY_AMT2,PAY_AMT3,PAY_AMT4,PAY_AMT5,PAY_AMT6
0.13924050632911392,1.0,0.3333333333333333,0.6666666666666666,0.12962962962962965,0.2,0.2222222222222222,0.2,0.2,0.2,0.2,0.1293369353134806,0.12866644367827923,0.18759439389012594,0.1763527564528985,0.24305807459403994,0.4772832466800484,0.004864621633783176,0.0024774220467743803,0.0063078548562597574,0.006249281332646745,0.006313277724952392,0.006195786864931847
