LIMIT_BAL,SEX,EDUCATION,MARRIAGE,AGE,PAY_0,PAY_2,PAY_3,PAY_4,PAY_5,PAY_6,BILL_AMT1,BILL_AMT2,BILL_AMT3,BILL_AMT4,BILL_AMT5,BILL_AMT6,PAY_AMT1,PAY_AMT2,PAY_AMT3,PAY_AMT4,PAY_AMT5,PAY_AMT6
0.05063291139240507,1.0,0.16666666666666666,0.6666666666666666,0.11111111111111116,0.30000000000000004,0.4444444444444444,0.4,0.4,0.4,0.4,0.05400458671673021,0.06669325374363197,0.11110707630245,0.1096018889747877,0.16929245791707925,0.424618672816179,0.0,0.002444824388264191,0.005256545713549798,0.0009998850132234792,0.0025768480510009765,0.0
