LIMIT_BAL,SEX,EDUCATION,MARRIAGE,AGE,PAY_0,PAY_2,PAY_3,PAY_4,PAY_5,PAY_6,BILL_AMT1,BILL_AMT2,BILL_AMT3,BILL_AMT4,BILL_AMT5,BILL_AMT6,PAY_AMT1,PAY_AMT2,PAY_AMT3,PAY_AMT4,PAY_AMT5,PAY_AMT6
0.1139240506329114,1.0,0.3333333333333333,0.6666666666666666,0.09259259259259262,0.1,0.1111111111111111,0.1,0.1,0.1,0.1,0.02639638211337447,0.050861935882262135,0.07978192225987434,0.0785659493117108,0.13537448979258374,0.40189899004102403,0.012538562261076134,0.0017993907497624447,0.0047913414179006405,0.0037895642001169864,0.008704592716281299,0.008503097893432466
