LIMIT_BAL,SEX,EDUCATION,MARRIAGE,AGE,PAY_0,PAY_2,PAY_3,PAY_4,PAY_5,PAY_6,BILL_AMT1,BILL_AMT2,BILL_AMT3,BILL_AMT4,BILL_AMT5,BILL_AMT6,PAY_AMT1,PAY_AMT2,PAY_AMT3,PAY_AMT4,PAY_AMT5,PAY_AMT6
0.10126582278481013,1.0,0.16666666666666666,0.3333333333333333,0.537037037037037,0.2,0.2222222222222222,0.2,0.2,0.2,0.2,0.11660965973217467,0.1252431431070859,0.18391849979945168,0.1735690356759737,0.24191102701607503,0.4771086511499283,0.012161554084457939,0.002444824388264191,0.006045027570582268,0.006249281332646745,0.0077305441530029296,0.006195786864931847
