LIMIT_BAL,SEX,EDUCATION,MARRIAGE,AGE,PAY_0,PAY_2,PAY_3,PAY_4,PAY_5,PAY_6,BILL_AMT1,BILL_AMT2,BILL_AMT3,BILL_AMT4,BILL_AMT5,BILL_AMT6,PAY_AMT1,PAY_AMT2,PAY_AMT3,PAY_AMT4,PAY_AMT5,PAY_AMT6
0.1139240506329114,1.0,0.16666666666666666,0.3333333333333333,0.4814814814814815,0.30000000000000004,0.0,0.1,0.4,0.4,0.4,0.02389739065735091,0.04229403591828334,0.07745787247106906,0.07644894314497522,0.13293006931304596,0.39750715080015137,0.0,0.002444824388264191,0.0,0.0,0.0,0.006195786864931847
