LIMIT_BAL,SEX,EDUCATION,MARRIAGE,AGE,PAY_0,PAY_2,PAY_3,PAY_4,PAY_5,PAY_6,BILL_AMT1,BILL_AMT2,BILL_AMT3,BILL_AMT4,BILL_AMT5,BILL_AMT6,PAY_AMT1,PAY_AMT2,PAY_AMT3,PAY_AMT4,PAY_AMT5,PAY_AMT6
0.16455696202531644,1.0,0.5,0.3333333333333333,0.7222222222222223,0.2,0.2222222222222222,0.2,0.2,0.2,0.2,0.24022654173802346,0.2197910770339114,0.3025787379155188,0.28080371322582,0.3561484691326556,0.5573968157993721,0.010114359146907519,0.004054333777204783,0.01287065217962668,0.012571054328752192,0.01234825586039668,0.012359355638166047
