LIMIT_BAL,SEX,EDUCATION,MARRIAGE,AGE,PAY_0,PAY_2,PAY_3,PAY_4,PAY_5,PAY_6,BILL_AMT1,BILL_AMT2,BILL_AMT3,BILL_AMT4,BILL_AMT5,BILL_AMT6,PAY_AMT1,PAY_AMT2,PAY_AMT3,PAY_AMT4,PAY_AMT5,PAY_AMT6
0.16455696202531644,1.0,0.16666666666666666,0.6666666666666666,0.16666666666666674,0.1,0.1111111111111111,0.1,0.1,0.1,0.1,0.024471907537316127,0.04326660834662688,0.07660285983569894,0.07625716905485339,0.13363921268745732,0.39865549723986726,0.0005715930419695231,0.00022981349249683397,0.0007411729456105215,0.001134869490008649,0.0015718773111105958,0.0011251548946716234
