LIMIT_BAL,SEX,EDUCATION,MARRIAGE,AGE,PAY_0,PAY_2,PAY_3,PAY_4,PAY_5,PAY_6,BILL_AMT1,BILL_AMT2,BILL_AMT3,BILL_AMT4,BILL_AMT5,BILL_AMT6,PAY_AMT1,PAY_AMT2,PAY_AMT3,PAY_AMT4,PAY_AMT5,PAY_AMT6
0.08860759493670886,1.0,0.3333333333333333,0.6666666666666666,0.38888888888888884,0.2,0.2222222222222222,0.2,0.2,0.2,0.0,0.050650098813763915,0.06594452735038338,0.10076274389730605,0.09887003110336023,0.13265229425855304,0.39776494285804675,0.002503253215717592,0.0011156548625112258,0.0021683251068392918,0.0,0.0,0.0
