LIMIT_BAL,SEX,EDUCATION,MARRIAGE,AGE,PAY_0,PAY_2,PAY_3,PAY_4,PAY_5,PAY_6,BILL_AMT1,BILL_AMT2,BILL_AMT3,BILL_AMT4,BILL_AMT5,BILL_AMT6,PAY_AMT1,PAY_AMT2,PAY_AMT3,PAY_AMT4,PAY_AMT5,PAY_AMT6
0.13924050632911392,1.0,0.5,0.3333333333333333,0.40740740740740744,0.2,0.2222222222222222,0.2,0.2,0.2,0.2,0.20616679512194358,0.19083131786136986,0.2700684505289359,0.25339500068918813,0.2558994519661572,0.48824995517933534,0.0085151147848013,0.0040755222552364065,0.010865279989907432,0.006749223839258485,0.0077305441530029296,0.012465923172242875
