LIMIT_BAL,SEX,EDUCATION,MARRIAGE,AGE,PAY_0,PAY_2,PAY_3,PAY_4,PAY_5,PAY_6,BILL_AMT1,BILL_AMT2,BILL_AMT3,BILL_AMT4,BILL_AMT5,BILL_AMT6,PAY_AMT1,PAY_AMT2,PAY_AMT3,PAY_AMT4,PAY_AMT5,PAY_AMT6
0.18987341772151897,1.0,0.16666666666666666,0.6666666666666666,0.07407407407407407,0.2,0.2222222222222222,0.2,0.2,0.2,0.2,0.14338748338060803,0.12575129933618073,0.16284689496714475,0.13494753180753072,0.17620578883213564,0.4135277554162697,0.005657149574953685,0.002444824388264191,0.00337995889381252,0.0022247441544222413,0.0012806934813474854,0.0006617100371747212
