LIMIT_BAL,SEX,EDUCATION,MARRIAGE,AGE,PAY_0,PAY_2,PAY_3,PAY_4,PAY_5,PAY_6,BILL_AMT1,BILL_AMT2,BILL_AMT3,BILL_AMT4,BILL_AMT5,BILL_AMT6,PAY_AMT1,PAY_AMT2,PAY_AMT3,PAY_AMT4,PAY_AMT5,PAY_AMT6
0.2151898734177215,1.0,0.16666666666666666,0.3333333333333333,0.2222222222222222,0.1,0.1111111111111111,0.1,0.1,0.1,0.1,0.028832584839347183,0.045910307209386096,0.07740175195060074,0.076308109047542,0.14001496717352446,0.3983109933079525,0.004736925315896367,0.0006242451604701235,0.000830534222740868,0.01088874779400369,0.0008142839841163086,0.0017744733581164808
