LIMIT_BAL,SEX,EDUCATION,MARRIAGE,AGE,PAY_0,PAY_2,PAY_3,PAY_4,PAY_5,PAY_6,BILL_AMT1,BILL_AMT2,BILL_AMT3,BILL_AMT4,BILL_AMT5,BILL_AMT6,PAY_AMT1,PAY_AMT2,PAY_AMT3,PAY_AMT4,PAY_AMT5,PAY_AMT6
0.025316455696202535,0.0,0.5,0.3333333333333333,0.40740740740740744,0.30000000000000004,0.5555555555555556,0.4,0.4,0.4,0.4,0.05933848933454934,0.07100679256934081,0.11114173897685689,0.11102970700514794,0.17018133809145664,0.4264396221705857,0.0,0.0,0.006951781706169608,0.0,0.005228424695480982,0.0025452292441140024
