LIMIT_BAL,SEX,EDUCATION,MARRIAGE,AGE,PAY_0,PAY_2,PAY_3,PAY_4,PAY_5,PAY_6,BILL_AMT1,BILL_AMT2,BILL_AMT3,BILL_AMT4,BILL_AMT5,BILL_AMT6,PAY_AMT1,PAY_AMT2,PAY_AMT3,PAY_AMT4,PAY_AMT5,PAY_AMT6
0.620253164556962,0.0,0.5,0.3333333333333333,0.4814814814814815,0.1,0.1111111111111111,0.1,0.1,0.1,0.2,0.02664282787882403,0.04504579838419184,0.07888564453592457,0.07832922816921666,0.1472845037466953,0.4082102083311362,0.0033768581841178208,0.0013576924769493808,0.004378702579386982,0.022012468566114895,0.004187378082876587,0.00695910780669145
