LIMIT_BAL,SEX,EDUCATION,MARRIAGE,AGE,PAY_0,PAY_2,PAY_3,PAY_4,PAY_5,PAY_6,BILL_AMT1,BILL_AMT2,BILL_AMT3,BILL_AMT4,BILL_AMT5,BILL_AMT6,PAY_AMT1,PAY_AMT2,PAY_AMT3,PAY_AMT4,PAY_AMT5,PAY_AMT6
0.05063291139240507,1.0,0.5,0.6666666666666666,0.09259259259259262,0.30000000000000004,0.4444444444444444,0.4,0.4,0.4,0.4,0.07321793811228823,0.08448258117634952,0.13128075280726398,0.12464267093364018,0.18898997722244554,0.43736297473286295,0.0036484662253373815,0.0015483887792339876,0.0,0.006499252585952615,0.0,0.004213135068153655
