LIMIT_BAL,SEX,EDUCATION,MARRIAGE,AGE,PAY_0,PAY_2,PAY_3,PAY_4,PAY_5,PAY_6,BILL_AMT1,BILL_AMT2,BILL_AMT3,BILL_AMT4,BILL_AMT5,BILL_AMT6,PAY_AMT1,PAY_AMT2,PAY_AMT3,PAY_AMT4,PAY_AMT5,PAY_AMT6
0.37974683544303794,1.0,0.3333333333333333,0.3333333333333333,0.5,0.0,0.0,0.0,0.0,0.0,0.0,0.024029246990457682,0.04303118406833737,0.0761373896365206,0.07599947262125216,0.13289738989487032,0.3979407101702482,0.00020066564239355598,0.0,0.00028911001424523886,0.0,0.0,0.0
