LIMIT_BAL,SEX,EDUCATION,MARRIAGE,AGE,PAY_0,PAY_2,PAY_3,PAY_4,PAY_5,PAY_6,BILL_AMT1,BILL_AMT2,BILL_AMT3,BILL_AMT4,BILL_AMT5,BILL_AMT6,PAY_AMT1,PAY_AMT2,PAY_AMT3,PAY_AMT4,PAY_AMT5,PAY_AMT6
0.05063291139240507,1.0,0.5,0.6666666666666666,0.40740740740740744,0.1,0.1111111111111111,0.1,0.0,0.0,0.0,0.024264704728148345,0.04394457880924201,0.07603835342392946,0.07552003739594758,0.13230916036770882,0.3973431013087634,0.0016397828757210788,0.0,0.0,0.0,0.0,0.0
