LIMIT_BAL,SEX,EDUCATION,MARRIAGE,AGE,PAY_0,PAY_2,PAY_3,PAY_4,PAY_5,PAY_6,BILL_AMT1,BILL_AMT2,BILL_AMT3,BILL_AMT4,BILL_AMT5,BILL_AMT6,PAY_AMT1,PAY_AMT2,PAY_AMT3,PAY_AMT4,PAY_AMT5,PAY_AMT6
0.012658227848101266,1.0,0.16666666666666666,0.6666666666666666,0.11111111111111116,0.1,0.1111111111111111,0.1,0.2,0.1,0.1,0.0332717480539418,0.04816291874646221,0.08702642121091578,0.08981769475557792,0.13965059166086607,0.40784929945008264,0.00975559330141601,0.005376168829792956,0.013141364283874494,0.011076226233983091,0.021903208433508303,0.019905824039653037
