LIMIT_BAL,SEX,EDUCATION,MARRIAGE,AGE,PAY_0,PAY_2,PAY_3,PAY_4,PAY_5,PAY_6,BILL_AMT1,BILL_AMT2,BILL_AMT3,BILL_AMT4,BILL_AMT5,BILL_AMT6,PAY_AMT1,PAY_AMT2,PAY_AMT3,PAY_AMT4,PAY_AMT5,PAY_AMT6
0.05063291139240507,0.0,0.5,0.6666666666666666,0.35185185185185186,0.2,0.2222222222222222,0.2,0.2,0.2,0.1,0.09652668442541248,0.10410127103380848,0.1404845181640667,0.1111420746360787,0.16827612801181688,0.40217318704805827,0.006080777042228969,0.0032776945631995255,0.007974179847455043,0.01249856266529349,0.009534337788703613,0.051486988847583647
