LIMIT_BAL,SEX,EDUCATION,MARRIAGE,AGE,PAY_0,PAY_2,PAY_3,PAY_4,PAY_5,PAY_6,BILL_AMT1,BILL_AMT2,BILL_AMT3,BILL_AMT4,BILL_AMT5,BILL_AMT6,PAY_AMT1,PAY_AMT2,PAY_AMT3,PAY_AMT4,PAY_AMT5,PAY_AMT6
0.2911392405063291,1.0,0.16666666666666666,0.6666666666666666,0.16666666666666674,0.1,0.1111111111111111,0.1,0.1,0.1,0.1,0.0267746842119308,0.04430221787680749,0.08191945384829964,0.07733739654686779,0.1345362627163786,0.399116007597835,0.002227591323136546,0.005240073605512916,0.0026361576753452234,0.0025072116706578744,0.0025845785951539796,0.0005030978934324659
