LIMIT_BAL,SEX,EDUCATION,MARRIAGE,AGE,PAY_0,PAY_2,PAY_3,PAY_4,PAY_5,PAY_6,BILL_AMT1,BILL_AMT2,BILL_AMT3,BILL_AMT4,BILL_AMT5,BILL_AMT6,PAY_AMT1,PAY_AMT2,PAY_AMT3,PAY_AMT4,PAY_AMT5,PAY_AMT6
0.1139240506329114,1.0,0.3333333333333333,0.3333333333333333,0.2962962962962963,0.2,0.2222222222222222,0.2,0.2,0.2,0.2,0.07829754637340143,0.08815288426902693,0.13527521338177306,0.1299599072292839,0.19267948353447517,0.44124626055043287,0.003747785583693788,0.0015434991304574593,0.00415792765941789,0.0035820880598731145,0.0038291962037874513,0.0032887236679058243
