LIMIT_BAL,SEX,EDUCATION,MARRIAGE,AGE,PAY_0,PAY_2,PAY_3,PAY_4,PAY_5,PAY_6,BILL_AMT1,BILL_AMT2,BILL_AMT3,BILL_AMT4,BILL_AMT5,BILL_AMT6,PAY_AMT1,PAY_AMT2,PAY_AMT3,PAY_AMT4,PAY_AMT5,PAY_AMT6
0.08860759493670886,0.0,0.3333333333333333,0.6666666666666666,0.11111111111111116,0.4,0.2222222222222222,0.2,0.2,0.2,0.2,0.12264522640831196,0.12508748005969228,0.17141352735627785,0.25074162636414304,0.2508766253925615,0.49063453171486787,0.004414644132658231,0.002179153471406149,0.005782200284904777,0.03677077136129345,0.020614784408007812,0.00744733581164808
