LIMIT_BAL,SEX,EDUCATION,MARRIAGE,AGE,PAY_0,PAY_2,PAY_3,PAY_4,PAY_5,PAY_6,BILL_AMT1,BILL_AMT2,BILL_AMT3,BILL_AMT4,BILL_AMT5,BILL_AMT6,PAY_AMT1,PAY_AMT2,PAY_AMT3,PAY_AMT4,PAY_AMT5,PAY_AMT6
0.06329113924050633,1.0,0.3333333333333333,0.6666666666666666,0.05555555555555558,0.2,0.2222222222222222,0.2,0.2,0.2,0.2,0.07085708186237652,0.06686821386301653,0.10101033442878389,0.0994483498438839,0.14250350486759936,0.3945671495580623,0.003117411696982718,0.0010659434332831873,0.002628272856774899,0.0002949660789009264,0.003424631059780298,0.10254770755885997
