LIMIT_BAL,SEX,EDUCATION,MARRIAGE,AGE,PAY_0,PAY_2,PAY_3,PAY_4,PAY_5,PAY_6,BILL_AMT1,BILL_AMT2,BILL_AMT3,BILL_AMT4,BILL_AMT5,BILL_AMT6,PAY_AMT1,PAY_AMT2,PAY_AMT3,PAY_AMT4,PAY_AMT5,PAY_AMT6
0.0,1.0,0.3333333333333333,0.6666666666666666,0.03703703703703709,0.2,0.2222222222222222,0.2,0.2,0.2,0.2,0.034968613483565836,0.0531853033499717,0.09116778550076836,0.09039601349610159,0.14910147939726082,0.3979407101702482,0.0026350033849658868,0.0011409180478566224,0.002628272856774899,0.0004949430815456222,0.0,0.0
