LIMIT_BAL,SEX,EDUCATION,MARRIAGE,AGE,PAY_0,PAY_2,PAY_3,PAY_4,PAY_5,PAY_6,BILL_AMT1,BILL_AMT2,BILL_AMT3,BILL_AMT4,BILL_AMT5,BILL_AMT6,PAY_AMT1,PAY_AMT2,PAY_AMT3,PAY_AMT4,PAY_AMT5,PAY_AMT6
0.15189873417721517,1.0,0.6666666666666666,0.6666666666666666,0.4814814814814815,0.4,0.1111111111111111,0.1,0.2,0.1,0.1,0.026349290565836337,0.044834817063757526,0.0804256576417167,0.07778087413027454,0.13501991810537806,0.39946285509391244,0.0030424154467952277,0.0021172179202367893,0.0,0.003247126580443249,0.0033473256182502686,0.0032193308550185875
