LIMIT_BAL,SEX,EDUCATION,MARRIAGE,AGE,PAY_0,PAY_2,PAY_3,PAY_4,PAY_5,PAY_6,BILL_AMT1,BILL_AMT2,BILL_AMT3,BILL_AMT4,BILL_AMT5,BILL_AMT6,PAY_AMT1,PAY_AMT2,PAY_AMT3,PAY_AMT4,PAY_AMT5,PAY_AMT6
0.24050632911392406,0.0,0.3333333333333333,0.3333333333333333,0.3148148148148149,0.4,0.4444444444444444,0.4,0.4,0.2,0.2,0.18456747198445353,0.17795502495754645,0.2509759193449085,0.2296479746858201,0.29153962542850886,0.5128280843354999,0.010134628403714948,0.0036672365823962865,0.0,0.008748993865705443,0.009018968178503417,0.02230483271375465
