LIMIT_BAL,SEX,EDUCATION,MARRIAGE,AGE,PAY_0,PAY_2,PAY_3,PAY_4,PAY_5,PAY_6,BILL_AMT1,BILL_AMT2,BILL_AMT3,BILL_AMT4,BILL_AMT5,BILL_AMT6,PAY_AMT1,PAY_AMT2,PAY_AMT3,PAY_AMT4,PAY_AMT5,PAY_AMT6
0.16455696202531644,0.0,0.16666666666666666,0.3333333333333333,0.18518518518518523,0.4,0.2222222222222222,0.2,0.4,0.4,0.4,0.10412882991631832,0.10994442443266608,0.16730352453374575,0.15963395120547996,0.22261873249608666,0.4651353818427679,0.005067314201857474,0.0037487307286717597,0.005782200284904777,0.0,0.009052467203166431,0.007434944237918216
