LIMIT_BAL,SEX,EDUCATION,MARRIAGE,AGE,PAY_0,PAY_2,PAY_3,PAY_4,PAY_5,PAY_6,BILL_AMT1,BILL_AMT2,BILL_AMT3,BILL_AMT4,BILL_AMT5,BILL_AMT6,PAY_AMT1,PAY_AMT2,PAY_AMT3,PAY_AMT4,PAY_AMT5,PAY_AMT6
0.4430379746835443,0.0,0.3333333333333333,0.3333333333333333,0.2222222222222222,0.30000000000000004,0.4444444444444444,0.4,0.9000000000000001,0.8,0.7,0.4888981676678853,0.4343114804713632,0.7083680647828879,0.6408865356609913,0.7388555014166528,0.824897088238706,0.030213354197155005,0.07923268371632866,0.0,0.0,0.0,0.0
