LIMIT_BAL,SEX,EDUCATION,MARRIAGE,AGE,PAY_0,PAY_2,PAY_3,PAY_4,PAY_5,PAY_6,BILL_AMT1,BILL_AMT2,BILL_AMT3,BILL_AMT4,BILL_AMT5,BILL_AMT6,PAY_AMT1,PAY_AMT2,PAY_AMT3,PAY_AMT4,PAY_AMT5,PAY_AMT6
0.06329113924050633,1.0,0.5,0.6666666666666666,0.11111111111111116,0.2,0.2222222222222222,0.2,0.2,0.2,0.2,0.08575841722169288,0.09522204497504247,0.14547759388220305,0.14146335616643593,0.20556497812112956,0.4515520839558425,0.00405385136148598,0.0016298829255094608,0.006570682141937247,0.004249511306199787,0.005153696102001953,0.004213135068153655
