LIMIT_BAL,SEX,EDUCATION,MARRIAGE,AGE,PAY_0,PAY_2,PAY_3,PAY_4,PAY_5,PAY_6,BILL_AMT1,BILL_AMT2,BILL_AMT3,BILL_AMT4,BILL_AMT5,BILL_AMT6,PAY_AMT1,PAY_AMT2,PAY_AMT3,PAY_AMT4,PAY_AMT5,PAY_AMT6
0.05063291139240507,1.0,0.3333333333333333,1.0,0.5,0.4,0.2222222222222222,0.2,0.2,0.2,0.2,0.053006245908921806,0.06984510883548603,0.10740312195154159,0.10401796683506828,0.16260788292925232,0.4196901573820513,0.00570174193993003,0.0010504595454908475,0.0017294035397578834,0.0016473105592856821,0.001749679826629663,0.001620817843866171
