LIMIT_BAL,SEX,EDUCATION,MARRIAGE,AGE,PAY_0,PAY_2,PAY_3,PAY_4,PAY_5,PAY_6,BILL_AMT1,BILL_AMT2,BILL_AMT3,BILL_AMT4,BILL_AMT5,BILL_AMT6,PAY_AMT1,PAY_AMT2,PAY_AMT3,PAY_AMT4,PAY_AMT5,PAY_AMT6
0.05063291139240507,0.0,0.3333333333333333,0.3333333333333333,0.537037037037037,0.0,0.0,0.0,0.0,0.0,0.0,0.029564073544439507,0.042898677507332894,0.07856872865563294,0.07960572445659013,0.13488593249085795,0.4031656864709556,0.0,0.0012036685404887369,0.006633760690499845,0.0032996205436374815,0.011781349289176466,0.005467162329615862
