LIMIT_BAL,SEX,EDUCATION,MARRIAGE,AGE,PAY_0,PAY_2,PAY_3,PAY_4,PAY_5,PAY_6,BILL_AMT1,BILL_AMT2,BILL_AMT3,BILL_AMT4,BILL_AMT5,BILL_AMT6,PAY_AMT1,PAY_AMT2,PAY_AMT3,PAY_AMT4,PAY_AMT5,PAY_AMT6
0.012658227848101266,1.0,0.5,1.0,0.40740740740740744,0.30000000000000004,0.4444444444444444,0.1,0.2,0.1,0.1,0.03045567351116148,0.04506895487058098,0.08096375439679519,0.07802508644816405,0.13528625536350952,0.4050944397768458,0.0,0.0023828888370948315,0.0,0.0036545797233318166,0.01573165735136096,0.0
