LIMIT_BAL,SEX,EDUCATION,MARRIAGE,AGE,PAY_0,PAY_2,PAY_3,PAY_4,PAY_5,PAY_6,BILL_AMT1,BILL_AMT2,BILL_AMT3,BILL_AMT4,BILL_AMT5,BILL_AMT6,PAY_AMT1,PAY_AMT2,PAY_AMT3,PAY_AMT4,PAY_AMT5,PAY_AMT6
0.1139240506329114,0.0,0.3333333333333333,0.6666666666666666,0.2407407407407407,0.2,0.2222222222222222,0.2,0.2,0.1,0.1,0.0540705148832836,0.051433129213194054,0.08432108200363464,0.08379628797276807,0.1335346385492953,0.3983977051819719,0.002229618248817289,0.0010219365942944318,0.002628272856774899,0.0009748878878928923,0.001004970739890381,0.0009665427509293681
