LIMIT_BAL,SEX,EDUCATION,MARRIAGE,AGE,PAY_0,PAY_2,PAY_3,PAY_4,PAY_5,PAY_6,BILL_AMT1,BILL_AMT2,BILL_AMT3,BILL_AMT4,BILL_AMT5,BILL_AMT6,PAY_AMT1,PAY_AMT2,PAY_AMT3,PAY_AMT4,PAY_AMT5,PAY_AMT6
0.08860759493670886,0.0,0.3333333333333333,0.6666666666666666,0.38888888888888884,0.2,0.2222222222222222,0.2,0.2,0.2,0.2,0.14666976424401584,0.07918489167910256,0.20579724976437636,0.14975758556420538,0.21282961278157403,0.4547053495367359,0.005067314201857474,0.04191406931240129,0.004730891142194818,0.004499482559505657,0.004638326491801758,0.004213135068153655
