LIMIT_BAL,SEX,EDUCATION,MARRIAGE,AGE,PAY_0,PAY_2,PAY_3,PAY_4,PAY_5,PAY_6,BILL_AMT1,BILL_AMT2,BILL_AMT3,BILL_AMT4,BILL_AMT5,BILL_AMT6,PAY_AMT1,PAY_AMT2,PAY_AMT3,PAY_AMT4,PAY_AMT5,PAY_AMT6
0.0759493670886076,0.0,0.3333333333333333,0.3333333333333333,0.33333333333333337,0.2,0.2222222222222222,0.2,0.2,0.2,0.1,0.13516529918045012,0.13560695723768848,0.19157730023983272,0.10058251379874508,0.15592984382506056,0.39891328929776265,0.008158375864990533,0.00170730236447116,0.002628272856774899,0.004999425066117396,0.0077305441530029296,0.0
