LIMIT_BAL,SEX,EDUCATION,MARRIAGE,AGE,PAY_0,PAY_2,PAY_3,PAY_4,PAY_5,PAY_6,BILL_AMT1,BILL_AMT2,BILL_AMT3,BILL_AMT4,BILL_AMT5,BILL_AMT6,PAY_AMT1,PAY_AMT2,PAY_AMT3,PAY_AMT4,PAY_AMT5,PAY_AMT6
0.0,1.0,0.3333333333333333,0.3333333333333333,0.2962962962962963,0.1,0.1111111111111111,0.1,0.1,0.1,0.2,0.03195632415937663,0.04766891370349406,0.08640744488222118,0.07729394772957456,0.14733188890305,0.4049831204791182,0.010156924586203122,0.005070565781259933,0.0025862204910665006,0.02208246051704054,0.0,0.01606195786864932
