LIMIT_BAL,SEX,EDUCATION,MARRIAGE,AGE,PAY_0,PAY_2,PAY_3,PAY_4,PAY_5,PAY_6,BILL_AMT1,BILL_AMT2,BILL_AMT3,BILL_AMT4,BILL_AMT5,BILL_AMT6,PAY_AMT1,PAY_AMT2,PAY_AMT3,PAY_AMT4,PAY_AMT5,PAY_AMT6
0.16455696202531644,1.0,0.16666666666666666,0.3333333333333333,0.4444444444444444,0.1,0.1111111111111111,0.1,0.1,0.2,0.2,0.027639598968381165,0.04352518911130551,0.07694123356205197,0.0773493824275004,0.13375359065107206,0.3991558481886006,0.000979005103798864,0.0003968764923615537,0.0026571838581994226,0.0,0.0025768480510009765,0.0024138785625774472
