LIMIT_BAL,SEX,EDUCATION,MARRIAGE,AGE,PAY_0,PAY_2,PAY_3,PAY_4,PAY_5,PAY_6,BILL_AMT1,BILL_AMT2,BILL_AMT3,BILL_AMT4,BILL_AMT5,BILL_AMT6,PAY_AMT1,PAY_AMT2,PAY_AMT3,PAY_AMT4,PAY_AMT5,PAY_AMT6
0.3291139240506329,1.0,0.5,0.3333333333333333,0.38888888888888884,0.4,0.2222222222222222,0.2,0.2,0.2,0.2,0.19196712382094538,0.17573071579272373,0.22340588836307995,0.20617512570192315,0.2740463328790894,0.4980577712001743,0.0072523400856984175,0.0026135172710544203,0.007884818570324697,0.007999080105787834,0.008351564533294165,0.007628252788104089
