LIMIT_BAL,SEX,EDUCATION,MARRIAGE,AGE,PAY_0,PAY_2,PAY_3,PAY_4,PAY_5,PAY_6,BILL_AMT1,BILL_AMT2,BILL_AMT3,BILL_AMT4,BILL_AMT5,BILL_AMT6,PAY_AMT1,PAY_AMT2,PAY_AMT3,PAY_AMT4,PAY_AMT5,PAY_AMT6
0.20253164556962022,1.0,0.16666666666666666,0.3333333333333333,0.33333333333333337,0.30000000000000004,0.4444444444444444,0.2,0.2,0.2,0.4,0.2769187058614849,0.23061030206350025,0.2728249584460558,0.25661470787412427,0.34174338160083395,0.5445283049820658,0.0,0.004889648776528382,0.013141364283874494,0.022497412797528284,0.0,0.014869888475836432
