LIMIT_BAL,SEX,EDUCATION,MARRIAGE,AGE,PAY_0,PAY_2,PAY_3,PAY_4,PAY_5,PAY_6,BILL_AMT1,BILL_AMT2,BILL_AMT3,BILL_AMT4,BILL_AMT5,BILL_AMT6,PAY_AMT1,PAY_AMT2,PAY_AMT3,PAY_AMT4,PAY_AMT5,PAY_AMT6
0.06329113924050633,1.0,0.3333333333333333,0.3333333333333333,0.40740740740740744,0.2,0.2222222222222222,0.2,0.2,0.2,0.2,0.11944928004872404,0.12138501518036332,0.175444301208737,0.1225960818156212,0.18252762227821295,0.4336003824696713,0.005067314201857474,0.0024456393297269457,0.007892703388895021,0.004999425066117396,0.005156272950052954,0.004956629491945477
