LIMIT_BAL,SEX,EDUCATION,MARRIAGE,AGE,PAY_0,PAY_2,PAY_3,PAY_4,PAY_5,PAY_6,BILL_AMT1,BILL_AMT2,BILL_AMT3,BILL_AMT4,BILL_AMT5,BILL_AMT6,PAY_AMT1,PAY_AMT2,PAY_AMT3,PAY_AMT4,PAY_AMT5,PAY_AMT6
0.08860759493670886,0.0,0.3333333333333333,0.6666666666666666,0.2777777777777778,0.4,0.4444444444444444,0.4,0.2,0.2,0.2,0.10055458145817407,0.10703828539083005,0.15665548107665567,0.15100112067983915,0.21661715734813058,0.4592952199493555,0.004459236497634578,0.0,0.006570682141937247,0.006249281332646745,0.005411380907102051,0.004956629491945477
