LIMIT_BAL,SEX,EDUCATION,MARRIAGE,AGE,PAY_0,PAY_2,PAY_3,PAY_4,PAY_5,PAY_6,BILL_AMT1,BILL_AMT2,BILL_AMT3,BILL_AMT4,BILL_AMT5,BILL_AMT6,PAY_AMT1,PAY_AMT2,PAY_AMT3,PAY_AMT4,PAY_AMT5,PAY_AMT6
0.05063291139240507,1.0,0.3333333333333333,0.6666666666666666,0.07407407407407407,0.2,0.2222222222222222,0.2,0.1,0.1,0.4,0.09706509778559846,0.10395461328667731,0.13597341868054055,0.07649089372718937,0.2037578062960167,0.44985651528413956,0.003636304671252924,0.0008320552334725796,0.0011511835112674056,0.10840503342115657,0.004638326491801758,0.0
