LIMIT_BAL,SEX,EDUCATION,MARRIAGE,AGE,PAY_0,PAY_2,PAY_3,PAY_4,PAY_5,PAY_6,BILL_AMT1,BILL_AMT2,BILL_AMT3,BILL_AMT4,BILL_AMT5,BILL_AMT6,PAY_AMT1,PAY_AMT2,PAY_AMT3,PAY_AMT4,PAY_AMT5,PAY_AMT6
0.24050632911392406,0.0,0.3333333333333333,0.3333333333333333,0.37037037037037035,0.2,0.2222222222222222,0.2,0.2,0.2,0.2,0.10564674746529745,0.11036896001646684,0.1528442374954402,0.14878672923296357,0.21552893272288182,0.4585874635722245,0.00810770272297196,0.0016298829255094608,0.007884818570324697,0.0074991375991760945,0.005153696102001953,0.004956629491945477
