LIMIT_BAL,SEX,EDUCATION,MARRIAGE,AGE,PAY_0,PAY_2,PAY_3,PAY_4,PAY_5,PAY_6,BILL_AMT1,BILL_AMT2,BILL_AMT3,BILL_AMT4,BILL_AMT5,BILL_AMT6,PAY_AMT1,PAY_AMT2,PAY_AMT3,PAY_AMT4,PAY_AMT5,PAY_AMT6
0.13924050632911392,1.0,0.16666666666666666,0.6666666666666666,0.20370370370370372,0.2,0.2222222222222222,0.2,0.2,0.2,0.2,0.053783256443300995,0.06731204651880822,0.10618497653667064,0.10182005597406255,0.15454096855259591,0.4293222060906889,0.0026654072701770316,0.0009526665699602798,0.00649709050194755,0.0011323697774755902,0.0012884240255004883,0.021050805452292442
