LIMIT_BAL,SEX,EDUCATION,MARRIAGE,AGE,PAY_0,PAY_2,PAY_3,PAY_4,PAY_5,PAY_6,BILL_AMT1,BILL_AMT2,BILL_AMT3,BILL_AMT4,BILL_AMT5,BILL_AMT6,PAY_AMT1,PAY_AMT2,PAY_AMT3,PAY_AMT4,PAY_AMT5,PAY_AMT6
0.2151898734177215,1.0,0.16666666666666666,0.6666666666666666,0.14814814814814814,0.1,0.1111111111111111,0.1,0.1,0.1,0.1,0.024540975140372054,0.04332321309113364,0.07703861917109991,0.07665270311572966,0.13378953801106527,0.39937614321989306,0.0006607777719222147,0.0004449580386640828,0.0014350369797990947,0.0013648430430500491,0.003156638862476196,0.0055142503097893435
