LIMIT_BAL,SEX,EDUCATION,MARRIAGE,AGE,PAY_0,PAY_2,PAY_3,PAY_4,PAY_5,PAY_6,BILL_AMT1,BILL_AMT2,BILL_AMT3,BILL_AMT4,BILL_AMT5,BILL_AMT6,PAY_AMT1,PAY_AMT2,PAY_AMT3,PAY_AMT4,PAY_AMT5,PAY_AMT6
0.025316455696202535,1.0,0.3333333333333333,0.3333333333333333,0.33333333333333337,0.1,0.1111111111111111,0.1,0.1,0.1,0.1,0.024379294160491134,0.043190706530129165,0.07650547422665098,0.07616877318518785,0.13326176540752868,0.39873166307515456,0.0004520044268056867,0.00018173194619430487,0.0005861048470608024,0.0005574358948720896,0.0017393724344256592,0.025955390334572493
