LIMIT_BAL,SEX,EDUCATION,MARRIAGE,AGE,PAY_0,PAY_2,PAY_3,PAY_4,PAY_5,PAY_6,BILL_AMT1,BILL_AMT2,BILL_AMT3,BILL_AMT4,BILL_AMT5,BILL_AMT6,PAY_AMT1,PAY_AMT2,PAY_AMT3,PAY_AMT4,PAY_AMT5,PAY_AMT6
0.012658227848101266,1.0,0.5,0.3333333333333333,0.07407407407407407,0.30000000000000004,0.4444444444444444,0.5,0.4,0.4,0.2,0.053924531085915384,0.06919672721659034,0.10877147228884243,0.10616044299814818,0.1645376025725238,0.4193374509755671,0.00405385136148598,0.0,0.002628272856774899,0.0,0.0025768480510009765,0.0
