LIMIT_BAL,SEX,EDUCATION,MARRIAGE,AGE,PAY_0,PAY_2,PAY_3,PAY_4,PAY_5,PAY_6,BILL_AMT1,BILL_AMT2,BILL_AMT3,BILL_AMT4,BILL_AMT5,BILL_AMT6,PAY_AMT1,PAY_AMT2,PAY_AMT3,PAY_AMT4,PAY_AMT5,PAY_AMT6
0.05063291139240507,1.0,0.3333333333333333,1.0,0.42592592592592593,0.2,0.2222222222222222,0.2,0.2,0.2,0.2,0.09143451841828909,0.09951114084289611,0.14773727013282406,0.11785716426050113,0.17942797946425362,0.43198801032574363,0.0036484662253373815,0.0017293057839655379,0.004205236570839838,0.002499712533058698,0.0025768480510009765,0.0024783147459727386
