LIMIT_BAL,SEX,EDUCATION,MARRIAGE,AGE,PAY_0,PAY_2,PAY_3,PAY_4,PAY_5,PAY_6,BILL_AMT1,BILL_AMT2,BILL_AMT3,BILL_AMT4,BILL_AMT5,BILL_AMT6,PAY_AMT1,PAY_AMT2,PAY_AMT3,PAY_AMT4,PAY_AMT5,PAY_AMT6
0.08860759493670886,0.0,0.5,0.3333333333333333,0.5740740740740741,0.30000000000000004,0.4444444444444444,0.4,0.4,0.2,0.2,0.14518795021481595,0.14622163330417332,0.210757313411649,0.1938371598257253,0.2494844821782793,0.42099435083858583,0.010134628403714948,0.0025263185345396643,0.0,0.004999425066117396,0.0018372926603636964,0.003717472118959108
