LIMIT_BAL,SEX,EDUCATION,MARRIAGE,AGE,PAY_0,PAY_2,PAY_3,PAY_4,PAY_5,PAY_6,BILL_AMT1,BILL_AMT2,BILL_AMT3,BILL_AMT4,BILL_AMT5,BILL_AMT6,PAY_AMT1,PAY_AMT2,PAY_AMT3,PAY_AMT4,PAY_AMT5,PAY_AMT6
0.13924050632911392,0.0,0.3333333333333333,1.0,0.3148148148148149,0.0,0.0,0.0,0.0,0.0,0.0,0.03625264301310557,0.04740004116708692,0.07895331928119517,0.0758286738222374,0.13289085401123518,0.3979360230419228,0.007104374511004179,0.0013943648427733437,0.0,0.0,0.0,0.0
