LIMIT_BAL,SEX,EDUCATION,MARRIAGE,AGE,PAY_0,PAY_2,PAY_3,PAY_4,PAY_5,PAY_6,BILL_AMT1,BILL_AMT2,BILL_AMT3,BILL_AMT4,BILL_AMT5,BILL_AMT6,PAY_AMT1,PAY_AMT2,PAY_AMT3,PAY_AMT4,PAY_AMT5,PAY_AMT6
0.025316455696202535,0.0,0.16666666666666666,0.6666666666666666,0.2777777777777778,0.4,0.2222222222222222,0.2,0.2,0.2,0.2,0.06295198074897536,0.07646529099984563,0.12075650461591281,0.1158720027807243,0.17071237863681077,0.4179852144536976,0.00405385136148598,0.0014701543988095336,0.005293341533544646,0.0038020627627822798,0.0031025250534051758,0.003717472118959108
