LIMIT_BAL,SEX,EDUCATION,MARRIAGE,AGE,PAY_0,PAY_2,PAY_3,PAY_4,PAY_5,PAY_6,BILL_AMT1,BILL_AMT2,BILL_AMT3,BILL_AMT4,BILL_AMT5,BILL_AMT6,PAY_AMT1,PAY_AMT2,PAY_AMT3,PAY_AMT4,PAY_AMT5,PAY_AMT6
0.24050632911392406,0.0,0.3333333333333333,0.6666666666666666,0.11111111111111116,0.4,0.2222222222222222,0.2,0.2,0.2,0.2,0.32165567602271067,0.28942777749189524,0.37424299195000654,0.34742423425205105,0.42764123227550055,0.6151539545887572,0.029664057337673657,0.008164898515339643,0.021102402767045662,0.017522984856741475,0.02582517116713179,0.017469640644361836
