LIMIT_BAL,SEX,EDUCATION,MARRIAGE,AGE,PAY_0,PAY_2,PAY_3,PAY_4,PAY_5,PAY_6,BILL_AMT1,BILL_AMT2,BILL_AMT3,BILL_AMT4,BILL_AMT5,BILL_AMT6,PAY_AMT1,PAY_AMT2,PAY_AMT3,PAY_AMT4,PAY_AMT5,PAY_AMT6
0.16455696202531644,0.0,0.16666666666666666,0.6666666666666666,0.20370370370370372,0.2,0.2222222222222222,0.2,0.2,0.4,0.2,0.16623002337310477,0.16775201976020174,0.24527143349965913,0.2477091985640915,0.3149005075113643,0.5343349726564651,0.01621540544594392,0.005704590239283112,0.04073822928001093,0.0,0.018037936357006835,0.01734820322180917
