LIMIT_BAL,SEX,EDUCATION,MARRIAGE,AGE,PAY_0,PAY_2,PAY_3,PAY_4,PAY_5,PAY_6,BILL_AMT1,BILL_AMT2,BILL_AMT3,BILL_AMT4,BILL_AMT5,BILL_AMT6,PAY_AMT1,PAY_AMT2,PAY_AMT3,PAY_AMT4,PAY_AMT5,PAY_AMT6
0.27848101265822783,1.0,0.16666666666666666,0.6666666666666666,0.18518518518518523,0.0,0.0,0.0,0.0,0.0,0.0,0.1013833926948452,0.04888076982452529,0.08508201023704318,0.08239543817383123,0.13690878847593,0.43838711227195654,0.009473850631792733,0.004440616030550526,0.011582798479806979,0.006136794268659104,0.0889450641764007,0.021053283767038414
