LIMIT_BAL,SEX,EDUCATION,MARRIAGE,AGE,PAY_0,PAY_2,PAY_3,PAY_4,PAY_5,PAY_6,BILL_AMT1,BILL_AMT2,BILL_AMT3,BILL_AMT4,BILL_AMT5,BILL_AMT6,PAY_AMT1,PAY_AMT2,PAY_AMT3,PAY_AMT4,PAY_AMT5,PAY_AMT6
0.16455696202531644,0.0,0.3333333333333333,0.6666666666666666,0.09259259259259262,0.4,0.4444444444444444,0.4,0.4,0.4,0.4,0.21149127943025509,0.19215252405701644,0.29660355308918707,0.2705348099938273,0.35557984725639946,0.5619445020570634,0.0,0.01589135852371724,0.0,0.02499712533058698,0.015461088306005859,0.012391573729863693
