LIMIT_BAL,SEX,EDUCATION,MARRIAGE,AGE,PAY_0,PAY_2,PAY_3,PAY_4,PAY_5,PAY_6,BILL_AMT1,BILL_AMT2,BILL_AMT3,BILL_AMT4,BILL_AMT5,BILL_AMT6,PAY_AMT1,PAY_AMT2,PAY_AMT3,PAY_AMT4,PAY_AMT5,PAY_AMT6
0.06329113924050633,1.0,0.5,0.3333333333333333,0.38888888888888884,0.1,0.1111111111111111,0.4,0.2,0.1,0.1,0.026493704644953278,0.07099392785468019,0.1102718709095981,0.07641897844339368,0.1335346385492953,0.41468547611263634,0.04191682307776503,0.0,0.0,0.0009748878878928923,0.03682315864880396,0.00716728624535316
