LIMIT_BAL,SEX,EDUCATION,MARRIAGE,AGE,PAY_0,PAY_2,PAY_3,PAY_4,PAY_5,PAY_6,BILL_AMT1,BILL_AMT2,BILL_AMT3,BILL_AMT4,BILL_AMT5,BILL_AMT6,PAY_AMT1,PAY_AMT2,PAY_AMT3,PAY_AMT4,PAY_AMT5,PAY_AMT6
0.025316455696202535,0.0,0.3333333333333333,0.3333333333333333,0.40740740740740744,0.30000000000000004,0.4444444444444444,0.2,0.2,0.2,0.4,0.056236726070037685,0.06850589203931456,0.11064325670681485,0.10806020507841763,0.17404567929072592,0.4263470513861596,0.0,0.0010936514430168482,0.0024863461225090545,0.010498792638846533,0.0,0.0024783147459727386
