LIMIT_BAL,SEX,EDUCATION,MARRIAGE,AGE,PAY_0,PAY_2,PAY_3,PAY_4,PAY_5,PAY_6,BILL_AMT1,BILL_AMT2,BILL_AMT3,BILL_AMT4,BILL_AMT5,BILL_AMT6,PAY_AMT1,PAY_AMT2,PAY_AMT3,PAY_AMT4,PAY_AMT5,PAY_AMT6
0.16455696202531644,1.0,0.16666666666666666,0.6666666666666666,0.35185185185185186,0.2,0.2222222222222222,0.1,0.2,0.2,0.0,0.10450870173312592,0.11237328256059281,0.08293292442381557,0.08604813529662057,0.13289738989487032,0.3979407101702482,0.009121165563343454,0.003355114002161225,0.007884818570324697,0.0,0.0,0.0
