LIMIT_BAL,SEX,EDUCATION,MARRIAGE,AGE,PAY_0,PAY_2,PAY_3,PAY_4,PAY_5,PAY_6,BILL_AMT1,BILL_AMT2,BILL_AMT3,BILL_AMT4,BILL_AMT5,BILL_AMT6,PAY_AMT1,PAY_AMT2,PAY_AMT3,PAY_AMT4,PAY_AMT5,PAY_AMT6
0.0759493670886076,1.0,0.3333333333333333,0.6666666666666666,0.03703703703703709,0.2,0.2222222222222222,0.2,0.2,0.2,0.2,0.031490117838749124,0.050420676169402566,0.0872294454467276,0.08807674559369064,0.14454270056175922,0.40853830731391216,0.002375556897830784,0.0008548735944297122,0.003942409285162349,0.001249856266529349,0.005153696102001953,0.007434944237918216
