LIMIT_BAL,SEX,EDUCATION,MARRIAGE,AGE,PAY_0,PAY_2,PAY_3,PAY_4,PAY_5,PAY_6,BILL_AMT1,BILL_AMT2,BILL_AMT3,BILL_AMT4,BILL_AMT5,BILL_AMT6,PAY_AMT1,PAY_AMT2,PAY_AMT3,PAY_AMT4,PAY_AMT5,PAY_AMT6
0.2531645569620253,0.0,0.3333333333333333,0.6666666666666666,0.5740740740740741,0.0,0.0,0.0,0.0,0.0,0.1,0.03289658539188801,0.049848196367004584,0.07685540217780631,0.10422622151105997,0.14401492795822263,0.4682464632687329,0.01099607181803072,0.0003561294192238172,0.05007648274013215,0.01709303430105538,0.1546083062120076,0.000530359355638166
