LIMIT_BAL,SEX,EDUCATION,MARRIAGE,AGE,PAY_0,PAY_2,PAY_3,PAY_4,PAY_5,PAY_6,BILL_AMT1,BILL_AMT2,BILL_AMT3,BILL_AMT4,BILL_AMT5,BILL_AMT6,PAY_AMT1,PAY_AMT2,PAY_AMT3,PAY_AMT4,PAY_AMT5,PAY_AMT6
0.3291139240506329,1.0,0.3333333333333333,0.3333333333333333,0.4814814814814815,0.0,0.0,0.0,0.0,0.0,0.0,0.03721488030113475,0.052552359388668764,0.08851691621041234,0.08707142985563007,0.14515217171073488,0.4067290757803189,0.015201942605572423,0.006112060970660478,0.01971204642581174,0.018747843997940238,0.019326360382507325,0.025938042131350682
