LIMIT_BAL,SEX,EDUCATION,MARRIAGE,AGE,PAY_0,PAY_2,PAY_3,PAY_4,PAY_5,PAY_6,BILL_AMT1,BILL_AMT2,BILL_AMT3,BILL_AMT4,BILL_AMT5,BILL_AMT6,PAY_AMT1,PAY_AMT2,PAY_AMT3,PAY_AMT4,PAY_AMT5,PAY_AMT6
0.12658227848101264,0.0,0.16666666666666666,0.3333333333333333,0.35185185185185186,0.2,0.2222222222222222,0.2,0.2,0.2,0.2,0.037342027479487706,0.05971285956877477,0.10525073493122761,0.10910147845837603,0.1766616667156858,0.4346784219845067,0.01009408989010009,0.004175760055155239,0.013814202135208868,0.01353844307904591,0.014306660379157421,0.014230483271375466
