LIMIT_BAL,SEX,EDUCATION,MARRIAGE,AGE,PAY_0,PAY_2,PAY_3,PAY_4,PAY_5,PAY_6,BILL_AMT1,BILL_AMT2,BILL_AMT3,BILL_AMT4,BILL_AMT5,BILL_AMT6,PAY_AMT1,PAY_AMT2,PAY_AMT3,PAY_AMT4,PAY_AMT5,PAY_AMT6
0.10126582278481013,1.0,0.3333333333333333,0.6666666666666666,0.03703703703703709,0.2,0.2222222222222222,0.2,0.2,0.2,0.2,0.04460354410986772,0.06057994133690115,0.1005168039693714,0.09577018272475024,0.14999689545527334,0.4093116834875984,0.00253568402660948,0.0010439400137888096,0.0030829640609969563,0.001249856266529349,0.0025768480510009765,0.0024783147459727386
