LIMIT_BAL,SEX,EDUCATION,MARRIAGE,AGE,PAY_0,PAY_2,PAY_3,PAY_4,PAY_5,PAY_6,BILL_AMT1,BILL_AMT2,BILL_AMT3,BILL_AMT4,BILL_AMT5,BILL_AMT6,PAY_AMT1,PAY_AMT2,PAY_AMT3,PAY_AMT4,PAY_AMT5,PAY_AMT6
0.3291139240506329,0.0,0.16666666666666666,0.3333333333333333,0.537037037037037,0.4,0.6666666666666666,0.5,0.5,0.4,0.4,0.3593461809539806,0.3114984819636701,0.42616107579736534,0.38630792925933255,0.46360329800688227,0.6690196050860029,0.0,0.006519531702037843,0.0,0.0,0.08306727377206748,0.007434944237918216
