LIMIT_BAL,SEX,EDUCATION,MARRIAGE,AGE,PAY_0,PAY_2,PAY_3,PAY_4,PAY_5,PAY_6,BILL_AMT1,BILL_AMT2,BILL_AMT3,BILL_AMT4,BILL_AMT5,BILL_AMT6,PAY_AMT1,PAY_AMT2,PAY_AMT3,PAY_AMT4,PAY_AMT5,PAY_AMT6
0.2911392405063291,1.0,0.3333333333333333,0.3333333333333333,0.40740740740740744,0.2,0.2222222222222222,0.2,0.2,0.2,0.2,0.10016372161360756,0.10594221170174445,0.153758671858365,0.14449428573140838,0.19748335800629407,0.44582910027056444,0.004459236497634578,0.0015671324328773465,0.00442075494509538,0.004999425066117396,0.005153696102001953,0.0032218091697645604
