LIMIT_BAL,SEX,EDUCATION,MARRIAGE,AGE,PAY_0,PAY_2,PAY_3,PAY_4,PAY_5,PAY_6,BILL_AMT1,BILL_AMT2,BILL_AMT3,BILL_AMT4,BILL_AMT5,BILL_AMT6,PAY_AMT1,PAY_AMT2,PAY_AMT3,PAY_AMT4,PAY_AMT5,PAY_AMT6
0.10126582278481013,1.0,0.5,0.6666666666666666,0.07407407407407407,0.2,0.2222222222222222,0.2,0.2,0.2,0.2,0.1414724271140573,0.11666237842844646,0.15850085583793716,0.13164542169324536,0.18691810211011003,0.4341124512392181,0.004864621633783176,0.001224042077057605,0.005272315350690447,0.0037495687995880472,0.0038652720765014648,0.003717472118959108
