LIMIT_BAL,SEX,EDUCATION,MARRIAGE,AGE,PAY_0,PAY_2,PAY_3,PAY_4,PAY_5,PAY_6,BILL_AMT1,BILL_AMT2,BILL_AMT3,BILL_AMT4,BILL_AMT5,BILL_AMT6,PAY_AMT1,PAY_AMT2,PAY_AMT3,PAY_AMT4,PAY_AMT5,PAY_AMT6
0.025316455696202535,0.0,0.5,0.6666666666666666,0.07407407407407407,0.2,0.2222222222222222,0.2,0.2,0.2,0.2,0.060250495638537835,0.07377399269284207,0.11807427385823627,0.11675446324230057,0.1472926736012392,0.4053873852971815,0.00405385136148598,0.0020373536568868257,0.007884818570324697,0.0004449488308844483,0.0025768480510009765,0.0
