LIMIT_BAL,SEX,EDUCATION,MARRIAGE,AGE,PAY_0,PAY_2,PAY_3,PAY_4,PAY_5,PAY_6,BILL_AMT1,BILL_AMT2,BILL_AMT3,BILL_AMT4,BILL_AMT5,BILL_AMT6,PAY_AMT1,PAY_AMT2,PAY_AMT3,PAY_AMT4,PAY_AMT5,PAY_AMT6
0.012658227848101266,1.0,0.3333333333333333,0.6666666666666666,0.0,0.30000000000000004,0.4444444444444444,0.4,0.2,0.2,0.2,0.05299839731766545,0.05973215664076571,0.09690528341688139,0.09719200781479417,0.15599847060322938,0.4168509293989578,0.0026897303783459474,0.0,0.005256545713549798,0.0007074186468556115,0.005153696102001953,0.0021288723667905827
