LIMIT_BAL,SEX,EDUCATION,MARRIAGE,AGE,PAY_0,PAY_2,PAY_3,PAY_4,PAY_5,PAY_6,BILL_AMT1,BILL_AMT2,BILL_AMT3,BILL_AMT4,BILL_AMT5,BILL_AMT6,PAY_AMT1,PAY_AMT2,PAY_AMT3,PAY_AMT4,PAY_AMT5,PAY_AMT6
0.4430379746835443,1.0,0.3333333333333333,0.3333333333333333,0.2592592592592593,0.30000000000000004,0.0,0.0,0.1,0.1,0.1,0.024029246990457682,0.04290382339319714,0.0761373896365206,0.08123130951738851,0.1348532530726823,0.3979407101702482,0.0,0.0,0.009467038830103186,0.0029921559020712617,0.0,0.0011747211895910782
