LIMIT_BAL,SEX,EDUCATION,MARRIAGE,AGE,PAY_0,PAY_2,PAY_3,PAY_4,PAY_5,PAY_6,BILL_AMT1,BILL_AMT2,BILL_AMT3,BILL_AMT4,BILL_AMT5,BILL_AMT6,PAY_AMT1,PAY_AMT2,PAY_AMT3,PAY_AMT4,PAY_AMT5,PAY_AMT6
0.05063291139240507,1.0,0.3333333333333333,0.6666666666666666,0.09259259259259262,0.2,0.2222222222222222,0.2,0.2,0.2,0.2,0.09946519699179193,0.10524237122420625,0.15030230803893446,0.10583532598598851,0.16366506210723425,0.41913473267549484,0.0040680398412511806,0.0011009859161816408,0.004102733929425617,0.0015698194707608624,0.001997057239525757,0.003970260223048327
