LIMIT_BAL,SEX,EDUCATION,MARRIAGE,AGE,PAY_0,PAY_2,PAY_3,PAY_4,PAY_5,PAY_6,BILL_AMT1,BILL_AMT2,BILL_AMT3,BILL_AMT4,BILL_AMT5,BILL_AMT6,PAY_AMT1,PAY_AMT2,PAY_AMT3,PAY_AMT4,PAY_AMT5,PAY_AMT6
0.0759493670886076,0.0,0.16666666666666666,0.3333333333333333,0.7222222222222223,0.2,0.2222222222222222,0.2,0.2,0.2,0.2,0.1338404569763773,0.1338419183862502,0.1898837810045243,0.18168797156949112,0.21571683937739172,0.45312344372692315,0.005067314201857474,0.0026893068270906102,0.009724609570067126,0.005249396319423266,0.005153696102001953,0.005700123915737299
