LIMIT_BAL,SEX,EDUCATION,MARRIAGE,AGE,PAY_0,PAY_2,PAY_3,PAY_4,PAY_5,PAY_6,BILL_AMT1,BILL_AMT2,BILL_AMT3,BILL_AMT4,BILL_AMT5,BILL_AMT6,PAY_AMT1,PAY_AMT2,PAY_AMT3,PAY_AMT4,PAY_AMT5,PAY_AMT6
0.1772151898734177,1.0,0.3333333333333333,0.6666666666666666,0.14814814814814814,0.1,0.1111111111111111,0.1,0.0,0.1,0.1,0.026758987029418087,0.0454561827818659,0.07632225723335738,0.07583466676255371,0.13921268745731252,0.4044581621066767,0.0040214205505940915,9.12734438285298e-05,0.0,0.009661388940271869,0.014365927884330445,0.027169764560099133
