LIMIT_BAL,SEX,EDUCATION,MARRIAGE,AGE,PAY_0,PAY_2,PAY_3,PAY_4,PAY_5,PAY_6,BILL_AMT1,BILL_AMT2,BILL_AMT3,BILL_AMT4,BILL_AMT5,BILL_AMT6,PAY_AMT1,PAY_AMT2,PAY_AMT3,PAY_AMT4,PAY_AMT5,PAY_AMT6
0.08860759493670886,1.0,0.3333333333333333,0.3333333333333333,0.4444444444444444,0.2,0.2222222222222222,0.2,0.2,0.2,0.2,0.1524965583927341,0.13876653115833892,0.19082957683476964,0.12137502022617357,0.18288872984905377,0.43196105933787277,0.008310395291046258,0.002043058247126109,0.005624503913498283,0.004999425066117396,0.0038652720765014648,0.0024783147459727386
