LIMIT_BAL,SEX,EDUCATION,MARRIAGE,AGE,PAY_0,PAY_2,PAY_3,PAY_4,PAY_5,PAY_6,BILL_AMT1,BILL_AMT2,BILL_AMT3,BILL_AMT4,BILL_AMT5,BILL_AMT6,PAY_AMT1,PAY_AMT2,PAY_AMT3,PAY_AMT4,PAY_AMT5,PAY_AMT6
0.025316455696202535,1.0,0.3333333333333333,0.6666666666666666,0.42592592592592593,0.2,0.2222222222222222,0.2,0.2,0.2,0.2,0.03929475698406893,0.05675397519683014,0.09606017440277037,0.09377303536434081,0.14950833815354753,0.40727512623022466,0.002432310816891588,0.0012224121941320956,0.005256545713549798,0.002914664813546442,0.009018968178503417,0.003717472118959108
