LIMIT_BAL,SEX,EDUCATION,MARRIAGE,AGE,PAY_0,PAY_2,PAY_3,PAY_4,PAY_5,PAY_6,BILL_AMT1,BILL_AMT2,BILL_AMT3,BILL_AMT4,BILL_AMT5,BILL_AMT6,PAY_AMT1,PAY_AMT2,PAY_AMT3,PAY_AMT4,PAY_AMT5,PAY_AMT6
0.05063291139240507,0.0,0.3333333333333333,0.6666666666666666,0.33333333333333337,0.2,0.2222222222222222,0.2,0.2,0.2,0.2,0.060980414625378884,0.06474810888694489,0.10404579434470215,0.10179458597771825,0.16213729930752313,0.4194382242345626,0.004074120618293409,0.0012224121941320956,0.002628272856774899,0.002499712533058698,0.002319163245900879,0.0024783147459727386
