LIMIT_BAL,SEX,EDUCATION,MARRIAGE,AGE,PAY_0,PAY_2,PAY_3,PAY_4,PAY_5,PAY_6,BILL_AMT1,BILL_AMT2,BILL_AMT3,BILL_AMT4,BILL_AMT5,BILL_AMT6,PAY_AMT1,PAY_AMT2,PAY_AMT3,PAY_AMT4,PAY_AMT5,PAY_AMT6
0.2151898734177215,0.0,0.16666666666666666,0.6666666666666666,0.2222222222222222,0.1,0.1111111111111111,0.1,0.1,0.1,0.1,0.027509312353525665,0.04290382339319714,0.08977797731740611,0.07583466676255371,0.13825354653385752,0.3979407101702482,0.0,0.006734676248205092,0.0,0.008194057683366413,0.0,0.011514250309789344
