LIMIT_BAL,SEX,EDUCATION,MARRIAGE,AGE,PAY_0,PAY_2,PAY_3,PAY_4,PAY_5,PAY_6,BILL_AMT1,BILL_AMT2,BILL_AMT3,BILL_AMT4,BILL_AMT5,BILL_AMT6,PAY_AMT1,PAY_AMT2,PAY_AMT3,PAY_AMT4,PAY_AMT5,PAY_AMT6
0.4430379746835443,0.0,0.16666666666666666,0.3333333333333333,0.7592592592592593,0.1,0.1111111111111111,0.1,0.1,0.1,0.1,0.03325134171667527,0.05226804919466887,0.08751665046324189,0.08653655993239963,0.13581729590886366,0.4208209270905471,0.014774261286935653,0.005637765039337225,0.018786894380226977,0.0044794848592411875,0.050354187764610085,0.009142503097893433
