LIMIT_BAL,SEX,EDUCATION,MARRIAGE,AGE,PAY_0,PAY_2,PAY_3,PAY_4,PAY_5,PAY_6,BILL_AMT1,BILL_AMT2,BILL_AMT3,BILL_AMT4,BILL_AMT5,BILL_AMT6,PAY_AMT1,PAY_AMT2,PAY_AMT3,PAY_AMT4,PAY_AMT5,PAY_AMT6
0.05063291139240507,0.0,0.3333333333333333,0.6666666666666666,0.37037037037037035,0.2,0.2222222222222222,0.2,0.2,0.2,0.2,0.08994642551608412,0.09843179128286936,0.13646034672578028,0.08545483420530614,0.14149697878778966,0.39792664878527206,0.003936289672002886,0.0014057740232519098,0.002628272856774899,0.0009998850132234792,0.0,0.0
