LIMIT_BAL,SEX,EDUCATION,MARRIAGE,AGE,PAY_0,PAY_2,PAY_3,PAY_4,PAY_5,PAY_6,BILL_AMT1,BILL_AMT2,BILL_AMT3,BILL_AMT4,BILL_AMT5,BILL_AMT6,PAY_AMT1,PAY_AMT2,PAY_AMT3,PAY_AMT4,PAY_AMT5,PAY_AMT6
0.27848101265822783,1.0,0.3333333333333333,0.6666666666666666,0.16666666666666674,0.1,0.1111111111111111,0.1,0.2,0.2,0.1,0.025980406776787632,0.04304919466886225,0.08930590470405504,0.08007617027142026,0.13864569955196518,0.3989320378110642,0.00022904260192395785,0.006664591282408185,0.0013141364283874495,0.002499712533058698,0.0021800134511468262,0.0
