LIMIT_BAL,SEX,EDUCATION,MARRIAGE,AGE,PAY_0,PAY_2,PAY_3,PAY_4,PAY_5,PAY_6,BILL_AMT1,BILL_AMT2,BILL_AMT3,BILL_AMT4,BILL_AMT5,BILL_AMT6,PAY_AMT1,PAY_AMT2,PAY_AMT3,PAY_AMT4,PAY_AMT5,PAY_AMT6
0.025316455696202535,1.0,0.5,0.3333333333333333,0.4814814814814815,0.4,0.4444444444444444,0.4,0.4,0.4,0.4,0.06809594745839069,0.07958755724798025,0.12095127583400872,0.11793507248461313,0.17881850831527796,0.43096270100456874,0.0036484662253373815,0.0,0.006045027570582268,0.002999655039670438,0.0033499024663012694,0.0
