LIMIT_BAL,SEX,EDUCATION,MARRIAGE,AGE,PAY_0,PAY_2,PAY_3,PAY_4,PAY_5,PAY_6,BILL_AMT1,BILL_AMT2,BILL_AMT3,BILL_AMT4,BILL_AMT5,BILL_AMT6,PAY_AMT1,PAY_AMT2,PAY_AMT3,PAY_AMT4,PAY_AMT5,PAY_AMT6
0.05063291139240507,0.0,0.3333333333333333,0.6666666666666666,0.018518518518518545,0.4,0.4444444444444444,0.4,0.2,0.2,0.2,0.04561601238193756,0.06598955385169558,0.10552968693002597,0.10194890419086317,0.16273696663104611,0.41460813849526773,0.009015765427944819,0.0008173862871429945,0.002628272856774899,0.0025347085085215197,0.0025871554432049804,0.00363816604708798
