LIMIT_BAL,SEX,EDUCATION,MARRIAGE,AGE,PAY_0,PAY_2,PAY_3,PAY_4,PAY_5,PAY_6,BILL_AMT1,BILL_AMT2,BILL_AMT3,BILL_AMT4,BILL_AMT5,BILL_AMT6,PAY_AMT1,PAY_AMT2,PAY_AMT3,PAY_AMT4,PAY_AMT5,PAY_AMT6
0.012658227848101266,0.0,0.3333333333333333,0.6666666666666666,0.03703703703703709,0.2,0.2222222222222222,0.4,0.2,0.2,0.2,0.045984896170986264,0.06343333504862862,0.10282434772274483,0.10020795502897586,0.16002130698065054,0.3979407101702482,0.004459236497634578,0.0007334473164792573,0.0013141364283874495,0.0008299045609754878,0.005153696102001953,0.0
