LIMIT_BAL,SEX,EDUCATION,MARRIAGE,AGE,PAY_0,PAY_2,PAY_3,PAY_4,PAY_5,PAY_6,BILL_AMT1,BILL_AMT2,BILL_AMT3,BILL_AMT4,BILL_AMT5,BILL_AMT6,PAY_AMT1,PAY_AMT2,PAY_AMT3,PAY_AMT4,PAY_AMT5,PAY_AMT6
0.12658227848101264,1.0,0.16666666666666666,0.6666666666666666,0.12962962962962965,0.2,0.2222222222222222,0.2,0.2,0.2,0.2,0.19300784702153811,0.14857330314413628,0.19953651052507348,0.17100255898551506,0.23506795685009624,0.4661712372026749,0.0070942398826004645,0.003177456763280694,0.007884818570324697,0.004499482559505657,0.0077305441530029296,0.004956629491945477
