LIMIT_BAL,SEX,EDUCATION,MARRIAGE,AGE,PAY_0,PAY_2,PAY_3,PAY_4,PAY_5,PAY_6,BILL_AMT1,BILL_AMT2,BILL_AMT3,BILL_AMT4,BILL_AMT5,BILL_AMT6,PAY_AMT1,PAY_AMT2,PAY_AMT3,PAY_AMT4,PAY_AMT5,PAY_AMT6
0.05063291139240507,0.0,0.3333333333333333,0.6666666666666666,0.40740740740740744,0.2,0.2222222222222222,0.2,0.2,0.2,0.2,0.04390344976980082,0.060583800751299335,0.1005283581941737,0.09441877468342293,0.15050669437881328,0.4173887773742941,0.0032430810891887836,0.0013079810477213422,0.005256545713549798,0.001249856266529349,0.015461088306005859,0.014869888475836432
