LIMIT_BAL,SEX,EDUCATION,MARRIAGE,AGE,PAY_0,PAY_2,PAY_3,PAY_4,PAY_5,PAY_6,BILL_AMT1,BILL_AMT2,BILL_AMT3,BILL_AMT4,BILL_AMT5,BILL_AMT6,PAY_AMT1,PAY_AMT2,PAY_AMT3,PAY_AMT4,PAY_AMT5,PAY_AMT6
0.08860759493670886,1.0,0.3333333333333333,0.3333333333333333,0.07407407407407407,0.2,0.2222222222222222,0.2,0.2,0.2,0.2,0.14388979322101475,0.14251916842484436,0.19836458200941176,0.18574669039871033,0.22597817668454231,0.46722818464004606,0.006080777042228969,0.002444824388264191,0.007096336713292227,0.004999425066117396,0.012884240255004883,0.005452292441140025
