LIMIT_BAL,SEX,EDUCATION,MARRIAGE,AGE,PAY_0,PAY_2,PAY_3,PAY_4,PAY_5,PAY_6,BILL_AMT1,BILL_AMT2,BILL_AMT3,BILL_AMT4,BILL_AMT5,BILL_AMT6,PAY_AMT1,PAY_AMT2,PAY_AMT3,PAY_AMT4,PAY_AMT5,PAY_AMT6
0.0379746835443038,1.0,0.3333333333333333,0.6666666666666666,0.05555555555555558,0.4,0.2222222222222222,0.2,0.2,0.2,0.2,0.053872730383623446,0.06865640920084393,0.11087764240994721,0.10933520313071202,0.16966010137155518,0.42485537279661023,0.0026877034526652044,0.0011042456820326597,0.004383959125100531,0.0020172680141783694,0.0021490912745348147,0.0020743494423791824
