LIMIT_BAL,SEX,EDUCATION,MARRIAGE,AGE,PAY_0,PAY_2,PAY_3,PAY_4,PAY_5,PAY_6,BILL_AMT1,BILL_AMT2,BILL_AMT3,BILL_AMT4,BILL_AMT5,BILL_AMT6,PAY_AMT1,PAY_AMT2,PAY_AMT3,PAY_AMT4,PAY_AMT5,PAY_AMT6
0.025316455696202535,0.0,0.5,0.6666666666666666,0.14814814814814814,0.2,0.2222222222222222,0.2,0.2,0.2,0.2,0.06783066507392588,0.07962872433489426,0.12466183259908986,0.12057795916410469,0.18210442381283845,0.4164759591329281,0.0030403885211144847,0.0013854004866830417,0.003942409285162349,0.002524709658389285,0.0025768480510009765,0.0024783147459727386
