LIMIT_BAL,SEX,EDUCATION,MARRIAGE,AGE,PAY_0,PAY_2,PAY_3,PAY_4,PAY_5,PAY_6,BILL_AMT1,BILL_AMT2,BILL_AMT3,BILL_AMT4,BILL_AMT5,BILL_AMT6,PAY_AMT1,PAY_AMT2,PAY_AMT3,PAY_AMT4,PAY_AMT5,PAY_AMT6
0.05063291139240507,0.0,0.3333333333333333,0.3333333333333333,0.4814814814814815,0.4,0.2222222222222222,0.2,0.2,0.2,0.2,0.04049873088279385,0.05822955796840426,0.09761504294045117,0.09649383026794436,0.15668800632673538,0.41554673594242325,0.0032430810891887836,0.0013039063404075685,0.0034167547138073684,0.002499712533058698,0.0018037936357006836,0.001486988847583643
