LIMIT_BAL,SEX,EDUCATION,MARRIAGE,AGE,PAY_0,PAY_2,PAY_3,PAY_4,PAY_5,PAY_6,BILL_AMT1,BILL_AMT2,BILL_AMT3,BILL_AMT4,BILL_AMT5,BILL_AMT6,PAY_AMT1,PAY_AMT2,PAY_AMT3,PAY_AMT4,PAY_AMT5,PAY_AMT6
0.0,1.0,0.3333333333333333,0.6666666666666666,0.03703703703703709,0.2,0.2222222222222222,0.2,0.2,0.2,0.4,0.03251043470207532,0.05121700200689549,0.08848225353600545,0.08855318434883706,0.14761456587026925,0.4087527434347979,0.0026350033849658868,0.001036605540624017,0.0033694458023854203,0.0019997700264469584,0.0012884240255004883,0.0
