LIMIT_BAL,SEX,EDUCATION,MARRIAGE,AGE,PAY_0,PAY_2,PAY_3,PAY_4,PAY_5,PAY_6,BILL_AMT1,BILL_AMT2,BILL_AMT3,BILL_AMT4,BILL_AMT5,BILL_AMT6,PAY_AMT1,PAY_AMT2,PAY_AMT3,PAY_AMT4,PAY_AMT5,PAY_AMT6
0.3291139240506329,0.0,0.5,0.6666666666666666,0.3148148148148149,0.4,0.4444444444444444,0.4,0.4,0.4,0.4,0.42971037128545797,0.3814966809036176,0.5197684533349619,0.4700862384111517,0.5802508472139163,0.6783223830297831,0.020978680795689944,0.008964356090302035,0.0,0.04000039995400529,0.0002860301336611084,0.020074349442379184
