LIMIT_BAL,SEX,EDUCATION,MARRIAGE,AGE,PAY_0,PAY_2,PAY_3,PAY_4,PAY_5,PAY_6,BILL_AMT1,BILL_AMT2,BILL_AMT3,BILL_AMT4,BILL_AMT5,BILL_AMT6,PAY_AMT1,PAY_AMT2,PAY_AMT3,PAY_AMT4,PAY_AMT5,PAY_AMT6
0.27848101265822783,1.0,0.16666666666666666,0.6666666666666666,0.2222222222222222,0.30000000000000004,0.1111111111111111,0.1,0.1,0.2,0.2,0.02402453783570387,0.04873411207739413,0.0761373896365206,0.08521961129789109,0.14334173194380448,0.4009146930926961,0.009192107962169458,0.0,0.016463501174837965,0.00031996320423151336,0.0,0.0010086741016109046
