LIMIT_BAL,SEX,EDUCATION,MARRIAGE,AGE,PAY_0,PAY_2,PAY_3,PAY_4,PAY_5,PAY_6,BILL_AMT1,BILL_AMT2,BILL_AMT3,BILL_AMT4,BILL_AMT5,BILL_AMT6,PAY_AMT1,PAY_AMT2,PAY_AMT3,PAY_AMT4,PAY_AMT5,PAY_AMT6
0.05063291139240507,1.0,0.16666666666666666,0.6666666666666666,0.05555555555555558,0.2,0.2222222222222222,0.2,0.2,0.2,0.2,0.08720412773111354,0.09652266762723204,0.14494775014484046,0.12498576676674877,0.16330395453639346,0.4211337929062656,0.004313297848621082,0.002444824388264191,0.015769637140649394,0.002499712533058698,0.0038652720765014648,0.0017472118959107807
