LIMIT_BAL,SEX,EDUCATION,MARRIAGE,AGE,PAY_0,PAY_2,PAY_3,PAY_4,PAY_5,PAY_6,BILL_AMT1,BILL_AMT2,BILL_AMT3,BILL_AMT4,BILL_AMT5,BILL_AMT6,PAY_AMT1,PAY_AMT2,PAY_AMT3,PAY_AMT4,PAY_AMT5,PAY_AMT6
0.05063291139240507,1.0,0.3333333333333333,0.3333333333333333,0.5,0.2,0.2222222222222222,0.2,0.2,0.2,0.1,0.097160850598926,0.10466603200741009,0.15692122824710858,0.1305876677274171,0.14124207932601968,0.40337777902767863,0.005067314201857474,0.0017716827400287838,0.0055640536377924606,0.0002924663663678677,0.01250544359150774,0.0
