LIMIT_BAL,SEX,EDUCATION,MARRIAGE,AGE,PAY_0,PAY_2,PAY_3,PAY_4,PAY_5,PAY_6,BILL_AMT1,BILL_AMT2,BILL_AMT3,BILL_AMT4,BILL_AMT5,BILL_AMT6,PAY_AMT1,PAY_AMT2,PAY_AMT3,PAY_AMT4,PAY_AMT5,PAY_AMT6
0.08860759493670886,0.0,0.3333333333333333,0.3333333333333333,0.2592592592592593,0.2,0.2222222222222222,0.2,0.2,0.2,0.2,0.14941049231073517,0.14222070704471776,0.205767538900599,0.19463871559303142,0.25589291608252207,0.4893994734011326,0.00810770272297196,0.002852295119641556,0.008731122430206214,0.0074991375991760945,0.01290227819136189,0.007434944237918216
