LIMIT_BAL,SEX,EDUCATION,MARRIAGE,AGE,PAY_0,PAY_2,PAY_3,PAY_4,PAY_5,PAY_6,BILL_AMT1,BILL_AMT2,BILL_AMT3,BILL_AMT4,BILL_AMT5,BILL_AMT6,PAY_AMT1,PAY_AMT2,PAY_AMT3,PAY_AMT4,PAY_AMT5,PAY_AMT6
0.05063291139240507,1.0,0.5,0.6666666666666666,0.16666666666666674,0.2,0.2222222222222222,0.2,0.2,0.2,0.2,0.09958606529713981,0.10997529974785161,0.10875001444278101,0.08410492439905791,0.14140057450417154,0.4034516012988032,0.010663656006388869,0.0009225137358383548,0.005619247367784734,0.00042995055568609606,0.0005153696102001953,0.00041635687732342007
