LIMIT_BAL,SEX,EDUCATION,MARRIAGE,AGE,PAY_0,PAY_2,PAY_3,PAY_4,PAY_5,PAY_6,BILL_AMT1,BILL_AMT2,BILL_AMT3,BILL_AMT4,BILL_AMT5,BILL_AMT6,PAY_AMT1,PAY_AMT2,PAY_AMT3,PAY_AMT4,PAY_AMT5,PAY_AMT6
0.4430379746835443,1.0,0.16666666666666666,0.3333333333333333,0.33333333333333337,0.1,0.1111111111111111,0.1,0.1,0.0,0.0,0.03501884446760651,0.04447846446765811,0.07678772743253572,0.07582567735207925,0.13288758606941764,0.40051745896712093,0.0024809570332294194,0.00032108693632536375,1.5769637140649394e-05,0.0,0.0056819499524571535,0.0009938042131350682
