LIMIT_BAL,SEX,EDUCATION,MARRIAGE,AGE,PAY_0,PAY_2,PAY_3,PAY_4,PAY_5,PAY_6,BILL_AMT1,BILL_AMT2,BILL_AMT3,BILL_AMT4,BILL_AMT5,BILL_AMT6,PAY_AMT1,PAY_AMT2,PAY_AMT3,PAY_AMT4,PAY_AMT5,PAY_AMT6
0.08860759493670886,1.0,0.3333333333333333,0.3333333333333333,0.37037037037037035,0.2,0.2222222222222222,0.2,0.4,0.2,0.2,0.14651750157364254,0.11900632943961303,0.1769281937940608,0.1600384746768307,0.17501299006872484,0.42686966619443845,0.004317351699982568,0.004729920249828455,0.0003180210156697628,0.0025072116706578744,0.002198051387503833,0.004810408921933086
