LIMIT_BAL,SEX,EDUCATION,MARRIAGE,AGE,PAY_0,PAY_2,PAY_3,PAY_4,PAY_5,PAY_6,BILL_AMT1,BILL_AMT2,BILL_AMT3,BILL_AMT4,BILL_AMT5,BILL_AMT6,PAY_AMT1,PAY_AMT2,PAY_AMT3,PAY_AMT4,PAY_AMT5,PAY_AMT6
0.3164556962025316,1.0,0.5,0.3333333333333333,0.37037037037037035,0.1,0.1111111111111111,0.0,0.1,0.1,0.1,0.02582657438816307,0.042898677507332894,0.07613078722234785,0.07909632452970401,0.13315555729845788,0.3979407101702482,8.107702722971959e-06,0.0,0.005732263100626055,0.0003949545802232743,0.0,0.0
