LIMIT_BAL,SEX,EDUCATION,MARRIAGE,AGE,PAY_0,PAY_2,PAY_3,PAY_4,PAY_5,PAY_6,BILL_AMT1,BILL_AMT2,BILL_AMT3,BILL_AMT4,BILL_AMT5,BILL_AMT6,PAY_AMT1,PAY_AMT2,PAY_AMT3,PAY_AMT4,PAY_AMT5,PAY_AMT6
0.35443037974683544,0.0,0.5,0.3333333333333333,0.4814814814814815,0.1,0.1111111111111111,0.1,0.1,0.2,0.1,0.025966279312526194,0.04341326609375804,0.07679102863962209,0.07702126894518257,0.13354444237474797,0.3984363739906562,0.0008026625695742239,0.0003227168192508732,0.00208159210256572,0.0,0.0010900067255734131,0.0009144981412639406
