LIMIT_BAL,SEX,EDUCATION,MARRIAGE,AGE,PAY_0,PAY_2,PAY_3,PAY_4,PAY_5,PAY_6,BILL_AMT1,BILL_AMT2,BILL_AMT3,BILL_AMT4,BILL_AMT5,BILL_AMT6,PAY_AMT1,PAY_AMT2,PAY_AMT3,PAY_AMT4,PAY_AMT5,PAY_AMT6
0.05063291139240507,0.0,0.16666666666666666,0.6666666666666666,0.2777777777777778,0.2,0.2222222222222222,0.2,0.2,0.2,0.2,0.09468226548016896,0.10180491946688623,0.13577534625535828,0.11984382397535703,0.17711100871560084,0.4303135337315048,0.0038896703813457974,0.0014579302768682127,0.003789969459469404,0.0024172220194677613,0.0025845785951539796,0.002552664188351921
