LIMIT_BAL,SEX,EDUCATION,MARRIAGE,AGE,PAY_0,PAY_2,PAY_3,PAY_4,PAY_5,PAY_6,BILL_AMT1,BILL_AMT2,BILL_AMT3,BILL_AMT4,BILL_AMT5,BILL_AMT6,PAY_AMT1,PAY_AMT2,PAY_AMT3,PAY_AMT4,PAY_AMT5,PAY_AMT6
0.2911392405063291,0.0,0.3333333333333333,0.3333333333333333,0.2222222222222222,0.2,0.2222222222222222,0.2,0.2,0.2,0.1,0.060895649839810245,0.06846215200946844,0.1003236833548187,0.0887584425546706,0.13289738989487032,0.3992624803580028,0.006080777042228969,0.0016298829255094608,0.0,0.004474485434175069,0.002906684601529102,0.0
