LIMIT_BAL,SEX,EDUCATION,MARRIAGE,AGE,PAY_0,PAY_2,PAY_3,PAY_4,PAY_5,PAY_6,BILL_AMT1,BILL_AMT2,BILL_AMT3,BILL_AMT4,BILL_AMT5,BILL_AMT6,PAY_AMT1,PAY_AMT2,PAY_AMT3,PAY_AMT4,PAY_AMT5,PAY_AMT6
0.08860759493670886,1.0,0.3333333333333333,0.3333333333333333,0.4444444444444444,0.2,0.2222222222222222,0.2,0.2,0.2,0.2,0.12942326981730048,0.13045077960170845,0.1895173470179371,0.18077404817125425,0.2482982192985036,0.4819574854025247,0.004905160147398035,0.002046318012977128,0.006602221416218546,0.006274278457977333,0.00667403645209253,0.006718711276332095
