LIMIT_BAL,SEX,EDUCATION,MARRIAGE,AGE,PAY_0,PAY_2,PAY_3,PAY_4,PAY_5,PAY_6,BILL_AMT1,BILL_AMT2,BILL_AMT3,BILL_AMT4,BILL_AMT5,BILL_AMT6,PAY_AMT1,PAY_AMT2,PAY_AMT3,PAY_AMT4,PAY_AMT5,PAY_AMT6
0.4936708860759494,1.0,0.16666666666666666,0.3333333333333333,0.2407407407407407,0.0,0.0,0.0,0.0,0.0,0.0,0.03972642950316847,0.05549966551741883,0.07579241349599482,0.0965043179134979,0.13289738989487032,0.3979407101702482,0.020269256807429897,0.0,0.03680896135913246,0.004999425066117396,0.0,0.0
