LIMIT_BAL,SEX,EDUCATION,MARRIAGE,AGE,PAY_0,PAY_2,PAY_3,PAY_4,PAY_5,PAY_6,BILL_AMT1,BILL_AMT2,BILL_AMT3,BILL_AMT4,BILL_AMT5,BILL_AMT6,PAY_AMT1,PAY_AMT2,PAY_AMT3,PAY_AMT4,PAY_AMT5,PAY_AMT6
0.24050632911392406,1.0,0.3333333333333333,0.3333333333333333,0.42592592592592593,0.0,0.0,0.0,0.0,0.0,0.0,0.024029246990457682,0.04308135645551382,0.0761373896365206,0.07583466676255371,0.13563429116708006,0.39802156313386083,0.00027971574394253256,0.0,0.0,0.004187018492873319,0.0001778025155190674,0.0976728624535316
