LIMIT_BAL,SEX,EDUCATION,MARRIAGE,AGE,PAY_0,PAY_2,PAY_3,PAY_4,PAY_5,PAY_6,BILL_AMT1,BILL_AMT2,BILL_AMT3,BILL_AMT4,BILL_AMT5,BILL_AMT6,PAY_AMT1,PAY_AMT2,PAY_AMT3,PAY_AMT4,PAY_AMT5,PAY_AMT6
0.18987341772151897,0.0,0.3333333333333333,0.3333333333333333,0.11111111111111116,0.2,0.2222222222222222,0.2,0.2,0.2,0.0,0.19987222493434653,0.15326763752379974,0.18688133315946975,0.1210304261579859,0.13289738989487032,0.3979407101702482,0.008800911305786061,0.0032736198558857518,0.005755917556337029,0.009973853006904206,0.0,0.0
