LIMIT_BAL,SEX,EDUCATION,MARRIAGE,AGE,PAY_0,PAY_2,PAY_3,PAY_4,PAY_5,PAY_6,BILL_AMT1,BILL_AMT2,BILL_AMT3,BILL_AMT4,BILL_AMT5,BILL_AMT6,PAY_AMT1,PAY_AMT2,PAY_AMT3,PAY_AMT4,PAY_AMT5,PAY_AMT6
0.3164556962025316,0.0,0.8333333333333333,0.3333333333333333,0.2962962962962963,0.2,0.2222222222222222,0.2,0.2,0.2,0.2,0.03941405557116553,0.057202953738486086,0.0958290899067244,0.09524280397691519,0.15617493946137784,0.41637635765601394,0.00300998463590334,0.0010594239015811495,0.003230147340976351,0.0038020627627822798,0.004452793432129688,0.003990086741016109
