LIMIT_BAL,SEX,EDUCATION,MARRIAGE,AGE,PAY_0,PAY_2,PAY_3,PAY_4,PAY_5,PAY_6,BILL_AMT1,BILL_AMT2,BILL_AMT3,BILL_AMT4,BILL_AMT5,BILL_AMT6,PAY_AMT1,PAY_AMT2,PAY_AMT3,PAY_AMT4,PAY_AMT5,PAY_AMT6
0.3291139240506329,1.0,0.16666666666666666,0.6666666666666666,0.18518518518518523,0.1,0.1111111111111111,0.2,0.1,0.1,0.2,0.024300808247927578,0.04580353007770288,0.08220996007190029,0.0819249923590011,0.13939242425727855,0.4075434643268522,0.004568690484394699,0.0012403409063126995,0.010683929162789964,0.010138834034086079,0.0002087246921310791,0.0002057001239157373
