LIMIT_BAL,SEX,EDUCATION,MARRIAGE,AGE,PAY_0,PAY_2,PAY_3,PAY_4,PAY_5,PAY_6,BILL_AMT1,BILL_AMT2,BILL_AMT3,BILL_AMT4,BILL_AMT5,BILL_AMT6,PAY_AMT1,PAY_AMT2,PAY_AMT3,PAY_AMT4,PAY_AMT5,PAY_AMT6
0.1139240506329114,0.0,0.3333333333333333,0.3333333333333333,0.2592592592592593,0.6000000000000001,0.6666666666666666,0.5,0.4,0.4,0.4,0.15329240554612852,0.14859517315905935,0.21366237564765556,0.19776103749782756,0.2696770946690065,0.5011243249070483,0.0034457736572630826,0.0025263185345396643,0.0,0.009498907625623053,0.015203403500905762,0.007930607187112764
