LIMIT_BAL,SEX,EDUCATION,MARRIAGE,AGE,PAY_0,PAY_2,PAY_3,PAY_4,PAY_5,PAY_6,BILL_AMT1,BILL_AMT2,BILL_AMT3,BILL_AMT4,BILL_AMT5,BILL_AMT6,PAY_AMT1,PAY_AMT2,PAY_AMT3,PAY_AMT4,PAY_AMT5,PAY_AMT6
0.1139240506329114,0.0,0.3333333333333333,0.6666666666666666,0.14814814814814814,0.30000000000000004,0.1111111111111111,0.1,0.1,0.2,0.1,0.024029246990457682,0.04880358153656152,0.08022428400944806,0.08758832095791158,0.15440698293807578,0.39872697594682915,0.009295481171887351,0.002333177407866793,0.020618800561399083,0.017497987731410886,0.0017290650422216553,0.0016629491945477075
