LIMIT_BAL,SEX,EDUCATION,MARRIAGE,AGE,PAY_0,PAY_2,PAY_3,PAY_4,PAY_5,PAY_6,BILL_AMT1,BILL_AMT2,BILL_AMT3,BILL_AMT4,BILL_AMT5,BILL_AMT6,PAY_AMT1,PAY_AMT2,PAY_AMT3,PAY_AMT4,PAY_AMT5,PAY_AMT6
0.0759493670886076,1.0,0.5,0.3333333333333333,0.11111111111111116,0.2,0.2222222222222222,0.2,0.2,0.2,0.4,0.12074115816952015,0.12357973550146659,0.1812725823197252,0.17161084242762026,0.2429633042813306,0.46763830836851605,0.006103073224717142,0.0025222438272258906,0.005256545713549798,0.011498677652070011,0.0,0.0055960346964064435
