LIMIT_BAL,SEX,EDUCATION,MARRIAGE,AGE,PAY_0,PAY_2,PAY_3,PAY_4,PAY_5,PAY_6,BILL_AMT1,BILL_AMT2,BILL_AMT3,BILL_AMT4,BILL_AMT5,BILL_AMT6,PAY_AMT1,PAY_AMT2,PAY_AMT3,PAY_AMT4,PAY_AMT5,PAY_AMT6
0.18987341772151897,1.0,0.3333333333333333,0.3333333333333333,0.4814814814814815,0.1,0.5555555555555556,0.4,0.1,0.1,0.1,0.026944213783068077,0.04505480368445428,0.07751729419862373,0.07708719128866195,0.13426338957461204,0.39892031999025074,0.0,0.0,0.0021972361082638154,0.0020897596776370715,0.0021542449706368166,0.0020718711276332094
