LIMIT_BAL,SEX,EDUCATION,MARRIAGE,AGE,PAY_0,PAY_2,PAY_3,PAY_4,PAY_5,PAY_6,BILL_AMT1,BILL_AMT2,BILL_AMT3,BILL_AMT4,BILL_AMT5,BILL_AMT6,PAY_AMT1,PAY_AMT2,PAY_AMT3,PAY_AMT4,PAY_AMT5,PAY_AMT6
0.16455696202531644,1.0,0.16666666666666666,0.3333333333333333,0.18518518518518523,0.0,0.0,0.0,0.0,0.0,0.0,0.025746518757348243,0.043445427880409615,0.07612748601526148,0.07930907391093292,0.13951660604634597,0.39843051508024946,0.0008553626372735417,0.0,0.00611073439200164,0.010156332021817491,0.0010796993333694093,0.0024014869888475837
