LIMIT_BAL,SEX,EDUCATION,MARRIAGE,AGE,PAY_0,PAY_2,PAY_3,PAY_4,PAY_5,PAY_6,BILL_AMT1,BILL_AMT2,BILL_AMT3,BILL_AMT4,BILL_AMT5,BILL_AMT6,PAY_AMT1,PAY_AMT2,PAY_AMT3,PAY_AMT4,PAY_AMT5,PAY_AMT6
0.012658227848101266,1.0,0.3333333333333333,0.6666666666666666,0.11111111111111116,0.2,0.2222222222222222,0.2,0.2,0.4,0.2,0.037966775343493596,0.05605413471929193,0.0941949923989707,0.09504953165171429,0.15304588517106044,0.4131551287144027,0.0030403885211144847,0.0009681504577526196,0.005448409632094365,0.0,0.0025768480510009765,0.008401486988847583
