LIMIT_BAL,SEX,EDUCATION,MARRIAGE,AGE,PAY_0,PAY_2,PAY_3,PAY_4,PAY_5,PAY_6,BILL_AMT1,BILL_AMT2,BILL_AMT3,BILL_AMT4,BILL_AMT5,BILL_AMT6,PAY_AMT1,PAY_AMT2,PAY_AMT3,PAY_AMT4,PAY_AMT5,PAY_AMT6
0.18987341772151897,0.0,0.3333333333333333,0.3333333333333333,0.12962962962962965,0.2,0.2222222222222222,0.4,0.4,0.2,0.2,0.12184153066366117,0.12905238511809808,0.18779741812593775,0.17474814668320718,0.24300415355405014,0.4780156104808876,0.011869676786430947,0.0018833297204261818,0.0,0.005941816691080525,0.005153696102001953,0.004661710037174721
