LIMIT_BAL,SEX,EDUCATION,MARRIAGE,AGE,PAY_0,PAY_2,PAY_3,PAY_4,PAY_5,PAY_6,BILL_AMT1,BILL_AMT2,BILL_AMT3,BILL_AMT4,BILL_AMT5,BILL_AMT6,PAY_AMT1,PAY_AMT2,PAY_AMT3,PAY_AMT4,PAY_AMT5,PAY_AMT6
0.22784810126582275,0.0,0.16666666666666666,0.6666666666666666,0.11111111111111116,0.4,0.4444444444444444,0.4,0.2,0.2,0.4,0.20353437761456197,0.20300391087325684,0.2760139244914903,0.2603063591089696,0.3471436554543583,0.5551176996511604,0.02736349669003036,0.0,0.014455500712261943,0.02499712533058698,0.013399609865205078,0.012391573729863693
