LIMIT_BAL,SEX,EDUCATION,MARRIAGE,AGE,PAY_0,PAY_2,PAY_3,PAY_4,PAY_5,PAY_6,BILL_AMT1,BILL_AMT2,BILL_AMT3,BILL_AMT4,BILL_AMT5,BILL_AMT6,PAY_AMT1,PAY_AMT2,PAY_AMT3,PAY_AMT4,PAY_AMT5,PAY_AMT6
0.08860759493670886,1.0,0.3333333333333333,0.3333333333333333,0.2777777777777778,0.30000000000000004,0.4444444444444444,0.4,0.2,0.2,0.2,0.14070326517093448,0.14005171615293574,0.1978545455145674,0.18850194470913265,0.25864615706381966,0.4899912233522107,0.006080777042228969,0.0,0.007096336713292227,0.00737415197252316,0.0077305441530029296,0.006443618339529121
