LIMIT_BAL,SEX,EDUCATION,MARRIAGE,AGE,PAY_0,PAY_2,PAY_3,PAY_4,PAY_5,PAY_6,BILL_AMT1,BILL_AMT2,BILL_AMT3,BILL_AMT4,BILL_AMT5,BILL_AMT6,PAY_AMT1,PAY_AMT2,PAY_AMT3,PAY_AMT4,PAY_AMT5,PAY_AMT6
0.05063291139240507,1.0,0.3333333333333333,0.3333333333333333,0.2222222222222222,0.2,0.2222222222222222,0.2,0.2,0.2,0.2,0.10165181451581255,0.1073135902845675,0.19100949262097688,0.14502466094940158,0.16029908203514345,0.42124745576815587,0.003532931461535031,0.0018222091107195772,0.0073775619089671415,0.001572319183293921,0.009817791074313721,0.0017819083023543991
