LIMIT_BAL,SEX,EDUCATION,MARRIAGE,AGE,PAY_0,PAY_2,PAY_3,PAY_4,PAY_5,PAY_6,BILL_AMT1,BILL_AMT2,BILL_AMT3,BILL_AMT4,BILL_AMT5,BILL_AMT6,PAY_AMT1,PAY_AMT2,PAY_AMT3,PAY_AMT4,PAY_AMT5,PAY_AMT6
0.025316455696202535,1.0,0.3333333333333333,0.3333333333333333,0.14814814814814814,0.4,0.4444444444444444,0.2,0.2,0.2,0.2,0.06549178487953197,0.07788169608398086,0.12274218067836505,0.11878756824460784,0.1808626059221642,0.43299222756945444,0.0030403885211144847,0.0014668946329585146,0.0031539274281298787,0.0032496262929763075,0.003092217661201172,0.001486988847583643
