LIMIT_BAL,SEX,EDUCATION,MARRIAGE,AGE,PAY_0,PAY_2,PAY_3,PAY_4,PAY_5,PAY_6,BILL_AMT1,BILL_AMT2,BILL_AMT3,BILL_AMT4,BILL_AMT5,BILL_AMT6,PAY_AMT1,PAY_AMT2,PAY_AMT3,PAY_AMT4,PAY_AMT5,PAY_AMT6
0.10126582278481013,1.0,0.5,0.3333333333333333,0.33333333333333337,0.1,0.1111111111111111,0.1,0.1,0.1,0.1,0.03553214233577215,0.04765990840323162,0.08354364773479424,0.08058257372814824,0.13918327598095445,0.4042718487557432,0.0076698867759314735,0.0036762009384865885,0.00834213804740353,0.009628892677342106,0.01395878589227229,0.011697645600991326
