LIMIT_BAL,SEX,EDUCATION,MARRIAGE,AGE,PAY_0,PAY_2,PAY_3,PAY_4,PAY_5,PAY_6,BILL_AMT1,BILL_AMT2,BILL_AMT3,BILL_AMT4,BILL_AMT5,BILL_AMT6,PAY_AMT1,PAY_AMT2,PAY_AMT3,PAY_AMT4,PAY_AMT5,PAY_AMT6
0.05063291139240507,0.0,0.16666666666666666,0.6666666666666666,0.5185185185185185,0.2,0.2222222222222222,0.2,0.2,0.2,0.2,0.09958763501539108,0.06260870683888231,0.09690033160625183,0.11933592228354997,0.16210952180207383,0.4197194519340849,0.0026633803444962886,0.0012273018429086238,0.05072566613575555,0.002499712533058698,0.0025768480510009765,0.0017348203221809171
