LIMIT_BAL,SEX,EDUCATION,MARRIAGE,AGE,PAY_0,PAY_2,PAY_3,PAY_4,PAY_5,PAY_6,BILL_AMT1,BILL_AMT2,BILL_AMT3,BILL_AMT4,BILL_AMT5,BILL_AMT6,PAY_AMT1,PAY_AMT2,PAY_AMT3,PAY_AMT4,PAY_AMT5,PAY_AMT6
0.08860759493670886,1.0,0.16666666666666666,0.6666666666666666,0.07407407407407407,0.0,0.0,0.0,0.1,0.1,0.1,0.02587209621744993,0.04290382339319714,0.0761373896365206,0.08411391380953237,0.13827642212658048,0.4129301465547849,0.0,0.0,0.01452383580653809,0.008229053658829234,0.03300169298916951,0.001486988847583643
