LIMIT_BAL,SEX,EDUCATION,MARRIAGE,AGE,PAY_0,PAY_2,PAY_3,PAY_4,PAY_5,PAY_6,BILL_AMT1,BILL_AMT2,BILL_AMT3,BILL_AMT4,BILL_AMT5,BILL_AMT6,PAY_AMT1,PAY_AMT2,PAY_AMT3,PAY_AMT4,PAY_AMT5,PAY_AMT6
0.0379746835443038,1.0,0.5,0.3333333333333333,0.5,0.2,0.2222222222222222,0.2,0.2,0.2,0.2,0.1327824668750206,0.08935573508979572,0.1373945883312233,0.13231063806835547,0.19593598755567757,0.3979407101702482,0.0070942398826004645,0.001426147559820778,0.0034167547138073684,0.0035220949590797058,0.0,0.0
