LIMIT_BAL,SEX,EDUCATION,MARRIAGE,AGE,PAY_0,PAY_2,PAY_3,PAY_4,PAY_5,PAY_6,BILL_AMT1,BILL_AMT2,BILL_AMT3,BILL_AMT4,BILL_AMT5,BILL_AMT6,PAY_AMT1,PAY_AMT2,PAY_AMT3,PAY_AMT4,PAY_AMT5,PAY_AMT6
0.05063291139240507,1.0,0.3333333333333333,0.6666666666666666,0.018518518518518545,0.4,0.2222222222222222,0.2,0.2,0.2,0.2,0.097925303387295,0.10546235784490302,0.15623127596605701,0.08843632201266907,0.14692829808858085,0.40820317763864816,0.0053044645065044044,0.0020072008227649007,0.0009198954998712146,0.0007774105977812551,0.0008065534399633057,0.0008029739776951674
