LIMIT_BAL,SEX,EDUCATION,MARRIAGE,AGE,PAY_0,PAY_2,PAY_3,PAY_4,PAY_5,PAY_6,BILL_AMT1,BILL_AMT2,BILL_AMT3,BILL_AMT4,BILL_AMT5,BILL_AMT6,PAY_AMT1,PAY_AMT2,PAY_AMT3,PAY_AMT4,PAY_AMT5,PAY_AMT6
0.18987341772151897,0.0,0.3333333333333333,0.6666666666666666,0.6666666666666667,0.2,0.2222222222222222,0.2,0.2,0.2,0.2,0.2637079570587875,0.23346369577522771,0.31543859012047754,0.2880431851279193,0.3590111861648415,0.5560738738295361,0.011148091244086444,0.004319189752600071,0.013280662745283564,0.012523559790624078,0.012497713047354737,0.012391573729863693
