LIMIT_BAL,SEX,EDUCATION,MARRIAGE,AGE,PAY_0,PAY_2,PAY_3,PAY_4,PAY_5,PAY_6,BILL_AMT1,BILL_AMT2,BILL_AMT3,BILL_AMT4,BILL_AMT5,BILL_AMT6,PAY_AMT1,PAY_AMT2,PAY_AMT3,PAY_AMT4,PAY_AMT5,PAY_AMT6
0.2531645569620253,0.0,0.3333333333333333,0.6666666666666666,0.40740740740740744,0.30000000000000004,0.0,0.1,0.2,0.2,0.2,0.024029246990457682,0.04290382339319714,0.1388817821236335,0.13659559039451524,0.20654862860821627,0.4413622669764858,0.0,0.030978369823695565,0.007884818570324697,0.01249856266529349,0.0077305441530029296,0.007434944237918216
