LIMIT_BAL,SEX,EDUCATION,MARRIAGE,AGE,PAY_0,PAY_2,PAY_3,PAY_4,PAY_5,PAY_6,BILL_AMT1,BILL_AMT2,BILL_AMT3,BILL_AMT4,BILL_AMT5,BILL_AMT6,PAY_AMT1,PAY_AMT2,PAY_AMT3,PAY_AMT4,PAY_AMT5,PAY_AMT6
0.06329113924050633,1.0,0.3333333333333333,0.6666666666666666,0.07407407407407407,0.2,0.2222222222222222,0.2,0.2,0.2,0.2,0.10293741376360356,0.10440873771419751,0.14673205257502406,0.13404859076008463,0.19624317408652858,0.4434597569020894,0.009625870057848459,0.001321020111125418,0.0036795819994848585,0.003487098983616884,0.0038652720765014648,0.004448574969021066
