LIMIT_BAL,SEX,EDUCATION,MARRIAGE,AGE,PAY_0,PAY_2,PAY_3,PAY_4,PAY_5,PAY_6,BILL_AMT1,BILL_AMT2,BILL_AMT3,BILL_AMT4,BILL_AMT5,BILL_AMT6,PAY_AMT1,PAY_AMT2,PAY_AMT3,PAY_AMT4,PAY_AMT5,PAY_AMT6
0.0759493670886076,1.0,0.16666666666666666,0.6666666666666666,0.09259259259259262,0.30000000000000004,0.4444444444444444,0.4,0.4,0.4,0.4,0.1059748185798131,0.11140842896104566,0.16493820965636086,0.15423730845064515,0.2238540145031258,0.4645436318916898,0.005067314201857474,0.0016160289206426303,0.0,0.010513790914044883,0.005669065712202149,0.0
