LIMIT_BAL,SEX,EDUCATION,MARRIAGE,AGE,PAY_0,PAY_2,PAY_3,PAY_4,PAY_5,PAY_6,BILL_AMT1,BILL_AMT2,BILL_AMT3,BILL_AMT4,BILL_AMT5,BILL_AMT6,PAY_AMT1,PAY_AMT2,PAY_AMT3,PAY_AMT4,PAY_AMT5,PAY_AMT6
0.2151898734177215,1.0,0.3333333333333333,0.3333333333333333,0.37037037037037035,0.4,0.2222222222222222,0.2,0.2,0.2,0.2,0.191901195654392,0.14376961868985746,0.15461038328664878,0.14318333003721617,0.17358980140717575,0.42937376450226794,0.0070942398826004645,0.0016298829255094608,0.003942409285162349,0.004999425066117396,0.0077305441530029296,0.007434944237918216
