LIMIT_BAL,SEX,EDUCATION,MARRIAGE,AGE,PAY_0,PAY_2,PAY_3,PAY_4,PAY_5,PAY_6,BILL_AMT1,BILL_AMT2,BILL_AMT3,BILL_AMT4,BILL_AMT5,BILL_AMT6,PAY_AMT1,PAY_AMT2,PAY_AMT3,PAY_AMT4,PAY_AMT5,PAY_AMT6
0.2151898734177215,1.0,0.16666666666666666,0.6666666666666666,0.2592592592592593,0.0,0.0,0.0,0.0,0.0,0.0,0.03534691558212216,0.04337981783564041,0.09013285707919101,0.07702126894518257,0.13914896259187,0.4002807589866897,0.0007499625018749062,0.007232605481948232,0.00208159210256572,0.009563900151482578,0.00514596555784895,0.0009814126394052044
