LIMIT_BAL,SEX,EDUCATION,MARRIAGE,AGE,PAY_0,PAY_2,PAY_3,PAY_4,PAY_5,PAY_6,BILL_AMT1,BILL_AMT2,BILL_AMT3,BILL_AMT4,BILL_AMT5,BILL_AMT6,PAY_AMT1,PAY_AMT2,PAY_AMT3,PAY_AMT4,PAY_AMT5,PAY_AMT6
0.05063291139240507,1.0,0.5,0.3333333333333333,0.14814814814814814,0.2,0.2222222222222222,0.2,0.2,0.2,0.2,0.09847313505698861,0.10487444038491227,0.1528343338741811,0.14659031660703692,0.20955840302219259,0.453683555561805,0.004256543929560278,0.0017113770717849337,0.005532514363511162,0.004999425066117396,0.004638326491801758,0.008674101610904586
