LIMIT_BAL,SEX,EDUCATION,MARRIAGE,AGE,PAY_0,PAY_2,PAY_3,PAY_4,PAY_5,PAY_6,BILL_AMT1,BILL_AMT2,BILL_AMT3,BILL_AMT4,BILL_AMT5,BILL_AMT6,PAY_AMT1,PAY_AMT2,PAY_AMT3,PAY_AMT4,PAY_AMT5,PAY_AMT6
0.22784810126582275,0.0,0.5,0.3333333333333333,0.2962962962962963,0.2,0.2222222222222222,0.2,0.2,0.2,0.2,0.308611317354648,0.27299825039880615,0.37566086039360297,0.3439947741560442,0.4190563491207603,0.5973030263615815,0.016253917033878035,0.0065260512337398805,0.017609428140391823,0.016998045224799148,0.016295987074530175,0.01516728624535316
