LIMIT_BAL,SEX,EDUCATION,MARRIAGE,AGE,PAY_0,PAY_2,PAY_3,PAY_4,PAY_5,PAY_6,BILL_AMT1,BILL_AMT2,BILL_AMT3,BILL_AMT4,BILL_AMT5,BILL_AMT6,PAY_AMT1,PAY_AMT2,PAY_AMT3,PAY_AMT4,PAY_AMT5,PAY_AMT6
0.15189873417721517,1.0,0.3333333333333333,0.3333333333333333,0.2777777777777778,0.2,0.2222222222222222,0.2,0.2,0.2,0.2,0.06522493277681589,0.07772603303658726,0.12298647000275652,0.11931045228720566,0.18137894072933927,0.39559714600756263,0.0031417348051516344,0.001441631447613118,0.003690095090911958,0.0037320708118566363,0.0,0.011697645600991326
