LIMIT_BAL,SEX,EDUCATION,MARRIAGE,AGE,PAY_0,PAY_2,PAY_3,PAY_4,PAY_5,PAY_6,BILL_AMT1,BILL_AMT2,BILL_AMT3,BILL_AMT4,BILL_AMT5,BILL_AMT6,PAY_AMT1,PAY_AMT2,PAY_AMT3,PAY_AMT4,PAY_AMT5,PAY_AMT6
0.05063291139240507,1.0,0.3333333333333333,0.6666666666666666,0.2592592592592593,0.2,0.2222222222222222,0.2,0.2,0.2,0.2,0.10065975258100923,0.10696495651726445,0.16013990515632043,0.15189856349220618,0.21265641186524314,0.4563821696951374,0.004459236497634578,0.0017928712180604069,0.004730891142194818,0.004749453812811526,0.005153696102001953,0.004956629491945477
