LIMIT_BAL,SEX,EDUCATION,MARRIAGE,AGE,PAY_0,PAY_2,PAY_3,PAY_4,PAY_5,PAY_6,BILL_AMT1,BILL_AMT2,BILL_AMT3,BILL_AMT4,BILL_AMT5,BILL_AMT6,PAY_AMT1,PAY_AMT2,PAY_AMT3,PAY_AMT4,PAY_AMT5,PAY_AMT6
0.2531645569620253,1.0,0.16666666666666666,0.6666666666666666,0.2407407407407407,0.1,0.1111111111111111,0.1,0.0,0.1,0.1,0.49632293499639746,0.045798384191838626,0.0761373896365206,0.07583466676255371,0.1340280977637474,0.3997686902171429,0.004560582781671727,0.0,0.0,0.001729801072876619,0.004019882959561524,0.004555142503097894
