LIMIT_BAL,SEX,EDUCATION,MARRIAGE,AGE,PAY_0,PAY_2,PAY_3,PAY_4,PAY_5,PAY_6,BILL_AMT1,BILL_AMT2,BILL_AMT3,BILL_AMT4,BILL_AMT5,BILL_AMT6,PAY_AMT1,PAY_AMT2,PAY_AMT3,PAY_AMT4,PAY_AMT5,PAY_AMT6
0.025316455696202535,0.0,0.3333333333333333,0.3333333333333333,0.33333333333333337,0.2,0.2222222222222222,0.2,0.2,0.2,0.2,0.07032494737519562,0.08194308650234139,0.12363680779877162,0.11772831604370051,0.17588062862128803,0.43191535983670043,0.004066012915570437,0.0012224121941320956,0.007884818570324697,0.0074991375991760945,0.02319163245900879,0.004956629491945477
