LIMIT_BAL,SEX,EDUCATION,MARRIAGE,AGE,PAY_0,PAY_2,PAY_3,PAY_4,PAY_5,PAY_6,BILL_AMT1,BILL_AMT2,BILL_AMT3,BILL_AMT4,BILL_AMT5,BILL_AMT6,PAY_AMT1,PAY_AMT2,PAY_AMT3,PAY_AMT4,PAY_AMT5,PAY_AMT6
0.012658227848101266,0.0,0.16666666666666666,0.6666666666666666,0.018518518518518545,0.0,0.0,0.0,0.0,0.0,0.0,0.024018258962698786,0.0428948180929347,0.07734233022304607,0.07733290184163055,0.1333875811675049,0.3979407101702482,0.0,0.0006006118580502363,0.0027859692281813927,0.0007499137599176095,0.0,0.0
