LIMIT_BAL,SEX,EDUCATION,MARRIAGE,AGE,PAY_0,PAY_2,PAY_3,PAY_4,PAY_5,PAY_6,BILL_AMT1,BILL_AMT2,BILL_AMT3,BILL_AMT4,BILL_AMT5,BILL_AMT6,PAY_AMT1,PAY_AMT2,PAY_AMT3,PAY_AMT4,PAY_AMT5,PAY_AMT6
0.10126582278481013,1.0,0.3333333333333333,0.3333333333333333,0.05555555555555558,0.2,0.2222222222222222,0.2,0.2,0.2,0.2,0.15611789839841647,0.14562471054392015,0.2008834030163129,0.1886008282243517,0.2545154786064189,0.4780894327520122,0.010146789957799407,0.0032654704412582044,0.013157133921015144,0.010006349269833969,0.0077666200257169435,0.009930607187112764
