LIMIT_BAL,SEX,EDUCATION,MARRIAGE,AGE,PAY_0,PAY_2,PAY_3,PAY_4,PAY_5,PAY_6,BILL_AMT1,BILL_AMT2,BILL_AMT3,BILL_AMT4,BILL_AMT5,BILL_AMT6,PAY_AMT1,PAY_AMT2,PAY_AMT3,PAY_AMT4,PAY_AMT5,PAY_AMT6
0.05063291139240507,1.0,0.3333333333333333,0.3333333333333333,0.09259259259259262,0.2,0.2222222222222222,0.2,0.2,0.2,0.2,0.10346326937777937,0.10840194514485668,0.1476877520265285,0.09099980223296956,0.14862599386280528,0.4094569844656849,0.0038998050097495125,0.001190629477084661,0.003035655149575008,0.0009998850132234792,0.0009044736659013428,0.0012391573729863693
