LIMIT_BAL,SEX,EDUCATION,MARRIAGE,AGE,PAY_0,PAY_2,PAY_3,PAY_4,PAY_5,PAY_6,BILL_AMT1,BILL_AMT2,BILL_AMT3,BILL_AMT4,BILL_AMT5,BILL_AMT6,PAY_AMT1,PAY_AMT2,PAY_AMT3,PAY_AMT4,PAY_AMT5,PAY_AMT6
0.08860759493670886,0.0,0.3333333333333333,0.6666666666666666,0.2777777777777778,0.2,0.2222222222222222,0.2,0.2,0.2,0.2,0.07654731052323419,0.08689728811814955,0.13496655051919734,0.13088282003799523,0.19519579873399934,0.4442366484220196,0.0032430810891887836,0.0016298829255094608,0.005256545713549798,0.004999425066117396,0.005153696102001953,0.012391573729863693
