LIMIT_BAL,SEX,EDUCATION,MARRIAGE,AGE,PAY_0,PAY_2,PAY_3,PAY_4,PAY_5,PAY_6,BILL_AMT1,BILL_AMT2,BILL_AMT3,BILL_AMT4,BILL_AMT5,BILL_AMT6,PAY_AMT1,PAY_AMT2,PAY_AMT3,PAY_AMT4,PAY_AMT5,PAY_AMT6
0.36708860759493667,1.0,0.16666666666666666,0.3333333333333333,0.35185185185185186,0.0,0.0,0.0,0.0,0.0,0.0,0.026429346196651163,0.04768563783255288,0.08363278032612625,0.08425474790696559,0.13293823916758987,0.3979700047222817,0.007534082755321693,0.0037006491823692307,0.014770893455074931,6.249281332646745e-05,0.0,0.017695167286245355
