LIMIT_BAL,SEX,EDUCATION,MARRIAGE,AGE,PAY_0,PAY_2,PAY_3,PAY_4,PAY_5,PAY_6,BILL_AMT1,BILL_AMT2,BILL_AMT3,BILL_AMT4,BILL_AMT5,BILL_AMT6,PAY_AMT1,PAY_AMT2,PAY_AMT3,PAY_AMT4,PAY_AMT5,PAY_AMT6
0.37974683544303794,1.0,0.3333333333333333,0.3333333333333333,0.2407407407407407,0.1,0.1111111111111111,0.1,0.1,0.1,0.1,0.029672384103777212,0.04814362167447126,0.09472813734341963,0.07989488382685196,0.1367715349195923,0.4006569010348007,0.008255668297666198,0.009225952299846303,0.007122619441859976,0.005926818415882174,0.005973133782220264,0.010785625774473359
