LIMIT_BAL,SEX,EDUCATION,MARRIAGE,AGE,PAY_0,PAY_2,PAY_3,PAY_4,PAY_5,PAY_6,BILL_AMT1,BILL_AMT2,BILL_AMT3,BILL_AMT4,BILL_AMT5,BILL_AMT6,PAY_AMT1,PAY_AMT2,PAY_AMT3,PAY_AMT4,PAY_AMT5,PAY_AMT6
0.1772151898734177,1.0,0.16666666666666666,0.3333333333333333,0.2777777777777778,0.0,0.0,0.0,0.0,0.0,0.0,0.0749509070616915,0.06020300519734473,0.10564522917804896,0.11354824017307612,0.14056724934069276,0.40531356302605687,0.027256069628950982,0.01459886136378824,0.06662408864638691,0.011733650630177528,0.016295987074530175,0.03576951672862454
