LIMIT_BAL,SEX,EDUCATION,MARRIAGE,AGE,PAY_0,PAY_2,PAY_3,PAY_4,PAY_5,PAY_6,BILL_AMT1,BILL_AMT2,BILL_AMT3,BILL_AMT4,BILL_AMT5,BILL_AMT6,PAY_AMT1,PAY_AMT2,PAY_AMT3,PAY_AMT4,PAY_AMT5,PAY_AMT6
0.05063291139240507,1.0,0.3333333333333333,1.0,0.4814814814814815,0.4,0.4444444444444444,0.4,0.4,0.4,0.2,0.0825436342430897,0.09228245767508877,0.14043500005777113,0.13519174412542026,0.19638042764286626,0.4442882068335987,0.00405385136148598,0.0012224121941320956,0.004205236570839838,0.0,0.0038652720765014648,0.007434944237918216
