LIMIT_BAL,SEX,EDUCATION,MARRIAGE,AGE,PAY_0,PAY_2,PAY_3,PAY_4,PAY_5,PAY_6,BILL_AMT1,BILL_AMT2,BILL_AMT3,BILL_AMT4,BILL_AMT5,BILL_AMT6,PAY_AMT1,PAY_AMT2,PAY_AMT3,PAY_AMT4,PAY_AMT5,PAY_AMT6
0.1772151898734177,1.0,0.16666666666666666,0.6666666666666666,0.2592592592592593,0.4,0.4444444444444444,0.2,0.2,0.2,0.2,0.1108927458610454,0.11218159831214944,0.16479130594101735,0.14894404391626664,0.21447828942853503,0.4578258052193517,0.0,0.0020397984812750903,0.005256545713549798,0.004509481409637891,0.005153696102001953,0.004956629491945477
