LIMIT_BAL,SEX,EDUCATION,MARRIAGE,AGE,PAY_0,PAY_2,PAY_3,PAY_4,PAY_5,PAY_6,BILL_AMT1,BILL_AMT2,BILL_AMT3,BILL_AMT4,BILL_AMT5,BILL_AMT6,PAY_AMT1,PAY_AMT2,PAY_AMT3,PAY_AMT4,PAY_AMT5,PAY_AMT6
0.1139240506329114,1.0,0.5,0.3333333333333333,0.537037037037037,0.4,0.4444444444444444,0.4,0.1,0.2,0.2,0.19754119333120898,0.1712087685895127,0.2411531776594112,0.1822213432576425,0.24194043849243307,0.4783495683740703,0.0,0.002444824388264191,0.2707121042478146,0.006249281332646745,0.0077305441530029296,0.007434944237918216
