LIMIT_BAL,SEX,EDUCATION,MARRIAGE,AGE,PAY_0,PAY_2,PAY_3,PAY_4,PAY_5,PAY_6,BILL_AMT1,BILL_AMT2,BILL_AMT3,BILL_AMT4,BILL_AMT5,BILL_AMT6,PAY_AMT1,PAY_AMT2,PAY_AMT3,PAY_AMT4,PAY_AMT5,PAY_AMT6
0.05063291139240507,1.0,0.3333333333333333,0.3333333333333333,0.2777777777777778,0.4,0.4444444444444444,0.4,0.2,0.2,0.4,0.09491615349960834,0.10610173416353627,0.1552937331535276,0.1411247550385646,0.19029225203674474,0.4382734494100663,0.009526550699492053,0.0,0.0052670588049768974,0.008748993865705443,0.0,0.0024783147459727386
