LIMIT_BAL,SEX,EDUCATION,MARRIAGE,AGE,PAY_0,PAY_2,PAY_3,PAY_4,PAY_5,PAY_6,BILL_AMT1,BILL_AMT2,BILL_AMT3,BILL_AMT4,BILL_AMT5,BILL_AMT6,PAY_AMT1,PAY_AMT2,PAY_AMT3,PAY_AMT4,PAY_AMT5,PAY_AMT6
0.10126582278481013,1.0,0.3333333333333333,0.6666666666666666,0.05555555555555558,0.4,0.2222222222222222,0.2,0.4,0.2,0.2,0.16427729386852355,0.157999279575979,0.23088972482788334,0.21023534276622138,0.2786819083473038,0.5052712616929204,0.008310395291046258,0.006719192360412751,0.0,0.008624008239052508,0.018553305967207032,0.0
