LIMIT_BAL,SEX,EDUCATION,MARRIAGE,AGE,PAY_0,PAY_2,PAY_3,PAY_4,PAY_5,PAY_6,BILL_AMT1,BILL_AMT2,BILL_AMT3,BILL_AMT4,BILL_AMT5,BILL_AMT6,PAY_AMT1,PAY_AMT2,PAY_AMT3,PAY_AMT4,PAY_AMT5,PAY_AMT6
0.20253164556962022,1.0,0.3333333333333333,0.3333333333333333,0.2777777777777778,0.1,0.1111111111111111,0.1,0.1,0.1,0.1,0.02530542792874107,0.04557968404260794,0.0850919138583023,0.07600696379664755,0.1337225452038052,0.39912655363656707,0.0042261400443491335,0.004421057435444412,0.00030225137852911334,0.0012623548291946425,0.0026077702276129885,0.0038661710037174724
