LIMIT_BAL,SEX,EDUCATION,MARRIAGE,AGE,PAY_0,PAY_2,PAY_3,PAY_4,PAY_5,PAY_6,BILL_AMT1,BILL_AMT2,BILL_AMT3,BILL_AMT4,BILL_AMT5,BILL_AMT6,PAY_AMT1,PAY_AMT2,PAY_AMT3,PAY_AMT4,PAY_AMT5,PAY_AMT6
0.1139240506329114,0.0,0.3333333333333333,0.6666666666666666,0.4444444444444444,0.4,0.4444444444444444,0.4,0.4,0.2,0.2,0.12728688327732054,0.12023876910410128,0.1743119871781117,0.15724276801927328,0.21564167671558776,0.4554904435312356,0.0,0.003925573026089536,1.5769637140649394e-05,0.004249511306199787,0.009405495386153564,0.0
