LIMIT_BAL,SEX,EDUCATION,MARRIAGE,AGE,PAY_0,PAY_2,PAY_3,PAY_4,PAY_5,PAY_6,BILL_AMT1,BILL_AMT2,BILL_AMT3,BILL_AMT4,BILL_AMT5,BILL_AMT6,PAY_AMT1,PAY_AMT2,PAY_AMT3,PAY_AMT4,PAY_AMT5,PAY_AMT6
0.012658227848101266,1.0,0.16666666666666666,0.6666666666666666,0.05555555555555558,0.30000000000000004,0.1111111111111111,0.1,0.1,0.0,0.1,0.024029246990457682,0.044854114135748475,0.07696269140811338,0.07583466676255371,0.13289738989487032,0.3996983832922623,0.0030728193320063726,0.0004074707313773652,0.0,0.0,0.0038652720765014648,0.0
