LIMIT_BAL,SEX,EDUCATION,MARRIAGE,AGE,PAY_0,PAY_2,PAY_3,PAY_4,PAY_5,PAY_6,BILL_AMT1,BILL_AMT2,BILL_AMT3,BILL_AMT4,BILL_AMT5,BILL_AMT6,PAY_AMT1,PAY_AMT2,PAY_AMT3,PAY_AMT4,PAY_AMT5,PAY_AMT6
0.2531645569620253,1.0,0.5,0.3333333333333333,0.2407407407407407,0.0,0.0,0.0,0.0,0.0,0.0,0.042627268831517434,0.05020712190603613,0.08962777239497623,0.08610506822962549,0.1364921258941906,0.3996983832922623,0.011527126346385383,0.0066637763409454305,0.018029951797475807,0.005499367572729136,0.0038652720765014648,0.005923172242874845
