LIMIT_BAL,SEX,EDUCATION,MARRIAGE,AGE,PAY_0,PAY_2,PAY_3,PAY_4,PAY_5,PAY_6,BILL_AMT1,BILL_AMT2,BILL_AMT3,BILL_AMT4,BILL_AMT5,BILL_AMT6,PAY_AMT1,PAY_AMT2,PAY_AMT3,PAY_AMT4,PAY_AMT5,PAY_AMT6
0.27848101265822783,1.0,0.16666666666666666,0.3333333333333333,0.5555555555555556,0.1,0.1111111111111111,0.1,0.1,0.1,0.1,0.025576989186210965,0.04585627540781146,0.08068315179445365,0.0759455361584054,0.13842184553746206,0.4006451832139873,0.004651794437305162,0.0022524982030540748,0.00019449219140134252,0.008451528074271459,0.005947365301710254,0.005900867410161091
