LIMIT_BAL,SEX,EDUCATION,MARRIAGE,AGE,PAY_0,PAY_2,PAY_3,PAY_4,PAY_5,PAY_6,BILL_AMT1,BILL_AMT2,BILL_AMT3,BILL_AMT4,BILL_AMT5,BILL_AMT6,PAY_AMT1,PAY_AMT2,PAY_AMT3,PAY_AMT4,PAY_AMT5,PAY_AMT6
0.05063291139240507,0.0,0.3333333333333333,0.3333333333333333,0.09259259259259262,0.2,0.2222222222222222,0.2,0.2,0.2,0.2,0.08397521728824893,0.07949107188802554,0.11447760873763492,0.10801975273128255,0.1623562514092999,0.4198588940017647,0.006080777042228969,0.0011702559405157929,0.0030540530595724326,0.0054593721722001965,0.0022444346524218505,0.0012391573729863693
