LIMIT_BAL,SEX,EDUCATION,MARRIAGE,AGE,PAY_0,PAY_2,PAY_3,PAY_4,PAY_5,PAY_6,BILL_AMT1,BILL_AMT2,BILL_AMT3,BILL_AMT4,BILL_AMT5,BILL_AMT6,PAY_AMT1,PAY_AMT2,PAY_AMT3,PAY_AMT4,PAY_AMT5,PAY_AMT6
0.012658227848101266,1.0,0.16666666666666666,0.6666666666666666,0.14814814814814814,0.1,0.1111111111111111,0.0,0.1,0.2,0.1,0.029392974255050962,0.04187207327741471,0.07402131589415671,0.07840863462840773,0.13492024587994236,0.4000862431611868,8.107702722971959e-06,0.0,0.007884818570324697,0.0,0.004718208781382788,0.003717472118959108
