LIMIT_BAL,SEX,EDUCATION,MARRIAGE,AGE,PAY_0,PAY_2,PAY_3,PAY_4,PAY_5,PAY_6,BILL_AMT1,BILL_AMT2,BILL_AMT3,BILL_AMT4,BILL_AMT5,BILL_AMT6,PAY_AMT1,PAY_AMT2,PAY_AMT3,PAY_AMT4,PAY_AMT5,PAY_AMT6
0.4430379746835443,0.0,0.16666666666666666,0.3333333333333333,0.33333333333333337,0.1,0.1111111111111111,0.4,0.1,0.1,0.2,0.024443652608793248,0.044369114393042766,0.07657314897192159,0.07912029629096924,0.13376012653470717,0.3982500606397227,0.0023086683503662653,0.0,0.005763802374907354,0.0013198482174549926,0.0,0.000654275092936803
