LIMIT_BAL,SEX,EDUCATION,MARRIAGE,AGE,PAY_0,PAY_2,PAY_3,PAY_4,PAY_5,PAY_6,BILL_AMT1,BILL_AMT2,BILL_AMT3,BILL_AMT4,BILL_AMT5,BILL_AMT6,PAY_AMT1,PAY_AMT2,PAY_AMT3,PAY_AMT4,PAY_AMT5,PAY_AMT6
0.012658227848101266,0.0,0.3333333333333333,0.6666666666666666,0.05555555555555558,0.2,0.2222222222222222,0.4,0.2,0.2,0.2,0.04688120529246205,0.06504657026707147,0.10359517957741249,0.10082223141139737,0.16111279954771687,0.41852071886487124,0.006486162178377567,0.0,0.0015769637140649394,0.004599471060828005,0.002061478440800781,0.0015514250309789344
