LIMIT_BAL,SEX,EDUCATION,MARRIAGE,AGE,PAY_0,PAY_2,PAY_3,PAY_4,PAY_5,PAY_6,BILL_AMT1,BILL_AMT2,BILL_AMT3,BILL_AMT4,BILL_AMT5,BILL_AMT6,PAY_AMT1,PAY_AMT2,PAY_AMT3,PAY_AMT4,PAY_AMT5,PAY_AMT6
0.012658227848101266,1.0,0.3333333333333333,0.3333333333333333,0.20370370370370372,0.30000000000000004,0.4444444444444444,0.2,0.2,0.2,0.2,0.05374558320527048,0.06648355889466372,0.10822677311959118,0.10596866890802634,0.16535458802691477,0.416014276992879,0.0,0.0011523272283351887,0.0030120006938640343,0.0018222904365997909,0.0024995426094709472,0.0
