LIMIT_BAL,SEX,EDUCATION,MARRIAGE,AGE,PAY_0,PAY_2,PAY_3,PAY_4,PAY_5,PAY_6,BILL_AMT1,BILL_AMT2,BILL_AMT3,BILL_AMT4,BILL_AMT5,BILL_AMT6,PAY_AMT1,PAY_AMT2,PAY_AMT3,PAY_AMT4,PAY_AMT5,PAY_AMT6
0.1772151898734177,0.0,0.3333333333333333,0.6666666666666666,0.12962962962962965,0.2,0.2222222222222222,0.2,0.2,0.2,0.2,0.17365793013811953,0.16756676786908867,0.23241983431241636,0.20948772346176203,0.2084832501642141,0.45712039240638336,0.0065185929892694556,0.0019053331399205597,0.006972807889023807,0.005001924778650455,0.012915162431616894,0.005100371747211896
