LIMIT_BAL,SEX,EDUCATION,MARRIAGE,AGE,PAY_0,PAY_2,PAY_3,PAY_4,PAY_5,PAY_6,BILL_AMT1,BILL_AMT2,BILL_AMT3,BILL_AMT4,BILL_AMT5,BILL_AMT6,PAY_AMT1,PAY_AMT2,PAY_AMT3,PAY_AMT4,PAY_AMT5,PAY_AMT6
0.0379746835443038,1.0,0.5,0.3333333333333333,0.42592592592592593,0.30000000000000004,0.4444444444444444,0.4,0.2,0.2,0.2,0.07982331251363693,0.09007101322492668,0.13522899648256387,0.1310281488406657,0.19166642157103037,0.4408115293982547,0.00405385136148598,0.0,0.005256545713549798,0.004999425066117396,0.0077305441530029296,0.0
