LIMIT_BAL,SEX,EDUCATION,MARRIAGE,AGE,PAY_0,PAY_2,PAY_3,PAY_4,PAY_5,PAY_6,BILL_AMT1,BILL_AMT2,BILL_AMT3,BILL_AMT4,BILL_AMT5,BILL_AMT6,PAY_AMT1,PAY_AMT2,PAY_AMT3,PAY_AMT4,PAY_AMT5,PAY_AMT6
0.05063291139240507,0.0,0.5,0.6666666666666666,0.03703703703703709,0.2,0.2222222222222222,0.2,0.1,0.1,0.1,0.03653205286183183,0.05371532959398961,0.0930395699187408,0.07608936672599677,0.1325379162949383,0.3983977051819719,0.0030403885211144847,0.0016298829255094608,0.00044680638565173283,0.0,0.0025768480510009765,0.008200743494423792
