LIMIT_BAL,SEX,EDUCATION,MARRIAGE,AGE,PAY_0,PAY_2,PAY_3,PAY_4,PAY_5,PAY_6,BILL_AMT1,BILL_AMT2,BILL_AMT3,BILL_AMT4,BILL_AMT5,BILL_AMT6,PAY_AMT1,PAY_AMT2,PAY_AMT3,PAY_AMT4,PAY_AMT5,PAY_AMT6
0.26582278481012656,1.0,0.16666666666666666,0.6666666666666666,0.2777777777777778,0.2,0.2222222222222222,0.4,0.2,0.2,0.2,0.044503082141786374,0.048192507590181656,0.07864960822924903,0.08362249270359516,0.13939079028636975,0.39789618245115715,0.0044389672408271475,8.149414627547304e-07,0.010460525969964097,4.999425066117396e-05,0.0,0.019236679058240398
