LIMIT_BAL,SEX,EDUCATION,MARRIAGE,AGE,PAY_0,PAY_2,PAY_3,PAY_4,PAY_5,PAY_6,BILL_AMT1,BILL_AMT2,BILL_AMT3,BILL_AMT4,BILL_AMT5,BILL_AMT6,PAY_AMT1,PAY_AMT2,PAY_AMT3,PAY_AMT4,PAY_AMT5,PAY_AMT6
0.34177215189873417,0.0,0.16666666666666666,0.6666666666666666,0.20370370370370372,0.0,0.0,0.0,0.0,0.0,0.0,0.05490246555645727,0.04419029485926002,0.08139621252510981,0.1431533653356346,0.1363287288033124,0.3979407101702482,0.00202692568074299,0.002596403500336571,0.11834587019486015,0.005249396319423266,0.0,0.0
