LIMIT_BAL,SEX,EDUCATION,MARRIAGE,AGE,PAY_0,PAY_2,PAY_3,PAY_4,PAY_5,PAY_6,BILL_AMT1,BILL_AMT2,BILL_AMT3,BILL_AMT4,BILL_AMT5,BILL_AMT6,PAY_AMT1,PAY_AMT2,PAY_AMT3,PAY_AMT4,PAY_AMT5,PAY_AMT6
0.27848101265822783,0.0,0.3333333333333333,0.3333333333333333,0.2777777777777778,0.2,0.2222222222222222,0.2,0.2,0.2,0.2,0.03150267558475929,0.05034734729583698,0.088807422434013,0.09063273463859572,0.14953284771717926,0.4125551762887552,0.0022498875056247186,0.0016298829255094608,0.006570682141937247,0.002499712533058698,0.006369968382074414,0.0024783147459727386
