LIMIT_BAL,SEX,EDUCATION,MARRIAGE,AGE,PAY_0,PAY_2,PAY_3,PAY_4,PAY_5,PAY_6,BILL_AMT1,BILL_AMT2,BILL_AMT3,BILL_AMT4,BILL_AMT5,BILL_AMT6,PAY_AMT1,PAY_AMT2,PAY_AMT3,PAY_AMT4,PAY_AMT5,PAY_AMT6
0.12658227848101264,1.0,0.3333333333333333,0.3333333333333333,0.33333333333333337,0.2,0.2222222222222222,0.2,0.2,0.2,0.2,0.23132937868981898,0.2058238563268667,0.2745547909593143,0.24500338601127872,0.27322934742469845,0.5007809927572149,0.010134628403714948,0.0040747073137736515,0.009461782284389635,0.007999080105787834,0.010307392204003906,0.007434944237918216
