LIMIT_BAL,SEX,EDUCATION,MARRIAGE,AGE,PAY_0,PAY_2,PAY_3,PAY_4,PAY_5,PAY_6,BILL_AMT1,BILL_AMT2,BILL_AMT3,BILL_AMT4,BILL_AMT5,BILL_AMT6,PAY_AMT1,PAY_AMT2,PAY_AMT3,PAY_AMT4,PAY_AMT5,PAY_AMT6
0.3291139240506329,1.0,0.3333333333333333,0.3333333333333333,0.20370370370370372,0.4,0.2222222222222222,0.2,0.2,0.2,0.2,0.45780361882845644,0.38271368291051305,0.5227461421268687,0.4886883251529698,0.5312464256886371,0.6921728472312547,0.02229618248817289,0.009779297553056765,0.028911001424523887,0.021747499037610675,0.028543745860937816,0.08426270136307311
