LIMIT_BAL,SEX,EDUCATION,MARRIAGE,AGE,PAY_0,PAY_2,PAY_3,PAY_4,PAY_5,PAY_6,BILL_AMT1,BILL_AMT2,BILL_AMT3,BILL_AMT4,BILL_AMT5,BILL_AMT6,PAY_AMT1,PAY_AMT2,PAY_AMT3,PAY_AMT4,PAY_AMT5,PAY_AMT6
0.24050632911392406,1.0,0.3333333333333333,0.3333333333333333,0.2962962962962963,0.30000000000000004,0.4444444444444444,0.2,0.2,0.2,0.2,0.03633740779867421,0.0526411259198271,0.09145829172436902,0.09104924399057909,0.15327300712738112,0.4138429647961509,0.0,0.0016298829255094608,0.003035655149575008,0.006174289956654985,0.0032597127845162355,0.0
