LIMIT_BAL,SEX,EDUCATION,MARRIAGE,AGE,PAY_0,PAY_2,PAY_3,PAY_4,PAY_5,PAY_6,BILL_AMT1,BILL_AMT2,BILL_AMT3,BILL_AMT4,BILL_AMT5,BILL_AMT6,PAY_AMT1,PAY_AMT2,PAY_AMT3,PAY_AMT4,PAY_AMT5,PAY_AMT6
0.08860759493670886,1.0,0.5,0.3333333333333333,0.5185185185185185,0.2,0.2222222222222222,0.2,0.2,0.2,0.2,0.14955490638985208,0.1405727370966912,0.19822923251887054,0.1835862354146815,0.23076244350545583,0.46755042471241537,0.005472699338006072,0.00234295670541985,0.007884818570324697,0.0074991375991760945,0.010307392204003906,0.006195786864931847
