LIMIT_BAL,SEX,EDUCATION,MARRIAGE,AGE,PAY_0,PAY_2,PAY_3,PAY_4,PAY_5,PAY_6,BILL_AMT1,BILL_AMT2,BILL_AMT3,BILL_AMT4,BILL_AMT5,BILL_AMT6,PAY_AMT1,PAY_AMT2,PAY_AMT3,PAY_AMT4,PAY_AMT5,PAY_AMT6
0.16455696202531644,1.0,0.16666666666666666,0.3333333333333333,0.18518518518518523,0.4,0.4444444444444444,0.2,0.2,0.2,0.2,0.27387188273576774,0.24228503061802092,0.2685845579436121,0.20988925046295465,0.26954637699630396,0.5007446675126933,0.0,0.004084486611326709,0.013141364283874494,0.01249856266529349,0.012884240255004883,0.04956629491945477
