LIMIT_BAL,SEX,EDUCATION,MARRIAGE,AGE,PAY_0,PAY_2,PAY_3,PAY_4,PAY_5,PAY_6,BILL_AMT1,BILL_AMT2,BILL_AMT3,BILL_AMT4,BILL_AMT5,BILL_AMT6,PAY_AMT1,PAY_AMT2,PAY_AMT3,PAY_AMT4,PAY_AMT5,PAY_AMT6
0.18987341772151897,1.0,0.3333333333333333,0.3333333333333333,0.5185185185185185,0.30000000000000004,0.4444444444444444,0.4,0.4,0.4,0.4,0.11655314987512891,0.12036227036484332,0.17641980790275966,0.16450021874232154,0.23556795194818353,0.47020451112665673,0.0056753919060803714,0.0017276759010400283,0.0,0.011526174489933656,0.0,0.00548451053283767
