LIMIT_BAL,SEX,EDUCATION,MARRIAGE,AGE,PAY_0,PAY_2,PAY_3,PAY_4,PAY_5,PAY_6,BILL_AMT1,BILL_AMT2,BILL_AMT3,BILL_AMT4,BILL_AMT5,BILL_AMT6,PAY_AMT1,PAY_AMT2,PAY_AMT3,PAY_AMT4,PAY_AMT5,PAY_AMT6
0.05063291139240507,1.0,0.8333333333333333,0.3333333333333333,0.2222222222222222,0.4,0.2222222222222222,0.1,0.4,0.2,0.2,0.06309953426459484,0.07563165748983688,0.11936834703609375,0.11357970310973672,0.17495906902873504,0.4297792011024125,0.0039018319354302555,0.023057138805719586,0.0,0.002749683786364568,0.005231001543531982,0.0
