LIMIT_BAL,SEX,EDUCATION,MARRIAGE,AGE,PAY_0,PAY_2,PAY_3,PAY_4,PAY_5,PAY_6,BILL_AMT1,BILL_AMT2,BILL_AMT3,BILL_AMT4,BILL_AMT5,BILL_AMT6,PAY_AMT1,PAY_AMT2,PAY_AMT3,PAY_AMT4,PAY_AMT5,PAY_AMT6
0.430379746835443,1.0,0.16666666666666666,0.6666666666666666,0.20370370370370372,0.0,0.0,0.0,0.0,0.0,0.0,0.024632018798945776,0.04382622343436423,0.07681248648568349,0.07583466676255371,0.13443985843276046,0.3985664418016852,0.0014533057130927238,0.0003333110582666847,0.0,0.002359728631207411,0.0013760368592345216,0.005653035935563817
