LIMIT_BAL,SEX,EDUCATION,MARRIAGE,AGE,PAY_0,PAY_2,PAY_3,PAY_4,PAY_5,PAY_6,BILL_AMT1,BILL_AMT2,BILL_AMT3,BILL_AMT4,BILL_AMT5,BILL_AMT6,PAY_AMT1,PAY_AMT2,PAY_AMT3,PAY_AMT4,PAY_AMT5,PAY_AMT6
0.2531645569620253,1.0,0.3333333333333333,0.3333333333333333,0.5185185185185185,0.0,0.0,0.1,0.1,0.1,0.1,0.05799638022971257,0.053780939638758817,0.10595059083353829,0.08035783846628672,0.14202638536223502,0.4309966826849277,0.01713765663068198,0.014787112841684583,0.00793475575460342,0.013965893922198946,0.07269288351873755,0.00670631970260223
