LIMIT_BAL,SEX,EDUCATION,MARRIAGE,AGE,PAY_0,PAY_2,PAY_3,PAY_4,PAY_5,PAY_6,BILL_AMT1,BILL_AMT2,BILL_AMT3,BILL_AMT4,BILL_AMT5,BILL_AMT6,PAY_AMT1,PAY_AMT2,PAY_AMT3,PAY_AMT4,PAY_AMT5,PAY_AMT6
0.2151898734177215,1.0,0.3333333333333333,0.3333333333333333,0.5,0.1,0.1111111111111111,0.1,0.1,0.0,0.0,0.031089839684675,0.042901250450265015,0.07739184832934164,0.07583466676255371,0.13289738989487032,0.39822779678017717,0.0,0.0006209853946191045,0.0,0.0,0.0006313277724952392,0.002190830235439901
