LIMIT_BAL,SEX,EDUCATION,MARRIAGE,AGE,PAY_0,PAY_2,PAY_3,PAY_4,PAY_5,PAY_6,BILL_AMT1,BILL_AMT2,BILL_AMT3,BILL_AMT4,BILL_AMT5,BILL_AMT6,PAY_AMT1,PAY_AMT2,PAY_AMT3,PAY_AMT4,PAY_AMT5,PAY_AMT6
0.012658227848101266,1.0,0.3333333333333333,0.3333333333333333,0.2962962962962963,0.2,0.2222222222222222,0.2,0.2,0.2,0.2,0.05436562191452256,0.06894200586630989,0.10551813270522367,0.10385016450621168,0.1619330529439254,0.4545623921228121,0.002560007134778396,0.0013283545842902105,0.00401862919800882,0.002999655039670438,0.005153696102001953,0.0018389095415117722
