LIMIT_BAL,SEX,EDUCATION,MARRIAGE,AGE,PAY_0,PAY_2,PAY_3,PAY_4,PAY_5,PAY_6,BILL_AMT1,BILL_AMT2,BILL_AMT3,BILL_AMT4,BILL_AMT5,BILL_AMT6,PAY_AMT1,PAY_AMT2,PAY_AMT3,PAY_AMT4,PAY_AMT5,PAY_AMT6
0.1139240506329114,1.0,0.3333333333333333,0.3333333333333333,0.20370370370370372,0.2,0.2222222222222222,0.2,0.2,0.2,0.2,0.07110038819132354,0.08049323316008852,0.1221314573673864,0.09256395965552579,0.1856109253830845,0.40726926731981794,0.0040680398412511806,0.0016698150571844426,0.0027465451353297695,0.059018212905515864,0.010307392204003906,0.0024783147459727386
