LIMIT_BAL,SEX,EDUCATION,MARRIAGE,AGE,PAY_0,PAY_2,PAY_3,PAY_4,PAY_5,PAY_6,BILL_AMT1,BILL_AMT2,BILL_AMT3,BILL_AMT4,BILL_AMT5,BILL_AMT6,PAY_AMT1,PAY_AMT2,PAY_AMT3,PAY_AMT4,PAY_AMT5,PAY_AMT6
0.012658227848101266,0.0,0.3333333333333333,0.3333333333333333,0.5555555555555556,0.30000000000000004,0.4444444444444444,0.4,0.2,0.2,0.2,0.05300938534542435,0.06628544228889004,0.1028507573794358,0.10117431665498043,0.16172063672578374,0.41983897370638185,0.000608077704222897,0.0008149414627547304,0.002628272856774899,0.002499712533058698,0.0038652720765014648,0.002973977695167286
