LIMIT_BAL,SEX,EDUCATION,MARRIAGE,AGE,PAY_0,PAY_2,PAY_3,PAY_4,PAY_5,PAY_6,BILL_AMT1,BILL_AMT2,BILL_AMT3,BILL_AMT4,BILL_AMT5,BILL_AMT6,PAY_AMT1,PAY_AMT2,PAY_AMT3,PAY_AMT4,PAY_AMT5,PAY_AMT6
0.3164556962025316,1.0,0.16666666666666666,0.6666666666666666,0.12962962962962965,0.0,0.0,0.0,0.0,0.0,0.0,0.02398529487942209,0.05028173725106778,0.0772812578919482,0.07816741878067636,0.13401665996738596,0.41156267686585785,0.01168117269812185,0.0005729038483165754,0.004110618747995942,0.0017198022227443842,0.03010531577984441,0.017340768277571254
