LIMIT_BAL,SEX,EDUCATION,MARRIAGE,AGE,PAY_0,PAY_2,PAY_3,PAY_4,PAY_5,PAY_6,BILL_AMT1,BILL_AMT2,BILL_AMT3,BILL_AMT4,BILL_AMT5,BILL_AMT6,PAY_AMT1,PAY_AMT2,PAY_AMT3,PAY_AMT4,PAY_AMT5,PAY_AMT6
0.05063291139240507,0.0,0.3333333333333333,0.6666666666666666,0.0,0.2,0.2222222222222222,0.2,0.2,0.2,0.2,0.05702943378692958,0.07798590027273196,0.09485853502333129,0.08827750909428693,0.1448057698780731,0.3979407101702482,0.006080777042228969,0.0008149414627547304,0.0,0.0,0.0,0.0
