LIMIT_BAL,SEX,EDUCATION,MARRIAGE,AGE,PAY_0,PAY_2,PAY_3,PAY_4,PAY_5,PAY_6,BILL_AMT1,BILL_AMT2,BILL_AMT3,BILL_AMT4,BILL_AMT5,BILL_AMT6,PAY_AMT1,PAY_AMT2,PAY_AMT3,PAY_AMT4,PAY_AMT5,PAY_AMT6
0.4430379746835443,0.0,0.5,0.3333333333333333,0.6296296296296295,0.2,0.2222222222222222,0.2,0.2,0.2,0.0,0.060821873082000516,0.06749086605259096,0.09384836565490172,0.10659343293600139,0.13451011918183808,0.3989214917723321,0.010134628403714948,0.0009779297553056765,0.02628272856774899,0.0024672162701289352,0.0,0.0025204460966542753
