LIMIT_BAL,SEX,EDUCATION,MARRIAGE,AGE,PAY_0,PAY_2,PAY_3,PAY_4,PAY_5,PAY_6,BILL_AMT1,BILL_AMT2,BILL_AMT3,BILL_AMT4,BILL_AMT5,BILL_AMT6,PAY_AMT1,PAY_AMT2,PAY_AMT3,PAY_AMT4,PAY_AMT5,PAY_AMT6
0.26582278481012656,0.0,0.3333333333333333,0.6666666666666666,0.2407407407407407,0.2,0.2222222222222222,0.2,0.2,0.2,0.2,0.08258601663587403,0.0857484690989554,0.12442414568887114,0.11310326435459028,0.1661143844994984,0.41622285420335803,0.0032430810891887836,0.0012224121941320956,0.0028911001424523886,0.002499712533058698,0.001546108830600586,0.0012391573729863693
