LIMIT_BAL,SEX,EDUCATION,MARRIAGE,AGE,PAY_0,PAY_2,PAY_3,PAY_4,PAY_5,PAY_6,BILL_AMT1,BILL_AMT2,BILL_AMT3,BILL_AMT4,BILL_AMT5,BILL_AMT6,PAY_AMT1,PAY_AMT2,PAY_AMT3,PAY_AMT4,PAY_AMT5,PAY_AMT6
0.18987341772151897,1.0,0.16666666666666666,0.3333333333333333,0.2222222222222222,0.0,0.0,0.0,0.0,0.0,0.0,0.04624076024594345,0.05333196109710287,0.09665604228186037,0.09403073179794202,0.15477789433436928,0.4072645801914926,0.016430259568102675,0.010130537323504054,0.03192037384553115,0.033473650530189025,0.02050397994181477,0.004721189591078067
