LIMIT_BAL,SEX,EDUCATION,MARRIAGE,AGE,PAY_0,PAY_2,PAY_3,PAY_4,PAY_5,PAY_6,BILL_AMT1,BILL_AMT2,BILL_AMT3,BILL_AMT4,BILL_AMT5,BILL_AMT6,PAY_AMT1,PAY_AMT2,PAY_AMT3,PAY_AMT4,PAY_AMT5,PAY_AMT6
0.10126582278481013,1.0,0.16666666666666666,0.6666666666666666,0.20370370370370372,0.1,0.1111111111111111,0.1,0.1,0.1,0.1,0.026478007462440566,0.07268949724695106,0.07751564359508055,0.08366294505073024,0.13409999248373383,0.39880314178211645,0.046929410286242444,0.014175906744618536,0.013732725676648848,0.0018397884243312019,0.0018965601655367187,0.0021957868649318465
