LIMIT_BAL,SEX,EDUCATION,MARRIAGE,AGE,PAY_0,PAY_2,PAY_3,PAY_4,PAY_5,PAY_6,BILL_AMT1,BILL_AMT2,BILL_AMT3,BILL_AMT4,BILL_AMT5,BILL_AMT6,PAY_AMT1,PAY_AMT2,PAY_AMT3,PAY_AMT4,PAY_AMT5,PAY_AMT6
0.05063291139240507,0.0,0.3333333333333333,0.6666666666666666,0.3148148148148149,0.2,0.2222222222222222,0.2,0.2,0.2,0.2,0.10401894963872935,0.10837106982967118,0.15816743392221366,0.08958247184816286,0.14820442936833952,0.40913591617539696,0.004138982240077185,0.0009371826821679399,0.0008647017698789417,0.0008499022612399573,0.000881282033442334,0.0008773234200743495
