LIMIT_BAL,SEX,EDUCATION,MARRIAGE,AGE,PAY_0,PAY_2,PAY_3,PAY_4,PAY_5,PAY_6,BILL_AMT1,BILL_AMT2,BILL_AMT3,BILL_AMT4,BILL_AMT5,BILL_AMT6,PAY_AMT1,PAY_AMT2,PAY_AMT3,PAY_AMT4,PAY_AMT5,PAY_AMT6
0.2151898734177215,1.0,0.16666666666666666,0.3333333333333333,0.11111111111111116,0.2,0.2222222222222222,0.2,0.2,0.2,0.2,0.26287443666736254,0.24253975196830135,0.3376540632082121,0.3180453425864332,0.4022950755384751,0.5952031928718152,0.01122714134563542,0.004678578937674907,0.015380652757846709,0.014700809406918204,0.01960208312396443,0.015204460966542752
