LIMIT_BAL,SEX,EDUCATION,MARRIAGE,AGE,PAY_0,PAY_2,PAY_3,PAY_4,PAY_5,PAY_6,BILL_AMT1,BILL_AMT2,BILL_AMT3,BILL_AMT4,BILL_AMT5,BILL_AMT6,PAY_AMT1,PAY_AMT2,PAY_AMT3,PAY_AMT4,PAY_AMT5,PAY_AMT6
0.08860759493670886,1.0,0.3333333333333333,0.3333333333333333,0.2592592592592593,0.2,0.2222222222222222,0.4,0.2,0.2,0.4,0.1425900665089623,0.14495188596716926,0.20173181323751033,0.1895387233838538,0.2592196808528021,0.49256445680283945,0.014188479765200929,0.0,0.007884818570324697,0.009998850132234793,0.012884240255004883,0.0
