LIMIT_BAL,SEX,EDUCATION,MARRIAGE,AGE,PAY_0,PAY_2,PAY_3,PAY_4,PAY_5,PAY_6,BILL_AMT1,BILL_AMT2,BILL_AMT3,BILL_AMT4,BILL_AMT5,BILL_AMT6,PAY_AMT1,PAY_AMT2,PAY_AMT3,PAY_AMT4,PAY_AMT5,PAY_AMT6
0.012658227848101266,1.0,0.3333333333333333,0.6666666666666666,0.2222222222222222,0.4,0.2222222222222222,0.2,0.2,0.2,0.2,0.05533884723031063,0.06695312097977668,0.10457398747852154,0.1011892990057712,0.15000016339709088,0.41027488835846215,0.003228892609423583,0.0010920215600913386,0.0030777075152834065,0.0010048844382895966,0.001546108830600586,0.0013333333333333333
