LIMIT_BAL,SEX,EDUCATION,MARRIAGE,AGE,PAY_0,PAY_2,PAY_3,PAY_4,PAY_5,PAY_6,BILL_AMT1,BILL_AMT2,BILL_AMT3,BILL_AMT4,BILL_AMT5,BILL_AMT6,PAY_AMT1,PAY_AMT2,PAY_AMT3,PAY_AMT4,PAY_AMT5,PAY_AMT6
0.3924050632911392,0.0,0.3333333333333333,0.6666666666666666,0.14814814814814814,0.4,0.2222222222222222,0.2,0.2,0.2,0.2,0.29504895166366585,0.25936036638707355,0.3493617941400273,0.3172782462259458,0.3918294918677268,0.5683166530154053,0.020269256807429897,0.008149414627547303,0.02628272856774899,0.02499712533058698,0.051536961020019534,0.0
