LIMIT_BAL,SEX,EDUCATION,MARRIAGE,AGE,PAY_0,PAY_2,PAY_3,PAY_4,PAY_5,PAY_6,BILL_AMT1,BILL_AMT2,BILL_AMT3,BILL_AMT4,BILL_AMT5,BILL_AMT6,PAY_AMT1,PAY_AMT2,PAY_AMT3,PAY_AMT4,PAY_AMT5,PAY_AMT6
0.20253164556962022,0.0,0.6666666666666666,0.3333333333333333,0.12962962962962965,0.2,0.2222222222222222,0.2,0.1,0.1,0.1,0.2926049003464368,0.25668450573766277,0.3563421965241591,0.09345391129249744,0.13289738989487032,0.40368478593299045,0.028376959530401858,0.0046410916303881895,0.03090848879567281,0.0,0.012631709146006788,0.014869888475836432
