LIMIT_BAL,SEX,EDUCATION,MARRIAGE,AGE,PAY_0,PAY_2,PAY_3,PAY_4,PAY_5,PAY_6,BILL_AMT1,BILL_AMT2,BILL_AMT3,BILL_AMT4,BILL_AMT5,BILL_AMT6,PAY_AMT1,PAY_AMT2,PAY_AMT3,PAY_AMT4,PAY_AMT5,PAY_AMT6
0.05063291139240507,1.0,0.5,0.3333333333333333,0.5925925925925926,0.2,0.2222222222222222,0.1,0.1,0.1,0.4,0.05577679862241526,0.07016415375906963,0.0762859439554073,0.07641897844339368,0.1346620784763548,0.3985734724941733,0.0036484662253373815,7.334473164792574e-05,0.0018135082711746803,0.002699689535703394,0.0,0.0019330855018587362
