LIMIT_BAL,SEX,EDUCATION,MARRIAGE,AGE,PAY_0,PAY_2,PAY_3,PAY_4,PAY_5,PAY_6,BILL_AMT1,BILL_AMT2,BILL_AMT3,BILL_AMT4,BILL_AMT5,BILL_AMT6,PAY_AMT1,PAY_AMT2,PAY_AMT3,PAY_AMT4,PAY_AMT5,PAY_AMT6
0.2151898734177215,1.0,0.16666666666666666,0.6666666666666666,0.16666666666666674,0.2,0.2222222222222222,0.2,0.2,0.4,0.4,0.2587413685117658,0.23903926310914425,0.330670359616994,0.2794163475425948,0.3465031388581158,0.5422515323980168,0.014837095983038685,0.0049711429228038555,0.02552052943928427,0.011998620158681752,0.0,0.010656753407682776
