LIMIT_BAL,SEX,EDUCATION,MARRIAGE,AGE,PAY_0,PAY_2,PAY_3,PAY_4,PAY_5,PAY_6,BILL_AMT1,BILL_AMT2,BILL_AMT3,BILL_AMT4,BILL_AMT5,BILL_AMT6,PAY_AMT1,PAY_AMT2,PAY_AMT3,PAY_AMT4,PAY_AMT5,PAY_AMT6
0.025316455696202535,1.0,0.3333333333333333,0.6666666666666666,0.03703703703703709,0.4,0.2222222222222222,0.2,0.2,0.2,0.2,0.05806701755101977,0.07251582359903258,0.1167917549051811,0.11301037377968753,0.1742907749270432,0.42830275567992065,0.00405385136148598,0.0016298829255094608,0.00233390629681611,0.0022997355304140025,0.0025768480510009765,0.004956629491945477
