LIMIT_BAL,SEX,EDUCATION,MARRIAGE,AGE,PAY_0,PAY_2,PAY_3,PAY_4,PAY_5,PAY_6,BILL_AMT1,BILL_AMT2,BILL_AMT3,BILL_AMT4,BILL_AMT5,BILL_AMT6,PAY_AMT1,PAY_AMT2,PAY_AMT3,PAY_AMT4,PAY_AMT5,PAY_AMT6
0.26582278481012656,0.0,0.16666666666666666,0.3333333333333333,0.2407407407407407,0.0,0.0,0.0,0.0,0.0,0.0,0.034127244500884536,0.05099058302886843,0.08423029880875943,0.08943564481041333,0.138751907661036,0.403426993875095,0.012783820268446036,0.004015216586992556,0.0239777332723574,0.00896646885608155,0.012106032143602587,0.0341363073110285
