LIMIT_BAL,SEX,EDUCATION,MARRIAGE,AGE,PAY_0,PAY_2,PAY_3,PAY_4,PAY_5,PAY_6,BILL_AMT1,BILL_AMT2,BILL_AMT3,BILL_AMT4,BILL_AMT5,BILL_AMT6,PAY_AMT1,PAY_AMT2,PAY_AMT3,PAY_AMT4,PAY_AMT5,PAY_AMT6
0.08860759493670886,1.0,0.3333333333333333,0.3333333333333333,0.09259259259259262,0.2,0.2222222222222222,0.2,0.2,0.2,0.2,0.0914831796840785,0.09977872690783719,0.14615269073136594,0.14087305154527965,0.20590974598288253,0.45161770375239774,0.00405385136148598,0.0017113770717849337,0.005256545713549798,0.004999425066117396,0.005153696102001953,0.004956629491945477
