LIMIT_BAL,SEX,EDUCATION,MARRIAGE,AGE,PAY_0,PAY_2,PAY_3,PAY_4,PAY_5,PAY_6,BILL_AMT1,BILL_AMT2,BILL_AMT3,BILL_AMT4,BILL_AMT5,BILL_AMT6,PAY_AMT1,PAY_AMT2,PAY_AMT3,PAY_AMT4,PAY_AMT5,PAY_AMT6
0.08860759493670886,1.0,0.3333333333333333,0.3333333333333333,0.2407407407407407,0.4,0.4444444444444444,0.4,0.2,0.2,0.2,0.14355073407874022,0.14662815828744918,0.20286412726813557,0.16855144639614533,0.22358440930317677,0.4622012395110856,0.013400005675391905,8.149414627547304e-07,0.007884818570324697,0.00625928018277898,0.005153696102001953,0.005452292441140025
