LIMIT_BAL,SEX,EDUCATION,MARRIAGE,AGE,PAY_0,PAY_2,PAY_3,PAY_4,PAY_5,PAY_6,BILL_AMT1,BILL_AMT2,BILL_AMT3,BILL_AMT4,BILL_AMT5,BILL_AMT6,PAY_AMT1,PAY_AMT2,PAY_AMT3,PAY_AMT4,PAY_AMT5,PAY_AMT6
0.08860759493670886,1.0,0.16666666666666666,0.6666666666666666,0.018518518518518545,0.30000000000000004,0.4444444444444444,0.4,0.1,0.1,0.1,0.03385725296166591,0.05084135233880513,0.08316565952340474,0.0863702558386221,0.1432698372238181,0.3998225921928847,0.00202692568074299,0.0,0.01848201472884109,0.015868175159856616,0.0041384179699075685,0.0
