LIMIT_BAL,SEX,EDUCATION,MARRIAGE,AGE,PAY_0,PAY_2,PAY_3,PAY_4,PAY_5,PAY_6,BILL_AMT1,BILL_AMT2,BILL_AMT3,BILL_AMT4,BILL_AMT5,BILL_AMT6,PAY_AMT1,PAY_AMT2,PAY_AMT3,PAY_AMT4,PAY_AMT5,PAY_AMT6
0.05063291139240507,1.0,0.3333333333333333,0.3333333333333333,0.33333333333333337,0.2,0.2222222222222222,0.2,0.2,0.2,0.2,0.08289839056787697,0.08600704986363403,0.1184357560341939,0.11545399519366187,0.16463237288523316,0.4207178102673889,0.0028356690273594427,0.001206113364877001,0.0034114981680938186,0.0016923053848807387,0.0018037936357006836,0.0024783147459727386
