LIMIT_BAL,SEX,EDUCATION,MARRIAGE,AGE,PAY_0,PAY_2,PAY_3,PAY_4,PAY_5,PAY_6,BILL_AMT1,BILL_AMT2,BILL_AMT3,BILL_AMT4,BILL_AMT5,BILL_AMT6,PAY_AMT1,PAY_AMT2,PAY_AMT3,PAY_AMT4,PAY_AMT5,PAY_AMT6
0.0,0.0,0.3333333333333333,0.6666666666666666,0.0,0.2,0.2222222222222222,0.2,0.2,0.2,0.2,0.036563447226857254,0.054066536304224776,0.09110836377321369,0.08913899426475612,0.14855083120100132,0.4084867489023331,0.0024667685534642187,0.0008149414627547304,0.0005256545713549798,0.0017497987731410886,0.0005153696102001953,0.0
