LIMIT_BAL,SEX,EDUCATION,MARRIAGE,AGE,PAY_0,PAY_2,PAY_3,PAY_4,PAY_5,PAY_6,BILL_AMT1,BILL_AMT2,BILL_AMT3,BILL_AMT4,BILL_AMT5,BILL_AMT6,PAY_AMT1,PAY_AMT2,PAY_AMT3,PAY_AMT4,PAY_AMT5,PAY_AMT6
0.13924050632911392,1.0,0.5,0.3333333333333333,0.2592592592592593,0.2,0.2222222222222222,0.2,0.2,0.2,0.2,0.06745707213012336,0.07897133741573611,0.12492097735537,0.11847144064292264,0.18049332849677946,0.4327426379861284,0.0030403885211144847,0.0016298829255094608,0.002628272856774899,0.0037495687995880472,0.0038652720765014648,0.003717472118959108
