LIMIT_BAL,SEX,EDUCATION,MARRIAGE,AGE,PAY_0,PAY_2,PAY_3,PAY_4,PAY_5,PAY_6,BILL_AMT1,BILL_AMT2,BILL_AMT3,BILL_AMT4,BILL_AMT5,BILL_AMT6,PAY_AMT1,PAY_AMT2,PAY_AMT3,PAY_AMT4,PAY_AMT5,PAY_AMT6
0.05063291139240507,1.0,0.5,0.3333333333333333,0.5925925925925926,0.1,0.1111111111111111,0.1,0.1,0.1,0.1,0.031554476287051235,0.04785416559460712,0.08386551542571542,0.08260818755506014,0.1397028787299471,0.40357581019942557,0.00810770272297196,0.0040747073137736515,0.013141364283874494,0.010498792638846533,0.012394639125314697,0.011804213135068154
