LIMIT_BAL,SEX,EDUCATION,MARRIAGE,AGE,PAY_0,PAY_2,PAY_3,PAY_4,PAY_5,PAY_6,BILL_AMT1,BILL_AMT2,BILL_AMT3,BILL_AMT4,BILL_AMT5,BILL_AMT6,PAY_AMT1,PAY_AMT2,PAY_AMT3,PAY_AMT4,PAY_AMT5,PAY_AMT6
0.025316455696202535,1.0,0.3333333333333333,0.6666666666666666,0.018518518518518545,0.4,0.4444444444444444,0.4,0.4,0.4,0.4,0.06509778559846294,0.07692970719909434,0.12221398754454567,0.11654171386107165,0.1803985581840701,0.4324450053374673,0.00202692568074299,0.0017936861595231615,0.0,0.006249281332646745,0.0025794248990519777,1.4869888475836432e-05
