LIMIT_BAL,SEX,EDUCATION,MARRIAGE,AGE,PAY_0,PAY_2,PAY_3,PAY_4,PAY_5,PAY_6,BILL_AMT1,BILL_AMT2,BILL_AMT3,BILL_AMT4,BILL_AMT5,BILL_AMT6,PAY_AMT1,PAY_AMT2,PAY_AMT3,PAY_AMT4,PAY_AMT5,PAY_AMT6
0.08860759493670886,1.0,0.3333333333333333,0.3333333333333333,0.07407407407407407,0.2,0.2222222222222222,0.2,0.2,0.2,0.4,0.1474703205521641,0.1460633973138476,0.20935925221057078,0.16440882640249788,0.23423463168661746,0.46936668693849665,0.006486162178377567,0.0020373536568868257,0.0057348913734828295,0.01174864890537588,0.0,0.004956629491945477
