LIMIT_BAL,SEX,EDUCATION,MARRIAGE,AGE,PAY_0,PAY_2,PAY_3,PAY_4,PAY_5,PAY_6,BILL_AMT1,BILL_AMT2,BILL_AMT3,BILL_AMT4,BILL_AMT5,BILL_AMT6,PAY_AMT1,PAY_AMT2,PAY_AMT3,PAY_AMT4,PAY_AMT5,PAY_AMT6
0.13924050632911392,0.0,0.16666666666666666,0.6666666666666666,0.12962962962962965,0.1,0.1111111111111111,0.1,0.1,0.1,0.1,0.0243918519065013,0.05147815571450626,0.0775899207545239,0.07583466676255371,0.14015222072986214,0.40314342261141006,0.013525675067597972,0.0007171484872241627,0.0,0.01109872364678062,0.011441205346444336,0.01100371747211896
