LIMIT_BAL,SEX,EDUCATION,MARRIAGE,AGE,PAY_0,PAY_2,PAY_3,PAY_4,PAY_5,PAY_6,BILL_AMT1,BILL_AMT2,BILL_AMT3,BILL_AMT4,BILL_AMT5,BILL_AMT6,PAY_AMT1,PAY_AMT2,PAY_AMT3,PAY_AMT4,PAY_AMT5,PAY_AMT6
0.18987341772151897,0.0,0.16666666666666666,0.6666666666666666,0.18518518518518523,0.30000000000000004,0.4444444444444444,0.2,0.2,0.2,0.2,0.11261158734618723,0.11413703494056501,0.16909277877455892,0.16472645223926213,0.23130655581808024,0.4703310635914417,0.0,0.0016298829255094608,0.009198954998712146,0.004999425066117396,0.005669065712202149,0.007434944237918216
