LIMIT_BAL,SEX,EDUCATION,MARRIAGE,AGE,PAY_0,PAY_2,PAY_3,PAY_4,PAY_5,PAY_6,BILL_AMT1,BILL_AMT2,BILL_AMT3,BILL_AMT4,BILL_AMT5,BILL_AMT6,PAY_AMT1,PAY_AMT2,PAY_AMT3,PAY_AMT4,PAY_AMT5,PAY_AMT6
0.2151898734177215,1.0,0.3333333333333333,0.3333333333333333,0.2592592592592593,0.1,0.1111111111111111,0.2,0.2,0.2,0.2,0.0258736659357012,0.04974399217825349,0.08998265215676113,0.08861311375200014,0.14554269075793375,0.4023969974255947,0.010777163844510477,0.002607812680815137,0.007096336713292227,0.004999425066117396,0.00019584045187607423,0.0
