LIMIT_BAL,SEX,EDUCATION,MARRIAGE,AGE,PAY_0,PAY_2,PAY_3,PAY_4,PAY_5,PAY_6,BILL_AMT1,BILL_AMT2,BILL_AMT3,BILL_AMT4,BILL_AMT5,BILL_AMT6,PAY_AMT1,PAY_AMT2,PAY_AMT3,PAY_AMT4,PAY_AMT5,PAY_AMT6
0.3164556962025316,1.0,0.3333333333333333,0.6666666666666666,0.2777777777777778,0.1,0.1111111111111111,0.1,0.1,0.1,0.1,0.05170494947861808,0.05986466320177019,0.07894341565993607,0.08361050682296255,0.14671261392862162,0.3996538555731713,0.026722988174915578,0.0013854004866830417,0.013640736126661725,0.021135069467011294,0.003767351850563428,0.009023543990086742
