LIMIT_BAL,SEX,EDUCATION,MARRIAGE,AGE,PAY_0,PAY_2,PAY_3,PAY_4,PAY_5,PAY_6,BILL_AMT1,BILL_AMT2,BILL_AMT3,BILL_AMT4,BILL_AMT5,BILL_AMT6,PAY_AMT1,PAY_AMT2,PAY_AMT3,PAY_AMT4,PAY_AMT5,PAY_AMT6
0.15189873417721517,1.0,0.16666666666666666,0.6666666666666666,0.16666666666666674,0.4,0.5555555555555556,0.4,0.4,0.2,0.2,0.03834978659680374,0.0542633664385324,0.0918725932137086,0.09114662927071909,0.14981389071348974,0.4104037843874099,0.0,0.0008149414627547304,0.002628272856774899,0.001499827519835219,0.001546108830600586,0.0009913258983890955
