LIMIT_BAL,SEX,EDUCATION,MARRIAGE,AGE,PAY_0,PAY_2,PAY_3,PAY_4,PAY_5,PAY_6,BILL_AMT1,BILL_AMT2,BILL_AMT3,BILL_AMT4,BILL_AMT5,BILL_AMT6,PAY_AMT1,PAY_AMT2,PAY_AMT3,PAY_AMT4,PAY_AMT5,PAY_AMT6
0.05063291139240507,1.0,0.16666666666666666,0.6666666666666666,0.12962962962962965,0.2,0.2222222222222222,0.0,0.0,0.0,0.0,0.07330584233435941,0.04253331961097103,0.07589970272630188,0.07561892091116665,0.13266209808400573,0.3979477408627362,0.0,0.0,0.0,0.0003599586047604525,0.0003865272076501465,0.0
