LIMIT_BAL,SEX,EDUCATION,MARRIAGE,AGE,PAY_0,PAY_2,PAY_3,PAY_4,PAY_5,PAY_6,BILL_AMT1,BILL_AMT2,BILL_AMT3,BILL_AMT4,BILL_AMT5,BILL_AMT6,PAY_AMT1,PAY_AMT2,PAY_AMT3,PAY_AMT4,PAY_AMT5,PAY_AMT6
0.620253164556962,1.0,0.3333333333333333,0.3333333333333333,0.7962962962962963,0.30000000000000004,0.1111111111111111,0.1,0.1,0.1,0.1,0.024803118088334325,0.044300931405341436,0.07734398082658925,0.07667517664191582,0.13390718391649756,0.3991019462128589,0.002201241289286887,0.0005957222092737079,0.0014744610726507182,0.0015448223454302755,0.0025536564185419676,0.002312267657992565
