LIMIT_BAL,SEX,EDUCATION,MARRIAGE,AGE,PAY_0,PAY_2,PAY_3,PAY_4,PAY_5,PAY_6,BILL_AMT1,BILL_AMT2,BILL_AMT3,BILL_AMT4,BILL_AMT5,BILL_AMT6,PAY_AMT1,PAY_AMT2,PAY_AMT3,PAY_AMT4,PAY_AMT5,PAY_AMT6
0.12658227848101264,0.0,0.5,0.3333333333333333,0.2962962962962963,0.2,0.2222222222222222,0.2,0.2,0.2,0.2,0.19323388644972114,0.1749935676426697,0.24660512116255312,0.17754385334076456,0.19736898004267933,0.4441370469451055,0.008127971979779389,0.00361100562146621,0.007096336713292227,0.0037495687995880472,0.0038652720765014648,0.003965303593556382
