LIMIT_BAL,SEX,EDUCATION,MARRIAGE,AGE,PAY_0,PAY_2,PAY_3,PAY_4,PAY_5,PAY_6,BILL_AMT1,BILL_AMT2,BILL_AMT3,BILL_AMT4,BILL_AMT5,BILL_AMT6,PAY_AMT1,PAY_AMT2,PAY_AMT3,PAY_AMT4,PAY_AMT5,PAY_AMT6
0.26582278481012656,0.0,0.3333333333333333,0.3333333333333333,0.4814814814814815,0.1,0.1111111111111111,0.1,0.1,0.1,0.1,0.029505993969142476,0.050939124170225905,0.12464862777074437,0.08850973553154384,0.1639428371617272,0.4138183573724427,0.01269058168713186,0.023951129590361525,0.022311408281162116,0.047494538128115264,0.034916291091063235,0.007358116480793061
