LIMIT_BAL,SEX,EDUCATION,MARRIAGE,AGE,PAY_0,PAY_2,PAY_3,PAY_4,PAY_5,PAY_6,BILL_AMT1,BILL_AMT2,BILL_AMT3,BILL_AMT4,BILL_AMT5,BILL_AMT6,PAY_AMT1,PAY_AMT2,PAY_AMT3,PAY_AMT4,PAY_AMT5,PAY_AMT6
0.2151898734177215,0.0,0.16666666666666666,0.6666666666666666,0.09259259259259262,0.1,0.1111111111111111,0.1,0.1,0.1,0.2,0.04689219332022095,0.05512530232079453,0.0928447987006449,0.07698830777344289,0.1396930749044944,0.4028141518465528,0.019255793967058402,0.00824883748600338,0.0020237700997166722,0.010396304424991126,0.0,0.012993804213135068
