LIMIT_BAL,SEX,EDUCATION,MARRIAGE,AGE,PAY_0,PAY_2,PAY_3,PAY_4,PAY_5,PAY_6,BILL_AMT1,BILL_AMT2,BILL_AMT3,BILL_AMT4,BILL_AMT5,BILL_AMT6,PAY_AMT1,PAY_AMT2,PAY_AMT3,PAY_AMT4,PAY_AMT5,PAY_AMT6
0.2911392405063291,1.0,0.16666666666666666,0.3333333333333333,0.2407407407407407,0.2,0.2222222222222222,0.2,0.2,0.2,0.2,0.08914743892618714,0.09760716307312305,0.14800136669973377,0.14235930074372388,0.206970193102682,0.4524883378388354,0.0034640159883897697,0.0014057740232519098,0.004176325569415314,0.004114526829414617,0.005081544356573926,0.003130111524163569
