LIMIT_BAL,SEX,EDUCATION,MARRIAGE,AGE,PAY_0,PAY_2,PAY_3,PAY_4,PAY_5,PAY_6,BILL_AMT1,BILL_AMT2,BILL_AMT3,BILL_AMT4,BILL_AMT5,BILL_AMT6,PAY_AMT1,PAY_AMT2,PAY_AMT3,PAY_AMT4,PAY_AMT5,PAY_AMT6
0.430379746835443,0.0,0.16666666666666666,0.3333333333333333,0.38888888888888884,0.1,0.1111111111111111,0.1,0.1,0.1,0.1,0.029994176345287782,0.04694077085370247,0.08298739434074069,0.08145304830909189,0.13512285827263132,0.4075610410580723,0.006360492786171502,0.0033901564850596783,0.00985602321290587,0.005679346875109362,0.02115592249871802,0.02411648079306072
