LIMIT_BAL,SEX,EDUCATION,MARRIAGE,AGE,PAY_0,PAY_2,PAY_3,PAY_4,PAY_5,PAY_6,BILL_AMT1,BILL_AMT2,BILL_AMT3,BILL_AMT4,BILL_AMT5,BILL_AMT6,PAY_AMT1,PAY_AMT2,PAY_AMT3,PAY_AMT4,PAY_AMT5,PAY_AMT6
0.24050632911392406,0.0,0.3333333333333333,0.3333333333333333,0.20370370370370372,0.1,0.4444444444444444,0.1,0.2,0.2,0.2,0.03951294782099561,0.04948283847064273,0.0769610408045702,0.07658228606701306,0.1337127413783525,0.3979407101702482,0.0,0.00040665578991461046,0.0,0.0,0.0,0.0
