LIMIT_BAL,SEX,EDUCATION,MARRIAGE,AGE,PAY_0,PAY_2,PAY_3,PAY_4,PAY_5,PAY_6,BILL_AMT1,BILL_AMT2,BILL_AMT3,BILL_AMT4,BILL_AMT5,BILL_AMT6,PAY_AMT1,PAY_AMT2,PAY_AMT3,PAY_AMT4,PAY_AMT5,PAY_AMT6
0.05063291139240507,0.0,0.3333333333333333,0.6666666666666666,0.05555555555555558,0.1,0.2222222222222222,0.2,0.2,0.2,0.2,0.026225282823985924,0.046044100241856636,0.08251697233093282,0.08703547221373223,0.1465966019940981,0.40741456829790446,0.002168810478394999,0.0012224121941320956,0.00963524829293678,0.006191787944386395,0.0033653635546072756,0.0024783147459727386
