LIMIT_BAL,SEX,EDUCATION,MARRIAGE,AGE,PAY_0,PAY_2,PAY_3,PAY_4,PAY_5,PAY_6,BILL_AMT1,BILL_AMT2,BILL_AMT3,BILL_AMT4,BILL_AMT5,BILL_AMT6,PAY_AMT1,PAY_AMT2,PAY_AMT3,PAY_AMT4,PAY_AMT5,PAY_AMT6
0.05063291139240507,0.0,0.5,0.3333333333333333,0.42592592592592593,0.2,0.2222222222222222,0.4,0.2,0.2,0.2,0.03311634594706596,0.10323547573714816,0.1473345228682868,0.09517538339835674,0.14727143197942505,0.4095811933663072,0.08742941231316811,0.0,0.0032038646124086015,0.0006424261209960854,0.005153696102001953,0.004956629491945477
