LIMIT_BAL,SEX,EDUCATION,MARRIAGE,AGE,PAY_0,PAY_2,PAY_3,PAY_4,PAY_5,PAY_6,BILL_AMT1,BILL_AMT2,BILL_AMT3,BILL_AMT4,BILL_AMT5,BILL_AMT6,PAY_AMT1,PAY_AMT2,PAY_AMT3,PAY_AMT4,PAY_AMT5,PAY_AMT6
0.012658227848101266,0.0,0.3333333333333333,0.6666666666666666,0.03703703703703709,0.2,0.2222222222222222,0.2,0.4,0.2,0.2,0.0448813842403427,0.06089769978901868,0.10247772097867586,0.10005813152106818,0.15947882863893492,0.4173922927205381,0.0024910916616331345,0.0017928712180604069,0.002365445571097409,0.001249856266529349,0.0008555135529323242,0.004956629491945477
