LIMIT_BAL,SEX,EDUCATION,MARRIAGE,AGE,PAY_0,PAY_2,PAY_3,PAY_4,PAY_5,PAY_6,BILL_AMT1,BILL_AMT2,BILL_AMT3,BILL_AMT4,BILL_AMT5,BILL_AMT6,PAY_AMT1,PAY_AMT2,PAY_AMT3,PAY_AMT4,PAY_AMT5,PAY_AMT6
0.620253164556962,1.0,0.3333333333333333,0.6666666666666666,0.03703703703703709,0.6000000000000001,0.5555555555555556,0.4,0.2,0.2,0.2,0.8210160158353178,0.6980124015849328,0.9013335226025396,0.8332029868814537,0.9247392999415038,0.8896708581311716,0.020269256807429897,0.0,0.036795819994848586,0.04124525679546852,0.041229568816015624,0.047087980173482036
