LIMIT_BAL,SEX,EDUCATION,MARRIAGE,AGE,PAY_0,PAY_2,PAY_3,PAY_4,PAY_5,PAY_6,BILL_AMT1,BILL_AMT2,BILL_AMT3,BILL_AMT4,BILL_AMT5,BILL_AMT6,PAY_AMT1,PAY_AMT2,PAY_AMT3,PAY_AMT4,PAY_AMT5,PAY_AMT6
0.10126582278481013,1.0,0.3333333333333333,0.6666666666666666,0.03703703703703709,0.4,0.4444444444444444,0.4,0.4,0.4,0.4,0.05254788817955065,0.06553671589564145,0.10831095390029365,0.1041273379958409,0.16788070705189165,0.4235336026088556,0.0,0.0020373536568868257,0.0,0.0074991375991760945,0.0023964686874309083,0.0
