LIMIT_BAL,SEX,EDUCATION,MARRIAGE,AGE,PAY_0,PAY_2,PAY_3,PAY_4,PAY_5,PAY_6,BILL_AMT1,BILL_AMT2,BILL_AMT3,BILL_AMT4,BILL_AMT5,BILL_AMT6,PAY_AMT1,PAY_AMT2,PAY_AMT3,PAY_AMT4,PAY_AMT5,PAY_AMT6
0.2911392405063291,0.0,0.5,0.6666666666666666,0.20370370370370372,0.1,0.1111111111111111,0.1,0.1,0.1,0.1,0.03143360798170336,0.05831575155663048,0.0761373896365206,0.07654333195495706,0.15166027784041333,0.4118685119890883,0.02428256965530102,0.0,0.0012431730612545273,0.02870419901711303,0.030628415934197607,0.0017100371747211897
