LIMIT_BAL,SEX,EDUCATION,MARRIAGE,AGE,PAY_0,PAY_2,PAY_3,PAY_4,PAY_5,PAY_6,BILL_AMT1,BILL_AMT2,BILL_AMT3,BILL_AMT4,BILL_AMT5,BILL_AMT6,PAY_AMT1,PAY_AMT2,PAY_AMT3,PAY_AMT4,PAY_AMT5,PAY_AMT6
0.05063291139240507,1.0,0.16666666666666666,0.6666666666666666,0.018518518518518545,0.2,0.2222222222222222,0.2,0.2,0.2,0.2,0.10379134049229503,0.10794524777440437,0.15941859140794834,0.14991190377735028,0.16623856628856581,0.4207834300639441,0.003997097442425176,0.0019305963252659562,0.009440756101535436,0.0025722041965174003,0.001863061140873706,0.0021660470879801734
