LIMIT_BAL,SEX,EDUCATION,MARRIAGE,AGE,PAY_0,PAY_2,PAY_3,PAY_4,PAY_5,PAY_6,BILL_AMT1,BILL_AMT2,BILL_AMT3,BILL_AMT4,BILL_AMT5,BILL_AMT6,PAY_AMT1,PAY_AMT2,PAY_AMT3,PAY_AMT4,PAY_AMT5,PAY_AMT6
0.05063291139240507,1.0,0.8333333333333333,0.6666666666666666,0.38888888888888884,0.2,0.2222222222222222,0.2,0.2,0.2,0.2,0.10378035246453614,0.10568105799413369,0.12400984419953157,0.11915014113374445,0.17963059185694258,0.4321743236766772,0.0031316001767479193,0.001184924886845378,0.0026782100410536218,0.0025972013218479874,0.0028113412236420656,0.0025154894671623297
