LIMIT_BAL,SEX,EDUCATION,MARRIAGE,AGE,PAY_0,PAY_2,PAY_3,PAY_4,PAY_5,PAY_6,BILL_AMT1,BILL_AMT2,BILL_AMT3,BILL_AMT4,BILL_AMT5,BILL_AMT6,PAY_AMT1,PAY_AMT2,PAY_AMT3,PAY_AMT4,PAY_AMT5,PAY_AMT6
0.012658227848101266,0.0,0.5,0.6666666666666666,0.33333333333333337,0.2,0.2222222222222222,0.2,0.2,0.2,0.2,0.07252098320872387,0.06393505892039315,0.098574043599042,0.09117060103198432,0.16155887360581433,0.41706653730192483,0.010134628403714948,0.0016421070474507817,0.007884818570324697,0.025009623893252276,0.008797359246117334,0.0006691449814126394
