LIMIT_BAL,SEX,EDUCATION,MARRIAGE,AGE,PAY_0,PAY_2,PAY_3,PAY_4,PAY_5,PAY_6,BILL_AMT1,BILL_AMT2,BILL_AMT3,BILL_AMT4,BILL_AMT5,BILL_AMT6,PAY_AMT1,PAY_AMT2,PAY_AMT3,PAY_AMT4,PAY_AMT5,PAY_AMT6
0.2151898734177215,0.0,0.5,0.3333333333333333,0.4444444444444444,0.30000000000000004,0.4444444444444444,0.2,0.2,0.2,0.2,0.062330372321472025,0.07443266608346627,0.1134855960081804,0.11075253351551873,0.17011924719692292,0.42241923784949864,0.0030403885211144847,0.0012224121941320956,0.002628272856774899,0.002499712533058698,0.0025768480510009765,0.0024783147459727386
