LIMIT_BAL,SEX,EDUCATION,MARRIAGE,AGE,PAY_0,PAY_2,PAY_3,PAY_4,PAY_5,PAY_6,BILL_AMT1,BILL_AMT2,BILL_AMT3,BILL_AMT4,BILL_AMT5,BILL_AMT6,PAY_AMT1,PAY_AMT2,PAY_AMT3,PAY_AMT4,PAY_AMT5,PAY_AMT6
0.27848101265822783,1.0,0.3333333333333333,0.3333333333333333,0.20370370370370372,0.2,0.2222222222222222,0.2,0.2,0.2,0.2,0.1139097443399884,0.10237225338341996,0.1357060209065445,0.12701138059366066,0.17026957252053085,0.424413610951944,0.005067314201857474,0.002444824388264191,0.007884818570324697,0.0037495687995880472,0.0038652720765014648,0.004956629491945477
