LIMIT_BAL,SEX,EDUCATION,MARRIAGE,AGE,PAY_0,PAY_2,PAY_3,PAY_4,PAY_5,PAY_6,BILL_AMT1,BILL_AMT2,BILL_AMT3,BILL_AMT4,BILL_AMT5,BILL_AMT6,PAY_AMT1,PAY_AMT2,PAY_AMT3,PAY_AMT4,PAY_AMT5,PAY_AMT6
0.2531645569620253,1.0,0.16666666666666666,0.6666666666666666,0.20370370370370372,0.30000000000000004,0.0,0.1,0.1,0.1,0.1,0.02250034141371965,0.04165080018525189,0.10974862958640827,0.07698830777344289,0.13289738989487032,0.4051331085855301,0.0,0.017388405990797683,0.0020237700997166722,0.0,0.015816693337043993,0.0
