LIMIT_BAL,SEX,EDUCATION,MARRIAGE,AGE,PAY_0,PAY_2,PAY_3,PAY_4,PAY_5,PAY_6,BILL_AMT1,BILL_AMT2,BILL_AMT3,BILL_AMT4,BILL_AMT5,BILL_AMT6,PAY_AMT1,PAY_AMT2,PAY_AMT3,PAY_AMT4,PAY_AMT5,PAY_AMT6
0.08860759493670886,0.0,0.3333333333333333,0.3333333333333333,0.2962962962962963,0.2,0.2222222222222222,0.1,0.1,0.2,0.2,0.0920153141712594,0.06393505892039315,0.0915870388007375,0.08526605658534246,0.15715205406482943,0.43199855636447576,0.010898779385355056,0.007646595745027635,0.01654497763339799,0.025042120156182037,0.056533469390910425,0.012396530359355638
