LIMIT_BAL,SEX,EDUCATION,MARRIAGE,AGE,PAY_0,PAY_2,PAY_3,PAY_4,PAY_5,PAY_6,BILL_AMT1,BILL_AMT2,BILL_AMT3,BILL_AMT4,BILL_AMT5,BILL_AMT6,PAY_AMT1,PAY_AMT2,PAY_AMT3,PAY_AMT4,PAY_AMT5,PAY_AMT6
0.1139240506329114,1.0,0.16666666666666666,0.3333333333333333,0.5555555555555556,0.2,0.2222222222222222,0.2,0.2,0.2,0.2,0.1719704830180031,0.15492847218648692,0.22316655084931808,0.21238830657485483,0.2597834008163319,0.48994669563311966,0.006486162178377567,0.0027708009733660834,0.009724609570067126,0.006999195092564354,0.0074728593479028325,0.0076827757125154895
