LIMIT_BAL,SEX,EDUCATION,MARRIAGE,AGE,PAY_0,PAY_2,PAY_3,PAY_4,PAY_5,PAY_6,BILL_AMT1,BILL_AMT2,BILL_AMT3,BILL_AMT4,BILL_AMT5,BILL_AMT6,PAY_AMT1,PAY_AMT2,PAY_AMT3,PAY_AMT4,PAY_AMT5,PAY_AMT6
0.1139240506329114,1.0,0.5,0.3333333333333333,0.537037037037037,0.4,0.2222222222222222,0.2,0.5,0.5,0.4,0.10855700510315403,0.11369834817063759,0.17777165220462865,0.16942941215248436,0.2328931415705075,0.47120521302412344,0.004155197645523129,0.006112060970660478,0.006570682141937247,0.0,0.006442120127502442,0.006195786864931847
