LIMIT_BAL,SEX,EDUCATION,MARRIAGE,AGE,PAY_0,PAY_2,PAY_3,PAY_4,PAY_5,PAY_6,BILL_AMT1,BILL_AMT2,BILL_AMT3,BILL_AMT4,BILL_AMT5,BILL_AMT6,PAY_AMT1,PAY_AMT2,PAY_AMT3,PAY_AMT4,PAY_AMT5,PAY_AMT6
0.24050632911392406,0.0,0.16666666666666666,0.3333333333333333,0.2777777777777778,0.2,0.2222222222222222,0.4,0.4,0.4,0.2,0.027711806007939634,0.04908145937323111,0.0836955032607673,0.0845843596243625,0.14205252889677553,0.40538386995093745,0.005067314201857474,0.0,0.003942409285162349,0.0,0.0025768480510009765,0.0024783147459727386
