LIMIT_BAL,SEX,EDUCATION,MARRIAGE,AGE,PAY_0,PAY_2,PAY_3,PAY_4,PAY_5,PAY_6,BILL_AMT1,BILL_AMT2,BILL_AMT3,BILL_AMT4,BILL_AMT5,BILL_AMT6,PAY_AMT1,PAY_AMT2,PAY_AMT3,PAY_AMT4,PAY_AMT5,PAY_AMT6
0.1772151898734177,1.0,0.3333333333333333,0.6666666666666666,0.11111111111111116,0.2,0.2222222222222222,0.2,0.2,0.2,0.2,0.06039177028115224,0.07444167138372872,0.1183796355137256,0.11321413375044198,0.17676297291203028,0.4294710224150194,0.0034923929479201716,0.0014668946329585146,0.0028911001424523886,0.005749338826035006,0.0025768480510009765,0.0032218091697645604
