LIMIT_BAL,SEX,EDUCATION,MARRIAGE,AGE,PAY_0,PAY_2,PAY_3,PAY_4,PAY_5,PAY_6,BILL_AMT1,BILL_AMT2,BILL_AMT3,BILL_AMT4,BILL_AMT5,BILL_AMT6,PAY_AMT1,PAY_AMT2,PAY_AMT3,PAY_AMT4,PAY_AMT5,PAY_AMT6
0.2151898734177215,1.0,0.16666666666666666,0.6666666666666666,0.16666666666666674,0.1,0.1111111111111111,0.1,0.1,0.0,0.1,0.026619282105054962,0.043155971800545465,0.08026389849448451,0.07583466676255371,0.13289738989487032,0.4022177147671493,0.000397277433425626,0.0020373536568868257,0.0,0.0,0.009405495386153564,0.009563816604708798
