LIMIT_BAL,SEX,EDUCATION,MARRIAGE,AGE,PAY_0,PAY_2,PAY_3,PAY_4,PAY_5,PAY_6,BILL_AMT1,BILL_AMT2,BILL_AMT3,BILL_AMT4,BILL_AMT5,BILL_AMT6,PAY_AMT1,PAY_AMT2,PAY_AMT3,PAY_AMT4,PAY_AMT5,PAY_AMT6
0.025316455696202535,0.0,0.16666666666666666,0.3333333333333333,0.38888888888888884,0.30000000000000004,0.4444444444444444,0.4,0.4,0.2,0.2,0.05575953172165128,0.0681135182421654,0.11240445068739385,0.10777853688355118,0.16867645088446848,0.4241827698819195,0.0,0.002448899095577965,0.0,0.002324732655744589,0.0025768480510009765,0.004956629491945477
