LIMIT_BAL,SEX,EDUCATION,MARRIAGE,AGE,PAY_0,PAY_2,PAY_3,PAY_4,PAY_5,PAY_6,BILL_AMT1,BILL_AMT2,BILL_AMT3,BILL_AMT4,BILL_AMT5,BILL_AMT6,PAY_AMT1,PAY_AMT2,PAY_AMT3,PAY_AMT4,PAY_AMT5,PAY_AMT6
0.08860759493670886,0.0,0.3333333333333333,0.6666666666666666,0.38888888888888884,0.30000000000000004,0.6666666666666666,0.5,0.4,0.2,0.2,0.17761205041307138,0.1651083208974425,0.22106203133175645,0.19800824628587524,0.21678218840991756,0.4574977062365757,0.0,0.0005207475947002726,0.0,0.12728036275828278,0.005153696102001953,0.004956629491945477
