LIMIT_BAL,SEX,EDUCATION,MARRIAGE,AGE,PAY_0,PAY_2,PAY_3,PAY_4,PAY_5,PAY_6,BILL_AMT1,BILL_AMT2,BILL_AMT3,BILL_AMT4,BILL_AMT5,BILL_AMT6,PAY_AMT1,PAY_AMT2,PAY_AMT3,PAY_AMT4,PAY_AMT5,PAY_AMT6
0.10126582278481013,1.0,0.3333333333333333,0.6666666666666666,0.12962962962962965,0.2,0.2222222222222222,0.2,0.2,0.2,0.2,0.08860431641124734,0.09276102506046416,0.13959979466491923,0.1321862845567921,0.19200465354914822,0.43751061927511214,0.00405385136148598,0.001520680769500327,0.0035402835380757888,0.0026621938477075133,0.0026824988210920166,0.003717472118959108
