LIMIT_BAL,SEX,EDUCATION,MARRIAGE,AGE,PAY_0,PAY_2,PAY_3,PAY_4,PAY_5,PAY_6,BILL_AMT1,BILL_AMT2,BILL_AMT3,BILL_AMT4,BILL_AMT5,BILL_AMT6,PAY_AMT1,PAY_AMT2,PAY_AMT3,PAY_AMT4,PAY_AMT5,PAY_AMT6
0.2531645569620253,0.0,0.16666666666666666,0.6666666666666666,0.16666666666666674,0.30000000000000004,0.1111111111111111,0.4,0.2,0.2,0.1,0.024029246990457682,0.04400375649668091,0.07754865566594425,0.07711565775516441,0.13429443502187888,0.3986426076369725,0.0017330214570352562,0.0,0.0,0.0,0.001543531982549585,0.0
