LIMIT_BAL,SEX,EDUCATION,MARRIAGE,AGE,PAY_0,PAY_2,PAY_3,PAY_4,PAY_5,PAY_6,BILL_AMT1,BILL_AMT2,BILL_AMT3,BILL_AMT4,BILL_AMT5,BILL_AMT6,PAY_AMT1,PAY_AMT2,PAY_AMT3,PAY_AMT4,PAY_AMT5,PAY_AMT6
0.10126582278481013,0.0,0.3333333333333333,0.6666666666666666,0.14814814814814814,0.2,0.2222222222222222,0.2,0.2,0.2,0.2,0.1594865137656442,0.15664333865074873,0.22444906980237322,0.17975524831748202,0.248152795887622,0.46446863783848386,0.008918472995269155,0.0033502243533846967,0.0055193729992272875,0.005499367572729136,0.006467888608012451,0.004956629491945477
