LIMIT_BAL,SEX,EDUCATION,MARRIAGE,AGE,PAY_0,PAY_2,PAY_3,PAY_4,PAY_5,PAY_6,BILL_AMT1,BILL_AMT2,BILL_AMT3,BILL_AMT4,BILL_AMT5,BILL_AMT6,PAY_AMT1,PAY_AMT2,PAY_AMT3,PAY_AMT4,PAY_AMT5,PAY_AMT6
0.24050632911392406,1.0,0.16666666666666666,0.3333333333333333,0.12962962962962965,0.2,0.2222222222222222,0.2,0.2,0.2,0.2,0.25772890023969597,0.23833556321720786,0.3322615414326249,0.31418738725781026,0.3958850076633236,0.5909226729286701,0.014188479765200929,0.005867578531834059,0.02102618285419919,0.014998275198352189,0.016749512331506348,0.01734820322180917
