LIMIT_BAL,SEX,EDUCATION,MARRIAGE,AGE,PAY_0,PAY_2,PAY_3,PAY_4,PAY_5,PAY_6,BILL_AMT1,BILL_AMT2,BILL_AMT3,BILL_AMT4,BILL_AMT5,BILL_AMT6,PAY_AMT1,PAY_AMT2,PAY_AMT3,PAY_AMT4,PAY_AMT5,PAY_AMT6
0.24050632911392406,1.0,0.16666666666666666,0.3333333333333333,0.7962962962962963,0.1,0.1111111111111111,0.1,0.2,0.2,0.1,0.027223623631794328,0.04452606391190244,0.19010826308639756,0.0808567507476193,0.13615225994516394,0.3993187258979073,0.0025559532834169103,0.056274967769065154,0.005256545713549798,0.0,0.0030303733079771484,0.027506815365551426
