LIMIT_BAL,SEX,EDUCATION,MARRIAGE,AGE,PAY_0,PAY_2,PAY_3,PAY_4,PAY_5,PAY_6,BILL_AMT1,BILL_AMT2,BILL_AMT3,BILL_AMT4,BILL_AMT5,BILL_AMT6,PAY_AMT1,PAY_AMT2,PAY_AMT3,PAY_AMT4,PAY_AMT5,PAY_AMT6
0.22784810126582275,0.0,0.16666666666666666,0.6666666666666666,0.2962962962962963,0.2,0.2222222222222222,0.2,0.2,0.2,0.2,0.17878462994677086,0.1465406782277569,0.21063021693882367,0.18948029221576984,0.2441283255392921,0.4740374103147289,0.00812189120273716,0.0033013278656194127,0.013175531831012569,0.0074991375991760945,0.0077305441530029296,0.008674101610904586
