LIMIT_BAL,SEX,EDUCATION,MARRIAGE,AGE,PAY_0,PAY_2,PAY_3,PAY_4,PAY_5,PAY_6,BILL_AMT1,BILL_AMT2,BILL_AMT3,BILL_AMT4,BILL_AMT5,BILL_AMT6,PAY_AMT1,PAY_AMT2,PAY_AMT3,PAY_AMT4,PAY_AMT5,PAY_AMT6
0.1772151898734177,0.0,0.16666666666666666,0.6666666666666666,0.05555555555555558,0.1,0.1111111111111111,0.1,0.1,0.1,0.1,0.025677451154292315,0.047095147429630016,0.08218520101875251,0.07802358821308499,0.1367339535886903,0.40218959199719706,0.006603723867860661,0.003043806363388918,0.0038399066437481274,0.005869325027621823,0.00934365103292954,0.00765551425030979
