LIMIT_BAL,SEX,EDUCATION,MARRIAGE,AGE,PAY_0,PAY_2,PAY_3,PAY_4,PAY_5,PAY_6,BILL_AMT1,BILL_AMT2,BILL_AMT3,BILL_AMT4,BILL_AMT5,BILL_AMT6,PAY_AMT1,PAY_AMT2,PAY_AMT3,PAY_AMT4,PAY_AMT5,PAY_AMT6
0.24050632911392406,1.0,0.5,0.3333333333333333,0.38888888888888884,0.1,0.1111111111111111,0.1,0.4,0.1,0.2,0.0246414371084534,0.0438583852210158,0.08332081625646418,0.07641897844339368,0.13417188720372022,0.3983977051819719,0.0015039788551112984,0.0032597658510189215,0.0,0.0019497757757857845,0.0,0.0043543990086741015
