LIMIT_BAL,SEX,EDUCATION,MARRIAGE,AGE,PAY_0,PAY_2,PAY_3,PAY_4,PAY_5,PAY_6,BILL_AMT1,BILL_AMT2,BILL_AMT3,BILL_AMT4,BILL_AMT5,BILL_AMT6,PAY_AMT1,PAY_AMT2,PAY_AMT3,PAY_AMT4,PAY_AMT5,PAY_AMT6
0.012658227848101266,1.0,0.3333333333333333,0.6666666666666666,0.09259259259259262,0.2,0.2222222222222222,0.2,0.2,0.2,0.2,0.04867382353541363,0.06443163690629342,0.1051038312158841,0.10235642413237206,0.1498906873462025,0.3979407101702482,0.0032430810891887836,0.0011409180478566224,0.0030777075152834065,0.001499827519835219,0.0,0.0
