LIMIT_BAL,SEX,EDUCATION,MARRIAGE,AGE,PAY_0,PAY_2,PAY_3,PAY_4,PAY_5,PAY_6,BILL_AMT1,BILL_AMT2,BILL_AMT3,BILL_AMT4,BILL_AMT5,BILL_AMT6,PAY_AMT1,PAY_AMT2,PAY_AMT3,PAY_AMT4,PAY_AMT5,PAY_AMT6
0.18987341772151897,1.0,0.16666666666666666,0.6666666666666666,0.20370370370370372,0.1,0.1111111111111111,0.1,0.1,0.1,0.1,0.038848957000707944,0.05025472135028045,0.084439925458744,0.08060055254909716,0.14106397649696245,0.39940543777192666,0.011606176447934359,0.004104860147895577,0.008363164230257729,0.01249856266529349,0.003226213759853223,0.0018562577447335813
