LIMIT_BAL,SEX,EDUCATION,MARRIAGE,AGE,PAY_0,PAY_2,PAY_3,PAY_4,PAY_5,PAY_6,BILL_AMT1,BILL_AMT2,BILL_AMT3,BILL_AMT4,BILL_AMT5,BILL_AMT6,PAY_AMT1,PAY_AMT2,PAY_AMT3,PAY_AMT4,PAY_AMT5,PAY_AMT6
0.025316455696202535,1.0,0.3333333333333333,0.6666666666666666,0.35185185185185186,0.1,0.1111111111111111,0.0,0.0,0.1,0.1,0.02551106101965758,0.0419209591931251,0.07415336417761155,0.07249360253621234,0.14395937294732405,0.40916521072743056,0.0,0.0,0.0,0.022497412797528284,0.011990073981307544,0.0
