LIMIT_BAL,SEX,EDUCATION,MARRIAGE,AGE,PAY_0,PAY_2,PAY_3,PAY_4,PAY_5,PAY_6,BILL_AMT1,BILL_AMT2,BILL_AMT3,BILL_AMT4,BILL_AMT5,BILL_AMT6,PAY_AMT1,PAY_AMT2,PAY_AMT3,PAY_AMT4,PAY_AMT5,PAY_AMT6
0.025316455696202535,0.0,0.3333333333333333,0.3333333333333333,0.5,0.2,0.2222222222222222,0.2,0.2,0.2,0.2,0.0677914221176441,0.08004425461843256,0.12203407175833844,0.11350329312070381,0.17483652121057638,0.4286167932777205,0.003595766157638064,0.0013935499013105889,0.002749173408186544,0.0026971898231703353,0.0028061875275400636,0.005561338289962825
