LIMIT_BAL,SEX,EDUCATION,MARRIAGE,AGE,PAY_0,PAY_2,PAY_3,PAY_4,PAY_5,PAY_6,BILL_AMT1,BILL_AMT2,BILL_AMT3,BILL_AMT4,BILL_AMT5,BILL_AMT6,PAY_AMT1,PAY_AMT2,PAY_AMT3,PAY_AMT4,PAY_AMT5,PAY_AMT6
0.012658227848101266,0.0,0.3333333333333333,0.3333333333333333,0.5925925925925926,0.2,0.2222222222222222,0.4,0.4,0.4,0.4,0.049205958022594525,0.0683142077908712,0.10768372455388314,0.1061334747667248,0.1636258468054235,0.4213775235791849,0.00810770272297196,0.0,0.0036322730880629104,0.0,0.0077305441530029296,0.0
