LIMIT_BAL,SEX,EDUCATION,MARRIAGE,AGE,PAY_0,PAY_2,PAY_3,PAY_4,PAY_5,PAY_6,BILL_AMT1,BILL_AMT2,BILL_AMT3,BILL_AMT4,BILL_AMT5,BILL_AMT6,PAY_AMT1,PAY_AMT2,PAY_AMT3,PAY_AMT4,PAY_AMT5,PAY_AMT6
0.1139240506329114,0.0,0.16666666666666666,0.6666666666666666,0.14814814814814814,0.2,0.2222222222222222,0.2,0.2,0.2,0.2,0.1146914640291214,0.1205642463850152,0.18005773811194065,0.16841960170918657,0.23518723672643732,0.4740866251621453,0.010140709180757178,0.004077152138161916,0.004528514132223151,0.007786604540477845,0.0077305441530029296,0.007434944237918216
