LIMIT_BAL,SEX,EDUCATION,MARRIAGE,AGE,PAY_0,PAY_2,PAY_3,PAY_4,PAY_5,PAY_6,BILL_AMT1,BILL_AMT2,BILL_AMT3,BILL_AMT4,BILL_AMT5,BILL_AMT6,PAY_AMT1,PAY_AMT2,PAY_AMT3,PAY_AMT4,PAY_AMT5,PAY_AMT6
0.36708860759493667,1.0,0.3333333333333333,0.3333333333333333,0.11111111111111116,0.0,0.0,0.0,0.0,0.0,0.0,0.027482627143254057,0.044676581073431795,0.0779679089659134,0.07583466676255371,0.13367189210563296,0.3983356007316607,0.0027931035880638397,0.0011588467600372266,0.0,0.001184863740669823,0.0008683977931873291,0.0034547707558859977
