LIMIT_BAL,SEX,EDUCATION,MARRIAGE,AGE,PAY_0,PAY_2,PAY_3,PAY_4,PAY_5,PAY_6,BILL_AMT1,BILL_AMT2,BILL_AMT3,BILL_AMT4,BILL_AMT5,BILL_AMT6,PAY_AMT1,PAY_AMT2,PAY_AMT3,PAY_AMT4,PAY_AMT5,PAY_AMT6
0.012658227848101266,0.0,0.5,0.3333333333333333,0.3148148148148149,0.2,0.2222222222222222,0.1,0.2,0.2,0.2,0.05206441495815916,0.05786162712911028,0.10856844805303059,0.10349058808723324,0.16365525828178157,0.4204623617736562,0.0028376959530401857,0.016011969860204943,0.003435152623804793,0.001679806822215445,0.0017986399395986817,0.0017794299876084264
