LIMIT_BAL,SEX,EDUCATION,MARRIAGE,AGE,PAY_0,PAY_2,PAY_3,PAY_4,PAY_5,PAY_6,BILL_AMT1,BILL_AMT2,BILL_AMT3,BILL_AMT4,BILL_AMT5,BILL_AMT6,PAY_AMT1,PAY_AMT2,PAY_AMT3,PAY_AMT4,PAY_AMT5,PAY_AMT6
0.0759493670886076,0.0,0.16666666666666666,0.6666666666666666,0.16666666666666674,0.2,0.2222222222222222,0.2,0.2,0.4,0.2,0.1322942844988753,0.1327921576699429,0.1866155859890169,0.1792773113272565,0.24768711417861916,0.46324646912764333,0.005472699338006072,0.0025263185345396643,0.010250264141422105,0.006249281332646745,0.006442120127502442,0.006195786864931847
