LIMIT_BAL,SEX,EDUCATION,MARRIAGE,AGE,PAY_0,PAY_2,PAY_3,PAY_4,PAY_5,PAY_6,BILL_AMT1,BILL_AMT2,BILL_AMT3,BILL_AMT4,BILL_AMT5,BILL_AMT6,PAY_AMT1,PAY_AMT2,PAY_AMT3,PAY_AMT4,PAY_AMT5,PAY_AMT6
0.08860759493670886,1.0,0.16666666666666666,0.3333333333333333,0.33333333333333337,0.30000000000000004,0.4444444444444444,0.4,0.4,0.2,0.2,0.05752703447258252,0.07170663304687902,0.11412933139002276,0.10931872254484218,0.17013722087691951,0.42527955791005634,0.0034457736572630826,0.0010431250723260549,0.0,0.0020347660019097804,0.0023320474861558836,0.07516976456009913
