LIMIT_BAL,SEX,EDUCATION,MARRIAGE,AGE,PAY_0,PAY_2,PAY_3,PAY_4,PAY_5,PAY_6,BILL_AMT1,BILL_AMT2,BILL_AMT3,BILL_AMT4,BILL_AMT5,BILL_AMT6,PAY_AMT1,PAY_AMT2,PAY_AMT3,PAY_AMT4,PAY_AMT5,PAY_AMT6
0.15189873417721517,0.0,0.5,0.6666666666666666,0.33333333333333337,0.30000000000000004,0.4444444444444444,0.4,0.4,0.4,0.4,0.13553261325124755,0.13209360366387074,0.19857090745230993,0.18428141649137314,0.2590677215582854,0.48678522757765685,0.0,0.004889648776528382,0.0,0.014998275198352189,0.0,0.014869888475836432
