LIMIT_BAL,SEX,EDUCATION,MARRIAGE,AGE,PAY_0,PAY_2,PAY_3,PAY_4,PAY_5,PAY_6,BILL_AMT1,BILL_AMT2,BILL_AMT3,BILL_AMT4,BILL_AMT5,BILL_AMT6,PAY_AMT1,PAY_AMT2,PAY_AMT3,PAY_AMT4,PAY_AMT5,PAY_AMT6
0.2151898734177215,1.0,0.5,0.3333333333333333,0.33333333333333337,0.4,0.4444444444444444,0.4,0.4,0.4,0.2,0.03997601470512058,0.05922785982606906,0.09624669260315034,0.09677849493296896,0.15515370764338912,0.4152936310128532,0.005492968594813502,0.0,0.005256545713549798,0.0,0.005153696102001953,0.004956629491945477
