LIMIT_BAL,SEX,EDUCATION,MARRIAGE,AGE,PAY_0,PAY_2,PAY_3,PAY_4,PAY_5,PAY_6,BILL_AMT1,BILL_AMT2,BILL_AMT3,BILL_AMT4,BILL_AMT5,BILL_AMT6,PAY_AMT1,PAY_AMT2,PAY_AMT3,PAY_AMT4,PAY_AMT5,PAY_AMT6
0.0759493670886076,0.0,0.3333333333333333,0.3333333333333333,0.2592592592592593,0.30000000000000004,0.4444444444444444,0.4,0.2,0.2,0.2,0.13135873242111773,0.1350923686512633,0.18664199564570788,0.12139000257696433,0.18049169452587066,0.4255912519436935,0.010134628403714948,0.0,0.0026309011296316736,0.002359728631207411,0.012884240255004883,0.012391573729863693
