LIMIT_BAL,SEX,EDUCATION,MARRIAGE,AGE,PAY_0,PAY_2,PAY_3,PAY_4,PAY_5,PAY_6,BILL_AMT1,BILL_AMT2,BILL_AMT3,BILL_AMT4,BILL_AMT5,BILL_AMT6,PAY_AMT1,PAY_AMT2,PAY_AMT3,PAY_AMT4,PAY_AMT5,PAY_AMT6
0.012658227848101266,0.0,0.16666666666666666,0.6666666666666666,0.2962962962962963,0.4,0.4444444444444444,0.4,0.4,0.4,0.2,0.0470852686651273,0.06455127875263728,0.1046119513600148,0.10231147707999975,0.1610833880713588,0.41939018116922755,0.005472699338006072,0.0008149414627547304,0.002628272856774899,0.0,0.0038652720765014648,0.003717472118959108
