LIMIT_BAL,SEX,EDUCATION,MARRIAGE,AGE,PAY_0,PAY_2,PAY_3,PAY_4,PAY_5,PAY_6,BILL_AMT1,BILL_AMT2,BILL_AMT3,BILL_AMT4,BILL_AMT5,BILL_AMT6,PAY_AMT1,PAY_AMT2,PAY_AMT3,PAY_AMT4,PAY_AMT5,PAY_AMT6
0.4683544303797468,0.0,0.3333333333333333,0.6666666666666666,0.2962962962962963,0.1,0.1111111111111111,0.1,0.1,0.1,0.2,0.027642738404883706,0.05227062213760099,0.08057091075351704,0.079252140977928,0.14230906232945428,0.408766804819774,0.015201942605572423,0.002200341949437772,0.006045027570582268,0.014998275198352189,0.015461088306005859,0.007434944237918216
