LIMIT_BAL,SEX,EDUCATION,MARRIAGE,AGE,PAY_0,PAY_2,PAY_3,PAY_4,PAY_5,PAY_6,BILL_AMT1,BILL_AMT2,BILL_AMT3,BILL_AMT4,BILL_AMT5,BILL_AMT6,PAY_AMT1,PAY_AMT2,PAY_AMT3,PAY_AMT4,PAY_AMT5,PAY_AMT6
0.1139240506329114,1.0,0.3333333333333333,0.6666666666666666,0.16666666666666674,0.2,0.2222222222222222,0.2,0.2,0.2,0.2,0.11559876117835609,0.11590464673493542,0.16866692306041703,0.15310314449578397,0.21078061326196149,0.44921320692148237,0.005677418831761114,0.0018743653643358798,0.004239404117977912,0.0039845417776955645,0.0042621066763556155,0.0030285006195786865
