LIMIT_BAL,SEX,EDUCATION,MARRIAGE,AGE,PAY_0,PAY_2,PAY_3,PAY_4,PAY_5,PAY_6,BILL_AMT1,BILL_AMT2,BILL_AMT3,BILL_AMT4,BILL_AMT5,BILL_AMT6,PAY_AMT1,PAY_AMT2,PAY_AMT3,PAY_AMT4,PAY_AMT5,PAY_AMT6
0.18987341772151897,0.0,0.3333333333333333,0.3333333333333333,0.2777777777777778,0.2,0.2222222222222222,0.2,0.2,0.2,0.2,0.11770218363505934,0.12148793289764834,0.17930506289624804,0.17152244655795473,0.2394420969729055,0.4794779945184034,0.006080777042228969,0.002444824388264191,0.007884818570324697,0.0074991375991760945,0.01443034908560547,0.006443618339529121
