LIMIT_BAL,SEX,EDUCATION,MARRIAGE,AGE,PAY_0,PAY_2,PAY_3,PAY_4,PAY_5,PAY_6,BILL_AMT1,BILL_AMT2,BILL_AMT3,BILL_AMT4,BILL_AMT5,BILL_AMT6,PAY_AMT1,PAY_AMT2,PAY_AMT3,PAY_AMT4,PAY_AMT5,PAY_AMT6
0.0759493670886076,0.0,0.16666666666666666,0.6666666666666666,0.07407407407407407,0.1,0.4444444444444444,0.4,0.4,0.4,0.2,0.029735172833828056,0.04873025266299594,0.08324818970056402,0.08311459101178811,0.14047574696980095,0.4036953319717225,0.002229618248817289,0.0,0.0016400422626275369,0.0,0.0012884240255004883,0.0024783147459727386
