LIMIT_BAL,SEX,EDUCATION,MARRIAGE,AGE,PAY_0,PAY_2,PAY_3,PAY_4,PAY_5,PAY_6,BILL_AMT1,BILL_AMT2,BILL_AMT3,BILL_AMT4,BILL_AMT5,BILL_AMT6,PAY_AMT1,PAY_AMT2,PAY_AMT3,PAY_AMT4,PAY_AMT5,PAY_AMT6
0.1139240506329114,1.0,0.16666666666666666,0.6666666666666666,0.38888888888888884,0.2,0.2222222222222222,0.2,0.2,0.2,0.0,0.12075214619727904,0.12058097051407402,0.17280828735026965,0.19498480789629816,0.1638611386162881,0.42098614836401643,0.004876783187867634,0.0017928712180604069,0.05783251594047487,0.001639811421686506,0.0025768480510009765,0.0009814126394052044
