LIMIT_BAL,SEX,EDUCATION,MARRIAGE,AGE,PAY_0,PAY_2,PAY_3,PAY_4,PAY_5,PAY_6,BILL_AMT1,BILL_AMT2,BILL_AMT3,BILL_AMT4,BILL_AMT5,BILL_AMT6,PAY_AMT1,PAY_AMT2,PAY_AMT3,PAY_AMT4,PAY_AMT5,PAY_AMT6
0.2151898734177215,1.0,0.16666666666666666,0.6666666666666666,0.18518518518518523,0.0,0.0,0.0,0.0,0.0,0.0,0.031127512922705502,0.04517187258786601,0.07873048780286512,0.07583466676255371,0.1406996009843041,0.3979407101702482,0.003589685380595835,0.0012802730379876813,0.0,0.011936127345355284,0.0,0.0
