LIMIT_BAL,SEX,EDUCATION,MARRIAGE,AGE,PAY_0,PAY_2,PAY_3,PAY_4,PAY_5,PAY_6,BILL_AMT1,BILL_AMT2,BILL_AMT3,BILL_AMT4,BILL_AMT5,BILL_AMT6,PAY_AMT1,PAY_AMT2,PAY_AMT3,PAY_AMT4,PAY_AMT5,PAY_AMT6
0.012658227848101266,1.0,0.3333333333333333,0.3333333333333333,0.12962962962962965,0.4,0.4444444444444444,0.4,0.2,0.2,0.2,0.05075056078184527,0.0666160654556682,0.10559736167529658,0.10445545147815873,0.16431701649983824,0.4200358330960474,0.00405385136148598,0.0,0.0041369014765636905,0.0017497987731410886,0.0017728714590886719,0.0017026022304832715
