LIMIT_BAL,SEX,EDUCATION,MARRIAGE,AGE,PAY_0,PAY_2,PAY_3,PAY_4,PAY_5,PAY_6,BILL_AMT1,BILL_AMT2,BILL_AMT3,BILL_AMT4,BILL_AMT5,BILL_AMT6,PAY_AMT1,PAY_AMT2,PAY_AMT3,PAY_AMT4,PAY_AMT5,PAY_AMT6
0.24050632911392406,1.0,0.16666666666666666,0.3333333333333333,0.4444444444444444,0.1,0.1111111111111111,0.1,0.1,0.0,0.1,0.0477743749774353,0.04533525446405599,0.082242972142764,0.07638451903657491,0.13039741440443395,0.40357932554566955,0.003843051090688709,0.003025062709745559,0.0009961154127176867,0.0030421501527324356,0.024871737388261424,3.965303593556382e-05
