LIMIT_BAL,SEX,EDUCATION,MARRIAGE,AGE,PAY_0,PAY_2,PAY_3,PAY_4,PAY_5,PAY_6,BILL_AMT1,BILL_AMT2,BILL_AMT3,BILL_AMT4,BILL_AMT5,BILL_AMT6,PAY_AMT1,PAY_AMT2,PAY_AMT3,PAY_AMT4,PAY_AMT5,PAY_AMT6
0.012658227848101266,1.0,0.3333333333333333,0.3333333333333333,0.2777777777777778,0.30000000000000004,0.4444444444444444,0.4,0.4,0.4,0.4,0.049397463649249594,0.06554057531003962,0.10424881858051396,0.10537237134655375,0.16525981771420542,0.41990810884918106,0.00405385136148598,0.0,0.008673300427357167,0.0017497987731410886,0.0,0.002973977695167286
