LIMIT_BAL,SEX,EDUCATION,MARRIAGE,AGE,PAY_0,PAY_2,PAY_3,PAY_4,PAY_5,PAY_6,BILL_AMT1,BILL_AMT2,BILL_AMT3,BILL_AMT4,BILL_AMT5,BILL_AMT6,PAY_AMT1,PAY_AMT2,PAY_AMT3,PAY_AMT4,PAY_AMT5,PAY_AMT6
0.05063291139240507,0.0,0.3333333333333333,0.6666666666666666,0.2222222222222222,0.2,0.2222222222222222,0.2,0.2,0.2,0.2,0.09946676671004322,0.10638861730046828,0.14497911161216098,0.1198198522140918,0.18168776123109906,0.43363436415003026,0.00425046315251805,0.0011865547697708875,0.0031539274281298787,0.002749683786364568,0.002772688502877051,0.002973977695167286
