LIMIT_BAL,SEX,EDUCATION,MARRIAGE,AGE,PAY_0,PAY_2,PAY_3,PAY_4,PAY_5,PAY_6,BILL_AMT1,BILL_AMT2,BILL_AMT3,BILL_AMT4,BILL_AMT5,BILL_AMT6,PAY_AMT1,PAY_AMT2,PAY_AMT3,PAY_AMT4,PAY_AMT5,PAY_AMT6
0.05063291139240507,0.0,0.5,1.0,0.6296296296296295,0.2,0.2222222222222222,0.2,0.2,0.2,0.2,0.06091448645882551,0.07201024031286987,0.10947462939823947,0.10509220138676639,0.1647925020342938,0.4183531540272392,0.002707972709472634,0.0010985410917933765,0.003303738980966048,0.001597316308624508,0.0016027994877226075,0.0015811648079306073
