LIMIT_BAL,SEX,EDUCATION,MARRIAGE,AGE,PAY_0,PAY_2,PAY_3,PAY_4,PAY_5,PAY_6,BILL_AMT1,BILL_AMT2,BILL_AMT3,BILL_AMT4,BILL_AMT5,BILL_AMT6,PAY_AMT1,PAY_AMT2,PAY_AMT3,PAY_AMT4,PAY_AMT5,PAY_AMT6
0.15189873417721517,0.0,0.16666666666666666,0.3333333333333333,0.4444444444444444,0.4,0.2222222222222222,0.2,0.4,0.4,0.4,0.10833724454797608,0.11397365306437504,0.1730542272782043,0.16149475917369338,0.23296176834867632,0.4697522032432584,0.006080777042228969,0.0040747073137736515,0.0,0.01249856266529349,0.003092217661201172,0.007434944237918216
