LIMIT_BAL,SEX,EDUCATION,MARRIAGE,AGE,PAY_0,PAY_2,PAY_3,PAY_4,PAY_5,PAY_6,BILL_AMT1,BILL_AMT2,BILL_AMT3,BILL_AMT4,BILL_AMT5,BILL_AMT6,PAY_AMT1,PAY_AMT2,PAY_AMT3,PAY_AMT4,PAY_AMT5,PAY_AMT6
0.4050632911392405,0.0,0.5,0.3333333333333333,0.6666666666666667,0.0,0.0,0.0,0.0,0.0,0.0,0.029560934107936965,0.04324087891730562,0.07654673931523062,0.07700928306454996,0.13325686349480234,0.3982406863830719,0.000608077704222897,0.0002037353656886826,0.002102618285419919,0.0007499137599176095,0.000773054415300293,0.0004956629491945477
