LIMIT_BAL,SEX,EDUCATION,MARRIAGE,AGE,PAY_0,PAY_2,PAY_3,PAY_4,PAY_5,PAY_6,BILL_AMT1,BILL_AMT2,BILL_AMT3,BILL_AMT4,BILL_AMT5,BILL_AMT6,PAY_AMT1,PAY_AMT2,PAY_AMT3,PAY_AMT4,PAY_AMT5,PAY_AMT6
0.025316455696202535,1.0,0.3333333333333333,0.3333333333333333,0.2592592592592593,0.4,0.5555555555555556,0.4,0.4,0.4,0.4,0.06676168694481027,0.0769618689857459,0.11797028583501558,0.11424042477960962,0.1736224808253514,0.42904683730157334,0.0,0.0016298829255094608,0.002628272856774899,0.0,0.0052206941513279785,0.0
