LIMIT_BAL,SEX,EDUCATION,MARRIAGE,AGE,PAY_0,PAY_2,PAY_3,PAY_4,PAY_5,PAY_6,BILL_AMT1,BILL_AMT2,BILL_AMT3,BILL_AMT4,BILL_AMT5,BILL_AMT6,PAY_AMT1,PAY_AMT2,PAY_AMT3,PAY_AMT4,PAY_AMT5,PAY_AMT6
0.05063291139240507,0.0,0.3333333333333333,0.6666666666666666,0.12962962962962965,0.2,0.2222222222222222,0.2,0.2,0.2,0.2,0.09564293304994687,0.10344645705758247,0.15580211904482877,0.11749459137136453,0.1735848994944494,0.42775201810168956,0.005067314201857474,0.0020373536568868257,0.005256545713549798,0.004999425066117396,0.002424814015991919,0.007714993804213135
