LIMIT_BAL,SEX,EDUCATION,MARRIAGE,AGE,PAY_0,PAY_2,PAY_3,PAY_4,PAY_5,PAY_6,BILL_AMT1,BILL_AMT2,BILL_AMT3,BILL_AMT4,BILL_AMT5,BILL_AMT6,PAY_AMT1,PAY_AMT2,PAY_AMT3,PAY_AMT4,PAY_AMT5,PAY_AMT6
0.2151898734177215,1.0,0.3333333333333333,0.3333333333333333,0.20370370370370372,0.1,0.4444444444444444,0.1,0.1,0.1,0.1,0.0292171658109086,0.04502521484073484,0.07856872865563294,0.0780415670340339,0.13731728120312547,0.3996667451760661,0.0,0.001200408774637718,0.003871445918029426,0.0067617224019237785,0.0037956971791244386,0.003650557620817844
