LIMIT_BAL,SEX,EDUCATION,MARRIAGE,AGE,PAY_0,PAY_2,PAY_3,PAY_4,PAY_5,PAY_6,BILL_AMT1,BILL_AMT2,BILL_AMT3,BILL_AMT4,BILL_AMT5,BILL_AMT6,PAY_AMT1,PAY_AMT2,PAY_AMT3,PAY_AMT4,PAY_AMT5,PAY_AMT6
0.05063291139240507,1.0,0.3333333333333333,0.3333333333333333,0.5925925925925926,0.2,0.2222222222222222,0.2,0.2,0.1,0.4,0.09771182170512215,0.10513302114959092,0.1556700707613739,0.08143207301798482,0.13617023362516054,0.39838598736115843,0.0044349133894656615,0.0008149414627547304,0.00019712046425811742,0.0050069242037165725,0.0,0.0
