LIMIT_BAL,SEX,EDUCATION,MARRIAGE,AGE,PAY_0,PAY_2,PAY_3,PAY_4,PAY_5,PAY_6,BILL_AMT1,BILL_AMT2,BILL_AMT3,BILL_AMT4,BILL_AMT5,BILL_AMT6,PAY_AMT1,PAY_AMT2,PAY_AMT3,PAY_AMT4,PAY_AMT5,PAY_AMT6
0.1772151898734177,1.0,0.3333333333333333,0.3333333333333333,0.12962962962962965,0.2,0.2222222222222222,0.2,0.2,0.2,0.2,0.17989285103216823,0.1665260124530438,0.23730562080024564,0.18126696751227056,0.25096322585072695,0.48293709522252726,0.010150843809160892,0.0040747073137736515,0.006568053869080472,0.0074991375991760945,0.007186829214241724,0.006044609665427509
