LIMIT_BAL,SEX,EDUCATION,MARRIAGE,AGE,PAY_0,PAY_2,PAY_3,PAY_4,PAY_5,PAY_6,BILL_AMT1,BILL_AMT2,BILL_AMT3,BILL_AMT4,BILL_AMT5,BILL_AMT6,PAY_AMT1,PAY_AMT2,PAY_AMT3,PAY_AMT4,PAY_AMT5,PAY_AMT6
0.10126582278481013,1.0,0.3333333333333333,0.3333333333333333,0.07407407407407407,0.2,0.2222222222222222,0.2,0.2,0.2,0.2,0.16141883693295891,0.15746668038902897,0.21777072786664442,0.17799332386448763,0.24565935628082078,0.48036503355397986,0.008513087859120557,0.002444824388264191,0.007884818570324697,0.0074991375991760945,0.006699804932602539,0.007434944237918216
