LIMIT_BAL,SEX,EDUCATION,MARRIAGE,AGE,PAY_0,PAY_2,PAY_3,PAY_4,PAY_5,PAY_6,BILL_AMT1,BILL_AMT2,BILL_AMT3,BILL_AMT4,BILL_AMT5,BILL_AMT6,PAY_AMT1,PAY_AMT2,PAY_AMT3,PAY_AMT4,PAY_AMT5,PAY_AMT6
0.34177215189873417,0.0,0.16666666666666666,0.3333333333333333,0.35185185185185186,0.1,0.1111111111111111,0.1,0.1,0.1,0.1,0.03236445090470711,0.04572891473267123,0.08097035681096794,0.09016378705884467,0.1688725273935223,0.40405741263485745,0.004451128794911606,0.0023861486029458506,0.025136801602195134,0.05503617084035336,0.013451146826225098,0.004867410161090459
