LIMIT_BAL,SEX,EDUCATION,MARRIAGE,AGE,PAY_0,PAY_2,PAY_3,PAY_4,PAY_5,PAY_6,BILL_AMT1,BILL_AMT2,BILL_AMT3,BILL_AMT4,BILL_AMT5,BILL_AMT6,PAY_AMT1,PAY_AMT2,PAY_AMT3,PAY_AMT4,PAY_AMT5,PAY_AMT6
0.20253164556962022,1.0,0.16666666666666666,0.3333333333333333,0.2777777777777778,0.2,0.2222222222222222,0.2,0.2,0.2,0.2,0.09641366471132096,0.10496449338753666,0.1590884706993112,0.15285893217789442,0.21856485067139864,0.4606943277544788,0.006449677516124194,0.002444824388264191,0.0052302629849820485,0.004999425066117396,0.005153696102001953,0.007434944237918216
