LIMIT_BAL,SEX,EDUCATION,MARRIAGE,AGE,PAY_0,PAY_2,PAY_3,PAY_4,PAY_5,PAY_6,BILL_AMT1,BILL_AMT2,BILL_AMT3,BILL_AMT4,BILL_AMT5,BILL_AMT6,PAY_AMT1,PAY_AMT2,PAY_AMT3,PAY_AMT4,PAY_AMT5,PAY_AMT6
0.12658227848101264,1.0,0.16666666666666666,0.3333333333333333,0.6296296296296295,0.1,0.4444444444444444,0.4,0.1,0.2,0.1,0.025021308925261006,0.04331034837647301,0.0761373896365206,0.07678155133253027,0.1334137247020454,0.3986812764456568,0.0,0.0,0.0024916026682226043,0.0,0.0016285679682326172,0.0
