LIMIT_BAL,SEX,EDUCATION,MARRIAGE,AGE,PAY_0,PAY_2,PAY_3,PAY_4,PAY_5,PAY_6,BILL_AMT1,BILL_AMT2,BILL_AMT3,BILL_AMT4,BILL_AMT5,BILL_AMT6,PAY_AMT1,PAY_AMT2,PAY_AMT3,PAY_AMT4,PAY_AMT5,PAY_AMT6
0.2151898734177215,0.0,0.3333333333333333,0.6666666666666666,0.2407407407407407,0.30000000000000004,0.0,0.0,0.0,0.0,0.0,0.2581872579690671,0.17215046570267073,0.238652513291485,0.20975291107075864,0.2772015307039474,0.4967453752690704,0.009323858131417753,0.0034284587338091507,0.009198954998712146,0.009998850132234793,0.012884240255004883,0.0014919454770755886
