LIMIT_BAL,SEX,EDUCATION,MARRIAGE,AGE,PAY_0,PAY_2,PAY_3,PAY_4,PAY_5,PAY_6,BILL_AMT1,BILL_AMT2,BILL_AMT3,BILL_AMT4,BILL_AMT5,BILL_AMT6,PAY_AMT1,PAY_AMT2,PAY_AMT3,PAY_AMT4,PAY_AMT5,PAY_AMT6
0.05063291139240507,1.0,0.3333333333333333,0.3333333333333333,0.11111111111111116,0.2,0.2222222222222222,0.2,0.2,0.2,0.2,0.09820471323602126,0.09897210929861577,0.13431291151609587,0.11706609613874855,0.17526298761776846,0.4289577818633913,0.0034863121708779425,0.0025263185345396643,0.004528514132223151,0.002749683786364568,0.002862878184662085,0.002973977695167286
