LIMIT_BAL,SEX,EDUCATION,MARRIAGE,AGE,PAY_0,PAY_2,PAY_3,PAY_4,PAY_5,PAY_6,BILL_AMT1,BILL_AMT2,BILL_AMT3,BILL_AMT4,BILL_AMT5,BILL_AMT6,PAY_AMT1,PAY_AMT2,PAY_AMT3,PAY_AMT4,PAY_AMT5,PAY_AMT6
0.025316455696202535,0.0,0.5,0.6666666666666666,0.33333333333333337,0.2,0.2222222222222222,0.2,0.2,0.2,0.2,0.04000583935189472,0.06154608140791438,0.1017283469700696,0.09952475983291682,0.15927458227533717,0.4173993234130262,0.009102923232216767,0.0010243814186826961,0.001484974164077818,0.0014623318318393384,0.001881099077230713,0.0024783147459727386
