LIMIT_BAL,SEX,EDUCATION,MARRIAGE,AGE,PAY_0,PAY_2,PAY_3,PAY_4,PAY_5,PAY_6,BILL_AMT1,BILL_AMT2,BILL_AMT3,BILL_AMT4,BILL_AMT5,BILL_AMT6,PAY_AMT1,PAY_AMT2,PAY_AMT3,PAY_AMT4,PAY_AMT5,PAY_AMT6
0.08860759493670886,1.0,0.5,0.6666666666666666,0.2222222222222222,0.1,0.1111111111111111,0.1,0.1,0.2,0.2,0.0344003754766057,0.05088637884011733,0.0735409902630897,0.09453413878451185,0.1396032065045114,0.40034520700116355,0.012577073849010252,0.000550085487359443,0.03930844884592539,0.0,0.0,0.008114002478314746
