LIMIT_BAL,SEX,EDUCATION,MARRIAGE,AGE,PAY_0,PAY_2,PAY_3,PAY_4,PAY_5,PAY_6,BILL_AMT1,BILL_AMT2,BILL_AMT3,BILL_AMT4,BILL_AMT5,BILL_AMT6,PAY_AMT1,PAY_AMT2,PAY_AMT3,PAY_AMT4,PAY_AMT5,PAY_AMT6
0.4683544303797468,0.0,0.16666666666666666,0.6666666666666666,0.40740740740740744,0.30000000000000004,0.4444444444444444,0.4,0.0,0.0,0.0,0.0369025063691318,0.053043791488704785,0.07613408842943423,0.07583167029239556,0.13289412195305275,0.3979383666060855,7.90501015489766e-05,0.0,0.0,0.0,0.0,0.0
