LIMIT_BAL,SEX,EDUCATION,MARRIAGE,AGE,PAY_0,PAY_2,PAY_3,PAY_4,PAY_5,PAY_6,BILL_AMT1,BILL_AMT2,BILL_AMT3,BILL_AMT4,BILL_AMT5,BILL_AMT6,PAY_AMT1,PAY_AMT2,PAY_AMT3,PAY_AMT4,PAY_AMT5,PAY_AMT6
0.5949367088607596,0.0,0.16666666666666666,0.3333333333333333,0.42592592592592593,0.1,0.1111111111111111,0.1,0.1,0.1,0.1,0.025024448361763547,0.0430890752843102,0.07648896819121913,0.07903040218622462,0.1379398241193714,0.3979407101702482,0.0002918772980269905,0.00017358253156675758,0.005606106003500859,0.007714112877019143,0.0,0.002304832713754647
