LIMIT_BAL,SEX,EDUCATION,MARRIAGE,AGE,PAY_0,PAY_2,PAY_3,PAY_4,PAY_5,PAY_6,BILL_AMT1,BILL_AMT2,BILL_AMT3,BILL_AMT4,BILL_AMT5,BILL_AMT6,PAY_AMT1,PAY_AMT2,PAY_AMT3,PAY_AMT4,PAY_AMT5,PAY_AMT6
0.27848101265822783,1.0,0.16666666666666666,0.6666666666666666,0.03703703703703709,0.0,0.0,0.0,0.0,0.0,0.0,0.12069249690373074,0.12301497452786497,0.0785505720166579,0.0767665689817395,0.13466698038908118,0.3986695586248434,0.005801061298286437,0.0011914444185474157,0.001634785716913987,0.00270718867330257,0.0016027994877226075,0.002161090458488228
