LIMIT_BAL,SEX,EDUCATION,MARRIAGE,AGE,PAY_0,PAY_2,PAY_3,PAY_4,PAY_5,PAY_6,BILL_AMT1,BILL_AMT2,BILL_AMT3,BILL_AMT4,BILL_AMT5,BILL_AMT6,PAY_AMT1,PAY_AMT2,PAY_AMT3,PAY_AMT4,PAY_AMT5,PAY_AMT6
0.20253164556962022,0.0,0.3333333333333333,0.3333333333333333,0.38888888888888884,0.30000000000000004,0.1111111111111111,0.1,0.0,0.0,0.1,0.024029246990457682,0.045077960170843416,0.0761373896365206,0.07583466676255371,0.13289738989487032,0.40350667505662635,0.003425504400455653,0.0,0.0,0.0,0.012240028242254638,0.0
