LIMIT_BAL,SEX,EDUCATION,MARRIAGE,AGE,PAY_0,PAY_2,PAY_3,PAY_4,PAY_5,PAY_6,BILL_AMT1,BILL_AMT2,BILL_AMT3,BILL_AMT4,BILL_AMT5,BILL_AMT6,PAY_AMT1,PAY_AMT2,PAY_AMT3,PAY_AMT4,PAY_AMT5,PAY_AMT6
0.27848101265822783,0.0,0.16666666666666666,0.6666666666666666,0.42592592592592593,0.2,0.2222222222222222,0.2,0.2,0.2,0.2,0.06476186589269092,0.07791385787063243,0.12313337371810003,0.12032625567081978,0.18419263863426177,0.43686965447661763,0.00405385136148598,0.0016298829255094608,0.005256545713549798,0.006249281332646745,0.006442120127502442,0.007434944237918216
