LIMIT_BAL,SEX,EDUCATION,MARRIAGE,AGE,PAY_0,PAY_2,PAY_3,PAY_4,PAY_5,PAY_6,BILL_AMT1,BILL_AMT2,BILL_AMT3,BILL_AMT4,BILL_AMT5,BILL_AMT6,PAY_AMT1,PAY_AMT2,PAY_AMT3,PAY_AMT4,PAY_AMT5,PAY_AMT6
0.3924050632911392,0.0,0.16666666666666666,0.3333333333333333,0.6851851851851851,0.1,0.4444444444444444,0.1,0.2,0.2,0.1,0.024625739925940693,0.04298615756702517,0.07770216179546052,0.07678155133253027,0.1334137247020454,0.3983109933079525,0.0,0.0009779297553056765,0.0,0.0,0.0008142839841163086,0.0007831474597273854
