LIMIT_BAL,SEX,EDUCATION,MARRIAGE,AGE,PAY_0,PAY_2,PAY_3,PAY_4,PAY_5,PAY_6,BILL_AMT1,BILL_AMT2,BILL_AMT3,BILL_AMT4,BILL_AMT5,BILL_AMT6,PAY_AMT1,PAY_AMT2,PAY_AMT3,PAY_AMT4,PAY_AMT5,PAY_AMT6
0.025316455696202535,1.0,0.5,0.3333333333333333,0.14814814814814814,0.30000000000000004,0.4444444444444444,0.4,0.4,0.4,0.4,0.04469301805019017,0.05920084392528174,0.10095916571894514,0.09756207187932615,0.15822557295189918,0.4156404785089307,0.0,0.0023674049493024917,0.0,0.0034646015708193556,0.0,0.001486988847583643
