LIMIT_BAL,SEX,EDUCATION,MARRIAGE,AGE,PAY_0,PAY_2,PAY_3,PAY_4,PAY_5,PAY_6,BILL_AMT1,BILL_AMT2,BILL_AMT3,BILL_AMT4,BILL_AMT5,BILL_AMT6,PAY_AMT1,PAY_AMT2,PAY_AMT3,PAY_AMT4,PAY_AMT5,PAY_AMT6
0.05063291139240507,1.0,0.3333333333333333,0.6666666666666666,0.40740740740740744,0.2,0.2222222222222222,0.2,0.2,0.2,0.2,0.10824620088940236,0.10941825760304638,0.15648051710107802,0.13585246579529314,0.20056175919843924,0.4480015842493739,0.006080777042228969,0.0016298829255094608,0.003774199822328755,0.004999425066117396,0.005153696102001953,0.004956629491945477
