LIMIT_BAL,SEX,EDUCATION,MARRIAGE,AGE,PAY_0,PAY_2,PAY_3,PAY_4,PAY_5,PAY_6,BILL_AMT1,BILL_AMT2,BILL_AMT3,BILL_AMT4,BILL_AMT5,BILL_AMT6,PAY_AMT1,PAY_AMT2,PAY_AMT3,PAY_AMT4,PAY_AMT5,PAY_AMT6
0.3164556962025316,1.0,0.16666666666666666,0.3333333333333333,0.20370370370370372,0.1,0.1111111111111111,0.4,0.1,0.1,0.1,0.024967938504717787,0.04582154067822776,0.07988095847246546,0.07842960991951481,0.13407058100737576,0.39813405421366976,0.0045970674439251005,0.0,0.004552168587934125,0.0017947935987361453,0.00042517992841516113,0.009256505576208178
