LIMIT_BAL,SEX,EDUCATION,MARRIAGE,AGE,PAY_0,PAY_2,PAY_3,PAY_4,PAY_5,PAY_6,BILL_AMT1,BILL_AMT2,BILL_AMT3,BILL_AMT4,BILL_AMT5,BILL_AMT6,PAY_AMT1,PAY_AMT2,PAY_AMT3,PAY_AMT4,PAY_AMT5,PAY_AMT6
0.012658227848101266,1.0,0.3333333333333333,0.6666666666666666,0.05555555555555558,0.2,0.2222222222222222,0.2,0.2,0.2,0.2,0.05553820144822205,0.06855606442649102,0.10822677311959118,0.10382169803970923,0.1640588490962507,0.42045884642741216,0.0026735149729000037,0.0010520894284163568,0.0017241469940443336,0.001697304809946856,0.0020202488719847657,0.0009318463444857498
