LIMIT_BAL,SEX,EDUCATION,MARRIAGE,AGE,PAY_0,PAY_2,PAY_3,PAY_4,PAY_5,PAY_6,BILL_AMT1,BILL_AMT2,BILL_AMT3,BILL_AMT4,BILL_AMT5,BILL_AMT6,PAY_AMT1,PAY_AMT2,PAY_AMT3,PAY_AMT4,PAY_AMT5,PAY_AMT6
0.012658227848101266,1.0,0.16666666666666666,0.6666666666666666,0.2222222222222222,0.2,0.2222222222222222,0.5,0.5,0.4,0.4,0.04190990759068655,0.06371893171409458,0.10359517957741249,0.09992928330426756,0.15827132413734507,0.41730440906443744,0.010134628403714948,0.0008149414627547304,0.0,0.0,0.0036075872714013673,0.0
