LIMIT_BAL,SEX,EDUCATION,MARRIAGE,AGE,PAY_0,PAY_2,PAY_3,PAY_4,PAY_5,PAY_6,BILL_AMT1,BILL_AMT2,BILL_AMT3,BILL_AMT4,BILL_AMT5,BILL_AMT6,PAY_AMT1,PAY_AMT2,PAY_AMT3,PAY_AMT4,PAY_AMT5,PAY_AMT6
0.20253164556962022,1.0,0.3333333333333333,0.3333333333333333,0.2222222222222222,0.0,0.0,0.0,0.0,0.0,0.0,0.03033637492406488,0.051011166572325434,0.0874341202860826,0.07803257762355945,0.1407355483442973,0.4010564787245386,0.012830439559103126,0.005577459371093375,0.003855676280888777,0.02398224204216515,0.006851838967611597,0.0175365551425031
