LIMIT_BAL,SEX,EDUCATION,MARRIAGE,AGE,PAY_0,PAY_2,PAY_3,PAY_4,PAY_5,PAY_6,BILL_AMT1,BILL_AMT2,BILL_AMT3,BILL_AMT4,BILL_AMT5,BILL_AMT6,PAY_AMT1,PAY_AMT2,PAY_AMT3,PAY_AMT4,PAY_AMT5,PAY_AMT6
0.1772151898734177,0.0,0.16666666666666666,0.6666666666666666,0.12962962962962965,0.2,0.2222222222222222,0.2,0.2,0.2,0.2,0.16295873053745585,0.1184184119796223,0.1755895543205373,0.1690923092596921,0.23780159018048844,0.47547401514645515,0.004459236497634578,0.0020373536568868257,0.007884818570324697,0.0074991375991760945,0.0077305441530029296,0.007434944237918216
