LIMIT_BAL,SEX,EDUCATION,MARRIAGE,AGE,PAY_0,PAY_2,PAY_3,PAY_4,PAY_5,PAY_6,BILL_AMT1,BILL_AMT2,BILL_AMT3,BILL_AMT4,BILL_AMT5,BILL_AMT6,PAY_AMT1,PAY_AMT2,PAY_AMT3,PAY_AMT4,PAY_AMT5,PAY_AMT6
0.08860759493670886,1.0,0.5,0.3333333333333333,0.2592592592592593,0.4,0.4444444444444444,0.4,0.4,0.4,0.2,0.1339126640159358,0.13474373488396027,0.19793212388109713,0.187397745455853,0.25190602706509413,0.48487522278506817,0.006283469610303269,0.0034260139094208866,0.007332881270401968,0.0,0.007841348619195972,0.006505576208178439
