LIMIT_BAL,SEX,EDUCATION,MARRIAGE,AGE,PAY_0,PAY_2,PAY_3,PAY_4,PAY_5,PAY_6,BILL_AMT1,BILL_AMT2,BILL_AMT3,BILL_AMT4,BILL_AMT5,BILL_AMT6,PAY_AMT1,PAY_AMT2,PAY_AMT3,PAY_AMT4,PAY_AMT5,PAY_AMT6
0.05063291139240507,0.0,0.5,0.3333333333333333,0.2777777777777778,0.4,0.2222222222222222,0.2,0.2,0.2,0.2,0.09795826747057171,0.10208922966088613,0.13600808135494744,0.09309583310859806,0.13727316398858835,0.4043480145910304,0.0036403585226144094,0.0010463848381770738,0.0027859692281813927,0.0002499712533058698,0.0002551079570490967,0.0006765799256505577
