LIMIT_BAL,SEX,EDUCATION,MARRIAGE,AGE,PAY_0,PAY_2,PAY_3,PAY_4,PAY_5,PAY_6,BILL_AMT1,BILL_AMT2,BILL_AMT3,BILL_AMT4,BILL_AMT5,BILL_AMT6,PAY_AMT1,PAY_AMT2,PAY_AMT3,PAY_AMT4,PAY_AMT5,PAY_AMT6
0.0759493670886076,0.0,0.3333333333333333,0.6666666666666666,0.18518518518518523,0.2,0.2222222222222222,0.2,0.2,0.2,0.2,0.1307041599103377,0.1280129161735193,0.1876670204460261,0.17640669291574523,0.24152867782342002,0.4744006627599452,0.005067314201857474,0.0020259444764082596,0.007096336713292227,0.006749223839258485,0.006442120127502442,0.007434944237918216
