LIMIT_BAL,SEX,EDUCATION,MARRIAGE,AGE,PAY_0,PAY_2,PAY_3,PAY_4,PAY_5,PAY_6,BILL_AMT1,BILL_AMT2,BILL_AMT3,BILL_AMT4,BILL_AMT5,BILL_AMT6,PAY_AMT1,PAY_AMT2,PAY_AMT3,PAY_AMT4,PAY_AMT5,PAY_AMT6
0.05063291139240507,0.0,0.5,0.3333333333333333,0.6296296296296295,0.2,0.2222222222222222,0.2,0.2,0.2,0.2,0.09350183735521311,0.07897648330160037,0.12224699961540939,0.1535990603069584,0.17235288542922783,0.4265614875070453,0.005045018019369301,0.0011278789844525467,0.00221037747254769,0.002532208795988461,0.0021104385537697996,0.03755638166047088
