LIMIT_BAL,SEX,EDUCATION,MARRIAGE,AGE,PAY_0,PAY_2,PAY_3,PAY_4,PAY_5,PAY_6,BILL_AMT1,BILL_AMT2,BILL_AMT3,BILL_AMT4,BILL_AMT5,BILL_AMT6,PAY_AMT1,PAY_AMT2,PAY_AMT3,PAY_AMT4,PAY_AMT5,PAY_AMT6
0.20253164556962022,1.0,0.3333333333333333,0.3333333333333333,0.5185185185185185,0.4,0.4444444444444444,0.2,0.2,0.2,0.2,0.2817926810316816,0.24858874080172905,0.28528866580065004,0.2067339673864188,0.25798113090394537,0.4896642961515161,0.0,0.005215625361630274,0.009461782284389635,0.0074991375991760945,0.0077305441530029296,0.0076827757125154895
