LIMIT_BAL,SEX,EDUCATION,MARRIAGE,AGE,PAY_0,PAY_2,PAY_3,PAY_4,PAY_5,PAY_6,BILL_AMT1,BILL_AMT2,BILL_AMT3,BILL_AMT4,BILL_AMT5,BILL_AMT6,PAY_AMT1,PAY_AMT2,PAY_AMT3,PAY_AMT4,PAY_AMT5,PAY_AMT6
0.30379746835443033,1.0,0.5,0.3333333333333333,0.5925925925925926,0.30000000000000004,0.1111111111111111,0.1,0.1,0.1,0.1,0.024008840653191157,0.047822003807955545,0.0775222460092533,0.07583466676255371,0.1357764466361441,0.3979407101702482,0.007775286911330109,0.0006837358872512188,0.0,0.004404493483249426,0.0,0.0
