LIMIT_BAL,SEX,EDUCATION,MARRIAGE,AGE,PAY_0,PAY_2,PAY_3,PAY_4,PAY_5,PAY_6,BILL_AMT1,BILL_AMT2,BILL_AMT3,BILL_AMT4,BILL_AMT5,BILL_AMT6,PAY_AMT1,PAY_AMT2,PAY_AMT3,PAY_AMT4,PAY_AMT5,PAY_AMT6
0.10126582278481013,0.0,0.3333333333333333,0.3333333333333333,0.16666666666666674,0.30000000000000004,0.4444444444444444,0.2,0.2,0.2,0.4,0.0950919619437507,0.09982632635208152,0.15088827229676532,0.1452508944463422,0.21413025362496446,0.4551096143547992,0.0,0.0016747047059609708,0.0055193729992272875,0.011188713297970733,0.0,0.009417596034696408
