LIMIT_BAL,SEX,EDUCATION,MARRIAGE,AGE,PAY_0,PAY_2,PAY_3,PAY_4,PAY_5,PAY_6,BILL_AMT1,BILL_AMT2,BILL_AMT3,BILL_AMT4,BILL_AMT5,BILL_AMT6,PAY_AMT1,PAY_AMT2,PAY_AMT3,PAY_AMT4,PAY_AMT5,PAY_AMT6
0.08860759493670886,1.0,0.3333333333333333,0.6666666666666666,0.4814814814814815,0.1,0.4444444444444444,0.1,0.1,0.2,0.1,0.029677093258531025,0.04607368908557609,0.08794910859155651,0.07897946219353601,0.1343924732764058,0.39901289077467683,4.0538513614859796e-06,0.005831721107472851,0.005516744726370513,0.0,0.0023578159666658937,0.0026394052044609664
