LIMIT_BAL,SEX,EDUCATION,MARRIAGE,AGE,PAY_0,PAY_2,PAY_3,PAY_4,PAY_5,PAY_6,BILL_AMT1,BILL_AMT2,BILL_AMT3,BILL_AMT4,BILL_AMT5,BILL_AMT6,PAY_AMT1,PAY_AMT2,PAY_AMT3,PAY_AMT4,PAY_AMT5,PAY_AMT6
0.1772151898734177,1.0,0.16666666666666666,0.6666666666666666,0.05555555555555558,0.30000000000000004,0.1111111111111111,0.1,0.1,0.1,0.4,0.023715303340203466,0.04316111768640972,0.07646751034515771,0.07613431377836907,0.13379607389470038,0.3985851903149867,0.001216155408445794,0.00016298829255094607,0.0005256545713549798,0.001374841893182284,0.0005153696102001953,0.0
