LIMIT_BAL,SEX,EDUCATION,MARRIAGE,AGE,PAY_0,PAY_2,PAY_3,PAY_4,PAY_5,PAY_6,BILL_AMT1,BILL_AMT2,BILL_AMT3,BILL_AMT4,BILL_AMT5,BILL_AMT6,PAY_AMT1,PAY_AMT2,PAY_AMT3,PAY_AMT4,PAY_AMT5,PAY_AMT6
0.27848101265822783,0.0,0.3333333333333333,0.6666666666666666,0.6851851851851851,0.2,0.2222222222222222,0.2,0.2,0.2,0.2,0.1969541187052336,0.1876305768538054,0.2656877487253214,0.25022922996709873,0.20747672408440443,0.4577988542314808,0.011350783812160743,0.004645166337701963,0.013141364283874494,0.004636966748823885,0.01649182752640625,0.0
