LIMIT_BAL,SEX,EDUCATION,MARRIAGE,AGE,PAY_0,PAY_2,PAY_3,PAY_4,PAY_5,PAY_6,BILL_AMT1,BILL_AMT2,BILL_AMT3,BILL_AMT4,BILL_AMT5,BILL_AMT6,PAY_AMT1,PAY_AMT2,PAY_AMT3,PAY_AMT4,PAY_AMT5,PAY_AMT6
0.0759493670886076,1.0,0.5,0.3333333333333333,0.5185185185185185,0.4,0.4444444444444444,0.4,0.2,0.2,0.2,0.04934409322870638,0.068678279215767,0.10818550803101154,0.10153389307395888,0.16208991415116847,0.42068851571535537,0.009121165563343454,0.0,0.005256545713549798,0.002499712533058698,0.005153696102001953,0.0017125154894671625
