LIMIT_BAL,SEX,EDUCATION,MARRIAGE,AGE,PAY_0,PAY_2,PAY_3,PAY_4,PAY_5,PAY_6,BILL_AMT1,BILL_AMT2,BILL_AMT3,BILL_AMT4,BILL_AMT5,BILL_AMT6,PAY_AMT1,PAY_AMT2,PAY_AMT3,PAY_AMT4,PAY_AMT5,PAY_AMT6
0.37974683544303794,1.0,0.16666666666666666,0.3333333333333333,0.33333333333333337,0.0,0.0,0.0,0.0,0.0,0.0,0.04299144346581232,0.045462615139196215,0.0836740454147059,0.08381876149895423,0.14225023937673814,0.3997194753697265,0.004031555178997807,0.0037210227189380988,0.014279406430858026,0.014308354539227987,0.003442668996137305,0.0
