LIMIT_BAL,SEX,EDUCATION,MARRIAGE,AGE,PAY_0,PAY_2,PAY_3,PAY_4,PAY_5,PAY_6,BILL_AMT1,BILL_AMT2,BILL_AMT3,BILL_AMT4,BILL_AMT5,BILL_AMT6,PAY_AMT1,PAY_AMT2,PAY_AMT3,PAY_AMT4,PAY_AMT5,PAY_AMT6
0.06329113924050633,0.0,0.3333333333333333,0.3333333333333333,0.4444444444444444,0.2,0.2222222222222222,0.2,0.2,0.2,0.2,0.1303289972482839,0.13231487675603357,0.17275711864043086,0.16079208692160635,0.16288402401283647,0.4192612851402798,0.006080777042228969,0.010124017791802015,0.005256545713549798,0.004999425066117396,0.0025768480510009765,0.0024783147459727386
