LIMIT_BAL,SEX,EDUCATION,MARRIAGE,AGE,PAY_0,PAY_2,PAY_3,PAY_4,PAY_5,PAY_6,BILL_AMT1,BILL_AMT2,BILL_AMT3,BILL_AMT4,BILL_AMT5,BILL_AMT6,PAY_AMT1,PAY_AMT2,PAY_AMT3,PAY_AMT4,PAY_AMT5,PAY_AMT6
0.025316455696202535,1.0,0.5,0.3333333333333333,0.35185185185185186,0.4,0.2222222222222222,0.2,0.2,0.2,0.2,0.06764072916552208,0.0783898523130757,0.12340737390626882,0.12015845334196316,0.18197534011104466,0.43239579049005095,0.0035430660899387462,0.0014685245158840242,0.004594220953642523,0.002999655039670438,0.0031514851663741942,0.0027261462205700124
