LIMIT_BAL,SEX,EDUCATION,MARRIAGE,AGE,PAY_0,PAY_2,PAY_3,PAY_4,PAY_5,PAY_6,BILL_AMT1,BILL_AMT2,BILL_AMT3,BILL_AMT4,BILL_AMT5,BILL_AMT6,PAY_AMT1,PAY_AMT2,PAY_AMT3,PAY_AMT4,PAY_AMT5,PAY_AMT6
0.2531645569620253,1.0,0.3333333333333333,0.3333333333333333,0.12962962962962965,0.0,0.0,0.0,0.0,0.0,0.0,0.026245689161252445,0.044439870323676224,0.07680423346796757,0.0801061349730018,0.1377323098139561,0.3987527551526187,0.0024201492628071297,0.00032923635095291105,0.007493205914665237,0.007396649385320688,0.002015095175882764,0.006584882280049566
