LIMIT_BAL,SEX,EDUCATION,MARRIAGE,AGE,PAY_0,PAY_2,PAY_3,PAY_4,PAY_5,PAY_6,BILL_AMT1,BILL_AMT2,BILL_AMT3,BILL_AMT4,BILL_AMT5,BILL_AMT6,PAY_AMT1,PAY_AMT2,PAY_AMT3,PAY_AMT4,PAY_AMT5,PAY_AMT6
0.05063291139240507,1.0,0.3333333333333333,0.3333333333333333,0.537037037037037,0.2,0.2222222222222222,0.2,0.2,0.2,0.2,0.04693457571300527,0.06391833479133432,0.1059489402299951,0.10423371268645536,0.16546733201962072,0.42325706203765867,0.00405385136148598,0.0016298829255094608,0.003942409285162349,0.0032496262929763075,0.005153696102001953,0.0024783147459727386
