LIMIT_BAL,SEX,EDUCATION,MARRIAGE,AGE,PAY_0,PAY_2,PAY_3,PAY_4,PAY_5,PAY_6,BILL_AMT1,BILL_AMT2,BILL_AMT3,BILL_AMT4,BILL_AMT5,BILL_AMT6,PAY_AMT1,PAY_AMT2,PAY_AMT3,PAY_AMT4,PAY_AMT5,PAY_AMT6
0.08860759493670886,0.0,0.3333333333333333,0.6666666666666666,0.16666666666666674,0.1,0.1111111111111111,0.1,0.1,0.1,0.0,0.028248649649874343,0.04574435239026399,0.0761373896365206,0.07733290184163055,0.13289738989487032,0.3979407101702482,0.004475451903080521,0.0,0.002628272856774899,0.0,0.0,0.0
