LIMIT_BAL,SEX,EDUCATION,MARRIAGE,AGE,PAY_0,PAY_2,PAY_3,PAY_4,PAY_5,PAY_6,BILL_AMT1,BILL_AMT2,BILL_AMT3,BILL_AMT4,BILL_AMT5,BILL_AMT6,PAY_AMT1,PAY_AMT2,PAY_AMT3,PAY_AMT4,PAY_AMT5,PAY_AMT6
0.025316455696202535,1.0,0.3333333333333333,0.6666666666666666,0.462962962962963,0.30000000000000004,0.1111111111111111,0.2,0.2,0.2,0.2,0.037985611962508846,0.07442366078320384,0.1172143094122366,0.11331151903058198,0.18086423989307296,0.42783872997570893,0.05675594598648446,0.0010146021211296394,0.0020053721897192477,0.01249856266529349,0.002999451131365137,0.02258736059479554
