LIMIT_BAL,SEX,EDUCATION,MARRIAGE,AGE,PAY_0,PAY_2,PAY_3,PAY_4,PAY_5,PAY_6,BILL_AMT1,BILL_AMT2,BILL_AMT3,BILL_AMT4,BILL_AMT5,BILL_AMT6,PAY_AMT1,PAY_AMT2,PAY_AMT3,PAY_AMT4,PAY_AMT5,PAY_AMT6
0.05063291139240507,0.0,0.16666666666666666,0.6666666666666666,0.12962962962962965,0.30000000000000004,0.4444444444444444,0.2,0.2,0.2,0.1,0.10274433841869722,0.10454896310399836,0.15679578237782646,0.08238495052827768,0.13093172289160565,0.45633061128355834,0.0,0.001955859510611353,0.002628272856774899,0.0,0.1335580344833806,0.0
