LIMIT_BAL,SEX,EDUCATION,MARRIAGE,AGE,PAY_0,PAY_2,PAY_3,PAY_4,PAY_5,PAY_6,BILL_AMT1,BILL_AMT2,BILL_AMT3,BILL_AMT4,BILL_AMT5,BILL_AMT6,PAY_AMT1,PAY_AMT2,PAY_AMT3,PAY_AMT4,PAY_AMT5,PAY_AMT6
0.10126582278481013,1.0,0.3333333333333333,0.6666666666666666,0.12962962962962965,0.4,0.2222222222222222,0.2,0.2,0.4,0.2,0.09965356318194447,0.1066652086656718,0.15495370882363135,0.14650491720752953,0.20852409943693362,0.4536226228935752,0.005067314201857474,0.0020373536568868257,0.009724609570067126,0.0,0.005669065712202149,0.0044609665427509295
