LIMIT_BAL,SEX,EDUCATION,MARRIAGE,AGE,PAY_0,PAY_2,PAY_3,PAY_4,PAY_5,PAY_6,BILL_AMT1,BILL_AMT2,BILL_AMT3,BILL_AMT4,BILL_AMT5,BILL_AMT6,PAY_AMT1,PAY_AMT2,PAY_AMT3,PAY_AMT4,PAY_AMT5,PAY_AMT6
0.12658227848101264,1.0,0.6666666666666666,0.6666666666666666,0.05555555555555558,0.2,0.2222222222222222,0.2,0.2,0.2,0.2,0.15550099912566695,0.14251659548191223,0.20660769610408047,0.196638859423599,0.26742711672761377,0.4969117683246211,0.006080777042228969,0.002363330241988718,0.007621991284647207,0.0074991375991760945,0.009018968178503417,0.009913258983890954
