LIMIT_BAL,SEX,EDUCATION,MARRIAGE,AGE,PAY_0,PAY_2,PAY_3,PAY_4,PAY_5,PAY_6,BILL_AMT1,BILL_AMT2,BILL_AMT3,BILL_AMT4,BILL_AMT5,BILL_AMT6,PAY_AMT1,PAY_AMT2,PAY_AMT3,PAY_AMT4,PAY_AMT5,PAY_AMT6
0.012658227848101266,0.0,0.5,0.6666666666666666,0.5555555555555556,0.2,0.2222222222222222,0.2,0.2,0.1,0.1,0.03965265274535874,0.06090027273195081,0.10081886441777436,0.09787370477577413,0.13436796371277407,0.3979407101702482,0.010134628403714948,0.0010390503650122812,0.007106849804719327,0.007999080105787834,0.0,0.0
