LIMIT_BAL,SEX,EDUCATION,MARRIAGE,AGE,PAY_0,PAY_2,PAY_3,PAY_4,PAY_5,PAY_6,BILL_AMT1,BILL_AMT2,BILL_AMT3,BILL_AMT4,BILL_AMT5,BILL_AMT6,PAY_AMT1,PAY_AMT2,PAY_AMT3,PAY_AMT4,PAY_AMT5,PAY_AMT6
0.2911392405063291,1.0,0.3333333333333333,0.3333333333333333,0.14814814814814814,0.2,0.2222222222222222,0.2,0.2,0.2,0.2,0.1516065281442634,0.1497195492203983,0.2163479076124185,0.17412038618507397,0.24221167766329088,0.47772266496055193,0.006285496535984011,0.0027585768514247623,0.006247404580553935,0.005966813816411113,0.006369968382074414,0.006133828996282528
