LIMIT_BAL,SEX,EDUCATION,MARRIAGE,AGE,PAY_0,PAY_2,PAY_3,PAY_4,PAY_5,PAY_6,BILL_AMT1,BILL_AMT2,BILL_AMT3,BILL_AMT4,BILL_AMT5,BILL_AMT6,PAY_AMT1,PAY_AMT2,PAY_AMT3,PAY_AMT4,PAY_AMT5,PAY_AMT6
0.20253164556962022,1.0,0.16666666666666666,0.6666666666666666,0.14814814814814814,0.2,0.2222222222222222,0.2,0.2,0.2,0.2,0.08265822367543249,0.09272114444501622,0.14231998930408907,0.13745707556498443,0.20175945987457639,0.4484609228252603,0.00405385136148598,0.0016298829255094608,0.005256545713549798,0.004999425066117396,0.004638326491801758,0.0044609665427509295
