LIMIT_BAL,SEX,EDUCATION,MARRIAGE,AGE,PAY_0,PAY_2,PAY_3,PAY_4,PAY_5,PAY_6,BILL_AMT1,BILL_AMT2,BILL_AMT3,BILL_AMT4,BILL_AMT5,BILL_AMT6,PAY_AMT1,PAY_AMT2,PAY_AMT3,PAY_AMT4,PAY_AMT5,PAY_AMT6
0.27848101265822783,1.0,0.3333333333333333,0.3333333333333333,0.16666666666666674,0.1,0.1111111111111111,0.1,0.1,0.2,0.1,0.033909053663957855,0.04539314568002882,0.07601524497432487,0.07722203244577887,0.13359346150201143,0.3990257803775716,0.003942370449045115,0.0,0.003942409285162349,0.0,0.0025768480510009765,0.0
