LIMIT_BAL,SEX,EDUCATION,MARRIAGE,AGE,PAY_0,PAY_2,PAY_3,PAY_4,PAY_5,PAY_6,BILL_AMT1,BILL_AMT2,BILL_AMT3,BILL_AMT4,BILL_AMT5,BILL_AMT6,PAY_AMT1,PAY_AMT2,PAY_AMT3,PAY_AMT4,PAY_AMT5,PAY_AMT6
0.012658227848101266,0.0,0.3333333333333333,0.3333333333333333,0.4444444444444444,0.4,0.4444444444444444,0.2,0.2,0.2,0.2,0.057206811949323214,0.0686885709874955,0.10946637638052355,0.10498882316631009,0.19219419417456693,0.4211115290467201,2.2296182488172886e-05,0.0020414283642005994,0.005256545713549798,0.0074991375991760945,0.003099948205354175,0.0012391573729863693
