LIMIT_BAL,SEX,EDUCATION,MARRIAGE,AGE,PAY_0,PAY_2,PAY_3,PAY_4,PAY_5,PAY_6,BILL_AMT1,BILL_AMT2,BILL_AMT3,BILL_AMT4,BILL_AMT5,BILL_AMT6,PAY_AMT1,PAY_AMT2,PAY_AMT3,PAY_AMT4,PAY_AMT5,PAY_AMT6
0.27848101265822783,0.0,0.16666666666666666,0.6666666666666666,0.35185185185185186,0.0,0.0,0.0,0.0,0.0,0.0,0.034254391679237495,0.053043791488704785,0.07640478741051666,0.074534198713915,0.1314791031460476,0.3969236033236427,0.015976228215616246,0.00013202051696626632,0.0,0.0,0.0,0.0
