LIMIT_BAL,SEX,EDUCATION,MARRIAGE,AGE,PAY_0,PAY_2,PAY_3,PAY_4,PAY_5,PAY_6,BILL_AMT1,BILL_AMT2,BILL_AMT3,BILL_AMT4,BILL_AMT5,BILL_AMT6,PAY_AMT1,PAY_AMT2,PAY_AMT3,PAY_AMT4,PAY_AMT5,PAY_AMT6
0.012658227848101266,0.0,0.3333333333333333,0.3333333333333333,0.462962962962963,0.1,0.4444444444444444,0.2,0.2,0.2,0.2,0.035871201478046705,0.05226547625173674,0.08969709774379002,0.08961842949006071,0.14969461083714866,0.41684155514230703,0.0,0.0009901538772469974,0.0031539274281298787,0.0031996320423151336,0.015461088306005859,0.0
