LIMIT_BAL,SEX,EDUCATION,MARRIAGE,AGE,PAY_0,PAY_2,PAY_3,PAY_4,PAY_5,PAY_6,BILL_AMT1,BILL_AMT2,BILL_AMT3,BILL_AMT4,BILL_AMT5,BILL_AMT6,PAY_AMT1,PAY_AMT2,PAY_AMT3,PAY_AMT4,PAY_AMT5,PAY_AMT6
0.08860759493670886,0.0,0.3333333333333333,0.3333333333333333,0.12962962962962965,0.2,0.2222222222222222,0.2,0.2,0.2,0.2,0.07443917891177712,0.08019091236556374,0.10319243231287521,0.08142158537243127,0.1405165962425205,0.4043023150898581,0.0026836496013037184,0.0033591887094749986,0.0003653299270917109,0.002499712533058698,0.0025768480510009765,0.0024783147459727386
