LIMIT_BAL,SEX,EDUCATION,MARRIAGE,AGE,PAY_0,PAY_2,PAY_3,PAY_4,PAY_5,PAY_6,BILL_AMT1,BILL_AMT2,BILL_AMT3,BILL_AMT4,BILL_AMT5,BILL_AMT6,PAY_AMT1,PAY_AMT2,PAY_AMT3,PAY_AMT4,PAY_AMT5,PAY_AMT6
0.05063291139240507,0.0,0.5,0.3333333333333333,0.4444444444444444,0.2,0.2222222222222222,0.2,0.2,0.2,0.2,0.07092457974718118,0.06223691658519015,0.085445143016544,0.08540689068277568,0.14454760247448556,0.4071474019833583,0.0034457736572630826,0.0010186768284434129,0.002628272856774899,0.002499712533058698,0.0025768480510009765,0.0024783147459727386
