LIMIT_BAL,SEX,EDUCATION,MARRIAGE,AGE,PAY_0,PAY_2,PAY_3,PAY_4,PAY_5,PAY_6,BILL_AMT1,BILL_AMT2,BILL_AMT3,BILL_AMT4,BILL_AMT5,BILL_AMT6,PAY_AMT1,PAY_AMT2,PAY_AMT3,PAY_AMT4,PAY_AMT5,PAY_AMT6
0.08860759493670886,0.0,0.3333333333333333,0.6666666666666666,0.11111111111111116,0.4,0.4444444444444444,0.2,0.2,0.2,0.2,0.11558149427759211,0.1159612514794422,0.17232796171920262,0.1658815914852304,0.23326078502498343,0.482539861096952,0.0,0.001955859510611353,0.007884818570324697,0.006249281332646745,0.029829593038387305,9.66542750929368e-05
