LIMIT_BAL,SEX,EDUCATION,MARRIAGE,AGE,PAY_0,PAY_2,PAY_3,PAY_4,PAY_5,PAY_6,BILL_AMT1,BILL_AMT2,BILL_AMT3,BILL_AMT4,BILL_AMT5,BILL_AMT6,PAY_AMT1,PAY_AMT2,PAY_AMT3,PAY_AMT4,PAY_AMT5,PAY_AMT6
0.2531645569620253,1.0,0.3333333333333333,0.3333333333333333,0.4814814814814815,0.2,0.2222222222222222,0.2,0.2,0.2,0.2,0.0522088290372761,0.06721041527298925,0.10963803914901485,0.1083523609188376,0.17225321320379214,0.42889216206683606,0.0030403885211144847,0.0016298829255094608,0.005256545713549798,0.0074991375991760945,0.0077305441530029296,0.0024783147459727386
