LIMIT_BAL,SEX,EDUCATION,MARRIAGE,AGE,PAY_0,PAY_2,PAY_3,PAY_4,PAY_5,PAY_6,BILL_AMT1,BILL_AMT2,BILL_AMT3,BILL_AMT4,BILL_AMT5,BILL_AMT6,PAY_AMT1,PAY_AMT2,PAY_AMT3,PAY_AMT4,PAY_AMT5,PAY_AMT6
0.1139240506329114,0.0,0.3333333333333333,0.6666666666666666,0.12962962962962965,0.2,0.2222222222222222,0.2,0.2,0.2,0.2,0.12040366874549686,0.12089101013739517,0.1732836611707071,0.1486039445533162,0.21075773766923855,0.44303205644239924,0.006105100150397886,0.0020373536568868257,0.004468063856517328,0.005249396319423266,0.006442120127502442,0.006711276332094176
