LIMIT_BAL,SEX,EDUCATION,MARRIAGE,AGE,PAY_0,PAY_2,PAY_3,PAY_4,PAY_5,PAY_6,BILL_AMT1,BILL_AMT2,BILL_AMT3,BILL_AMT4,BILL_AMT5,BILL_AMT6,PAY_AMT1,PAY_AMT2,PAY_AMT3,PAY_AMT4,PAY_AMT5,PAY_AMT6
0.012658227848101266,1.0,0.3333333333333333,0.6666666666666666,0.2777777777777778,0.2,0.2222222222222222,0.2,0.2,0.2,0.4,0.04369781667888431,0.06029434467143519,0.10022959895285712,0.09913222224219868,0.1603317614533191,0.4180660674173102,0.0030403885211144847,0.0013039063404075685,0.003942409285162349,0.0037495687995880472,0.002061478440800781,0.0
