LIMIT_BAL,SEX,EDUCATION,MARRIAGE,AGE,PAY_0,PAY_2,PAY_3,PAY_4,PAY_5,PAY_6,BILL_AMT1,BILL_AMT2,BILL_AMT3,BILL_AMT4,BILL_AMT5,BILL_AMT6,PAY_AMT1,PAY_AMT2,PAY_AMT3,PAY_AMT4,PAY_AMT5,PAY_AMT6
0.012658227848101266,1.0,0.3333333333333333,0.6666666666666666,0.462962962962963,1.0,0.9999999999999999,0.8,0.7,0.6000000000000001,0.5,0.05711105913599568,0.06965599752997478,0.10948948483012814,0.10522554430880422,0.16351310281271753,0.41920621138245673,0.0,0.0,0.0,0.0,0.0,0.0
