LIMIT_BAL,SEX,EDUCATION,MARRIAGE,AGE,PAY_0,PAY_2,PAY_3,PAY_4,PAY_5,PAY_6,BILL_AMT1,BILL_AMT2,BILL_AMT3,BILL_AMT4,BILL_AMT5,BILL_AMT6,PAY_AMT1,PAY_AMT2,PAY_AMT3,PAY_AMT4,PAY_AMT5,PAY_AMT6
0.13924050632911392,0.0,0.3333333333333333,0.6666666666666666,0.2407407407407407,0.30000000000000004,0.4444444444444444,0.4,0.5,0.4,0.2,0.09585170557736591,0.10301420264498534,0.15809480736631348,0.14860544278839527,0.21077897929105271,0.45502993317326784,0.00405385136148598,0.0032597658510189215,0.0,0.0,0.005153696102001953,0.004956629491945477
