LIMIT_BAL,SEX,EDUCATION,MARRIAGE,AGE,PAY_0,PAY_2,PAY_3,PAY_4,PAY_5,PAY_6,BILL_AMT1,BILL_AMT2,BILL_AMT3,BILL_AMT4,BILL_AMT5,BILL_AMT6,PAY_AMT1,PAY_AMT2,PAY_AMT3,PAY_AMT4,PAY_AMT5,PAY_AMT6
0.012658227848101266,0.0,0.3333333333333333,0.6666666666666666,0.05555555555555558,0.5,0.4444444444444444,0.2,0.2,0.1,0.1,0.05375500151477811,0.06651057479545104,0.10736350746650514,0.10478506319555564,0.15443312647261628,0.40403397699323057,0.0,0.0010194917699061677,0.0017241469940443336,0.03294621118571364,0.013399609865205078,0.0
