LIMIT_BAL,SEX,EDUCATION,MARRIAGE,AGE,PAY_0,PAY_2,PAY_3,PAY_4,PAY_5,PAY_6,BILL_AMT1,BILL_AMT2,BILL_AMT3,BILL_AMT4,BILL_AMT5,BILL_AMT6,PAY_AMT1,PAY_AMT2,PAY_AMT3,PAY_AMT4,PAY_AMT5,PAY_AMT6
0.16455696202531644,0.0,0.5,0.3333333333333333,0.33333333333333337,0.2,0.2222222222222222,0.2,0.2,0.2,0.2,0.23895193051799132,0.20839036690166213,0.28615523266082243,0.2169069835733506,0.2894219991307275,0.5026335802278178,0.010134628403714948,0.004808154630252909,0.010513091427099596,0.0074991375991760945,0.012884240255004883,0.007434944237918216
