LIMIT_BAL,SEX,EDUCATION,MARRIAGE,AGE,PAY_0,PAY_2,PAY_3,PAY_4,PAY_5,PAY_6,BILL_AMT1,BILL_AMT2,BILL_AMT3,BILL_AMT4,BILL_AMT5,BILL_AMT6,PAY_AMT1,PAY_AMT2,PAY_AMT3,PAY_AMT4,PAY_AMT5,PAY_AMT6
0.05063291139240507,0.0,0.5,0.3333333333333333,0.5925925925925926,0.2,0.2222222222222222,0.2,0.2,0.2,0.2,0.08944568539392864,0.0943781196933052,0.12745300319061664,0.0977658318500806,0.15508181292340273,0.41707942690481964,0.003364696630033363,0.0013136856379606253,0.001713633902617234,0.0032496262929763075,0.0077305441530029296,0.006195786864931847
