LIMIT_BAL,SEX,EDUCATION,MARRIAGE,AGE,PAY_0,PAY_2,PAY_3,PAY_4,PAY_5,PAY_6,BILL_AMT1,BILL_AMT2,BILL_AMT3,BILL_AMT4,BILL_AMT5,BILL_AMT6,PAY_AMT1,PAY_AMT2,PAY_AMT3,PAY_AMT4,PAY_AMT5,PAY_AMT6
0.06329113924050633,1.0,0.5,0.3333333333333333,0.03703703703703709,0.4,0.2222222222222222,0.2,0.2,0.2,0.2,0.1188496476767385,0.11686435444861834,0.1737491313698854,0.16474742753036922,0.18093450064215058,0.43231962465476365,0.004165332273926844,0.002094399559279657,0.004257802027975336,0.002549706783719872,0.0027056904535510255,0.0026765799256505576
