LIMIT_BAL,SEX,EDUCATION,MARRIAGE,AGE,PAY_0,PAY_2,PAY_3,PAY_4,PAY_5,PAY_6,BILL_AMT1,BILL_AMT2,BILL_AMT3,BILL_AMT4,BILL_AMT5,BILL_AMT6,PAY_AMT1,PAY_AMT2,PAY_AMT3,PAY_AMT4,PAY_AMT5,PAY_AMT6
0.18987341772151897,1.0,0.5,0.3333333333333333,0.2592592592592593,0.1,0.1111111111111111,0.1,0.1,0.2,0.2,0.024555102604633495,0.04290382339319714,0.07665237794199449,0.0874250133342922,0.14478943016898527,0.40646894015826085,0.0,0.0002542617363794759,0.020332318820010617,0.0,0.0,0.0036431226765799257
