LIMIT_BAL,SEX,EDUCATION,MARRIAGE,AGE,PAY_0,PAY_2,PAY_3,PAY_4,PAY_5,PAY_6,BILL_AMT1,BILL_AMT2,BILL_AMT3,BILL_AMT4,BILL_AMT5,BILL_AMT6,PAY_AMT1,PAY_AMT2,PAY_AMT3,PAY_AMT4,PAY_AMT5,PAY_AMT6
0.13924050632911392,1.0,0.5,0.6666666666666666,0.4814814814814815,0.30000000000000004,0.4444444444444444,0.4,0.4,0.4,0.4,0.21459304269476673,0.20121056964956519,0.2709581258387129,0.25928306454996014,0.32957846818495246,0.5429674912497173,0.014901957604822462,0.0,0.02362817298240634,0.0,0.02319163245900879,0.0
