LIMIT_BAL,SEX,EDUCATION,MARRIAGE,AGE,PAY_0,PAY_2,PAY_3,PAY_4,PAY_5,PAY_6,BILL_AMT1,BILL_AMT2,BILL_AMT3,BILL_AMT4,BILL_AMT5,BILL_AMT6,PAY_AMT1,PAY_AMT2,PAY_AMT3,PAY_AMT4,PAY_AMT5,PAY_AMT6
0.2151898734177215,1.0,0.3333333333333333,0.3333333333333333,0.12962962962962965,0.0,0.0,0.0,0.0,0.0,0.0,0.024741899076534752,0.0611884423403489,0.09366844986869449,0.08169726062698142,0.1356865782361611,0.4156193864314665,0.028808694700400112,0.008661197866157275,0.02056886337712036,0.0042670092939311975,0.038876906545451735,0.013330855018587362
