LIMIT_BAL,SEX,EDUCATION,MARRIAGE,AGE,PAY_0,PAY_2,PAY_3,PAY_4,PAY_5,PAY_6,BILL_AMT1,BILL_AMT2,BILL_AMT3,BILL_AMT4,BILL_AMT5,BILL_AMT6,PAY_AMT1,PAY_AMT2,PAY_AMT3,PAY_AMT4,PAY_AMT5,PAY_AMT6
0.025316455696202535,1.0,0.3333333333333333,0.3333333333333333,0.2777777777777778,0.1,0.1111111111111111,0.0,0.0,0.0,0.1,0.02485805822712881,0.042749446817269596,0.07593931721133833,0.07565487855306449,0.13270131338581648,0.40576235556321116,0.0,0.0,0.0,0.0,0.017509682506551636,0.054391573729863696
