LIMIT_BAL,SEX,EDUCATION,MARRIAGE,AGE,PAY_0,PAY_2,PAY_3,PAY_4,PAY_5,PAY_6,BILL_AMT1,BILL_AMT2,BILL_AMT3,BILL_AMT4,BILL_AMT5,BILL_AMT6,PAY_AMT1,PAY_AMT2,PAY_AMT3,PAY_AMT4,PAY_AMT5,PAY_AMT6
0.2151898734177215,0.0,0.16666666666666666,0.6666666666666666,0.18518518518518523,0.1,0.1111111111111111,0.1,0.1,0.1,0.1,0.03404875858832098,0.04697679205475223,0.09816634452387515,0.08211976291928108,0.14912925690271012,0.40182751133406214,0.006486162178377567,0.01100170974718886,0.0110256046341707,0.02499712533058698,0.009018968178503417,0.014651796778190831
