LIMIT_BAL,SEX,EDUCATION,MARRIAGE,AGE,PAY_0,PAY_2,PAY_3,PAY_4,PAY_5,PAY_6,BILL_AMT1,BILL_AMT2,BILL_AMT3,BILL_AMT4,BILL_AMT5,BILL_AMT6,PAY_AMT1,PAY_AMT2,PAY_AMT3,PAY_AMT4,PAY_AMT5,PAY_AMT6
0.05063291139240507,1.0,0.5,0.3333333333333333,0.11111111111111116,0.2,0.2222222222222222,0.2,0.4,0.2,0.2,0.0831307088690651,0.09243040189368601,0.14322452004575476,0.13536104468935595,0.19115989058930796,0.4295952313156417,0.003555227644023204,0.002363330241988718,0.0,0.003162136354319253,0.0021439375784328123,0.0012391573729863693
