LIMIT_BAL,SEX,EDUCATION,MARRIAGE,AGE,PAY_0,PAY_2,PAY_3,PAY_4,PAY_5,PAY_6,BILL_AMT1,BILL_AMT2,BILL_AMT3,BILL_AMT4,BILL_AMT5,BILL_AMT6,PAY_AMT1,PAY_AMT2,PAY_AMT3,PAY_AMT4,PAY_AMT5,PAY_AMT6
0.012658227848101266,1.0,0.5,0.3333333333333333,0.6111111111111112,0.2,0.2222222222222222,0.4,0.2,0.2,0.4,0.03386824098942481,0.0534799053157001,0.08768666262819,0.08786249797738264,0.14843645323738658,0.4082699692172847,0.006080777042228969,0.0,0.007884818570324697,0.004999425066117396,0.0,0.013291201982651797
