LIMIT_BAL,SEX,EDUCATION,MARRIAGE,AGE,PAY_0,PAY_2,PAY_3,PAY_4,PAY_5,PAY_6,BILL_AMT1,BILL_AMT2,BILL_AMT3,BILL_AMT4,BILL_AMT5,BILL_AMT6,PAY_AMT1,PAY_AMT2,PAY_AMT3,PAY_AMT4,PAY_AMT5,PAY_AMT6
0.2531645569620253,1.0,0.16666666666666666,0.6666666666666666,0.16666666666666674,0.30000000000000004,0.4444444444444444,0.2,0.2,0.2,0.2,0.14003613491414427,0.1357265990840323,0.19767793093544656,0.18834463002582957,0.2585268771874786,0.49004746889211515,0.0,0.002179153471406149,0.007062169166154153,0.0074991375991760945,0.0077305441530029296,0.007434944237918216
