LIMIT_BAL,SEX,EDUCATION,MARRIAGE,AGE,PAY_0,PAY_2,PAY_3,PAY_4,PAY_5,PAY_6,BILL_AMT1,BILL_AMT2,BILL_AMT3,BILL_AMT4,BILL_AMT5,BILL_AMT6,PAY_AMT1,PAY_AMT2,PAY_AMT3,PAY_AMT4,PAY_AMT5,PAY_AMT6
0.05063291139240507,0.0,0.3333333333333333,0.6666666666666666,0.14814814814814814,0.4,0.4444444444444444,0.4,0.4,0.4,0.2,0.07973540829156575,0.08999639787989502,0.13807793819810216,0.13308822207439636,0.19384777273425424,0.44310822227768654,0.00405385136148598,0.0014668946329585146,0.004205236570839838,0.0,0.005153696102001953,0.003965303593556382
