LIMIT_BAL,SEX,EDUCATION,MARRIAGE,AGE,PAY_0,PAY_2,PAY_3,PAY_4,PAY_5,PAY_6,BILL_AMT1,BILL_AMT2,BILL_AMT3,BILL_AMT4,BILL_AMT5,BILL_AMT6,PAY_AMT1,PAY_AMT2,PAY_AMT3,PAY_AMT4,PAY_AMT5,PAY_AMT6
0.12658227848101264,1.0,0.16666666666666666,0.6666666666666666,0.14814814814814814,0.4,0.4444444444444444,0.4,0.4,0.4,0.4,0.17423558645458728,0.1781132609478722,0.25056656966619845,0.23540569209471243,0.3021620703065003,0.5259883688910605,0.02229618248817289,0.003096777558467975,0.010513091427099596,0.0,0.022676262848808595,0.0
