LIMIT_BAL,SEX,EDUCATION,MARRIAGE,AGE,PAY_0,PAY_2,PAY_3,PAY_4,PAY_5,PAY_6,BILL_AMT1,BILL_AMT2,BILL_AMT3,BILL_AMT4,BILL_AMT5,BILL_AMT6,PAY_AMT1,PAY_AMT2,PAY_AMT3,PAY_AMT4,PAY_AMT5,PAY_AMT6
0.05063291139240507,0.0,0.16666666666666666,1.0,0.5555555555555556,0.2,0.2222222222222222,0.2,0.2,0.2,0.2,0.10031755400223213,0.10643878968764472,0.1574444695702984,0.12207619424318153,0.15906706796992187,0.41424371426797013,0.004025474401955578,0.0013348741159922484,0.002969948328155636,0.0011223709273433555,0.0010771224853184083,0.0010309789343246592
