LIMIT_BAL,SEX,EDUCATION,MARRIAGE,AGE,PAY_0,PAY_2,PAY_3,PAY_4,PAY_5,PAY_6,BILL_AMT1,BILL_AMT2,BILL_AMT3,BILL_AMT4,BILL_AMT5,BILL_AMT6,PAY_AMT1,PAY_AMT2,PAY_AMT3,PAY_AMT4,PAY_AMT5,PAY_AMT6
0.27848101265822783,1.0,0.16666666666666666,0.3333333333333333,0.4814814814814815,0.0,0.0,0.0,0.0,0.0,0.0,0.023878554038335657,0.0466796171460917,0.0809059832727837,0.10276993701419727,0.14835802263376505,0.4074719856198903,0.006143611738332002,0.002354365885898416,0.04729051351195076,0.023667278262999754,0.02306021320840774,0.009702602230483272
