LIMIT_BAL,SEX,EDUCATION,MARRIAGE,AGE,PAY_0,PAY_2,PAY_3,PAY_4,PAY_5,PAY_6,BILL_AMT1,BILL_AMT2,BILL_AMT3,BILL_AMT4,BILL_AMT5,BILL_AMT6,PAY_AMT1,PAY_AMT2,PAY_AMT3,PAY_AMT4,PAY_AMT5,PAY_AMT6
0.025316455696202535,0.0,0.16666666666666666,0.3333333333333333,0.2962962962962963,0.2,0.2222222222222222,0.2,0.2,0.2,0.2,0.06971432697545117,0.08227756908351774,0.12634214700605279,0.11803245776475313,0.17971719231510802,0.4320196484419399,0.00405385136148598,0.0016298829255094608,0.005264430532120123,0.004999425066117396,0.0025768480510009765,0.000996282527881041
