LIMIT_BAL,SEX,EDUCATION,MARRIAGE,AGE,PAY_0,PAY_2,PAY_3,PAY_4,PAY_5,PAY_6,BILL_AMT1,BILL_AMT2,BILL_AMT3,BILL_AMT4,BILL_AMT5,BILL_AMT6,PAY_AMT1,PAY_AMT2,PAY_AMT3,PAY_AMT4,PAY_AMT5,PAY_AMT6
0.08860759493670886,1.0,0.16666666666666666,0.6666666666666666,0.14814814814814814,0.2,0.2222222222222222,0.2,0.2,0.2,0.4,0.055161469067916996,0.07016672670200175,0.1138404757699653,0.11201254921702235,0.18049986438041457,0.43137399651512004,0.00405385136148598,0.0016298829255094608,0.005256545713549798,0.013483449403318618,0.0,0.012391573729863693
