LIMIT_BAL,SEX,EDUCATION,MARRIAGE,AGE,PAY_0,PAY_2,PAY_3,PAY_4,PAY_5,PAY_6,BILL_AMT1,BILL_AMT2,BILL_AMT3,BILL_AMT4,BILL_AMT5,BILL_AMT6,PAY_AMT1,PAY_AMT2,PAY_AMT3,PAY_AMT4,PAY_AMT5,PAY_AMT6
0.24050632911392406,1.0,0.5,0.3333333333333333,0.12962962962962965,0.1,0.1111111111111111,0.4,0.1,0.2,0.1,0.024324354021696644,0.046494365254978645,0.07644770310263949,0.0763980031522866,0.13320457642572134,0.4060072580182118,0.005657149574953685,0.0,0.000988230594147362,0.0,0.017739021983090724,0.010376703841387856
