LIMIT_BAL,SEX,EDUCATION,MARRIAGE,AGE,PAY_0,PAY_2,PAY_3,PAY_4,PAY_5,PAY_6,BILL_AMT1,BILL_AMT2,BILL_AMT3,BILL_AMT4,BILL_AMT5,BILL_AMT6,PAY_AMT1,PAY_AMT2,PAY_AMT3,PAY_AMT4,PAY_AMT5,PAY_AMT6
0.05063291139240507,0.0,0.3333333333333333,0.6666666666666666,0.11111111111111116,0.30000000000000004,0.5555555555555556,0.4,0.4,0.2,0.2,0.08889314456948122,0.09485540060721454,0.14614443771365,0.1379125390290238,0.20735254229533698,0.470116627470556,0.0,0.002444824388264191,0.0,0.01249856266529349,0.051536961020019534,0.0
