LIMIT_BAL,SEX,EDUCATION,MARRIAGE,AGE,PAY_0,PAY_2,PAY_3,PAY_4,PAY_5,PAY_6,BILL_AMT1,BILL_AMT2,BILL_AMT3,BILL_AMT4,BILL_AMT5,BILL_AMT6,PAY_AMT1,PAY_AMT2,PAY_AMT3,PAY_AMT4,PAY_AMT5,PAY_AMT6
0.05063291139240507,1.0,0.3333333333333333,0.3333333333333333,0.14814814814814814,0.2,0.2222222222222222,0.2,0.2,0.2,0.2,0.10235033913762819,0.10521278238048681,0.15508080529645665,0.11918609877564229,0.1790145848243318,0.4302197911649974,0.003784270245947162,0.001239525964849945,0.0037295191837635813,0.0024222214445338785,0.002569117506847974,0.0023593556381660474
