LIMIT_BAL,SEX,EDUCATION,MARRIAGE,AGE,PAY_0,PAY_2,PAY_3,PAY_4,PAY_5,PAY_6,BILL_AMT1,BILL_AMT2,BILL_AMT3,BILL_AMT4,BILL_AMT5,BILL_AMT6,PAY_AMT1,PAY_AMT2,PAY_AMT3,PAY_AMT4,PAY_AMT5,PAY_AMT6
0.05063291139240507,1.0,0.3333333333333333,0.6666666666666666,0.05555555555555558,0.4,0.2222222222222222,0.2,0.2,0.2,0.2,0.10045882864484654,0.10514845880718365,0.15775973484704683,0.15030593960314748,0.14837436234285287,0.4092730146789141,0.004211951564583933,0.0017472344961461418,0.0036795819994848585,0.0008474025487068986,0.0009070505139523437,0.0012391573729863693
