LIMIT_BAL,SEX,EDUCATION,MARRIAGE,AGE,PAY_0,PAY_2,PAY_3,PAY_4,PAY_5,PAY_6,BILL_AMT1,BILL_AMT2,BILL_AMT3,BILL_AMT4,BILL_AMT5,BILL_AMT6,PAY_AMT1,PAY_AMT2,PAY_AMT3,PAY_AMT4,PAY_AMT5,PAY_AMT6
0.05063291139240507,0.0,0.3333333333333333,0.6666666666666666,0.2777777777777778,0.2,0.2222222222222222,0.4,0.2,0.2,0.2,0.050719166416819846,0.0662622858025009,0.10469448153717408,0.10053457027621462,0.1617876295330438,0.418827725770183,0.006080777042228969,0.0008149414627547304,0.002628272856774899,0.004999425066117396,0.0025768480510009765,0.004956629491945477
