LIMIT_BAL,SEX,EDUCATION,MARRIAGE,AGE,PAY_0,PAY_2,PAY_3,PAY_4,PAY_5,PAY_6,BILL_AMT1,BILL_AMT2,BILL_AMT3,BILL_AMT4,BILL_AMT5,BILL_AMT6,PAY_AMT1,PAY_AMT2,PAY_AMT3,PAY_AMT4,PAY_AMT5,PAY_AMT6
0.4430379746835443,1.0,0.16666666666666666,0.3333333333333333,0.18518518518518523,0.1,0.1111111111111111,0.1,0.1,0.1,0.0,0.024751317386042377,0.04349560026758607,0.07689666726638596,0.07643246255910537,0.13289738989487032,0.3979407101702482,0.0009323858131417753,0.00037487307286717596,0.0010486808698531847,0.0,0.0,0.0
