LIMIT_BAL,SEX,EDUCATION,MARRIAGE,AGE,PAY_0,PAY_2,PAY_3,PAY_4,PAY_5,PAY_6,BILL_AMT1,BILL_AMT2,BILL_AMT3,BILL_AMT4,BILL_AMT5,BILL_AMT6,PAY_AMT1,PAY_AMT2,PAY_AMT3,PAY_AMT4,PAY_AMT5,PAY_AMT6
0.10126582278481013,1.0,0.3333333333333333,0.6666666666666666,0.09259259259259262,0.2,0.2222222222222222,0.2,0.2,0.2,0.2,0.09477487885699395,0.0986209025883806,0.14261544733831927,0.13246795275165854,0.19388208612333868,0.43824532664011406,0.00405385136148598,0.0020373536568868257,0.007884818570324697,0.0074991375991760945,0.005153696102001953,0.007434944237918216
