LIMIT_BAL,SEX,EDUCATION,MARRIAGE,AGE,PAY_0,PAY_2,PAY_3,PAY_4,PAY_5,PAY_6,BILL_AMT1,BILL_AMT2,BILL_AMT3,BILL_AMT4,BILL_AMT5,BILL_AMT6,PAY_AMT1,PAY_AMT2,PAY_AMT3,PAY_AMT4,PAY_AMT5,PAY_AMT6
0.05063291139240507,1.0,0.3333333333333333,0.6666666666666666,0.14814814814814814,0.1,0.1111111111111111,0.1,0.2,0.2,0.2,0.0260745898718639,0.04393428703751351,0.09513913762567283,0.09308234899288638,0.146769802910429,0.3979407101702482,0.0016235674702751348,0.009381606119232456,0.0,0.0,0.0,0.002354399008674102
