LIMIT_BAL,SEX,EDUCATION,MARRIAGE,AGE,PAY_0,PAY_2,PAY_3,PAY_4,PAY_5,PAY_6,BILL_AMT1,BILL_AMT2,BILL_AMT3,BILL_AMT4,BILL_AMT5,BILL_AMT6,PAY_AMT1,PAY_AMT2,PAY_AMT3,PAY_AMT4,PAY_AMT5,PAY_AMT6
0.1139240506329114,1.0,0.3333333333333333,0.6666666666666666,0.14814814814814814,0.2,0.2222222222222222,0.2,0.1,0.1,0.1,0.03629659512414117,0.057233829053671595,0.08225782757465268,0.07910081923494124,0.13608199919608632,0.39878087792257094,0.010134628403714948,0.0008149414627547304,0.005729634827769279,0.004871939726931403,0.0018476000525677002,0.09665427509293681
