LIMIT_BAL,SEX,EDUCATION,MARRIAGE,AGE,PAY_0,PAY_2,PAY_3,PAY_4,PAY_5,PAY_6,BILL_AMT1,BILL_AMT2,BILL_AMT3,BILL_AMT4,BILL_AMT5,BILL_AMT6,PAY_AMT1,PAY_AMT2,PAY_AMT3,PAY_AMT4,PAY_AMT5,PAY_AMT6
0.1139240506329114,0.0,0.3333333333333333,0.6666666666666666,0.3148148148148149,0.2,0.2222222222222222,0.2,0.2,0.2,0.1,0.06483250321399812,0.07786111254052386,0.14923436754649338,0.14390398111025213,0.13935484292637654,0.4023032548590873,0.004041689807401522,0.01586039074813256,0.007884818570324697,0.0007549131849837269,0.009593605293876636,0.038319702602230485
