LIMIT_BAL,SEX,EDUCATION,MARRIAGE,AGE,PAY_0,PAY_2,PAY_3,PAY_4,PAY_5,PAY_6,BILL_AMT1,BILL_AMT2,BILL_AMT3,BILL_AMT4,BILL_AMT5,BILL_AMT6,PAY_AMT1,PAY_AMT2,PAY_AMT3,PAY_AMT4,PAY_AMT5,PAY_AMT6
0.0,0.0,0.5,0.6666666666666666,0.018518518518518545,0.30000000000000004,0.1111111111111111,0.2,0.2,0.2,0.2,0.024029246990457682,0.05254206761694026,0.09031442346894142,0.08986563827810838,0.14554432472884254,0.39911249225159096,0.01518572720012648,0.00099748835041179,0.002628272856774899,0.00043744969328527215,0.0,0.0
