LIMIT_BAL,SEX,EDUCATION,MARRIAGE,AGE,PAY_0,PAY_2,PAY_3,PAY_4,PAY_5,PAY_6,BILL_AMT1,BILL_AMT2,BILL_AMT3,BILL_AMT4,BILL_AMT5,BILL_AMT6,PAY_AMT1,PAY_AMT2,PAY_AMT3,PAY_AMT4,PAY_AMT5,PAY_AMT6
0.4936708860759494,0.0,0.16666666666666666,0.6666666666666666,0.2962962962962963,0.1,0.1111111111111111,0.1,0.1,0.1,0.1,0.026828054632474015,0.04451319919724181,0.07717561926518432,0.07583466676255371,0.13339248308023124,0.39819733044606226,0.00253568402660948,0.0005125981800727254,0.0,0.0007574128975167856,0.0005643297231692139,0.004064436183395291
