LIMIT_BAL,SEX,EDUCATION,MARRIAGE,AGE,PAY_0,PAY_2,PAY_3,PAY_4,PAY_5,PAY_6,BILL_AMT1,BILL_AMT2,BILL_AMT3,BILL_AMT4,BILL_AMT5,BILL_AMT6,PAY_AMT1,PAY_AMT2,PAY_AMT3,PAY_AMT4,PAY_AMT5,PAY_AMT6
0.12658227848101264,0.0,0.16666666666666666,0.6666666666666666,0.2407407407407407,0.1,0.1111111111111111,0.4,0.1,0.1,0.2,0.04900032493167801,0.06718339937220193,0.07760642678995576,0.08095863073299653,0.1399381705408117,0.3987996264358724,0.008134052756821619,1.6298829255094607e-06,0.009014975898737903,0.010796258430280517,5.153696102001953e-06,0.004721189591078067
