LIMIT_BAL,SEX,EDUCATION,MARRIAGE,AGE,PAY_0,PAY_2,PAY_3,PAY_4,PAY_5,PAY_6,BILL_AMT1,BILL_AMT2,BILL_AMT3,BILL_AMT4,BILL_AMT5,BILL_AMT6,PAY_AMT1,PAY_AMT2,PAY_AMT3,PAY_AMT4,PAY_AMT5,PAY_AMT6
0.05063291139240507,1.0,0.3333333333333333,0.3333333333333333,0.12962962962962965,0.2,0.2222222222222222,0.2,0.2,0.2,0.2,0.10408173836878018,0.10864637472340863,0.15910002492411351,0.10625483180813003,0.16609804479041057,0.42176303988394664,0.0044774788287612645,0.0014065889647146646,0.0018660737283101782,0.0018097918739344975,0.0018888296213837158,0.0017645600991325898
