LIMIT_BAL,SEX,EDUCATION,MARRIAGE,AGE,PAY_0,PAY_2,PAY_3,PAY_4,PAY_5,PAY_6,BILL_AMT1,BILL_AMT2,BILL_AMT3,BILL_AMT4,BILL_AMT5,BILL_AMT6,PAY_AMT1,PAY_AMT2,PAY_AMT3,PAY_AMT4,PAY_AMT5,PAY_AMT6
0.05063291139240507,1.0,0.3333333333333333,0.6666666666666666,0.07407407407407407,0.2,0.2222222222222222,0.2,0.2,0.2,0.2,0.06234293006748219,0.07528302372253384,0.09820265780182524,0.09702270725085849,0.15726153011571783,0.41629081756407593,0.0026350033849658868,0.0012224121941320956,0.002628272856774899,0.002499712533058698,0.0025768480510009765,0.0024783147459727386
