LIMIT_BAL,SEX,EDUCATION,MARRIAGE,AGE,PAY_0,PAY_2,PAY_3,PAY_4,PAY_5,PAY_6,BILL_AMT1,BILL_AMT2,BILL_AMT3,BILL_AMT4,BILL_AMT5,BILL_AMT6,PAY_AMT1,PAY_AMT2,PAY_AMT3,PAY_AMT4,PAY_AMT5,PAY_AMT6
0.15189873417721517,0.0,0.16666666666666666,0.6666666666666666,0.2962962962962963,0.2,0.2222222222222222,0.2,0.2,0.2,0.2,0.19572973846924216,0.1794614830443061,0.15015210311650456,0.1439309493416755,0.2089816112913926,0.45361910754733115,0.010742706107937846,0.0013854004866830417,0.0034167547138073684,0.0037495687995880472,0.0038652720765014648,0.0034696406443618343
