LIMIT_BAL,SEX,EDUCATION,MARRIAGE,AGE,PAY_0,PAY_2,PAY_3,PAY_4,PAY_5,PAY_6,BILL_AMT1,BILL_AMT2,BILL_AMT3,BILL_AMT4,BILL_AMT5,BILL_AMT6,PAY_AMT1,PAY_AMT2,PAY_AMT3,PAY_AMT4,PAY_AMT5,PAY_AMT6
0.012658227848101266,0.0,0.3333333333333333,0.3333333333333333,0.18518518518518523,0.1,0.1111111111111111,0.1,0.2,0.1,0.1,0.025341531448520305,0.043405547264961666,0.07742486040020534,0.07641897844339368,0.1335346385492953,0.3979407101702482,0.000790501015489766,0.0006356543409486897,0.0,0.0009748878878928923,0.0,0.0019330855018587362
