LIMIT_BAL,SEX,EDUCATION,MARRIAGE,AGE,PAY_0,PAY_2,PAY_3,PAY_4,PAY_5,PAY_6,BILL_AMT1,BILL_AMT2,BILL_AMT3,BILL_AMT4,BILL_AMT5,BILL_AMT6,PAY_AMT1,PAY_AMT2,PAY_AMT3,PAY_AMT4,PAY_AMT5,PAY_AMT6
0.025316455696202535,0.0,0.5,0.6666666666666666,0.2962962962962963,0.2,0.2222222222222222,0.2,0.2,0.2,0.2,0.05955040129847093,0.05748211804662173,0.0967220664235878,0.08779807386898233,0.15515043970157155,0.419029272288174,0.010138682255076435,0.004077152138161916,0.020981502215634017,0.02499712533058698,0.026033895859262867,0.025045848822800497
