LIMIT_BAL,SEX,EDUCATION,MARRIAGE,AGE,PAY_0,PAY_2,PAY_3,PAY_4,PAY_5,PAY_6,BILL_AMT1,BILL_AMT2,BILL_AMT3,BILL_AMT4,BILL_AMT5,BILL_AMT6,PAY_AMT1,PAY_AMT2,PAY_AMT3,PAY_AMT4,PAY_AMT5,PAY_AMT6
0.5189873417721519,1.0,0.3333333333333333,0.3333333333333333,0.2962962962962963,0.0,0.0,0.0,0.0,0.0,0.0,0.031727145294691055,0.04965522564709515,0.08495821497130426,0.0834127397925244,0.13619637715970107,0.40080337379496855,0.010807567729721622,0.004358306942812298,0.013312202019564862,0.005046919604245512,0.006295239788595386,0.011640644361833954
