LIMIT_BAL,SEX,EDUCATION,MARRIAGE,AGE,PAY_0,PAY_2,PAY_3,PAY_4,PAY_5,PAY_6,BILL_AMT1,BILL_AMT2,BILL_AMT3,BILL_AMT4,BILL_AMT5,BILL_AMT6,PAY_AMT1,PAY_AMT2,PAY_AMT3,PAY_AMT4,PAY_AMT5,PAY_AMT6
0.06329113924050633,0.0,0.3333333333333333,0.6666666666666666,0.09259259259259262,0.2,0.2222222222222222,0.2,0.2,0.2,0.2,0.08708639886226821,0.09085576081922503,0.12599056845135426,0.12199379131383231,0.1873462024882109,0.4368321574500147,0.003022146189987798,0.0016298829255094608,0.0028700739595981894,0.0074991375991760945,0.0034864754130043214,0.004956629491945477
