LIMIT_BAL,SEX,EDUCATION,MARRIAGE,AGE,PAY_0,PAY_2,PAY_3,PAY_4,PAY_5,PAY_6,BILL_AMT1,BILL_AMT2,BILL_AMT3,BILL_AMT4,BILL_AMT5,BILL_AMT6,PAY_AMT1,PAY_AMT2,PAY_AMT3,PAY_AMT4,PAY_AMT5,PAY_AMT6
0.1772151898734177,1.0,0.16666666666666666,0.3333333333333333,0.4444444444444444,0.0,0.0,0.1,0.4,0.4,0.0,0.025413738488078774,0.04323573303144137,0.07717561926518432,0.07635755080515153,0.1375133577121793,0.400565502032456,0.0005229468256316913,0.0005125981800727254,7.884818570324697e-06,0.007061687905890822,0.0,0.004983890954151178
