LIMIT_BAL,SEX,EDUCATION,MARRIAGE,AGE,PAY_0,PAY_2,PAY_3,PAY_4,PAY_5,PAY_6,BILL_AMT1,BILL_AMT2,BILL_AMT3,BILL_AMT4,BILL_AMT5,BILL_AMT6,PAY_AMT1,PAY_AMT2,PAY_AMT3,PAY_AMT4,PAY_AMT5,PAY_AMT6
0.05063291139240507,1.0,0.5,0.6666666666666666,0.018518518518518545,0.4,0.1111111111111111,0.1,0.4,0.2,0.2,0.026008661705310514,0.04452606391190244,0.07966307880476498,0.0781719134859136,0.1348091358581452,0.39885470019369557,0.0025559532834169103,0.001740714964444104,0.0,0.0,0.0,0.0
