LIMIT_BAL,SEX,EDUCATION,MARRIAGE,AGE,PAY_0,PAY_2,PAY_3,PAY_4,PAY_5,PAY_6,BILL_AMT1,BILL_AMT2,BILL_AMT3,BILL_AMT4,BILL_AMT5,BILL_AMT6,PAY_AMT1,PAY_AMT2,PAY_AMT3,PAY_AMT4,PAY_AMT5,PAY_AMT6
0.22784810126582275,1.0,0.3333333333333333,0.3333333333333333,0.2222222222222222,0.30000000000000004,0.0,0.0,0.0,0.0,0.0,0.020104951362279983,0.039044408995008495,0.0711855790069639,0.07133996152532317,0.1279954771685245,0.39442536392621985,0.0,0.0,0.0,0.0,0.0,0.0
