LIMIT_BAL,SEX,EDUCATION,MARRIAGE,AGE,PAY_0,PAY_2,PAY_3,PAY_4,PAY_5,PAY_6,BILL_AMT1,BILL_AMT2,BILL_AMT3,BILL_AMT4,BILL_AMT5,BILL_AMT6,PAY_AMT1,PAY_AMT2,PAY_AMT3,PAY_AMT4,PAY_AMT5,PAY_AMT6
0.12658227848101264,1.0,0.3333333333333333,0.6666666666666666,0.35185185185185186,0.2,0.2222222222222222,0.2,0.2,0.2,0.2,0.17621343145118884,0.16328024494416715,0.21907140345867465,0.1973070722688673,0.2599337261399398,0.49040954955525007,0.006597643090818432,0.002490461110178456,0.007364420544683266,0.007031691355494118,0.010307392204003906,0.008674101610904586
