LIMIT_BAL,SEX,EDUCATION,MARRIAGE,AGE,PAY_0,PAY_2,PAY_3,PAY_4,PAY_5,PAY_6,BILL_AMT1,BILL_AMT2,BILL_AMT3,BILL_AMT4,BILL_AMT5,BILL_AMT6,PAY_AMT1,PAY_AMT2,PAY_AMT3,PAY_AMT4,PAY_AMT5,PAY_AMT6
0.05063291139240507,1.0,0.5,0.6666666666666666,0.14814814814814814,0.4,0.2222222222222222,0.2,0.2,0.2,0.2,0.0997822800785487,0.10560644264910204,0.12062610693600115,0.11757549606563468,0.17933484312245307,0.4319751207228489,0.0034984737249624,0.0012224121941320956,0.003616503450922261,0.0023397309309429416,0.0025768480510009765,0.0027261462205700124
