LIMIT_BAL,SEX,EDUCATION,MARRIAGE,AGE,PAY_0,PAY_2,PAY_3,PAY_4,PAY_5,PAY_6,BILL_AMT1,BILL_AMT2,BILL_AMT3,BILL_AMT4,BILL_AMT5,BILL_AMT6,PAY_AMT1,PAY_AMT2,PAY_AMT3,PAY_AMT4,PAY_AMT5,PAY_AMT6
0.3164556962025316,1.0,0.3333333333333333,0.3333333333333333,0.462962962962963,0.0,0.0,0.0,0.0,0.0,0.0,0.024029246990457682,0.04307749704111563,0.0761373896365206,0.07583466676255371,0.13307549272392755,0.3990480442371171,0.0002736349669003036,0.0,0.0,0.0002724686661033981,0.002435121408195923,0.023048327137546468
