LIMIT_BAL,SEX,EDUCATION,MARRIAGE,AGE,PAY_0,PAY_2,PAY_3,PAY_4,PAY_5,PAY_6,BILL_AMT1,BILL_AMT2,BILL_AMT3,BILL_AMT4,BILL_AMT5,BILL_AMT6,PAY_AMT1,PAY_AMT2,PAY_AMT3,PAY_AMT4,PAY_AMT5,PAY_AMT6
0.025316455696202535,0.0,0.3333333333333333,0.6666666666666666,0.14814814814814814,0.9000000000000001,0.8888888888888888,0.7,0.6000000000000001,0.5,0.4,0.07687538163774985,0.08519657284001442,0.12912341397632043,0.12238632890455044,0.18213873720192286,0.4313318123601917,0.0,0.0,0.0,0.0,0.0,0.0040693928128872365
