LIMIT_BAL,SEX,EDUCATION,MARRIAGE,AGE,PAY_0,PAY_2,PAY_3,PAY_4,PAY_5,PAY_6,BILL_AMT1,BILL_AMT2,BILL_AMT3,BILL_AMT4,BILL_AMT5,BILL_AMT6,PAY_AMT1,PAY_AMT2,PAY_AMT3,PAY_AMT4,PAY_AMT5,PAY_AMT6
0.08860759493670886,0.0,0.3333333333333333,0.6666666666666666,0.3148148148148149,0.2,0.2222222222222222,0.2,0.2,0.2,0.2,0.16435264034458455,0.14739489528122268,0.2035606819633599,0.12061841151123975,0.18931513743329315,0.4392214211138726,0.010134628403714948,0.015608573836141351,0.003942409285162349,0.02499712533058698,0.0032829044169752444,0.0031598513011152417
