LIMIT_BAL,SEX,EDUCATION,MARRIAGE,AGE,PAY_0,PAY_2,PAY_3,PAY_4,PAY_5,PAY_6,BILL_AMT1,BILL_AMT2,BILL_AMT3,BILL_AMT4,BILL_AMT5,BILL_AMT6,PAY_AMT1,PAY_AMT2,PAY_AMT3,PAY_AMT4,PAY_AMT5,PAY_AMT6
0.012658227848101266,1.0,0.3333333333333333,0.6666666666666666,0.05555555555555558,0.2,0.1111111111111111,0.1,0.2,0.1,0.1,0.03071781645912375,0.05297689497246952,0.10454922842537374,0.08299772867562012,0.13809014944297932,0.4164947076462296,0.01587082808021761,0.014034106930099212,0.003161812246700203,0.007944086430060542,0.04080181203954946,0.0
