LIMIT_BAL,SEX,EDUCATION,MARRIAGE,AGE,PAY_0,PAY_2,PAY_3,PAY_4,PAY_5,PAY_6,BILL_AMT1,BILL_AMT2,BILL_AMT3,BILL_AMT4,BILL_AMT5,BILL_AMT6,PAY_AMT1,PAY_AMT2,PAY_AMT3,PAY_AMT4,PAY_AMT5,PAY_AMT6
0.20253164556962022,0.0,0.16666666666666666,0.3333333333333333,0.7592592592592593,0.2,0.2222222222222222,0.2,0.2,0.1,0.1,0.04440418989195629,0.05927288632738126,0.0957597645579106,0.09201860208674181,0.13531076492714125,0.3994663704401565,0.0031417348051516344,0.0008149414627547304,0.0005677069370633781,0.003692075411327697,0.0033550561624032717,0.0032267657992565055
