LIMIT_BAL,SEX,EDUCATION,MARRIAGE,AGE,PAY_0,PAY_2,PAY_3,PAY_4,PAY_5,PAY_6,BILL_AMT1,BILL_AMT2,BILL_AMT3,BILL_AMT4,BILL_AMT5,BILL_AMT6,PAY_AMT1,PAY_AMT2,PAY_AMT3,PAY_AMT4,PAY_AMT5,PAY_AMT6
0.08860759493670886,1.0,0.3333333333333333,0.6666666666666666,0.4444444444444444,0.2,0.2222222222222222,0.2,0.2,0.2,0.2,0.14659755720445738,0.145601554057531,0.2096646138660601,0.15531903417773862,0.2826786011901844,0.4532019531263731,0.006171988697862404,0.0020740260227107886,0.0055193729992272875,0.004249511306199787,0.008694285324077296,0.004312267657992566
