LIMIT_BAL,SEX,EDUCATION,MARRIAGE,AGE,PAY_0,PAY_2,PAY_3,PAY_4,PAY_5,PAY_6,BILL_AMT1,BILL_AMT2,BILL_AMT3,BILL_AMT4,BILL_AMT5,BILL_AMT6,PAY_AMT1,PAY_AMT2,PAY_AMT3,PAY_AMT4,PAY_AMT5,PAY_AMT6
0.1772151898734177,0.0,0.3333333333333333,0.6666666666666666,0.09259259259259262,0.2,0.2222222222222222,0.2,0.2,0.2,0.2,0.25103248217977353,0.23130242371224208,0.27855750455153927,0.18776930775546408,0.2579484514857697,0.4875257938530655,0.013580402060978032,0.003067439665808805,0.007096336713292227,0.0074991375991760945,0.0077305441530029296,0.0069392812887236685
