LIMIT_BAL,SEX,EDUCATION,MARRIAGE,AGE,PAY_0,PAY_2,PAY_3,PAY_4,PAY_5,PAY_6,BILL_AMT1,BILL_AMT2,BILL_AMT3,BILL_AMT4,BILL_AMT5,BILL_AMT6,PAY_AMT1,PAY_AMT2,PAY_AMT3,PAY_AMT4,PAY_AMT5,PAY_AMT6
0.24050632911392406,1.0,0.16666666666666666,0.3333333333333333,0.35185185185185186,0.0,0.0,0.0,0.0,0.0,0.0,0.03430933181803198,0.05498250398806155,0.10663229009687393,0.07735687360289578,0.14095940235880042,0.4070208495185733,0.019095666838279707,0.011464596498033547,7.884818570324697e-06,0.012368577613574438,0.020022109356277587,0.05927633209417596
