LIMIT_BAL,SEX,EDUCATION,MARRIAGE,AGE,PAY_0,PAY_2,PAY_3,PAY_4,PAY_5,PAY_6,BILL_AMT1,BILL_AMT2,BILL_AMT3,BILL_AMT4,BILL_AMT5,BILL_AMT6,PAY_AMT1,PAY_AMT2,PAY_AMT3,PAY_AMT4,PAY_AMT5,PAY_AMT6
0.10126582278481013,1.0,0.3333333333333333,0.3333333333333333,0.537037037037037,0.2,0.2222222222222222,0.2,0.4,0.2,0.2,0.09221623810742209,0.10016724129058818,0.15483321476497883,0.14567489497372094,0.2105714649856374,0.4549080678368082,0.004256543929560278,0.0034227541435698674,0.0,0.004999425066117396,0.005153696102001953,0.004956629491945477
