LIMIT_BAL,SEX,EDUCATION,MARRIAGE,AGE,PAY_0,PAY_2,PAY_3,PAY_4,PAY_5,PAY_6,BILL_AMT1,BILL_AMT2,BILL_AMT3,BILL_AMT4,BILL_AMT5,BILL_AMT6,PAY_AMT1,PAY_AMT2,PAY_AMT3,PAY_AMT4,PAY_AMT5,PAY_AMT6
0.24050632911392406,1.0,0.16666666666666666,0.6666666666666666,0.2407407407407407,0.1,0.1111111111111111,0.1,0.1,0.2,0.2,0.036864833131101296,0.045462615139196215,0.07676792019001749,0.09139084158860862,0.14438420538360736,0.3979407101702482,0.0049720486948625535,0.000311307638772307,0.027289357071893776,0.0,0.007823310682838964,0.0
