LIMIT_BAL,SEX,EDUCATION,MARRIAGE,AGE,PAY_0,PAY_2,PAY_3,PAY_4,PAY_5,PAY_6,BILL_AMT1,BILL_AMT2,BILL_AMT3,BILL_AMT4,BILL_AMT5,BILL_AMT6,PAY_AMT1,PAY_AMT2,PAY_AMT3,PAY_AMT4,PAY_AMT5,PAY_AMT6
0.025316455696202535,0.0,0.3333333333333333,0.6666666666666666,0.11111111111111116,0.2,0.2222222222222222,0.2,0.4,0.2,0.2,0.06339935045058763,0.0768126382956826,0.1245314349191782,0.11854934886703464,0.1816109645983863,0.4333039216030916,0.00405385136148598,0.0030152834121925025,0.0,0.004999425066117396,0.0023449317264108887,0.0022726146220570015
