LIMIT_BAL,SEX,EDUCATION,MARRIAGE,AGE,PAY_0,PAY_2,PAY_3,PAY_4,PAY_5,PAY_6,BILL_AMT1,BILL_AMT2,BILL_AMT3,BILL_AMT4,BILL_AMT5,BILL_AMT6,PAY_AMT1,PAY_AMT2,PAY_AMT3,PAY_AMT4,PAY_AMT5,PAY_AMT6
0.4430379746835443,1.0,0.16666666666666666,0.6666666666666666,0.16666666666666674,0.2,0.1111111111111111,0.1,0.1,0.1,0.0,0.08212765890650287,0.04909175114495961,0.0826886350994241,0.08580841768396828,0.13394639921830834,0.4052104462028987,0.009980582051978482,0.0032345026656735248,0.017496412407550503,0.0016048154462236842,0.015986765308410058,0.017477075588599754
