LIMIT_BAL,SEX,EDUCATION,MARRIAGE,AGE,PAY_0,PAY_2,PAY_3,PAY_4,PAY_5,PAY_6,BILL_AMT1,BILL_AMT2,BILL_AMT3,BILL_AMT4,BILL_AMT5,BILL_AMT6,PAY_AMT1,PAY_AMT2,PAY_AMT3,PAY_AMT4,PAY_AMT5,PAY_AMT6
0.36708860759493667,1.0,0.16666666666666666,0.6666666666666666,0.5,0.4,0.2222222222222222,0.2,0.2,0.2,0.2,0.5012863841069166,0.43608423815159786,0.5807219409777186,0.47888537303057,0.5826152031189237,0.7030950280114505,0.023309645328544383,0.009779297553056765,0.02628272856774899,0.02624698159711633,0.025768480510009767,0.024783147459727387
