LIMIT_BAL,SEX,EDUCATION,MARRIAGE,AGE,PAY_0,PAY_2,PAY_3,PAY_4,PAY_5,PAY_6,BILL_AMT1,BILL_AMT2,BILL_AMT3,BILL_AMT4,BILL_AMT5,BILL_AMT6,PAY_AMT1,PAY_AMT2,PAY_AMT3,PAY_AMT4,PAY_AMT5,PAY_AMT6
0.1772151898734177,0.0,0.3333333333333333,0.6666666666666666,0.20370370370370372,0.2,0.2222222222222222,0.2,0.2,0.2,0.2,0.25444034050328307,0.16222405187052952,0.19798824440156543,0.12933064849607162,0.17893942216252784,0.4222926853847136,0.006688854746451867,0.0025377277150182304,0.005256545713549798,0.004999425066117396,0.005153696102001953,0.009169764560099132
