LIMIT_BAL,SEX,EDUCATION,MARRIAGE,AGE,PAY_0,PAY_2,PAY_3,PAY_4,PAY_5,PAY_6,BILL_AMT1,BILL_AMT2,BILL_AMT3,BILL_AMT4,BILL_AMT5,BILL_AMT6,PAY_AMT1,PAY_AMT2,PAY_AMT3,PAY_AMT4,PAY_AMT5,PAY_AMT6
0.08860759493670886,1.0,0.16666666666666666,0.6666666666666666,0.16666666666666674,0.2,0.2222222222222222,0.2,0.2,0.2,0.2,0.13317646615608963,0.13464724952400556,0.1966760145847329,0.18702618315624195,0.2568585928896122,0.4886928888060829,0.0070942398826004645,0.002852295119641556,0.007884818570324697,0.0074991375991760945,0.0077305441530029296,0.007434944237918216
