LIMIT_BAL,SEX,EDUCATION,MARRIAGE,AGE,PAY_0,PAY_2,PAY_3,PAY_4,PAY_5,PAY_6,BILL_AMT1,BILL_AMT2,BILL_AMT3,BILL_AMT4,BILL_AMT5,BILL_AMT6,PAY_AMT1,PAY_AMT2,PAY_AMT3,PAY_AMT4,PAY_AMT5,PAY_AMT6
0.3291139240506329,1.0,0.3333333333333333,0.3333333333333333,0.2962962962962963,0.1,0.1111111111111111,0.0,0.1,0.1,0.1,0.02450644133884409,0.04287552102094376,0.07556297960349202,0.07632309139833277,0.13343006441113323,0.3982969319229764,0.0,0.0,0.002628272856774899,0.0008149062857771356,0.0007833618075042969,0.0
