LIMIT_BAL,SEX,EDUCATION,MARRIAGE,AGE,PAY_0,PAY_2,PAY_3,PAY_4,PAY_5,PAY_6,BILL_AMT1,BILL_AMT2,BILL_AMT3,BILL_AMT4,BILL_AMT5,BILL_AMT6,PAY_AMT1,PAY_AMT2,PAY_AMT3,PAY_AMT4,PAY_AMT5,PAY_AMT6
0.012658227848101266,0.0,0.5,0.3333333333333333,0.4814814814814815,0.30000000000000004,0.4444444444444444,0.2,0.2,0.2,0.4,0.05501391555229752,0.06752302783924252,0.10891342419355637,0.09894044815207685,0.16439871504527734,0.4091159958800142,0.0,0.0009779297553056765,0.0,0.023839758427780803,0.0,0.0
