LIMIT_BAL,SEX,EDUCATION,MARRIAGE,AGE,PAY_0,PAY_2,PAY_3,PAY_4,PAY_5,PAY_6,BILL_AMT1,BILL_AMT2,BILL_AMT3,BILL_AMT4,BILL_AMT5,BILL_AMT6,PAY_AMT1,PAY_AMT2,PAY_AMT3,PAY_AMT4,PAY_AMT5,PAY_AMT6
0.16455696202531644,0.0,0.16666666666666666,0.6666666666666666,0.6481481481481481,0.2,0.2222222222222222,0.2,0.2,0.2,0.2,0.24477872466670958,0.22579632583749296,0.16086947192240844,0.1530432150926209,0.2182445923732774,0.46101305248060404,0.012364246652532237,0.001964823866701655,0.005256545713549798,0.005101913279972803,0.0077305441530029296,0.004644361833952912
