LIMIT_BAL,SEX,EDUCATION,MARRIAGE,AGE,PAY_0,PAY_2,PAY_3,PAY_4,PAY_5,PAY_6,BILL_AMT1,BILL_AMT2,BILL_AMT3,BILL_AMT4,BILL_AMT5,BILL_AMT6,PAY_AMT1,PAY_AMT2,PAY_AMT3,PAY_AMT4,PAY_AMT5,PAY_AMT6
0.08860759493670886,1.0,0.5,0.3333333333333333,0.2962962962962963,0.2,0.2222222222222222,0.2,0.2,0.2,0.4,0.06317958989540967,0.07628132558019864,0.121193914554857,0.11773880368925406,0.1816828593183727,0.4317724024227766,0.0028843152436972743,0.0014465210963896464,0.003803110823753279,0.00583682876469206,0.0,0.0026022304832713757
