LIMIT_BAL,SEX,EDUCATION,MARRIAGE,AGE,PAY_0,PAY_2,PAY_3,PAY_4,PAY_5,PAY_6,BILL_AMT1,BILL_AMT2,BILL_AMT3,BILL_AMT4,BILL_AMT5,BILL_AMT6,PAY_AMT1,PAY_AMT2,PAY_AMT3,PAY_AMT4,PAY_AMT5,PAY_AMT6
0.12658227848101264,1.0,0.3333333333333333,0.6666666666666666,0.09259259259259262,0.2,0.2222222222222222,0.2,0.2,0.2,0.2,0.09471052040869184,0.1024365769567231,0.15458562423350097,0.14885115334136387,0.2144733875158087,0.45766292751004506,0.00405385136148598,0.0016298829255094608,0.005256545713549798,0.004999425066117396,0.005153696102001953,0.006195786864931847
