LIMIT_BAL,SEX,EDUCATION,MARRIAGE,AGE,PAY_0,PAY_2,PAY_3,PAY_4,PAY_5,PAY_6,BILL_AMT1,BILL_AMT2,BILL_AMT3,BILL_AMT4,BILL_AMT5,BILL_AMT6,PAY_AMT1,PAY_AMT2,PAY_AMT3,PAY_AMT4,PAY_AMT5,PAY_AMT6
0.08860759493670886,1.0,0.5,0.3333333333333333,0.2962962962962963,0.4,0.4444444444444444,0.4,0.4,0.2,0.2,0.17009153027123164,0.17077394123398346,0.24201479270895404,0.22263473628066138,0.29672094718025643,0.517634734433168,0.01791802301776803,0.00290119160740684,0.0,0.009778875429325627,0.009874481731435743,0.008693928128872368
