LIMIT_BAL,SEX,EDUCATION,MARRIAGE,AGE,PAY_0,PAY_2,PAY_3,PAY_4,PAY_5,PAY_6,BILL_AMT1,BILL_AMT2,BILL_AMT3,BILL_AMT4,BILL_AMT5,BILL_AMT6,PAY_AMT1,PAY_AMT2,PAY_AMT3,PAY_AMT4,PAY_AMT5,PAY_AMT6
0.20253164556962022,0.0,0.3333333333333333,0.3333333333333333,0.2407407407407407,0.1,0.1111111111111111,0.1,0.1,0.1,0.1,0.03650850708806276,0.05151160397262389,0.08823961481515717,0.07990387323732642,0.13976006771175448,0.40697280645323824,0.013562159729851345,0.005975150804917683,0.007138389079000626,0.010498792638846533,0.01986234477711553,0.03196282527881041
