LIMIT_BAL,SEX,EDUCATION,MARRIAGE,AGE,PAY_0,PAY_2,PAY_3,PAY_4,PAY_5,PAY_6,BILL_AMT1,BILL_AMT2,BILL_AMT3,BILL_AMT4,BILL_AMT5,BILL_AMT6,PAY_AMT1,PAY_AMT2,PAY_AMT3,PAY_AMT4,PAY_AMT5,PAY_AMT6
0.26582278481012656,1.0,0.3333333333333333,0.3333333333333333,0.2592592592592593,0.4,0.4444444444444444,0.4,0.4,0.2,0.2,0.06986815936407574,0.08203828539083004,0.12932313700504589,0.12525095437574538,0.18850305389162852,0.4405010071466989,0.00405385136148598,0.002118847803162299,0.004205236570839838,0.003999540052893917,0.0077305441530029296,0.0
