LIMIT_BAL,SEX,EDUCATION,MARRIAGE,AGE,PAY_0,PAY_2,PAY_3,PAY_4,PAY_5,PAY_6,BILL_AMT1,BILL_AMT2,BILL_AMT3,BILL_AMT4,BILL_AMT5,BILL_AMT6,PAY_AMT1,PAY_AMT2,PAY_AMT3,PAY_AMT4,PAY_AMT5,PAY_AMT6
0.08860759493670886,1.0,0.3333333333333333,0.3333333333333333,0.4814814814814815,0.2,0.2222222222222222,0.4,0.2,0.2,0.2,0.14601833116973834,0.14459810631400197,0.2068750938780765,0.1927434482179992,0.2608258742561348,0.4903591629257523,0.010134628403714948,0.002444824388264191,0.007884818570324697,0.0074991375991760945,0.0077305441530029296,0.012391573729863693
