LIMIT_BAL,SEX,EDUCATION,MARRIAGE,AGE,PAY_0,PAY_2,PAY_3,PAY_4,PAY_5,PAY_6,BILL_AMT1,BILL_AMT2,BILL_AMT3,BILL_AMT4,BILL_AMT5,BILL_AMT6,PAY_AMT1,PAY_AMT2,PAY_AMT3,PAY_AMT4,PAY_AMT5,PAY_AMT6
0.05063291139240507,1.0,0.16666666666666666,0.6666666666666666,0.07407407407407407,0.4,0.4444444444444444,0.4,0.4,0.4,0.4,0.09577792881955617,0.10576339216796171,0.154950407616545,0.1519435105445785,0.21443907412672425,0.4565040350315971,0.00790501015489766,0.0,0.009987436855744616,0.0,0.010307392204003906,0.0
