LIMIT_BAL,SEX,EDUCATION,MARRIAGE,AGE,PAY_0,PAY_2,PAY_3,PAY_4,PAY_5,PAY_6,BILL_AMT1,BILL_AMT2,BILL_AMT3,BILL_AMT4,BILL_AMT5,BILL_AMT6,PAY_AMT1,PAY_AMT2,PAY_AMT3,PAY_AMT4,PAY_AMT5,PAY_AMT6
0.27848101265822783,0.0,0.16666666666666666,0.3333333333333333,0.2962962962962963,0.30000000000000004,0.1111111111111111,0.1,0.4,0.1,0.2,0.024029246990457682,0.04555652755621881,0.08448284115086682,0.08040428375373809,0.1389430822573635,0.40016709612479945,0.004179520753692045,0.0024855714614019277,0.0,0.009248936372317183,0.0,0.006037174721189592
