LIMIT_BAL,SEX,EDUCATION,MARRIAGE,AGE,PAY_0,PAY_2,PAY_3,PAY_4,PAY_5,PAY_6,BILL_AMT1,BILL_AMT2,BILL_AMT3,BILL_AMT4,BILL_AMT5,BILL_AMT6,PAY_AMT1,PAY_AMT2,PAY_AMT3,PAY_AMT4,PAY_AMT5,PAY_AMT6
0.0,0.0,0.5,0.0,0.35185185185185186,0.2,0.2222222222222222,0.2,0.2,0.2,0.0,0.037035932420489845,0.05499022281685793,0.09264342506837625,0.09081701755332218,0.13289738989487032,0.3979407101702482,0.0028376959530401857,0.0008149414627547304,0.0,0.0,0.0,0.0
