LIMIT_BAL,SEX,EDUCATION,MARRIAGE,AGE,PAY_0,PAY_2,PAY_3,PAY_4,PAY_5,PAY_6,BILL_AMT1,BILL_AMT2,BILL_AMT3,BILL_AMT4,BILL_AMT5,BILL_AMT6,PAY_AMT1,PAY_AMT2,PAY_AMT3,PAY_AMT4,PAY_AMT5,PAY_AMT6
0.0379746835443038,0.0,0.3333333333333333,0.6666666666666666,0.33333333333333337,0.2,0.2222222222222222,0.2,0.2,0.2,0.1,0.08687134746184406,0.08992306900632945,0.1049090599977882,0.09835463823615781,0.15021748152795888,0.404168731932585,0.00410857835486604,0.0009836343455449596,0.0007911101298892446,0.000529939057008444,0.01369594739107019,0.012359355638166047
