LIMIT_BAL,SEX,EDUCATION,MARRIAGE,AGE,PAY_0,PAY_2,PAY_3,PAY_4,PAY_5,PAY_6,BILL_AMT1,BILL_AMT2,BILL_AMT3,BILL_AMT4,BILL_AMT5,BILL_AMT6,PAY_AMT1,PAY_AMT2,PAY_AMT3,PAY_AMT4,PAY_AMT5,PAY_AMT6
0.16455696202531644,0.0,0.16666666666666666,0.6666666666666666,0.12962962962962965,0.2,0.2222222222222222,0.2,0.1,0.1,0.1,0.0612347089820848,0.0736723614470231,0.11651115230283954,0.07648639902195215,0.13360816724019048,0.3984504353756323,0.002953230716842536,0.0008149414627547304,0.001143298692697081,0.0010873749518805337,0.0011209289021854249,0.0010780669144981414
