LIMIT_BAL,SEX,EDUCATION,MARRIAGE,AGE,PAY_0,PAY_2,PAY_3,PAY_4,PAY_5,PAY_6,BILL_AMT1,BILL_AMT2,BILL_AMT3,BILL_AMT4,BILL_AMT5,BILL_AMT6,PAY_AMT1,PAY_AMT2,PAY_AMT3,PAY_AMT4,PAY_AMT5,PAY_AMT6
0.0,0.0,0.3333333333333333,0.6666666666666666,0.11111111111111116,0.2,0.2222222222222222,0.2,0.2,0.2,0.2,0.03887407249272828,0.055194771779961925,0.08824456662578672,0.08935623835122226,0.1457828844815247,0.40776258757606326,0.0022438067285824896,0.0010675733162086969,0.005256545713549798,0.0006724226713927898,0.0025768480510009765,0.0027261462205700124
