LIMIT_BAL,SEX,EDUCATION,MARRIAGE,AGE,PAY_0,PAY_2,PAY_3,PAY_4,PAY_5,PAY_6,BILL_AMT1,BILL_AMT2,BILL_AMT3,BILL_AMT4,BILL_AMT5,BILL_AMT6,PAY_AMT1,PAY_AMT2,PAY_AMT3,PAY_AMT4,PAY_AMT5,PAY_AMT6
0.08860759493670886,0.0,0.16666666666666666,0.6666666666666666,0.33333333333333337,0.4,0.4444444444444444,0.4,0.4,0.2,0.2,0.14685342127941456,0.14505480368445428,0.20882610726612189,0.19288877702066964,0.25669029388600767,0.4845037678652825,0.006080777042228969,0.0024456393297269457,0.0,0.006756722976857661,0.007988228958103027,0.020574969021065675
