LIMIT_BAL,SEX,EDUCATION,MARRIAGE,AGE,PAY_0,PAY_2,PAY_3,PAY_4,PAY_5,PAY_6,BILL_AMT1,BILL_AMT2,BILL_AMT3,BILL_AMT4,BILL_AMT5,BILL_AMT6,PAY_AMT1,PAY_AMT2,PAY_AMT3,PAY_AMT4,PAY_AMT5,PAY_AMT6
0.3164556962025316,1.0,0.5,0.3333333333333333,0.35185185185185186,0.0,0.0,0.0,0.0,0.0,0.0,0.024019828680950057,0.04289610456440077,0.0782864754497482,0.07995780970017319,0.1347176334872534,0.40053269213417836,0.0,0.0010659434332831873,0.007267174448982595,0.002797178324492683,0.005715448977120166,0.0015489467162329617
