LIMIT_BAL,SEX,EDUCATION,MARRIAGE,AGE,PAY_0,PAY_2,PAY_3,PAY_4,PAY_5,PAY_6,BILL_AMT1,BILL_AMT2,BILL_AMT3,BILL_AMT4,BILL_AMT5,BILL_AMT6,PAY_AMT1,PAY_AMT2,PAY_AMT3,PAY_AMT4,PAY_AMT5,PAY_AMT6
0.0759493670886076,0.0,0.3333333333333333,0.3333333333333333,0.2962962962962963,0.2,0.2222222222222222,0.2,0.2,0.2,0.2,0.1309961275050741,0.13237534091493852,0.19330548214954799,0.1730776145700365,0.21221360574896325,0.454801435667406,0.005144337377725708,0.002124552393401582,0.0056166190949279585,0.004284507281662609,0.00451206093730271,0.0053358116480793066
