LIMIT_BAL,SEX,EDUCATION,MARRIAGE,AGE,PAY_0,PAY_2,PAY_3,PAY_4,PAY_5,PAY_6,BILL_AMT1,BILL_AMT2,BILL_AMT3,BILL_AMT4,BILL_AMT5,BILL_AMT6,PAY_AMT1,PAY_AMT2,PAY_AMT3,PAY_AMT4,PAY_AMT5,PAY_AMT6
0.05063291139240507,0.0,0.3333333333333333,0.3333333333333333,0.5555555555555556,0.2,0.2222222222222222,0.2,0.2,0.2,0.2,0.10107572791759607,0.10653527504759946,0.15867416920997163,0.10242983765124683,0.1618595242530302,0.41866719162503907,0.004536259673502811,0.001768422974177765,0.0016216443526301126,0.0015773186083600384,0.00163629851238562,0.0015216852540272615
