LIMIT_BAL,SEX,EDUCATION,MARRIAGE,AGE,PAY_0,PAY_2,PAY_3,PAY_4,PAY_5,PAY_6,BILL_AMT1,BILL_AMT2,BILL_AMT3,BILL_AMT4,BILL_AMT5,BILL_AMT6,PAY_AMT1,PAY_AMT2,PAY_AMT3,PAY_AMT4,PAY_AMT5,PAY_AMT6
0.35443037974683544,1.0,0.16666666666666666,0.6666666666666666,0.05555555555555558,0.2,0.2222222222222222,0.0,0.0,0.1,0.2,0.041542593519889114,0.04290382339319714,0.0761373896365206,0.07583466676255371,0.13730911134858156,0.3995226159800609,0.0,0.0,0.0,0.006749223839258485,0.0,0.003345724907063197
