LIMIT_BAL,SEX,EDUCATION,MARRIAGE,AGE,PAY_0,PAY_2,PAY_3,PAY_4,PAY_5,PAY_6,BILL_AMT1,BILL_AMT2,BILL_AMT3,BILL_AMT4,BILL_AMT5,BILL_AMT6,PAY_AMT1,PAY_AMT2,PAY_AMT3,PAY_AMT4,PAY_AMT5,PAY_AMT6
0.20253164556962022,1.0,0.3333333333333333,0.3333333333333333,0.40740740740740744,0.2,0.2222222222222222,0.2,0.2,0.2,0.2,0.08389359193918283,0.09324988421756805,0.14195025411041548,0.13680234683542786,0.20043594343846305,0.4472938278722429,0.003920074266556942,0.0013617671842631545,0.004355048123676007,0.003657079435864875,0.004293028852967627,0.0037893432465923175
