LIMIT_BAL,SEX,EDUCATION,MARRIAGE,AGE,PAY_0,PAY_2,PAY_3,PAY_4,PAY_5,PAY_6,BILL_AMT1,BILL_AMT2,BILL_AMT3,BILL_AMT4,BILL_AMT5,BILL_AMT6,PAY_AMT1,PAY_AMT2,PAY_AMT3,PAY_AMT4,PAY_AMT5,PAY_AMT6
0.34177215189873417,1.0,0.16666666666666666,0.6666666666666666,0.16666666666666674,0.1,0.1111111111111111,0.1,0.1,0.1,0.1,0.07110352762782608,0.04311995059949571,0.0781280175096024,0.07628413728627677,0.13364901651291,0.3989496145422843,0.0003405235143648223,0.0009828194040822048,0.0007884818570324697,0.0011498677652070012,0.002218666171911841,0.01882280049566295
