LIMIT_BAL,SEX,EDUCATION,MARRIAGE,AGE,PAY_0,PAY_2,PAY_3,PAY_4,PAY_5,PAY_6,BILL_AMT1,BILL_AMT2,BILL_AMT3,BILL_AMT4,BILL_AMT5,BILL_AMT6,PAY_AMT1,PAY_AMT2,PAY_AMT3,PAY_AMT4,PAY_AMT5,PAY_AMT6
0.27848101265822783,1.0,0.16666666666666666,0.3333333333333333,0.20370370370370372,0.30000000000000004,0.0,0.1,0.1,0.1,0.1,0.024029246990457682,0.04290382339319714,0.08077393498932886,0.08271905695091182,0.13419149485462561,0.40192945637513894,0.0,0.0022891705688780377,0.012105824778305184,0.001979772326182489,0.008771590765607325,0.0
