LIMIT_BAL,SEX,EDUCATION,MARRIAGE,AGE,PAY_0,PAY_2,PAY_3,PAY_4,PAY_5,PAY_6,BILL_AMT1,BILL_AMT2,BILL_AMT3,BILL_AMT4,BILL_AMT5,BILL_AMT6,PAY_AMT1,PAY_AMT2,PAY_AMT3,PAY_AMT4,PAY_AMT5,PAY_AMT6
0.16455696202531644,0.0,0.16666666666666666,0.3333333333333333,0.35185185185185186,0.4,0.2222222222222222,0.2,0.4,0.4,0.4,0.23874315799057227,0.2193755467503731,0.30849780222138223,0.27532017283639876,0.3622252069424156,0.5578596697215025,0.010238001613432841,0.010269892313635112,0.0,0.029996550396704378,0.0,0.012391573729863693
