LIMIT_BAL,SEX,EDUCATION,MARRIAGE,AGE,PAY_0,PAY_2,PAY_3,PAY_4,PAY_5,PAY_6,BILL_AMT1,BILL_AMT2,BILL_AMT3,BILL_AMT4,BILL_AMT5,BILL_AMT6,PAY_AMT1,PAY_AMT2,PAY_AMT3,PAY_AMT4,PAY_AMT5,PAY_AMT6
0.4430379746835443,0.0,0.3333333333333333,0.6666666666666666,0.5,0.2,0.2222222222222222,0.2,0.2,0.2,0.2,0.0699733304869109,0.07733365923943808,0.1144346930455121,0.11325908080281429,0.1765799681702467,0.4189812292228389,0.0030403885211144847,0.0016298829255094608,0.005256545713549798,0.004999425066117396,0.005153696102001953,0.007434944237918216
