LIMIT_BAL,SEX,EDUCATION,MARRIAGE,AGE,PAY_0,PAY_2,PAY_3,PAY_4,PAY_5,PAY_6,BILL_AMT1,BILL_AMT2,BILL_AMT3,BILL_AMT4,BILL_AMT5,BILL_AMT6,PAY_AMT1,PAY_AMT2,PAY_AMT3,PAY_AMT4,PAY_AMT5,PAY_AMT6
0.27848101265822783,1.0,0.16666666666666666,0.6666666666666666,0.14814814814814814,0.1,0.1111111111111111,0.1,0.1,0.2,0.1,0.02798650670191207,0.04161735192713426,0.09595948758663606,0.08426523555251914,0.13324869364025843,0.40150175591544884,0.0,0.010601573488976288,0.02107349176562114,0.0,0.007831041226991967,0.004956629491945477
