LIMIT_BAL,SEX,EDUCATION,MARRIAGE,AGE,PAY_0,PAY_2,PAY_3,PAY_4,PAY_5,PAY_6,BILL_AMT1,BILL_AMT2,BILL_AMT3,BILL_AMT4,BILL_AMT5,BILL_AMT6,PAY_AMT1,PAY_AMT2,PAY_AMT3,PAY_AMT4,PAY_AMT5,PAY_AMT6
0.24050632911392406,1.0,0.16666666666666666,0.6666666666666666,0.14814814814814814,0.30000000000000004,0.4444444444444444,0.2,0.2,0.4,0.4,0.04945554322454662,0.06132609478721762,0.10162105773976254,0.09794412182449075,0.1562223246177325,0.41397068904301726,0.0,0.0040747073137736515,0.002628272856774899,0.0,0.005153696102001953,0.0
