LIMIT_BAL,SEX,EDUCATION,MARRIAGE,AGE,PAY_0,PAY_2,PAY_3,PAY_4,PAY_5,PAY_6,BILL_AMT1,BILL_AMT2,BILL_AMT3,BILL_AMT4,BILL_AMT5,BILL_AMT6,PAY_AMT1,PAY_AMT2,PAY_AMT3,PAY_AMT4,PAY_AMT5,PAY_AMT6
0.08860759493670886,0.0,0.16666666666666666,0.6666666666666666,0.03703703703703709,0.2,0.2222222222222222,0.2,0.2,0.2,0.4,0.11817466882869193,0.1202593526475583,0.17475104772059905,0.1418034555293864,0.21147341692728505,0.45042365781150945,0.0059307845418539885,0.0020781007300245623,0.0048570482393200136,0.015208251051129119,9.792022593803712e-05,9.913258983890955e-06
