LIMIT_BAL,SEX,EDUCATION,MARRIAGE,AGE,PAY_0,PAY_2,PAY_3,PAY_4,PAY_5,PAY_6,BILL_AMT1,BILL_AMT2,BILL_AMT3,BILL_AMT4,BILL_AMT5,BILL_AMT6,PAY_AMT1,PAY_AMT2,PAY_AMT3,PAY_AMT4,PAY_AMT5,PAY_AMT6
0.012658227848101266,0.0,0.3333333333333333,0.6666666666666666,0.09259259259259262,0.4,0.2222222222222222,0.2,0.2,0.4,0.4,0.0335699945216833,0.051928420727628266,0.0894016397095598,0.09021322881645422,0.14808351552108967,0.40994210224736083,0.002432310816891588,0.0009290332675403926,0.004468063856517328,0.0,0.0028345328561010744,0.0
