LIMIT_BAL,SEX,EDUCATION,MARRIAGE,AGE,PAY_0,PAY_2,PAY_3,PAY_4,PAY_5,PAY_6,BILL_AMT1,BILL_AMT2,BILL_AMT3,BILL_AMT4,BILL_AMT5,BILL_AMT6,PAY_AMT1,PAY_AMT2,PAY_AMT3,PAY_AMT4,PAY_AMT5,PAY_AMT6
0.1139240506329114,1.0,0.3333333333333333,0.6666666666666666,0.2777777777777778,0.2,0.2222222222222222,0.2,0.2,0.2,0.2,0.16162447002387542,0.15912494210878403,0.22839566287412993,0.2156439714016888,0.28838279363274216,0.5125128749556187,0.010134628403714948,0.0035042482898453406,0.009198954998712146,0.008748993865705443,0.010822761814204102,0.011152416356877325
