LIMIT_BAL,SEX,EDUCATION,MARRIAGE,AGE,PAY_0,PAY_2,PAY_3,PAY_4,PAY_5,PAY_6,BILL_AMT1,BILL_AMT2,BILL_AMT3,BILL_AMT4,BILL_AMT5,BILL_AMT6,PAY_AMT1,PAY_AMT2,PAY_AMT3,PAY_AMT4,PAY_AMT5,PAY_AMT6
0.26582278481012656,1.0,0.3333333333333333,0.6666666666666666,0.2962962962962963,0.0,0.0,0.0,0.0,0.0,0.0,0.028207836975341294,0.04537127566510575,0.08377308162729703,0.08422777967554221,0.13415391352372363,0.404496830915361,0.0038876434556650544,0.0037699192067033828,0.014723584543652983,0.001922278937922139,0.014417464845350465,0.006289962825278811
