LIMIT_BAL,SEX,EDUCATION,MARRIAGE,AGE,PAY_0,PAY_2,PAY_3,PAY_4,PAY_5,PAY_6,BILL_AMT1,BILL_AMT2,BILL_AMT3,BILL_AMT4,BILL_AMT5,BILL_AMT6,PAY_AMT1,PAY_AMT2,PAY_AMT3,PAY_AMT4,PAY_AMT5,PAY_AMT6
0.1772151898734177,1.0,0.5,0.3333333333333333,0.5185185185185185,0.1,0.1111111111111111,0.1,0.1,0.2,0.1,0.028917349624915822,0.07370966911953894,0.08907482020800907,0.08728417923685898,0.14598386290330487,0.4105959566487501,0.04860365089853615,0.006387511185071576,0.020085261171473776,0.0009173944996325422,0.027829958950810547,0.01256009913258984
