LIMIT_BAL,SEX,EDUCATION,MARRIAGE,AGE,PAY_0,PAY_2,PAY_3,PAY_4,PAY_5,PAY_6,BILL_AMT1,BILL_AMT2,BILL_AMT3,BILL_AMT4,BILL_AMT5,BILL_AMT6,PAY_AMT1,PAY_AMT2,PAY_AMT3,PAY_AMT4,PAY_AMT5,PAY_AMT6
0.012658227848101266,0.0,0.3333333333333333,0.6666666666666666,0.05555555555555558,0.2,0.2222222222222222,0.1,0.4,0.2,0.2,0.04047361539077351,0.05226804919466887,0.07727300487423228,0.07686545249695859,0.1340215618801123,0.39948746251762063,0.00202692568074299,0.0005606797263752544,0.0,0.0,0.0016749512331506347,0.0
