LIMIT_BAL,SEX,EDUCATION,MARRIAGE,AGE,PAY_0,PAY_2,PAY_3,PAY_4,PAY_5,PAY_6,BILL_AMT1,BILL_AMT2,BILL_AMT3,BILL_AMT4,BILL_AMT5,BILL_AMT6,PAY_AMT1,PAY_AMT2,PAY_AMT3,PAY_AMT4,PAY_AMT5,PAY_AMT6
0.05063291139240507,1.0,0.5,0.6666666666666666,0.2592592592592593,0.1,0.1111111111111111,0.1,0.1,0.1,0.1,0.028931477089177263,0.04460968455719652,0.08086801939129043,0.0824358905209663,0.13750682182854418,0.40011319414905766,0.0026877034526652044,0.002335622232255057,0.011580170206950204,0.007051689055758588,0.0047774762865558104,0.004183395291201983
