LIMIT_BAL,SEX,EDUCATION,MARRIAGE,AGE,PAY_0,PAY_2,PAY_3,PAY_4,PAY_5,PAY_6,BILL_AMT1,BILL_AMT2,BILL_AMT3,BILL_AMT4,BILL_AMT5,BILL_AMT6,PAY_AMT1,PAY_AMT2,PAY_AMT3,PAY_AMT4,PAY_AMT5,PAY_AMT6
0.24050632911392406,1.0,0.16666666666666666,0.6666666666666666,0.05555555555555558,0.0,0.0,0.0,0.0,0.0,0.0,0.02508880681006566,0.04425847784696136,0.0761373896365206,0.07658378430209213,0.13625846805423478,0.4252690118713242,0.0021343527418223682,0.0,0.0013141364283874495,0.005141908680501742,0.060097250245444774,0.010654275092936804
