LIMIT_BAL,SEX,EDUCATION,MARRIAGE,AGE,PAY_0,PAY_2,PAY_3,PAY_4,PAY_5,PAY_6,BILL_AMT1,BILL_AMT2,BILL_AMT3,BILL_AMT4,BILL_AMT5,BILL_AMT6,PAY_AMT1,PAY_AMT2,PAY_AMT3,PAY_AMT4,PAY_AMT5,PAY_AMT6
0.2151898734177215,1.0,0.16666666666666666,0.6666666666666666,0.2222222222222222,0.0,0.0,0.0,0.0,0.0,0.0,0.037359294380251686,0.04959218854525807,0.09259885877271025,0.09092039577377849,0.1544494661817041,0.4215251681214341,0.010537986614182804,0.008127411208052927,0.026500875214861306,0.03319368272648645,0.051864220722496655,0.023350681536555142
