LIMIT_BAL,SEX,EDUCATION,MARRIAGE,AGE,PAY_0,PAY_2,PAY_3,PAY_4,PAY_5,PAY_6,BILL_AMT1,BILL_AMT2,BILL_AMT3,BILL_AMT4,BILL_AMT5,BILL_AMT6,PAY_AMT1,PAY_AMT2,PAY_AMT3,PAY_AMT4,PAY_AMT5,PAY_AMT6
0.10126582278481013,1.0,0.16666666666666666,0.6666666666666666,0.07407407407407407,0.1,0.1111111111111111,0.4,0.1,0.2,0.1,0.02937727707253825,0.05684788761385273,0.08404047940129308,0.08687665929535007,0.13461469332000014,0.4143620642581857,0.02199214363606144,4.074707313773652e-06,0.01325175174385904,0.0,0.036111948586727685,0.014403965303593558
