LIMIT_BAL,SEX,EDUCATION,MARRIAGE,AGE,PAY_0,PAY_2,PAY_3,PAY_4,PAY_5,PAY_6,BILL_AMT1,BILL_AMT2,BILL_AMT3,BILL_AMT4,BILL_AMT5,BILL_AMT6,PAY_AMT1,PAY_AMT2,PAY_AMT3,PAY_AMT4,PAY_AMT5,PAY_AMT6
0.08860759493670886,0.0,0.3333333333333333,0.3333333333333333,0.4814814814814815,0.2,0.2222222222222222,0.2,0.2,0.2,0.2,0.10673770164993085,0.10923429218339939,0.16039574870551418,0.14813949167880236,0.20838357793877837,0.44862380053456696,0.004098443726462325,0.0013943648427733437,0.00416318420513144,0.003939546952100508,0.00435487320619165,0.0031846344485749693
