LIMIT_BAL,SEX,EDUCATION,MARRIAGE,AGE,PAY_0,PAY_2,PAY_3,PAY_4,PAY_5,PAY_6,BILL_AMT1,BILL_AMT2,BILL_AMT3,BILL_AMT4,BILL_AMT5,BILL_AMT6,PAY_AMT1,PAY_AMT2,PAY_AMT3,PAY_AMT4,PAY_AMT5,PAY_AMT6
0.24050632911392406,0.0,0.3333333333333333,0.3333333333333333,0.20370370370370372,0.4,0.4444444444444444,0.4,0.4,0.4,0.2,0.197355966577559,0.1876550198116606,0.26471389263484196,0.24947411948724402,0.3167926458237338,0.5333577064006252,0.010945398676012144,0.0040747073137736515,0.013141364283874494,0.0,0.012884240255004883,0.010495662949194549
