LIMIT_BAL,SEX,EDUCATION,MARRIAGE,AGE,PAY_0,PAY_2,PAY_3,PAY_4,PAY_5,PAY_6,BILL_AMT1,BILL_AMT2,BILL_AMT3,BILL_AMT4,BILL_AMT5,BILL_AMT6,PAY_AMT1,PAY_AMT2,PAY_AMT3,PAY_AMT4,PAY_AMT5,PAY_AMT6
0.35443037974683544,1.0,0.3333333333333333,0.6666666666666666,0.2962962962962963,0.4,0.2222222222222222,0.2,0.2,0.2,0.2,0.24473006340092018,0.22810811506200795,0.32774549013846915,0.3101781101862007,0.38810567216661274,0.5670499565854739,0.026370303106466295,0.009314780919286569,0.0181350827117468,0.013298470675872275,0.01348206900283711,0.012342007434944239
