LIMIT_BAL,SEX,EDUCATION,MARRIAGE,AGE,PAY_0,PAY_2,PAY_3,PAY_4,PAY_5,PAY_6,BILL_AMT1,BILL_AMT2,BILL_AMT3,BILL_AMT4,BILL_AMT5,BILL_AMT6,PAY_AMT1,PAY_AMT2,PAY_AMT3,PAY_AMT4,PAY_AMT5,PAY_AMT6
0.16455696202531644,0.0,0.3333333333333333,0.6666666666666666,0.2222222222222222,0.2,0.2222222222222222,0.2,0.2,0.2,0.2,0.23332919974193833,0.2159123655637318,0.2936951896460941,0.2375691435488994,0.2777031597729434,0.49773553112780505,0.010134628403714948,0.0040747073137736515,0.01052623279138347,0.008748993865705443,0.009018968178503417,0.007434944237918216
