LIMIT_BAL,SEX,EDUCATION,MARRIAGE,AGE,PAY_0,PAY_2,PAY_3,PAY_4,PAY_5,PAY_6,BILL_AMT1,BILL_AMT2,BILL_AMT3,BILL_AMT4,BILL_AMT5,BILL_AMT6,PAY_AMT1,PAY_AMT2,PAY_AMT3,PAY_AMT4,PAY_AMT5,PAY_AMT6
0.1139240506329114,1.0,0.3333333333333333,0.3333333333333333,0.18518518518518523,0.2,0.2222222222222222,0.2,0.2,0.2,0.2,0.1430421453653284,0.14181675500437402,0.2051782734356818,0.1954807237074726,0.25509390430812773,0.4622117855498177,0.005563910993639507,0.0023951129590361526,0.009198954998712146,0.0074991375991760945,0.005125350773440942,0.0049244114002478315
