LIMIT_BAL,SEX,EDUCATION,MARRIAGE,AGE,PAY_0,PAY_2,PAY_3,PAY_4,PAY_5,PAY_6,BILL_AMT1,BILL_AMT2,BILL_AMT3,BILL_AMT4,BILL_AMT5,BILL_AMT6,PAY_AMT1,PAY_AMT2,PAY_AMT3,PAY_AMT4,PAY_AMT5,PAY_AMT6
0.12658227848101264,0.0,0.3333333333333333,0.6666666666666666,0.09259259259259262,0.4,0.4444444444444444,0.4,0.4,0.4,0.4,0.11524871400832264,0.11574383780167757,0.1763818440212664,0.1686323510904155,0.2359960523262844,0.473511280160206,0.0,0.004645166337701963,0.007359163998969717,0.005749338826035006,0.006699804932602539,0.005700123915737299
