LIMIT_BAL,SEX,EDUCATION,MARRIAGE,AGE,PAY_0,PAY_2,PAY_3,PAY_4,PAY_5,PAY_6,BILL_AMT1,BILL_AMT2,BILL_AMT3,BILL_AMT4,BILL_AMT5,BILL_AMT6,PAY_AMT1,PAY_AMT2,PAY_AMT3,PAY_AMT4,PAY_AMT5,PAY_AMT6
0.16455696202531644,1.0,0.5,0.3333333333333333,0.2222222222222222,0.1,0.1111111111111111,0.1,0.1,0.1,0.1,0.02598668564979272,0.04503164719806515,0.07752389661279648,0.07906036688780617,0.13424868383643299,0.38761965359778106,0.003352535075948905,0.0006845508287139736,0.005658671460636358,0.0020672622648395434,0.0021310533381778077,0.023878562577447335
