LIMIT_BAL,SEX,EDUCATION,MARRIAGE,AGE,PAY_0,PAY_2,PAY_3,PAY_4,PAY_5,PAY_6,BILL_AMT1,BILL_AMT2,BILL_AMT3,BILL_AMT4,BILL_AMT5,BILL_AMT6,PAY_AMT1,PAY_AMT2,PAY_AMT3,PAY_AMT4,PAY_AMT5,PAY_AMT6
0.1139240506329114,1.0,0.16666666666666666,0.3333333333333333,0.2777777777777778,0.0,0.0,0.0,0.0,0.0,0.0,0.04938804533974197,0.047424484124942115,0.08174944168335152,0.09854191762104242,0.15564226494511493,0.40040028075898665,0.007122616842130866,0.0027708009733660834,0.039834103417280366,0.03479599846017708,0.00540880405905105,0.03875588599752169
