LIMIT_BAL,SEX,EDUCATION,MARRIAGE,AGE,PAY_0,PAY_2,PAY_3,PAY_4,PAY_5,PAY_6,BILL_AMT1,BILL_AMT2,BILL_AMT3,BILL_AMT4,BILL_AMT5,BILL_AMT6,PAY_AMT1,PAY_AMT2,PAY_AMT3,PAY_AMT4,PAY_AMT5,PAY_AMT6
0.3164556962025316,0.0,0.3333333333333333,0.6666666666666666,0.16666666666666674,0.1,0.1111111111111111,0.1,0.1,0.1,0.1,0.024540975140372054,0.04332321309113364,0.07667548639159909,0.07632309139833277,0.13367516004745053,0.39832271112876594,0.0006607777719222147,0.0002656709168580421,0.000856816951308617,0.0011898631657359404,0.0008400524646263184,0.0008079306071871128
