LIMIT_BAL,SEX,EDUCATION,MARRIAGE,AGE,PAY_0,PAY_2,PAY_3,PAY_4,PAY_5,PAY_6,BILL_AMT1,BILL_AMT2,BILL_AMT3,BILL_AMT4,BILL_AMT5,BILL_AMT6,PAY_AMT1,PAY_AMT2,PAY_AMT3,PAY_AMT4,PAY_AMT5,PAY_AMT6
0.0759493670886076,0.0,0.3333333333333333,0.6666666666666666,0.2777777777777778,0.2,0.2222222222222222,0.2,0.2,0.2,0.2,0.05676886055721858,0.07146220346832707,0.11547787448480537,0.11381942072238901,0.17713715225014134,0.4308584123993292,0.00405385136148598,0.0016298829255094608,0.005256545713549798,0.004999425066117396,0.0077305441530029296,0.002057001239157373
