LIMIT_BAL,SEX,EDUCATION,MARRIAGE,AGE,PAY_0,PAY_2,PAY_3,PAY_4,PAY_5,PAY_6,BILL_AMT1,BILL_AMT2,BILL_AMT3,BILL_AMT4,BILL_AMT5,BILL_AMT6,PAY_AMT1,PAY_AMT2,PAY_AMT3,PAY_AMT4,PAY_AMT5,PAY_AMT6
0.4430379746835443,0.0,0.16666666666666666,0.6666666666666666,0.2777777777777778,0.1,0.1111111111111111,0.1,0.1,0.1,0.1,0.02468068006473518,0.04245355838007513,0.07667383578805591,0.0769808165980475,0.1735032009490103,0.3984258279519241,0.0,0.0008149414627547304,0.0020106287354327975,0.062120356159041705,0.0010668150931144042,0.07599504337050805
