LIMIT_BAL,SEX,EDUCATION,MARRIAGE,AGE,PAY_0,PAY_2,PAY_3,PAY_4,PAY_5,PAY_6,BILL_AMT1,BILL_AMT2,BILL_AMT3,BILL_AMT4,BILL_AMT5,BILL_AMT6,PAY_AMT1,PAY_AMT2,PAY_AMT3,PAY_AMT4,PAY_AMT5,PAY_AMT6
0.2151898734177215,0.0,0.3333333333333333,0.3333333333333333,0.12962962962962965,0.2,0.2222222222222222,0.2,0.2,0.4,0.2,0.25750129109326164,0.23686641280296405,0.33418284395689285,0.324086226425271,0.4034535609128015,0.5959156363772716,0.012161554084457939,0.006519531702037843,0.035481683566461135,0.010273818510871249,0.015976457916206055,0.03370508054522924
