LIMIT_BAL,SEX,EDUCATION,MARRIAGE,AGE,PAY_0,PAY_2,PAY_3,PAY_4,PAY_5,PAY_6,BILL_AMT1,BILL_AMT2,BILL_AMT3,BILL_AMT4,BILL_AMT5,BILL_AMT6,PAY_AMT1,PAY_AMT2,PAY_AMT3,PAY_AMT4,PAY_AMT5,PAY_AMT6
0.2911392405063291,1.0,0.3333333333333333,0.3333333333333333,0.3148148148148149,0.30000000000000004,0.4444444444444444,0.1,0.4,0.4,0.4,0.03574876345444756,0.04318813358719704,0.07644935370618267,0.07611783319249923,0.13559017395254297,0.3996503402269273,0.0018222061869879477,0.0001613584096254366,0.0,0.0036470805857326404,0.0,0.0030978934324659233
