LIMIT_BAL,SEX,EDUCATION,MARRIAGE,AGE,PAY_0,PAY_2,PAY_3,PAY_4,PAY_5,PAY_6,BILL_AMT1,BILL_AMT2,BILL_AMT3,BILL_AMT4,BILL_AMT5,BILL_AMT6,PAY_AMT1,PAY_AMT2,PAY_AMT3,PAY_AMT4,PAY_AMT5,PAY_AMT6
0.06329113924050633,0.0,0.3333333333333333,0.6666666666666666,0.018518518518518545,0.2,0.2222222222222222,0.2,0.2,0.2,0.1,0.11837402304660335,0.11004862862141718,0.15030560924602082,0.10245680588267021,0.1498906873462025,0.40000304663341146,0.006147665589693488,0.0017056724815456507,0.0014718327997939433,0.001499827519835219,0.004535252569761719,0.044443618339529124
