LIMIT_BAL,SEX,EDUCATION,MARRIAGE,AGE,PAY_0,PAY_2,PAY_3,PAY_4,PAY_5,PAY_6,BILL_AMT1,BILL_AMT2,BILL_AMT3,BILL_AMT4,BILL_AMT5,BILL_AMT6,PAY_AMT1,PAY_AMT2,PAY_AMT3,PAY_AMT4,PAY_AMT5,PAY_AMT6
0.1139240506329114,1.0,0.3333333333333333,0.3333333333333333,0.35185185185185186,0.4,0.4444444444444444,0.4,0.4,0.4,0.4,0.0937577014301703,0.10144342098492257,0.15232429737933678,0.14610189197125784,0.21132635954549467,0.45542482373468035,0.004256543929560278,0.0013854004866830417,0.004730891142194818,0.004999425066117396,0.005153696102001953,0.004956629491945477
