LIMIT_BAL,SEX,EDUCATION,MARRIAGE,AGE,PAY_0,PAY_2,PAY_3,PAY_4,PAY_5,PAY_6,BILL_AMT1,BILL_AMT2,BILL_AMT3,BILL_AMT4,BILL_AMT5,BILL_AMT6,PAY_AMT1,PAY_AMT2,PAY_AMT3,PAY_AMT4,PAY_AMT5,PAY_AMT6
0.5316455696202532,1.0,0.16666666666666666,0.6666666666666666,0.11111111111111116,0.0,0.0,0.0,0.0,0.0,0.0,0.02463986739020213,0.0434042607934956,0.07677947441481979,0.07640849079784014,0.13528625536350952,0.3983965333998905,0.000790501015489766,0.00031782717047434484,0.0010092567770015612,0.0036720777110632275,0.001004970739890381,0.0009665427509293681
