LIMIT_BAL,SEX,EDUCATION,MARRIAGE,AGE,PAY_0,PAY_2,PAY_3,PAY_4,PAY_5,PAY_6,BILL_AMT1,BILL_AMT2,BILL_AMT3,BILL_AMT4,BILL_AMT5,BILL_AMT6,PAY_AMT1,PAY_AMT2,PAY_AMT3,PAY_AMT4,PAY_AMT5,PAY_AMT6
0.24050632911392406,0.0,0.3333333333333333,0.3333333333333333,0.6851851851851851,0.4,0.4444444444444444,0.2,0.2,0.4,0.2,0.3233305653968169,0.2824834045180878,0.38709624174079255,0.3741347692418331,0.4355855988339984,0.5915566070346765,0.0,0.005528562883328091,0.036238626149212305,3.499597546282178e-05,0.01551520211507688,0.012636926889714994
