LIMIT_BAL,SEX,EDUCATION,MARRIAGE,AGE,PAY_0,PAY_2,PAY_3,PAY_4,PAY_5,PAY_6,BILL_AMT1,BILL_AMT2,BILL_AMT3,BILL_AMT4,BILL_AMT5,BILL_AMT6,PAY_AMT1,PAY_AMT2,PAY_AMT3,PAY_AMT4,PAY_AMT5,PAY_AMT6
0.12658227848101264,1.0,0.3333333333333333,0.3333333333333333,0.33333333333333337,0.2,0.2222222222222222,0.2,0.2,0.2,0.2,0.17018728308455916,0.16022744815519993,0.21666317288916692,0.19642910651252823,0.2619271706486538,0.49241915582475293,0.006538862246076885,0.0024855714614019277,0.007267174448982595,0.00575933767616724,0.006184435322402344,0.004671623296158612
