LIMIT_BAL,SEX,EDUCATION,MARRIAGE,AGE,PAY_0,PAY_2,PAY_3,PAY_4,PAY_5,PAY_6,BILL_AMT1,BILL_AMT2,BILL_AMT3,BILL_AMT4,BILL_AMT5,BILL_AMT6,PAY_AMT1,PAY_AMT2,PAY_AMT3,PAY_AMT4,PAY_AMT5,PAY_AMT6
0.1139240506329114,1.0,0.3333333333333333,0.6666666666666666,0.12962962962962965,0.2,0.2222222222222222,0.2,0.2,0.2,0.2,0.10360925317514759,0.10955976946431328,0.1643060284993208,0.12441044449638325,0.18710764273552874,0.44781175555219643,0.003970747408575517,0.0020740260227107886,0.003976576832300422,0.0031696354919184292,0.025768480510009767,0.024783147459727387
