LIMIT_BAL,SEX,EDUCATION,MARRIAGE,AGE,PAY_0,PAY_2,PAY_3,PAY_4,PAY_5,PAY_6,BILL_AMT1,BILL_AMT2,BILL_AMT3,BILL_AMT4,BILL_AMT5,BILL_AMT6,PAY_AMT1,PAY_AMT2,PAY_AMT3,PAY_AMT4,PAY_AMT5,PAY_AMT6
0.1772151898734177,1.0,0.3333333333333333,0.6666666666666666,0.2407407407407407,0.5,0.5555555555555556,0.6000000000000001,0.6000000000000001,0.7,0.7,0.1863208472711233,0.18208588483507437,0.2626027707031076,0.25204658911801897,0.3325049100825809,0.5498224164255725,0.01621540544594392,0.006519531702037843,0.02102618285419919,0.019997700264469585,0.025768480510009767,0.012391573729863693
