LIMIT_BAL,SEX,EDUCATION,MARRIAGE,AGE,PAY_0,PAY_2,PAY_3,PAY_4,PAY_5,PAY_6,BILL_AMT1,BILL_AMT2,BILL_AMT3,BILL_AMT4,BILL_AMT5,BILL_AMT6,PAY_AMT1,PAY_AMT2,PAY_AMT3,PAY_AMT4,PAY_AMT5,PAY_AMT6
0.012658227848101266,0.0,0.3333333333333333,0.6666666666666666,0.018518518518518545,0.2,0.2222222222222222,0.1,0.2,0.2,0.2,0.05669979295416265,0.06820357124478979,0.10927490636951402,0.10561208895920605,0.16501962399061448,0.42056782216097705,0.00202692568074299,0.01686928827902292,0.005256545713549798,0.0019997700264469584,0.0011982343437154542,0.0024783147459727386
