LIMIT_BAL,SEX,EDUCATION,MARRIAGE,AGE,PAY_0,PAY_2,PAY_3,PAY_4,PAY_5,PAY_6,BILL_AMT1,BILL_AMT2,BILL_AMT3,BILL_AMT4,BILL_AMT5,BILL_AMT6,PAY_AMT1,PAY_AMT2,PAY_AMT3,PAY_AMT4,PAY_AMT5,PAY_AMT6
0.05063291139240507,0.0,0.3333333333333333,0.3333333333333333,0.5185185185185185,0.2,0.2222222222222222,0.2,0.2,0.2,0.2,0.07994732025548734,0.05911465033705553,0.09351329313563506,0.09183431917201537,0.15043643362973566,0.41147479320975716,0.002367449195107812,0.0012224121941320956,0.002628272856774899,0.002499712533058698,0.0025768480510009765,0.0024783147459727386
