LIMIT_BAL,SEX,EDUCATION,MARRIAGE,AGE,PAY_0,PAY_2,PAY_3,PAY_4,PAY_5,PAY_6,BILL_AMT1,BILL_AMT2,BILL_AMT3,BILL_AMT4,BILL_AMT5,BILL_AMT6,PAY_AMT1,PAY_AMT2,PAY_AMT3,PAY_AMT4,PAY_AMT5,PAY_AMT6
0.0,0.0,0.5,0.6666666666666666,0.18518518518518523,0.2,0.2222222222222222,0.2,0.2,0.2,0.2,0.03197516077839188,0.05021998662069676,0.0862588905633345,0.08460084021023234,0.14226821305673476,0.40507334769938164,0.0025518994320554243,0.0008964356090302034,0.0005177697527846551,0.0009048959369672488,0.0025768480510009765,0.0024783147459727386
