LIMIT_BAL,SEX,EDUCATION,MARRIAGE,AGE,PAY_0,PAY_2,PAY_3,PAY_4,PAY_5,PAY_6,BILL_AMT1,BILL_AMT2,BILL_AMT3,BILL_AMT4,BILL_AMT5,BILL_AMT6,PAY_AMT1,PAY_AMT2,PAY_AMT3,PAY_AMT4,PAY_AMT5,PAY_AMT6
0.10126582278481013,1.0,0.16666666666666666,0.6666666666666666,0.11111111111111116,0.2,0.2222222222222222,0.2,0.2,0.2,0.2,0.04666615389203792,0.06714866464261823,0.11329082479008451,0.11198558098559896,0.17344437799629417,0.43042836837547643,0.010134628403714948,0.0032597658510189215,0.005256545713549798,0.0026871909730381005,0.009018968178503417,0.007434944237918216
