LIMIT_BAL,SEX,EDUCATION,MARRIAGE,AGE,PAY_0,PAY_2,PAY_3,PAY_4,PAY_5,PAY_6,BILL_AMT1,BILL_AMT2,BILL_AMT3,BILL_AMT4,BILL_AMT5,BILL_AMT6,PAY_AMT1,PAY_AMT2,PAY_AMT3,PAY_AMT4,PAY_AMT5,PAY_AMT6
0.012658227848101266,0.0,0.16666666666666666,0.6666666666666666,0.537037037037037,0.2,0.2222222222222222,0.2,0.1,0.1,0.1,0.042021357586526795,0.05551638964647765,0.07850765632453507,0.0763785260962586,0.13349052133475817,0.39745207704232827,0.0024566339250605036,0.0008149414627547304,0.0010513091427099596,0.0,0.0,0.004956629491945477
