LIMIT_BAL,SEX,EDUCATION,MARRIAGE,AGE,PAY_0,PAY_2,PAY_3,PAY_4,PAY_5,PAY_6,BILL_AMT1,BILL_AMT2,BILL_AMT3,BILL_AMT4,BILL_AMT5,BILL_AMT6,PAY_AMT1,PAY_AMT2,PAY_AMT3,PAY_AMT4,PAY_AMT5,PAY_AMT6
0.3291139240506329,0.0,0.16666666666666666,0.6666666666666666,0.18518518518518523,0.2,0.2222222222222222,0.2,0.2,0.2,0.2,0.038982383052065986,0.05630628312664025,0.0867606740404629,0.0866159663915907,0.14455904027084704,0.4044874566587102,0.0022620490597091768,0.0012224121941320956,0.005256545713549798,0.002499712533058698,0.0004999085218941895,0.002490706319702602
