LIMIT_BAL,SEX,EDUCATION,MARRIAGE,AGE,PAY_0,PAY_2,PAY_3,PAY_4,PAY_5,PAY_6,BILL_AMT1,BILL_AMT2,BILL_AMT3,BILL_AMT4,BILL_AMT5,BILL_AMT6,PAY_AMT1,PAY_AMT2,PAY_AMT3,PAY_AMT4,PAY_AMT5,PAY_AMT6
0.08860759493670886,0.0,0.3333333333333333,0.3333333333333333,0.462962962962963,0.2,0.2222222222222222,0.2,0.2,0.2,0.2,0.1490667240137068,0.1463129727782638,0.17816614645144999,0.12146641256599724,0.1826959212818175,0.4336870943436907,0.00650845836086574,0.002281836095713245,0.0031539274281298787,0.0032496262929763075,0.00438064168670166,0.004213135068153655
