LIMIT_BAL,SEX,EDUCATION,MARRIAGE,AGE,PAY_0,PAY_2,PAY_3,PAY_4,PAY_5,PAY_6,BILL_AMT1,BILL_AMT2,BILL_AMT3,BILL_AMT4,BILL_AMT5,BILL_AMT6,PAY_AMT1,PAY_AMT2,PAY_AMT3,PAY_AMT4,PAY_AMT5,PAY_AMT6
0.18987341772151897,1.0,0.3333333333333333,0.3333333333333333,0.11111111111111116,0.2,0.2222222222222222,0.2,0.2,0.2,0.2,0.07373594513520768,0.0838972366592909,0.13009727006679994,0.12301408940268363,0.17917798191521,0.43402925471144277,0.006080777042228969,0.002444824388264191,0.007884818570324697,0.0074991375991760945,0.0077305441530029296,0.007434944237918216
