LIMIT_BAL,SEX,EDUCATION,MARRIAGE,AGE,PAY_0,PAY_2,PAY_3,PAY_4,PAY_5,PAY_6,BILL_AMT1,BILL_AMT2,BILL_AMT3,BILL_AMT4,BILL_AMT5,BILL_AMT6,PAY_AMT1,PAY_AMT2,PAY_AMT3,PAY_AMT4,PAY_AMT5,PAY_AMT6
0.025316455696202535,1.0,0.5,0.6666666666666666,0.018518518518518545,0.4,0.2222222222222222,0.2,0.4,0.4,0.4,0.047650367235584884,0.06451011166572326,0.10671316967049002,0.10568400424300174,0.1644411982889057,0.4225411031859583,0.00405385136148598,0.0016298829255094608,0.005256545713549798,0.0,0.005153696102001953,0.0
