LIMIT_BAL,SEX,EDUCATION,MARRIAGE,AGE,PAY_0,PAY_2,PAY_3,PAY_4,PAY_5,PAY_6,BILL_AMT1,BILL_AMT2,BILL_AMT3,BILL_AMT4,BILL_AMT5,BILL_AMT6,PAY_AMT1,PAY_AMT2,PAY_AMT3,PAY_AMT4,PAY_AMT5,PAY_AMT6
0.05063291139240507,1.0,0.3333333333333333,0.6666666666666666,0.3148148148148149,0.2,0.2222222222222222,0.2,0.2,0.2,0.2,0.08516192428620986,0.09371687335974889,0.13930928844131857,0.12049705446983452,0.16341016264546426,0.4206627365095658,0.005089610384345647,0.0016298829255094608,0.007884818570324697,0.009998850132234793,0.0025768480510009765,0.0024783147459727386
