LIMIT_BAL,SEX,EDUCATION,MARRIAGE,AGE,PAY_0,PAY_2,PAY_3,PAY_4,PAY_5,PAY_6,BILL_AMT1,BILL_AMT2,BILL_AMT3,BILL_AMT4,BILL_AMT5,BILL_AMT6,PAY_AMT1,PAY_AMT2,PAY_AMT3,PAY_AMT4,PAY_AMT5,PAY_AMT6
0.012658227848101266,0.0,0.3333333333333333,0.3333333333333333,0.5925925925925926,0.4,0.2222222222222222,0.2,0.2,0.2,0.2,0.04882137705103311,0.06414989965522565,0.10556269900088969,0.10261412056597329,0.16277944987467444,0.41968547025372593,0.00259649179703177,0.0012982017501682855,0.0016820946283359352,0.001754798198207206,0.0015770310072125977,0.0024783147459727386
