LIMIT_BAL,SEX,EDUCATION,MARRIAGE,AGE,PAY_0,PAY_2,PAY_3,PAY_4,PAY_5,PAY_6,BILL_AMT1,BILL_AMT2,BILL_AMT3,BILL_AMT4,BILL_AMT5,BILL_AMT6,PAY_AMT1,PAY_AMT2,PAY_AMT3,PAY_AMT4,PAY_AMT5,PAY_AMT6
0.012658227848101266,0.0,0.3333333333333333,0.6666666666666666,0.2222222222222222,0.1,0.2222222222222222,0.2,0.2,0.2,0.2,0.02875409892678363,0.044966037153295946,0.10911644842936821,0.10577389834774635,0.16568465015048872,0.4212064433953088,0.002578249465905083,0.01571859093361324,0.0017898538154637062,0.0022922363928148263,0.0025768480510009765,0.0022032218091697646
