LIMIT_BAL,SEX,EDUCATION,MARRIAGE,AGE,PAY_0,PAY_2,PAY_3,PAY_4,PAY_5,PAY_6,BILL_AMT1,BILL_AMT2,BILL_AMT3,BILL_AMT4,BILL_AMT5,BILL_AMT6,PAY_AMT1,PAY_AMT2,PAY_AMT3,PAY_AMT4,PAY_AMT5,PAY_AMT6
0.025316455696202535,0.0,0.3333333333333333,0.6666666666666666,0.14814814814814814,0.1,0.1111111111111111,0.1,0.1,0.2,0.1,0.0246414371084534,0.043405547264961666,0.07678112501836297,0.07798912880626621,0.13407221497828453,0.3998015001154205,0.000790501015489766,0.00031782717047434484,0.0037794563680423046,0.0,0.004092034704989551,0.0
