LIMIT_BAL,SEX,EDUCATION,MARRIAGE,AGE,PAY_0,PAY_2,PAY_3,PAY_4,PAY_5,PAY_6,BILL_AMT1,BILL_AMT2,BILL_AMT3,BILL_AMT4,BILL_AMT5,BILL_AMT6,PAY_AMT1,PAY_AMT2,PAY_AMT3,PAY_AMT4,PAY_AMT5,PAY_AMT6
0.025316455696202535,1.0,0.16666666666666666,0.6666666666666666,0.18518518518518523,0.2,0.2222222222222222,0.2,0.4,0.2,0.2,0.06924184178181858,0.07974193382390779,0.12601367690095883,0.11916212701437706,0.18077600546399872,0.43145719304289537,0.0036484662253373815,0.0029337892659170293,0.0,0.0037495687995880472,0.0038652720765014648,0.008178438661710037
