LIMIT_BAL,SEX,EDUCATION,MARRIAGE,AGE,PAY_0,PAY_2,PAY_3,PAY_4,PAY_5,PAY_6,BILL_AMT1,BILL_AMT2,BILL_AMT3,BILL_AMT4,BILL_AMT5,BILL_AMT6,PAY_AMT1,PAY_AMT2,PAY_AMT3,PAY_AMT4,PAY_AMT5,PAY_AMT6
0.24050632911392406,1.0,0.3333333333333333,0.6666666666666666,0.07407407407407407,0.1,0.1111111111111111,0.1,0.1,0.1,0.1,0.027636459531878623,0.04482066587763084,0.0788922469500973,0.07604741614378262,0.13469475789453045,0.40598030703034094,0.003020119264307055,0.001360137301337645,0.00037847129137558546,0.002749683786364568,0.0176797544779177,0.00275092936802974
