LIMIT_BAL,SEX,EDUCATION,MARRIAGE,AGE,PAY_0,PAY_2,PAY_3,PAY_4,PAY_5,PAY_6,BILL_AMT1,BILL_AMT2,BILL_AMT3,BILL_AMT4,BILL_AMT5,BILL_AMT6,PAY_AMT1,PAY_AMT2,PAY_AMT3,PAY_AMT4,PAY_AMT5,PAY_AMT6
0.48101265822784806,0.0,0.3333333333333333,0.3333333333333333,0.33333333333333337,0.1,0.4444444444444444,0.1,0.1,0.2,0.2,0.036321710616161504,0.04784901970874286,0.08570593837636732,0.08730665276304513,0.13957379502815334,0.40473118733162955,1.6215405445943918e-05,0.004731550132753964,0.02015096799289315,0.00023747269064057632,0.014956026088009668,0.011700123915737298
