LIMIT_BAL,SEX,EDUCATION,MARRIAGE,AGE,PAY_0,PAY_2,PAY_3,PAY_4,PAY_5,PAY_6,BILL_AMT1,BILL_AMT2,BILL_AMT3,BILL_AMT4,BILL_AMT5,BILL_AMT6,PAY_AMT1,PAY_AMT2,PAY_AMT3,PAY_AMT4,PAY_AMT5,PAY_AMT6
0.0759493670886076,0.0,0.16666666666666666,0.6666666666666666,0.16666666666666674,0.4,0.4444444444444444,0.2,0.2,0.2,0.2,0.0789458400111764,0.08683167807338034,0.1343558272082187,0.12975015431821313,0.19319908628346782,0.4420477594940713,0.0,0.0016298829255094608,0.0034167547138073684,0.0037495687995880472,0.0038652720765014648,0.003905824039653036
