LIMIT_BAL,SEX,EDUCATION,MARRIAGE,AGE,PAY_0,PAY_2,PAY_3,PAY_4,PAY_5,PAY_6,BILL_AMT1,BILL_AMT2,BILL_AMT3,BILL_AMT4,BILL_AMT5,BILL_AMT6,PAY_AMT1,PAY_AMT2,PAY_AMT3,PAY_AMT4,PAY_AMT5,PAY_AMT6
0.0,0.0,0.16666666666666666,0.6666666666666666,0.11111111111111116,0.2,0.2222222222222222,0.2,0.2,0.2,0.1,0.03438781773059554,0.0528559666546596,0.09015431492525243,0.0880273038360811,0.1410509047296922,0.3998132179362339,0.0028376959530401857,0.0008149414627547304,0.002651927312485873,0.002499712533058698,0.004117803185499561,0.0
