LIMIT_BAL,SEX,EDUCATION,MARRIAGE,AGE,PAY_0,PAY_2,PAY_3,PAY_4,PAY_5,PAY_6,BILL_AMT1,BILL_AMT2,BILL_AMT3,BILL_AMT4,BILL_AMT5,BILL_AMT6,PAY_AMT1,PAY_AMT2,PAY_AMT3,PAY_AMT4,PAY_AMT5,PAY_AMT6
0.08860759493670886,0.0,0.3333333333333333,0.3333333333333333,0.18518518518518523,0.2,0.2222222222222222,0.2,0.2,0.2,0.2,0.14702609028705438,0.1338110430710647,0.17884289390415606,0.11538807285018249,0.17734303258464787,0.4300041832620304,0.0052700067699317735,0.001659220818168631,0.003942409285162349,0.0030021547522034965,0.0038652720765014648,0.004956629491945477
