LIMIT_BAL,SEX,EDUCATION,MARRIAGE,AGE,PAY_0,PAY_2,PAY_3,PAY_4,PAY_5,PAY_6,BILL_AMT1,BILL_AMT2,BILL_AMT3,BILL_AMT4,BILL_AMT5,BILL_AMT6,PAY_AMT1,PAY_AMT2,PAY_AMT3,PAY_AMT4,PAY_AMT5,PAY_AMT6
0.0759493670886076,1.0,0.16666666666666666,0.6666666666666666,0.07407407407407407,0.2,0.2222222222222222,0.2,0.2,0.2,0.2,0.0679656608435352,0.0744558225698554,0.11828059930113446,0.11474533000125851,0.15717656362846116,0.4154354166446957,0.0028255343989557276,0.0014587452183309672,0.003230147340976351,0.0012973508046574644,0.001770294611037671,0.0013804213135068155
