LIMIT_BAL,SEX,EDUCATION,MARRIAGE,AGE,PAY_0,PAY_2,PAY_3,PAY_4,PAY_5,PAY_6,BILL_AMT1,BILL_AMT2,BILL_AMT3,BILL_AMT4,BILL_AMT5,BILL_AMT6,PAY_AMT1,PAY_AMT2,PAY_AMT3,PAY_AMT4,PAY_AMT5,PAY_AMT6
0.025316455696202535,1.0,0.3333333333333333,0.6666666666666666,0.03703703703703709,0.30000000000000004,0.4444444444444444,0.4,0.4,0.4,0.4,0.06931561853962832,0.07905624453249627,0.1261902914800797,0.11695522674289686,0.18082012267853584,0.43276607362775527,0.0,0.002200341949437772,0.0,0.005749338826035006,0.0025768480510009765,0.0
