LIMIT_BAL,SEX,EDUCATION,MARRIAGE,AGE,PAY_0,PAY_2,PAY_3,PAY_4,PAY_5,PAY_6,BILL_AMT1,BILL_AMT2,BILL_AMT3,BILL_AMT4,BILL_AMT5,BILL_AMT6,PAY_AMT1,PAY_AMT2,PAY_AMT3,PAY_AMT4,PAY_AMT5,PAY_AMT6
0.012658227848101266,1.0,0.3333333333333333,0.3333333333333333,0.09259259259259262,0.30000000000000004,0.4444444444444444,0.4,0.4,0.4,0.6000000000000001,0.048835504515294545,0.06252508619358824,0.10600175954337704,0.10355051749039632,0.1670441139465953,0.4213751800150222,0.0,0.0025287633589279285,0.002628272856774899,0.0074991375991760945,0.0,0.0
