LIMIT_BAL,SEX,EDUCATION,MARRIAGE,AGE,PAY_0,PAY_2,PAY_3,PAY_4,PAY_5,PAY_6,BILL_AMT1,BILL_AMT2,BILL_AMT3,BILL_AMT4,BILL_AMT5,BILL_AMT6,PAY_AMT1,PAY_AMT2,PAY_AMT3,PAY_AMT4,PAY_AMT5,PAY_AMT6
0.025316455696202535,0.0,0.5,0.6666666666666666,0.11111111111111116,0.2,0.2222222222222222,0.2,0.2,0.2,0.4,0.06650739258810436,0.07909097926207997,0.12462716992468297,0.12021988098020531,0.1821354692601053,0.43158960441808714,0.0030484962238374567,0.0014277774427462876,0.002628272856774899,0.005641851187113482,0.0,0.005667905824039653
