LIMIT_BAL,SEX,EDUCATION,MARRIAGE,AGE,PAY_0,PAY_2,PAY_3,PAY_4,PAY_5,PAY_6,BILL_AMT1,BILL_AMT2,BILL_AMT3,BILL_AMT4,BILL_AMT5,BILL_AMT6,PAY_AMT1,PAY_AMT2,PAY_AMT3,PAY_AMT4,PAY_AMT5,PAY_AMT6
0.24050632911392406,1.0,0.16666666666666666,0.3333333333333333,0.3148148148148149,0.1,0.1111111111111111,0.1,0.1,0.1,0.1,0.032224745980343986,0.051748314722379465,0.08460333520951936,0.09830369824346918,0.137792766737581,0.40441480616966696,0.01393916790646954,0.004179834762469012,0.04639690074064729,0.007489138749043859,0.015829577577298998,0.00876827757125155
