LIMIT_BAL,SEX,EDUCATION,MARRIAGE,AGE,PAY_0,PAY_2,PAY_3,PAY_4,PAY_5,PAY_6,BILL_AMT1,BILL_AMT2,BILL_AMT3,BILL_AMT4,BILL_AMT5,BILL_AMT6,PAY_AMT1,PAY_AMT2,PAY_AMT3,PAY_AMT4,PAY_AMT5,PAY_AMT6
0.18987341772151897,1.0,0.3333333333333333,0.3333333333333333,0.6296296296296295,0.2,0.2222222222222222,0.2,0.2,0.2,0.2,0.15930599616674804,0.15091596768383678,0.1777964112577764,0.1637840623745228,0.22579353797184998,0.46356285028960587,0.00810770272297196,0.002444824388264191,0.005256545713549798,0.004999425066117396,0.0077305441530029296,0.012391573729863693
