LIMIT_BAL,SEX,EDUCATION,MARRIAGE,AGE,PAY_0,PAY_2,PAY_3,PAY_4,PAY_5,PAY_6,BILL_AMT1,BILL_AMT2,BILL_AMT3,BILL_AMT4,BILL_AMT5,BILL_AMT6,PAY_AMT1,PAY_AMT2,PAY_AMT3,PAY_AMT4,PAY_AMT5,PAY_AMT6
0.06329113924050633,0.0,0.16666666666666666,1.0,0.4814814814814815,0.2,0.1111111111111111,0.1,0.2,0.2,0.2,0.10202697717786634,0.04611614264395616,0.17397031224467227,0.1179365707196922,0.18146554118750471,0.428013325505829,0.00609496552199417,0.048304840263323885,0.003942409285162349,0.005031921329047159,0.0025768480510009765,0.0024783147459727386
