LIMIT_BAL,SEX,EDUCATION,MARRIAGE,AGE,PAY_0,PAY_2,PAY_3,PAY_4,PAY_5,PAY_6,BILL_AMT1,BILL_AMT2,BILL_AMT3,BILL_AMT4,BILL_AMT5,BILL_AMT6,PAY_AMT1,PAY_AMT2,PAY_AMT3,PAY_AMT4,PAY_AMT5,PAY_AMT6
0.05063291139240507,1.0,0.5,0.3333333333333333,0.18518518518518523,0.30000000000000004,0.4444444444444444,0.4,0.4,0.4,0.4,0.08383865180038835,0.09439484382236402,0.1422787242155094,0.13712147090727123,0.20168756515459,0.4462989848851829,0.005736199676502661,0.0008149414627547304,0.004730891142194818,0.004999425066117396,0.0,0.004223048327137546
