LIMIT_BAL,SEX,EDUCATION,MARRIAGE,AGE,PAY_0,PAY_2,PAY_3,PAY_4,PAY_5,PAY_6,BILL_AMT1,BILL_AMT2,BILL_AMT3,BILL_AMT4,BILL_AMT5,BILL_AMT6,PAY_AMT1,PAY_AMT2,PAY_AMT3,PAY_AMT4,PAY_AMT5,PAY_AMT6
0.012658227848101266,0.0,0.3333333333333333,0.3333333333333333,0.3148148148148149,0.2,0.2222222222222222,0.2,0.2,0.2,0.1,0.03857896546148932,0.05652112386147276,0.09529759556581865,0.09428243529122693,0.1538906481309007,0.3988781358353224,0.002993769230457396,0.0012224121941320956,0.002628272856774899,0.0037495687995880472,0.002061478440800781,0.001982651796778191
