LIMIT_BAL,SEX,EDUCATION,MARRIAGE,AGE,PAY_0,PAY_2,PAY_3,PAY_4,PAY_5,PAY_6,BILL_AMT1,BILL_AMT2,BILL_AMT3,BILL_AMT4,BILL_AMT5,BILL_AMT6,PAY_AMT1,PAY_AMT2,PAY_AMT3,PAY_AMT4,PAY_AMT5,PAY_AMT6
0.15189873417721517,1.0,0.3333333333333333,0.6666666666666666,0.07407407407407407,0.30000000000000004,0.4444444444444444,0.2,0.2,0.2,0.2,0.1059371453417826,0.10706530129161737,0.16196877388217001,0.15612508465028196,0.22212200533981694,0.45774026512741367,0.0,0.0040747073137736515,0.010513091427099596,0.0074991375991760945,0.009018968178503417,0.032218091697645605
