LIMIT_BAL,SEX,EDUCATION,MARRIAGE,AGE,PAY_0,PAY_2,PAY_3,PAY_4,PAY_5,PAY_6,BILL_AMT1,BILL_AMT2,BILL_AMT3,BILL_AMT4,BILL_AMT5,BILL_AMT6,PAY_AMT1,PAY_AMT2,PAY_AMT3,PAY_AMT4,PAY_AMT5,PAY_AMT6
0.08860759493670886,1.0,0.5,0.6666666666666666,0.2592592592592593,0.2,0.1111111111111111,0.2,0.2,0.2,0.2,0.10189982999951339,0.058871507229969644,0.10068681613431951,0.10185002067564408,0.1619330529439254,0.4184000253104929,0.02533657100928737,0.005297119507905747,0.007884818570324697,0.004999425066117396,0.0077305441530029296,0.004956629491945477
