LIMIT_BAL,SEX,EDUCATION,MARRIAGE,AGE,PAY_0,PAY_2,PAY_3,PAY_4,PAY_5,PAY_6,BILL_AMT1,BILL_AMT2,BILL_AMT3,BILL_AMT4,BILL_AMT5,BILL_AMT6,PAY_AMT1,PAY_AMT2,PAY_AMT3,PAY_AMT4,PAY_AMT5,PAY_AMT6
0.025316455696202535,1.0,0.5,0.6666666666666666,0.40740740740740744,0.4,0.4444444444444444,0.4,0.4,0.5,0.4,0.045234570846878694,0.06026990171358,0.10086178010989719,0.09941239220198606,0.1577353816792646,0.41529128744869054,0.001013462840371495,0.0016298829255094608,0.0034167547138073684,0.0,0.0,0.0034696406443618343
