LIMIT_BAL,SEX,EDUCATION,MARRIAGE,AGE,PAY_0,PAY_2,PAY_3,PAY_4,PAY_5,PAY_6,BILL_AMT1,BILL_AMT2,BILL_AMT3,BILL_AMT4,BILL_AMT5,BILL_AMT6,PAY_AMT1,PAY_AMT2,PAY_AMT3,PAY_AMT4,PAY_AMT5,PAY_AMT6
0.1139240506329114,1.0,0.5,0.3333333333333333,0.6851851851851851,0.2,0.2222222222222222,0.2,0.2,0.2,0.2,0.17601093779677487,0.16947846446765813,0.2376175848699077,0.21657437538579552,0.26045006094711487,0.49133994452783625,0.00727463626818659,0.002979425987831294,0.009664159294361303,0.006906705728841183,0.0071816755181397214,0.00714002478314746
