LIMIT_BAL,SEX,EDUCATION,MARRIAGE,AGE,PAY_0,PAY_2,PAY_3,PAY_4,PAY_5,PAY_6,BILL_AMT1,BILL_AMT2,BILL_AMT3,BILL_AMT4,BILL_AMT5,BILL_AMT6,PAY_AMT1,PAY_AMT2,PAY_AMT3,PAY_AMT4,PAY_AMT5,PAY_AMT6
0.1772151898734177,1.0,0.16666666666666666,0.6666666666666666,0.14814814814814814,0.0,0.0,0.0,0.0,0.0,0.1,0.024029246990457682,0.049422374311737766,0.0763536187006779,0.07731342478560256,0.13289738989487032,0.4143468310911283,0.01027043242432473,0.00010675733162086968,0.002594105309636825,0.0009998850132234792,0.03607844956206467,0.0
