LIMIT_BAL,SEX,EDUCATION,MARRIAGE,AGE,PAY_0,PAY_2,PAY_3,PAY_4,PAY_5,PAY_6,BILL_AMT1,BILL_AMT2,BILL_AMT3,BILL_AMT4,BILL_AMT5,BILL_AMT6,PAY_AMT1,PAY_AMT2,PAY_AMT3,PAY_AMT4,PAY_AMT5,PAY_AMT6
0.13924050632911392,0.0,0.5,0.3333333333333333,0.20370370370370372,0.30000000000000004,0.4444444444444444,0.4,0.4,0.4,0.4,0.19799484190582634,0.1890109607368909,0.2654929775072255,0.24923440187459173,0.32526315101485936,0.5392588009622674,0.012161554084457939,0.0036672365823962865,0.011564400569809554,0.009998850132234793,0.012884240255004883,0.011648079306071871
