LIMIT_BAL,SEX,EDUCATION,MARRIAGE,AGE,PAY_0,PAY_2,PAY_3,PAY_4,PAY_5,PAY_6,BILL_AMT1,BILL_AMT2,BILL_AMT3,BILL_AMT4,BILL_AMT5,BILL_AMT6,PAY_AMT1,PAY_AMT2,PAY_AMT3,PAY_AMT4,PAY_AMT5,PAY_AMT6
0.48101265822784806,1.0,0.3333333333333333,0.6666666666666666,0.37037037037037035,0.2,0.2222222222222222,0.0,0.0,0.0,0.0,0.04050500975579893,0.0428742345494777,0.07556132899994884,0.07482335808417684,0.1312617850151796,0.39638575534830633,0.0,0.0,0.0,0.0,0.0,0.004956629491945477
