LIMIT_BAL,SEX,EDUCATION,MARRIAGE,AGE,PAY_0,PAY_2,PAY_3,PAY_4,PAY_5,PAY_6,BILL_AMT1,BILL_AMT2,BILL_AMT3,BILL_AMT4,BILL_AMT5,BILL_AMT6,PAY_AMT1,PAY_AMT2,PAY_AMT3,PAY_AMT4,PAY_AMT5,PAY_AMT6
0.06329113924050633,0.0,0.16666666666666666,0.6666666666666666,0.018518518518518545,0.2,0.2222222222222222,0.4,0.2,0.2,0.2,0.11411851686740747,0.1204188751093501,0.1734751311817166,0.11948874226161582,0.1817531200674503,0.4331750255741439,0.008918472995269155,0.00024774220467743804,0.0028911001424523886,0.003039650440199377,0.0033499024663012694,0.001459727385377943
