LIMIT_BAL,SEX,EDUCATION,MARRIAGE,AGE,PAY_0,PAY_2,PAY_3,PAY_4,PAY_5,PAY_6,BILL_AMT1,BILL_AMT2,BILL_AMT3,BILL_AMT4,BILL_AMT5,BILL_AMT6,PAY_AMT1,PAY_AMT2,PAY_AMT3,PAY_AMT4,PAY_AMT5,PAY_AMT6
0.10126582278481013,1.0,0.3333333333333333,0.6666666666666666,0.09259259259259262,0.2,0.2222222222222222,0.2,0.2,0.2,0.2,0.15572860827210125,0.15127103380847015,0.2075633955555849,0.18076955346601703,0.24884723352385435,0.4811524711126422,0.008152295087948305,0.0023771842468555487,0.006570682141937247,0.006126795418526869,0.006699804932602539,0.006691449814126394
