LIMIT_BAL,SEX,EDUCATION,MARRIAGE,AGE,PAY_0,PAY_2,PAY_3,PAY_4,PAY_5,PAY_6,BILL_AMT1,BILL_AMT2,BILL_AMT3,BILL_AMT4,BILL_AMT5,BILL_AMT6,PAY_AMT1,PAY_AMT2,PAY_AMT3,PAY_AMT4,PAY_AMT5,PAY_AMT6
0.22784810126582275,0.0,0.5,0.6666666666666666,0.09259259259259262,0.2,0.2222222222222222,0.2,0.4,0.2,0.2,0.22008077770121043,0.17165131477383833,0.24582108447953993,0.22378987552662963,0.2942144358061849,0.5145142787505521,0.009390746678882272,0.007218751477081402,3.153927428129879e-05,0.00896896856861461,0.00912977264469646,0.009169764560099132
