LIMIT_BAL,SEX,EDUCATION,MARRIAGE,AGE,PAY_0,PAY_2,PAY_3,PAY_4,PAY_5,PAY_6,BILL_AMT1,BILL_AMT2,BILL_AMT3,BILL_AMT4,BILL_AMT5,BILL_AMT6,PAY_AMT1,PAY_AMT2,PAY_AMT3,PAY_AMT4,PAY_AMT5,PAY_AMT6
0.05063291139240507,0.0,0.3333333333333333,0.6666666666666666,0.18518518518518523,0.30000000000000004,0.4444444444444444,0.2,0.2,0.4,0.2,0.10040702794255459,0.10089667061184585,0.1548942870960767,0.10517909902135285,0.164176495001683,0.42143611268325204,0.0,0.0035042482898453406,0.005650786642066033,0.0,0.0031025250534051758,0.0024783147459727386
