LIMIT_BAL,SEX,EDUCATION,MARRIAGE,AGE,PAY_0,PAY_2,PAY_3,PAY_4,PAY_5,PAY_6,BILL_AMT1,BILL_AMT2,BILL_AMT3,BILL_AMT4,BILL_AMT5,BILL_AMT6,PAY_AMT1,PAY_AMT2,PAY_AMT3,PAY_AMT4,PAY_AMT5,PAY_AMT6
0.05063291139240507,0.0,0.3333333333333333,0.3333333333333333,0.5555555555555556,0.2,0.2222222222222222,0.2,0.2,0.2,0.2,0.029283093977461983,0.04791977563937632,0.08357005739148521,0.08384572973037761,0.14331395443835518,0.406233411959911,0.00202692568074299,0.0008687275992965425,0.0034167547138073684,0.0037495687995880472,0.003092217661201172,0.000332094175960347
