LIMIT_BAL,SEX,EDUCATION,MARRIAGE,AGE,PAY_0,PAY_2,PAY_3,PAY_4,PAY_5,PAY_6,BILL_AMT1,BILL_AMT2,BILL_AMT3,BILL_AMT4,BILL_AMT5,BILL_AMT6,PAY_AMT1,PAY_AMT2,PAY_AMT3,PAY_AMT4,PAY_AMT5,PAY_AMT6
0.4430379746835443,1.0,0.16666666666666666,0.6666666666666666,0.18518518518518523,0.1,0.1111111111111111,0.1,0.1,0.1,0.1,0.025663323690030874,0.05035506612463336,0.0783789092481666,0.08363897328946501,0.13403626761829132,0.3979360230419228,0.011798734387604943,0.0011140249795857165,0.013719584312364972,0.0017497987731410886,0.0,0.0023147459727385377
