LIMIT_BAL,SEX,EDUCATION,MARRIAGE,AGE,PAY_0,PAY_2,PAY_3,PAY_4,PAY_5,PAY_6,BILL_AMT1,BILL_AMT2,BILL_AMT3,BILL_AMT4,BILL_AMT5,BILL_AMT6,PAY_AMT1,PAY_AMT2,PAY_AMT3,PAY_AMT4,PAY_AMT5,PAY_AMT6
0.20253164556962022,1.0,0.5,0.3333333333333333,0.6111111111111112,0.2,0.2222222222222222,0.2,0.2,0.2,0.2,0.24255129446815593,0.21912725775742295,0.2916814533234077,0.26612999886134137,0.33981529592847126,0.5468660102343447,0.014229018278815788,0.005708664946596886,0.018397909997424293,0.014998275198352189,0.015461088306005859,0.014869888475836432
