LIMIT_BAL,SEX,EDUCATION,MARRIAGE,AGE,PAY_0,PAY_2,PAY_3,PAY_4,PAY_5,PAY_6,BILL_AMT1,BILL_AMT2,BILL_AMT3,BILL_AMT4,BILL_AMT5,BILL_AMT6,PAY_AMT1,PAY_AMT2,PAY_AMT3,PAY_AMT4,PAY_AMT5,PAY_AMT6
0.08860759493670886,0.0,0.16666666666666666,0.6666666666666666,0.2222222222222222,0.4,0.4444444444444444,0.4,0.4,0.4,0.4,0.178924334871134,0.15747182627489323,0.22060646475383727,0.19309553346158226,0.25539128701352604,0.47587827996451837,0.0,0.006519531702037843,0.0,0.01249856266529349,0.0,0.00601734820322181
