LIMIT_BAL,SEX,EDUCATION,MARRIAGE,AGE,PAY_0,PAY_2,PAY_3,PAY_4,PAY_5,PAY_6,BILL_AMT1,BILL_AMT2,BILL_AMT3,BILL_AMT4,BILL_AMT5,BILL_AMT6,PAY_AMT1,PAY_AMT2,PAY_AMT3,PAY_AMT4,PAY_AMT5,PAY_AMT6
0.10126582278481013,0.0,0.3333333333333333,0.3333333333333333,0.2962962962962963,0.30000000000000004,0.4444444444444444,0.4,0.4,0.4,0.2,0.039018486571845215,0.05481268975454125,0.09591657189451323,0.09391087299161588,0.15206550262579127,0.41177828476882494,0.0,0.002607812680815137,0.0015033720740752422,0.0,0.0010874298775224122,0.0010830235439900867
