LIMIT_BAL,SEX,EDUCATION,MARRIAGE,AGE,PAY_0,PAY_2,PAY_3,PAY_4,PAY_5,PAY_6,BILL_AMT1,BILL_AMT2,BILL_AMT3,BILL_AMT4,BILL_AMT5,BILL_AMT6,PAY_AMT1,PAY_AMT2,PAY_AMT3,PAY_AMT4,PAY_AMT5,PAY_AMT6
0.012658227848101266,0.0,0.5,0.3333333333333333,0.35185185185185186,0.2,0.2222222222222222,0.4,0.5,0.4,0.4,0.04501638000995201,0.06390675654813976,0.10578718108276292,0.10188298184738379,0.16036280690058596,0.419193321779562,0.006486162178377567,0.0017928712180604069,0.0,0.0,0.004122956881601562,0.0022304832713754648
