LIMIT_BAL,SEX,EDUCATION,MARRIAGE,AGE,PAY_0,PAY_2,PAY_3,PAY_4,PAY_5,PAY_6,BILL_AMT1,BILL_AMT2,BILL_AMT3,BILL_AMT4,BILL_AMT5,BILL_AMT6,PAY_AMT1,PAY_AMT2,PAY_AMT3,PAY_AMT4,PAY_AMT5,PAY_AMT6
0.16455696202531644,1.0,0.3333333333333333,0.3333333333333333,0.5185185185185185,0.1,0.1111111111111111,0.2,0.1,0.1,0.1,0.03702651411098222,0.046952349096897036,0.08013350081457285,0.08335730509459856,0.13722087691950732,0.4051085011618219,0.0063787351172981885,0.0016298829255094608,0.013196558013866768,0.006614239362473315,0.01427831505059641,0.0
