LIMIT_BAL,SEX,EDUCATION,MARRIAGE,AGE,PAY_0,PAY_2,PAY_3,PAY_4,PAY_5,PAY_6,BILL_AMT1,BILL_AMT2,BILL_AMT3,BILL_AMT4,BILL_AMT5,BILL_AMT6,PAY_AMT1,PAY_AMT2,PAY_AMT3,PAY_AMT4,PAY_AMT5,PAY_AMT6
0.3164556962025316,1.0,0.16666666666666666,0.3333333333333333,0.3148148148148149,0.0,0.1111111111111111,0.1,0.0,0.0,0.0,0.025005611742748294,0.046858436679874445,0.0761373896365206,0.07686545249695859,0.13715388411224727,0.3983824720149144,0.00625103879941138,0.0005631245507635187,0.0,0.006531748848882378,0.0009740485632783692,0.0017174721189591078
