LIMIT_BAL,SEX,EDUCATION,MARRIAGE,AGE,PAY_0,PAY_2,PAY_3,PAY_4,PAY_5,PAY_6,BILL_AMT1,BILL_AMT2,BILL_AMT3,BILL_AMT4,BILL_AMT5,BILL_AMT6,PAY_AMT1,PAY_AMT2,PAY_AMT3,PAY_AMT4,PAY_AMT5,PAY_AMT6
0.025316455696202535,0.0,0.3333333333333333,0.6666666666666666,0.07407407407407407,0.2,0.2222222222222222,0.4,0.2,0.2,0.4,0.035844516267775094,0.05538902897133742,0.09100767695707937,0.08981769475557792,0.14842828338284267,0.40813404249584895,0.005472699338006072,0.0,0.002628272856774899,0.0017497987731410886,0.0,0.001942998760842627
