LIMIT_BAL,SEX,EDUCATION,MARRIAGE,AGE,PAY_0,PAY_2,PAY_3,PAY_4,PAY_5,PAY_6,BILL_AMT1,BILL_AMT2,BILL_AMT3,BILL_AMT4,BILL_AMT5,BILL_AMT6,PAY_AMT1,PAY_AMT2,PAY_AMT3,PAY_AMT4,PAY_AMT5,PAY_AMT6
0.4430379746835443,1.0,0.16666666666666666,0.3333333333333333,0.5,0.0,0.0,0.0,0.0,0.1,0.1,0.0273554799649011,0.04289996397879895,0.07613243782589105,0.07583017205731647,0.13405914321101428,0.39896601949142313,6.08077704222897e-06,0.0,0.0,0.0017847947486039106,0.0022650494368298586,0.00376456009913259
