LIMIT_BAL,SEX,EDUCATION,MARRIAGE,AGE,PAY_0,PAY_2,PAY_3,PAY_4,PAY_5,PAY_6,BILL_AMT1,BILL_AMT2,BILL_AMT3,BILL_AMT4,BILL_AMT5,BILL_AMT6,PAY_AMT1,PAY_AMT2,PAY_AMT3,PAY_AMT4,PAY_AMT5,PAY_AMT6
0.05063291139240507,1.0,0.16666666666666666,0.6666666666666666,0.12962962962962965,0.2,0.2222222222222222,0.2,0.2,0.2,0.4,0.10051533850189229,0.10499022281685794,0.14106553061126803,0.0910297669345511,0.14952140992081778,0.40954603990386695,0.004876783187867634,0.0016298829255094608,0.0012142620598300034,0.0018397884243312019,0.0,0.0003643122676579926
