LIMIT_BAL,SEX,EDUCATION,MARRIAGE,AGE,PAY_0,PAY_2,PAY_3,PAY_4,PAY_5,PAY_6,BILL_AMT1,BILL_AMT2,BILL_AMT3,BILL_AMT4,BILL_AMT5,BILL_AMT6,PAY_AMT1,PAY_AMT2,PAY_AMT3,PAY_AMT4,PAY_AMT5,PAY_AMT6
0.18987341772151897,1.0,0.16666666666666666,0.6666666666666666,0.18518518518518523,0.0,0.0,0.0,0.0,0.0,0.0,0.024029246990457682,0.04552307929810117,0.07745127005689631,0.08443453611645481,0.13289738989487032,0.3984644967606084,0.004126820685992727,0.0006486934043527653,0.015159877837877617,0.0,0.0011518510787974366,0.0
