LIMIT_BAL,SEX,EDUCATION,MARRIAGE,AGE,PAY_0,PAY_2,PAY_3,PAY_4,PAY_5,PAY_6,BILL_AMT1,BILL_AMT2,BILL_AMT3,BILL_AMT4,BILL_AMT5,BILL_AMT6,PAY_AMT1,PAY_AMT2,PAY_AMT3,PAY_AMT4,PAY_AMT5,PAY_AMT6
0.06329113924050633,1.0,0.3333333333333333,0.3333333333333333,0.5185185185185185,0.30000000000000004,0.4444444444444444,0.4,0.4,0.2,0.2,0.050734863599332554,0.0666263572273967,0.10723641099367984,0.10316397283999448,0.16385460273265295,0.42211926163667485,0.00405385136148598,0.0008149414627547304,0.0,0.002499712533058698,0.005153696102001953,0.0
