LIMIT_BAL,SEX,EDUCATION,MARRIAGE,AGE,PAY_0,PAY_2,PAY_3,PAY_4,PAY_5,PAY_6,BILL_AMT1,BILL_AMT2,BILL_AMT3,BILL_AMT4,BILL_AMT5,BILL_AMT6,PAY_AMT1,PAY_AMT2,PAY_AMT3,PAY_AMT4,PAY_AMT5,PAY_AMT6
0.0759493670886076,0.0,0.16666666666666666,0.6666666666666666,0.2222222222222222,0.2,0.2222222222222222,0.2,0.2,0.2,0.2,0.12900258532595985,0.21288143878968765,0.16252172606913717,0.11684735381720333,0.1772319225628507,0.410503385864324,0.004911240924440264,0.0033705978899535648,0.0026913514053374965,0.003037150727666318,0.0011209289021854249,0.00046096654275092937
