LIMIT_BAL,SEX,EDUCATION,MARRIAGE,AGE,PAY_0,PAY_2,PAY_3,PAY_4,PAY_5,PAY_6,BILL_AMT1,BILL_AMT2,BILL_AMT3,BILL_AMT4,BILL_AMT5,BILL_AMT6,PAY_AMT1,PAY_AMT2,PAY_AMT3,PAY_AMT4,PAY_AMT5,PAY_AMT6
0.10126582278481013,1.0,0.16666666666666666,0.6666666666666666,0.03703703703703709,0.1,0.1111111111111111,0.1,0.2,0.2,0.2,0.024525277957859342,0.04684814490814594,0.08246250241400768,0.08511473484235571,0.14250187089669056,0.3983109933079525,0.006214554137158007,0.0031228556852761265,0.015448987852122856,0.0,0.0,0.008218091697645601
