LIMIT_BAL,SEX,EDUCATION,MARRIAGE,AGE,PAY_0,PAY_2,PAY_3,PAY_4,PAY_5,PAY_6,BILL_AMT1,BILL_AMT2,BILL_AMT3,BILL_AMT4,BILL_AMT5,BILL_AMT6,PAY_AMT1,PAY_AMT2,PAY_AMT3,PAY_AMT4,PAY_AMT5,PAY_AMT6
0.025316455696202535,0.0,0.3333333333333333,0.6666666666666666,0.2592592592592593,0.30000000000000004,0.5555555555555556,0.4,0.4,0.4,0.4,0.046507612348659536,0.060667421396593424,0.09807226012191358,0.0969118378550068,0.15674682927945152,0.4145940771102916,0.0,0.0,0.002628272856774899,0.0022497412797528285,0.0,0.003546468401486989
