LIMIT_BAL,SEX,EDUCATION,MARRIAGE,AGE,PAY_0,PAY_2,PAY_3,PAY_4,PAY_5,PAY_6,BILL_AMT1,BILL_AMT2,BILL_AMT3,BILL_AMT4,BILL_AMT5,BILL_AMT6,PAY_AMT1,PAY_AMT2,PAY_AMT3,PAY_AMT4,PAY_AMT5,PAY_AMT6
0.24050632911392406,0.0,0.16666666666666666,0.6666666666666666,0.09259259259259262,0.1,0.1111111111111111,0.0,0.0,0.0,0.0,0.024498592747587734,0.0426452426285185,0.0758056183243403,0.07553352151165926,0.13256896174220514,0.3977051819718983,0.0,0.0,0.0,0.0,0.0,0.0
