LIMIT_BAL,SEX,EDUCATION,MARRIAGE,AGE,PAY_0,PAY_2,PAY_3,PAY_4,PAY_5,PAY_6,BILL_AMT1,BILL_AMT2,BILL_AMT3,BILL_AMT4,BILL_AMT5,BILL_AMT6,PAY_AMT1,PAY_AMT2,PAY_AMT3,PAY_AMT4,PAY_AMT5,PAY_AMT6
0.025316455696202535,1.0,0.5,0.6666666666666666,0.03703703703703709,0.4,0.4444444444444444,0.4,0.2,0.2,0.4,0.06733463410652422,0.08195337827406989,0.12425248292037985,0.11588398866135692,0.18072862030764406,0.43296176123533947,0.007175316909830184,5.9490726781095316e-05,0.0037268909109068066,0.011246206686231082,0.003092217661201172,0.0
