LIMIT_BAL,SEX,EDUCATION,MARRIAGE,AGE,PAY_0,PAY_2,PAY_3,PAY_4,PAY_5,PAY_6,BILL_AMT1,BILL_AMT2,BILL_AMT3,BILL_AMT4,BILL_AMT5,BILL_AMT6,PAY_AMT1,PAY_AMT2,PAY_AMT3,PAY_AMT4,PAY_AMT5,PAY_AMT6
0.05063291139240507,1.0,0.3333333333333333,0.3333333333333333,0.11111111111111116,0.2,0.2222222222222222,0.2,0.2,0.2,0.2,0.09244227753560513,0.08824551021458345,0.12156199914498737,0.1146809058928582,0.17614859985032827,0.4296690535867663,0.006283469610303269,0.0014041441403264004,0.0028911001424523886,0.0027771806242282136,0.003092217661201172,0.0028004956629491947
