LIMIT_BAL,SEX,EDUCATION,MARRIAGE,AGE,PAY_0,PAY_2,PAY_3,PAY_4,PAY_5,PAY_6,BILL_AMT1,BILL_AMT2,BILL_AMT3,BILL_AMT4,BILL_AMT5,BILL_AMT6,PAY_AMT1,PAY_AMT2,PAY_AMT3,PAY_AMT4,PAY_AMT5,PAY_AMT6
0.24050632911392406,0.0,0.16666666666666666,1.0,0.14814814814814814,0.1,0.1111111111111111,0.1,0.1,0.1,0.1,0.03580998246624713,0.050486286214171776,0.08109250147316367,0.0784041399231705,0.1371522501413385,0.3979395383881668,0.011997373104317756,0.0024586783931310214,0.004520629313652826,0.006526749423816261,0.0,0.0009417596034696407
