LIMIT_BAL,SEX,EDUCATION,MARRIAGE,AGE,PAY_0,PAY_2,PAY_3,PAY_4,PAY_5,PAY_6,BILL_AMT1,BILL_AMT2,BILL_AMT3,BILL_AMT4,BILL_AMT5,BILL_AMT6,PAY_AMT1,PAY_AMT2,PAY_AMT3,PAY_AMT4,PAY_AMT5,PAY_AMT6
0.1139240506329114,0.0,0.16666666666666666,0.6666666666666666,0.2592592592592593,0.1,0.4444444444444444,0.2,0.2,0.1,0.2,0.026882994771268504,0.04501878248340452,0.08017971771378204,0.07497917453240083,0.19881504429695135,0.4461161868804934,0.0,0.000831240292009825,0.0,0.10277068137164226,0.0025768480510009765,0.0034696406443618343
