LIMIT_BAL,SEX,EDUCATION,MARRIAGE,AGE,PAY_0,PAY_2,PAY_3,PAY_4,PAY_5,PAY_6,BILL_AMT1,BILL_AMT2,BILL_AMT3,BILL_AMT4,BILL_AMT5,BILL_AMT6,PAY_AMT1,PAY_AMT2,PAY_AMT3,PAY_AMT4,PAY_AMT5,PAY_AMT6
0.05063291139240507,0.0,0.5,0.6666666666666666,0.6851851851851851,0.2,0.2222222222222222,0.2,0.2,0.2,0.2,0.09653453301666884,0.10008748005969229,0.15910662733828623,0.10539334663766084,0.16582026973591762,0.42089943648999706,0.00405385136148598,0.016515603684187367,0.0034167547138073684,0.0017497987731410886,0.0018037936357006836,0.0017348203221809171
