LIMIT_BAL,SEX,EDUCATION,MARRIAGE,AGE,PAY_0,PAY_2,PAY_3,PAY_4,PAY_5,PAY_6,BILL_AMT1,BILL_AMT2,BILL_AMT3,BILL_AMT4,BILL_AMT5,BILL_AMT6,PAY_AMT1,PAY_AMT2,PAY_AMT3,PAY_AMT4,PAY_AMT5,PAY_AMT6
0.025316455696202535,0.0,0.16666666666666666,0.6666666666666666,0.05555555555555558,0.1,0.1111111111111111,0.1,0.1,0.1,0.1,0.03692762186115214,0.04676323779138579,0.0761373896365206,0.07658977724240844,0.1333532677784205,0.39823834281890924,0.010134628403714948,0.0,0.001324649519814549,0.0007499137599176095,0.0012884240255004883,0.0024783147459727386
