LIMIT_BAL,SEX,EDUCATION,MARRIAGE,AGE,PAY_0,PAY_2,PAY_3,PAY_4,PAY_5,PAY_6,BILL_AMT1,BILL_AMT2,BILL_AMT3,BILL_AMT4,BILL_AMT5,BILL_AMT6,PAY_AMT1,PAY_AMT2,PAY_AMT3,PAY_AMT4,PAY_AMT5,PAY_AMT6
0.24050632911392406,0.0,0.5,0.3333333333333333,0.4814814814814815,0.0,0.0,0.0,0.0,0.0,0.0,0.024029246990457682,0.05533242422683066,0.0761373896365206,0.111264929912563,0.13383692316741994,0.3989332095931455,0.019582129001658025,0.00017765723888053122,0.06215339651701281,0.0014373347065087514,0.002182590299197827,0.0006171003717472119
