LIMIT_BAL,SEX,EDUCATION,MARRIAGE,AGE,PAY_0,PAY_2,PAY_3,PAY_4,PAY_5,PAY_6,BILL_AMT1,BILL_AMT2,BILL_AMT3,BILL_AMT4,BILL_AMT5,BILL_AMT6,PAY_AMT1,PAY_AMT2,PAY_AMT3,PAY_AMT4,PAY_AMT5,PAY_AMT6
0.08860759493670886,1.0,0.3333333333333333,0.3333333333333333,0.38888888888888884,0.0,0.0,0.0,0.0,0.0,0.0,0.040657272426172224,0.09592831780991098,0.09068745986970136,0.11181028748134697,0.13289738989487032,0.4005526124295612,0.08354379578318381,0.007183708994182948,0.06311008783687887,0.002882168550616679,0.0057437943056811765,0.005427509293680298
