LIMIT_BAL,SEX,EDUCATION,MARRIAGE,AGE,PAY_0,PAY_2,PAY_3,PAY_4,PAY_5,PAY_6,BILL_AMT1,BILL_AMT2,BILL_AMT3,BILL_AMT4,BILL_AMT5,BILL_AMT6,PAY_AMT1,PAY_AMT2,PAY_AMT3,PAY_AMT4,PAY_AMT5,PAY_AMT6
0.012658227848101266,1.0,0.5,1.0,0.35185185185185186,0.1,0.1111111111111111,0.1,0.4,0.1,0.2,0.0246414371084534,0.043405547264961666,0.08104628457395448,0.0793944733104403,0.1414953448168809,0.4030977231102377,0.000790501015489766,0.002423635910232568,0.0,0.01315348734895487,0.00022676262848808594,0.003995043370508055
