LIMIT_BAL,SEX,EDUCATION,MARRIAGE,AGE,PAY_0,PAY_2,PAY_3,PAY_4,PAY_5,PAY_6,BILL_AMT1,BILL_AMT2,BILL_AMT3,BILL_AMT4,BILL_AMT5,BILL_AMT6,PAY_AMT1,PAY_AMT2,PAY_AMT3,PAY_AMT4,PAY_AMT5,PAY_AMT6
0.24050632911392406,1.0,0.3333333333333333,0.3333333333333333,0.33333333333333337,0.1,0.4444444444444444,0.1,0.1,0.1,0.1,0.02968494184978738,0.04325374363196625,0.08584458907399492,0.07583466676255371,0.13834014699202296,0.3979407101702482,0.0,0.004792670742460569,5.2565457135497976e-05,0.008326542447618523,0.0,0.020934324659231722
