LIMIT_BAL,SEX,EDUCATION,MARRIAGE,AGE,PAY_0,PAY_2,PAY_3,PAY_4,PAY_5,PAY_6,BILL_AMT1,BILL_AMT2,BILL_AMT3,BILL_AMT4,BILL_AMT5,BILL_AMT6,PAY_AMT1,PAY_AMT2,PAY_AMT3,PAY_AMT4,PAY_AMT5,PAY_AMT6
0.27848101265822783,1.0,0.5,0.3333333333333333,0.537037037037037,0.0,0.0,0.0,0.0,0.0,0.0,0.02840719119325272,0.04668862244635414,0.08029691056534823,0.08023348495472334,0.13860485027924563,0.4016435415472913,0.005963215352745876,0.0020536524861419206,0.007716609107491103,0.008731495877974033,0.008142839841163086,0.006899628252788104
