LIMIT_BAL,SEX,EDUCATION,MARRIAGE,AGE,PAY_0,PAY_2,PAY_3,PAY_4,PAY_5,PAY_6,BILL_AMT1,BILL_AMT2,BILL_AMT3,BILL_AMT4,BILL_AMT5,BILL_AMT6,PAY_AMT1,PAY_AMT2,PAY_AMT3,PAY_AMT4,PAY_AMT5,PAY_AMT6
0.18987341772151897,1.0,0.16666666666666666,0.6666666666666666,0.12962962962962965,0.0,0.0,0.0,0.0,0.0,0.0,0.024525277957859342,0.04496089126743169,0.0799799946850566,0.07852849343473388,0.13453136080365227,0.39963041993154447,0.0032775388257614145,0.0019379307984307489,0.004725634596481268,0.002499712533058698,0.003715814889543408,0.0
