LIMIT_BAL,SEX,EDUCATION,MARRIAGE,AGE,PAY_0,PAY_2,PAY_3,PAY_4,PAY_5,PAY_6,BILL_AMT1,BILL_AMT2,BILL_AMT3,BILL_AMT4,BILL_AMT5,BILL_AMT6,PAY_AMT1,PAY_AMT2,PAY_AMT3,PAY_AMT4,PAY_AMT5,PAY_AMT6
0.1139240506329114,1.0,0.5,0.6666666666666666,0.18518518518518523,0.2,0.1111111111111111,0.1,0.2,0.1,0.1,0.04891869958261191,0.04355992384088921,0.0798991151114405,0.07852549696457573,0.1336588203383627,0.3984867606201539,0.0010337320971789247,0.0018572515936180305,0.004546912042220575,0.0011648660404053534,0.0012008111917664551,0.0011598513011152416
