LIMIT_BAL,SEX,EDUCATION,MARRIAGE,AGE,PAY_0,PAY_2,PAY_3,PAY_4,PAY_5,PAY_6,BILL_AMT1,BILL_AMT2,BILL_AMT3,BILL_AMT4,BILL_AMT5,BILL_AMT6,PAY_AMT1,PAY_AMT2,PAY_AMT3,PAY_AMT4,PAY_AMT5,PAY_AMT6
0.2911392405063291,1.0,0.3333333333333333,0.6666666666666666,0.2407407407407407,0.1,0.1111111111111111,0.1,0.1,0.1,0.1,0.029370998199533163,0.04658055884320486,0.08211092385930917,0.08072190959050239,0.13817184798841842,0.401604872738607,0.0070982937339619506,0.0033404450558316397,0.009198954998712146,0.008069072056713478,0.008057803855480054,0.0055043370508054525
