LIMIT_BAL,SEX,EDUCATION,MARRIAGE,AGE,PAY_0,PAY_2,PAY_3,PAY_4,PAY_5,PAY_6,BILL_AMT1,BILL_AMT2,BILL_AMT3,BILL_AMT4,BILL_AMT5,BILL_AMT6,PAY_AMT1,PAY_AMT2,PAY_AMT3,PAY_AMT4,PAY_AMT5,PAY_AMT6
0.3164556962025316,0.0,0.16666666666666666,0.3333333333333333,0.40740740740740744,0.30000000000000004,0.1111111111111111,0.4,0.2,0.1,0.1,0.02401354980794497,0.04955745381567437,0.08075907955744019,0.08153395300336204,0.14108195017695907,0.4014970687871235,0.010503528877610174,7.334473164792573e-06,0.007879562024611146,0.012583552891417486,0.007859386555552978,0.00734820322180917
