LIMIT_BAL,SEX,EDUCATION,MARRIAGE,AGE,PAY_0,PAY_2,PAY_3,PAY_4,PAY_5,PAY_6,BILL_AMT1,BILL_AMT2,BILL_AMT3,BILL_AMT4,BILL_AMT5,BILL_AMT6,PAY_AMT1,PAY_AMT2,PAY_AMT3,PAY_AMT4,PAY_AMT5,PAY_AMT6
0.012658227848101266,1.0,0.5,0.3333333333333333,0.2407407407407407,0.1,0.1111111111111111,0.1,0.1,0.1,0.0,0.025646056789266895,0.0482774147069418,0.07908536756465002,0.0774078135955844,0.13289738989487032,0.3979407101702482,0.008466468568463469,0.0014554854524799483,0.0027596864996136438,0.0,0.0,0.0
