LIMIT_BAL,SEX,EDUCATION,MARRIAGE,AGE,PAY_0,PAY_2,PAY_3,PAY_4,PAY_5,PAY_6,BILL_AMT1,BILL_AMT2,BILL_AMT3,BILL_AMT4,BILL_AMT5,BILL_AMT6,PAY_AMT1,PAY_AMT2,PAY_AMT3,PAY_AMT4,PAY_AMT5,PAY_AMT6
0.2151898734177215,0.0,0.3333333333333333,0.3333333333333333,0.2777777777777778,0.2,0.2222222222222222,0.2,0.2,0.1,0.1,0.031130652359208043,0.051182267277311795,0.08751665046324189,0.08825803203825892,0.16862579778629622,0.3979407101702482,0.00405385136148598,0.0009779297553056765,0.005256545713549798,0.05465871424786149,0.0,0.0
