LIMIT_BAL,SEX,EDUCATION,MARRIAGE,AGE,PAY_0,PAY_2,PAY_3,PAY_4,PAY_5,PAY_6,BILL_AMT1,BILL_AMT2,BILL_AMT3,BILL_AMT4,BILL_AMT5,BILL_AMT6,PAY_AMT1,PAY_AMT2,PAY_AMT3,PAY_AMT4,PAY_AMT5,PAY_AMT6
0.34177215189873417,1.0,0.16666666666666666,0.3333333333333333,0.2962962962962963,0.1,0.1111111111111111,0.0,0.1,0.1,0.1,0.03801386689103173,0.046985797355014666,0.0991583572533297,0.08733511922954759,0.14295448083842316,0.4022704449608097,0.007238151605933217,0.011474375795586604,0.02034808845715127,0.015443224029236638,0.009562683117264624,0.015008674101610905
