LIMIT_BAL,SEX,EDUCATION,MARRIAGE,AGE,PAY_0,PAY_2,PAY_3,PAY_4,PAY_5,PAY_6,BILL_AMT1,BILL_AMT2,BILL_AMT3,BILL_AMT4,BILL_AMT5,BILL_AMT6,PAY_AMT1,PAY_AMT2,PAY_AMT3,PAY_AMT4,PAY_AMT5,PAY_AMT6
0.36708860759493667,1.0,0.16666666666666666,0.3333333333333333,0.3148148148148149,0.1,0.1111111111111111,0.1,0.1,0.1,0.2,0.028556314427123475,0.04748108886944888,0.0807227662794901,0.0799967638122292,0.141666911762303,0.4009744539788446,0.007211801572083558,0.002263907383532641,0.007301341996120669,0.013415957164926032,0.0,0.009073110285006196
