LIMIT_BAL,SEX,EDUCATION,MARRIAGE,AGE,PAY_0,PAY_2,PAY_3,PAY_4,PAY_5,PAY_6,BILL_AMT1,BILL_AMT2,BILL_AMT3,BILL_AMT4,BILL_AMT5,BILL_AMT6,PAY_AMT1,PAY_AMT2,PAY_AMT3,PAY_AMT4,PAY_AMT5,PAY_AMT6
0.2151898734177215,1.0,0.3333333333333333,0.6666666666666666,0.2407407407407407,0.4,0.2222222222222222,0.2,0.2,0.4,0.4,0.10468921933202209,0.1122767972006381,0.16666969277316251,0.16271432252806195,0.2300173527710513,0.47056073287938494,0.006364546637532988,0.0007521909701226162,0.012255636331141354,0.006324272708638506,0.009500838764040601,0.012391573729863693
