LIMIT_BAL,SEX,EDUCATION,MARRIAGE,AGE,PAY_0,PAY_2,PAY_3,PAY_4,PAY_5,PAY_6,BILL_AMT1,BILL_AMT2,BILL_AMT3,BILL_AMT4,BILL_AMT5,BILL_AMT6,PAY_AMT1,PAY_AMT2,PAY_AMT3,PAY_AMT4,PAY_AMT5,PAY_AMT6
0.15189873417721517,0.0,0.3333333333333333,0.3333333333333333,0.5,0.5,0.4444444444444444,0.4,0.4,0.5,0.5,0.21290716529290157,0.1996951062625431,0.2717190540721215,0.2727686784967308,0.3506207455482463,0.5514453346082322,0.010134628403714948,0.0,0.03942409285162348,0.013315968663603685,5.6690657122021484e-05,2.4783147459727388e-05
