LIMIT_BAL,SEX,EDUCATION,MARRIAGE,AGE,PAY_0,PAY_2,PAY_3,PAY_4,PAY_5,PAY_6,BILL_AMT1,BILL_AMT2,BILL_AMT3,BILL_AMT4,BILL_AMT5,BILL_AMT6,PAY_AMT1,PAY_AMT2,PAY_AMT3,PAY_AMT4,PAY_AMT5,PAY_AMT6
0.10126582278481013,1.0,0.16666666666666666,0.6666666666666666,0.05555555555555558,0.2,0.2222222222222222,0.2,0.2,0.2,0.2,0.044656914530410936,0.061591107909226575,0.10169203369211953,0.1031310116682548,0.1700489864478453,0.4253451777066115,0.0032430810891887836,0.0012224121941320956,0.007884818570324697,0.01249856266529349,0.002628385012020996,0.0018934324659231722
