LIMIT_BAL,SEX,EDUCATION,MARRIAGE,AGE,PAY_0,PAY_2,PAY_3,PAY_4,PAY_5,PAY_6,BILL_AMT1,BILL_AMT2,BILL_AMT3,BILL_AMT4,BILL_AMT5,BILL_AMT6,PAY_AMT1,PAY_AMT2,PAY_AMT3,PAY_AMT4,PAY_AMT5,PAY_AMT6
0.12658227848101264,1.0,0.3333333333333333,0.3333333333333333,0.2592592592592593,0.2,0.2222222222222222,0.2,0.2,0.2,0.2,0.09724090622974083,0.10425050172387176,0.15658285452075552,0.15098164362381117,0.21714492995166715,0.46000414810856793,0.0032430810891887836,0.0013039063404075685,0.005256545713549798,0.004999425066117396,0.005153696102001953,0.004956629491945477
