LIMIT_BAL,SEX,EDUCATION,MARRIAGE,AGE,PAY_0,PAY_2,PAY_3,PAY_4,PAY_5,PAY_6,BILL_AMT1,BILL_AMT2,BILL_AMT3,BILL_AMT4,BILL_AMT5,BILL_AMT6,PAY_AMT1,PAY_AMT2,PAY_AMT3,PAY_AMT4,PAY_AMT5,PAY_AMT6
0.3164556962025316,1.0,0.6666666666666666,0.6666666666666666,0.38888888888888884,0.1,0.1111111111111111,0.1,0.1,0.1,0.1,0.024655564572714842,0.04560669994339526,0.07708978788093868,0.07583466676255371,0.1332241840766267,0.3979407101702482,0.004258570855241022,0.0004702212240094794,0.0,0.0004999425066117396,0.0,0.0016456009913258984
