LIMIT_BAL,SEX,EDUCATION,MARRIAGE,AGE,PAY_0,PAY_2,PAY_3,PAY_4,PAY_5,PAY_6,BILL_AMT1,BILL_AMT2,BILL_AMT3,BILL_AMT4,BILL_AMT5,BILL_AMT6,PAY_AMT1,PAY_AMT2,PAY_AMT3,PAY_AMT4,PAY_AMT5,PAY_AMT6
0.05063291139240507,0.0,0.5,0.3333333333333333,0.05555555555555558,0.2,0.2222222222222222,0.4,0.2,0.2,0.2,0.07008635020100241,0.07781737251067772,0.09808216374317269,0.09699873548959326,0.15280732541837827,0.4078059435130729,0.0036606277794218396,0.0008149414627547304,0.0029226394167336874,0.0009148947870994835,0.0012961545696534911,0.0012391573729863693
