LIMIT_BAL,SEX,EDUCATION,MARRIAGE,AGE,PAY_0,PAY_2,PAY_3,PAY_4,PAY_5,PAY_6,BILL_AMT1,BILL_AMT2,BILL_AMT3,BILL_AMT4,BILL_AMT5,BILL_AMT6,PAY_AMT1,PAY_AMT2,PAY_AMT3,PAY_AMT4,PAY_AMT5,PAY_AMT6
0.10126582278481013,1.0,0.3333333333333333,1.0,0.2777777777777778,0.2,0.2222222222222222,0.2,0.2,0.2,0.2,0.16759253881520808,0.16003576390675656,0.19184634861737193,0.11919658642119582,0.17784466165364393,0.4310435539681814,0.006358465860490759,0.004151311811272596,0.002906869779593038,0.0025022122455917568,0.003094794509252173,0.0026617100371747215
