LIMIT_BAL,SEX,EDUCATION,MARRIAGE,AGE,PAY_0,PAY_2,PAY_3,PAY_4,PAY_5,PAY_6,BILL_AMT1,BILL_AMT2,BILL_AMT3,BILL_AMT4,BILL_AMT5,BILL_AMT6,PAY_AMT1,PAY_AMT2,PAY_AMT3,PAY_AMT4,PAY_AMT5,PAY_AMT6
0.0,0.0,0.5,0.6666666666666666,0.03703703703703709,0.2,0.2222222222222222,0.2,0.2,0.2,0.2,0.03753510282439405,0.05395975917254156,0.09142032784287575,0.09041698878720866,0.14846586471374465,0.40908787311006195,0.0032430810891887836,0.0011009859161816408,0.003193351520981502,0.0009998850132234792,0.0005153696102001953,0.0004114002478314746
