LIMIT_BAL,SEX,EDUCATION,MARRIAGE,AGE,PAY_0,PAY_2,PAY_3,PAY_4,PAY_5,PAY_6,BILL_AMT1,BILL_AMT2,BILL_AMT3,BILL_AMT4,BILL_AMT5,BILL_AMT6,PAY_AMT1,PAY_AMT2,PAY_AMT3,PAY_AMT4,PAY_AMT5,PAY_AMT6
0.05063291139240507,0.0,0.3333333333333333,0.6666666666666666,0.35185185185185186,0.2,0.2222222222222222,0.2,0.2,0.1,0.2,0.06573038205372518,0.06200921113569702,0.08276126165532427,0.07887158926784248,0.1575540109083898,0.41443705831139166,0.006080777042228969,0.0008149414627547304,0.00010775918712777085,0.07630372507161676,0.001229156520327466,0.0017050805452292442
