LIMIT_BAL,SEX,EDUCATION,MARRIAGE,AGE,PAY_0,PAY_2,PAY_3,PAY_4,PAY_5,PAY_6,BILL_AMT1,BILL_AMT2,BILL_AMT3,BILL_AMT4,BILL_AMT5,BILL_AMT6,PAY_AMT1,PAY_AMT2,PAY_AMT3,PAY_AMT4,PAY_AMT5,PAY_AMT6
0.13924050632911392,1.0,0.3333333333333333,0.3333333333333333,0.33333333333333337,0.1,0.4444444444444444,0.1,0.1,0.1,0.1,0.04173095971004165,0.0501389389183348,0.08494005833232922,0.08382475443927054,0.1416113567514044,0.4229559140427536,0.0,0.004346082820870977,0.014016579145180535,0.013330966938802037,0.05501055219276885,0.013216852540272616
