LIMIT_BAL,SEX,EDUCATION,MARRIAGE,AGE,PAY_0,PAY_2,PAY_3,PAY_4,PAY_5,PAY_6,BILL_AMT1,BILL_AMT2,BILL_AMT3,BILL_AMT4,BILL_AMT5,BILL_AMT6,PAY_AMT1,PAY_AMT2,PAY_AMT3,PAY_AMT4,PAY_AMT5,PAY_AMT6
0.15189873417721517,0.0,0.5,0.3333333333333333,0.5185185185185185,0.2,0.2222222222222222,0.2,0.2,0.2,0.2,0.21155720759680846,0.19320614418772195,0.2519662814708198,0.20979486165297279,0.2750414211625376,0.5003931328882905,0.010223813133667641,0.004129308391778219,0.013175531831012569,0.012503562090359608,0.010312545900105908,0.012413878562577448
