LIMIT_BAL,SEX,EDUCATION,MARRIAGE,AGE,PAY_0,PAY_2,PAY_3,PAY_4,PAY_5,PAY_6,BILL_AMT1,BILL_AMT2,BILL_AMT3,BILL_AMT4,BILL_AMT5,BILL_AMT6,PAY_AMT1,PAY_AMT2,PAY_AMT3,PAY_AMT4,PAY_AMT5,PAY_AMT6
0.12658227848101264,0.0,0.3333333333333333,0.3333333333333333,0.2777777777777778,0.2,0.2222222222222222,0.2,0.2,0.2,0.2,0.1956952046677142,0.17477358102197296,0.24752615793965066,0.19043616619622084,0.2591134727437313,0.4893971298369699,0.00798608718212738,0.002653449402729402,0.007085823621865128,0.006949200841903181,0.0074728593479028325,0.007434944237918216
