LIMIT_BAL,SEX,EDUCATION,MARRIAGE,AGE,PAY_0,PAY_2,PAY_3,PAY_4,PAY_5,PAY_6,BILL_AMT1,BILL_AMT2,BILL_AMT3,BILL_AMT4,BILL_AMT5,BILL_AMT6,PAY_AMT1,PAY_AMT2,PAY_AMT3,PAY_AMT4,PAY_AMT5,PAY_AMT6
0.0759493670886076,1.0,0.16666666666666666,0.6666666666666666,0.09259259259259262,0.30000000000000004,0.4444444444444444,0.4,0.4,0.4,0.4,0.06814774816068264,0.08207302012041373,0.1250926401238613,0.12342910051958791,0.18375310045979942,0.4395518636608112,0.006283469610303269,0.0,0.006833509427614737,0.0,0.01314192506010498,0.0034696406443618343
