LIMIT_BAL,SEX,EDUCATION,MARRIAGE,AGE,PAY_0,PAY_2,PAY_3,PAY_4,PAY_5,PAY_6,BILL_AMT1,BILL_AMT2,BILL_AMT3,BILL_AMT4,BILL_AMT5,BILL_AMT6,PAY_AMT1,PAY_AMT2,PAY_AMT3,PAY_AMT4,PAY_AMT5,PAY_AMT6
0.5569620253164557,1.0,0.16666666666666666,0.3333333333333333,0.2222222222222222,0.0,0.0,0.0,0.0,0.0,0.0,0.029499715096137392,0.0467490866052591,0.07989746450789732,0.08289734692532197,0.13415227955281486,0.3991933452152036,0.006088884744951941,0.0018654010082455779,0.012450128522542696,0.0019272783629882564,0.002767534806775049,0.0009169764560099133
