LIMIT_BAL,SEX,EDUCATION,MARRIAGE,AGE,PAY_0,PAY_2,PAY_3,PAY_4,PAY_5,PAY_6,BILL_AMT1,BILL_AMT2,BILL_AMT3,BILL_AMT4,BILL_AMT5,BILL_AMT6,PAY_AMT1,PAY_AMT2,PAY_AMT3,PAY_AMT4,PAY_AMT5,PAY_AMT6
0.1139240506329114,1.0,0.5,0.3333333333333333,0.2777777777777778,0.2,0.2222222222222222,0.4,0.2,0.2,0.4,0.1840965565090722,0.19127900993155975,0.26103139612999493,0.24499439660080424,0.3291389300104901,0.56060632692017,0.033663181705779574,0.0,0.011125479002728146,0.022997355304140023,0.05411380907102051,0.009913258983890954
