LIMIT_BAL,SEX,EDUCATION,MARRIAGE,AGE,PAY_0,PAY_2,PAY_3,PAY_4,PAY_5,PAY_6,BILL_AMT1,BILL_AMT2,BILL_AMT3,BILL_AMT4,BILL_AMT5,BILL_AMT6,PAY_AMT1,PAY_AMT2,PAY_AMT3,PAY_AMT4,PAY_AMT5,PAY_AMT6
0.0,1.0,0.16666666666666666,0.6666666666666666,0.07407407407407407,0.30000000000000004,0.5555555555555556,0.4,0.2,0.2,0.2,0.04041396609722521,0.05593577934441414,0.09221096694006164,0.08958546831832101,0.14661947758682106,0.3979407101702482,0.0,0.0,0.0,0.0,0.0,0.0
