LIMIT_BAL,SEX,EDUCATION,MARRIAGE,AGE,PAY_0,PAY_2,PAY_3,PAY_4,PAY_5,PAY_6,BILL_AMT1,BILL_AMT2,BILL_AMT3,BILL_AMT4,BILL_AMT5,BILL_AMT6,PAY_AMT1,PAY_AMT2,PAY_AMT3,PAY_AMT4,PAY_AMT5,PAY_AMT6
0.025316455696202535,0.0,0.16666666666666666,0.6666666666666666,0.38888888888888884,0.30000000000000004,0.4444444444444444,0.4,0.4,0.2,0.2,0.07303114164038696,0.08202027479030516,0.12793332882168365,0.12119673025176342,0.1819622683437744,0.4333261854626371,0.0,0.0029337892659170293,0.0,0.002749683786364568,0.0027056904535510255,0.0024783147459727386
