LIMIT_BAL,SEX,EDUCATION,MARRIAGE,AGE,PAY_0,PAY_2,PAY_3,PAY_4,PAY_5,PAY_6,BILL_AMT1,BILL_AMT2,BILL_AMT3,BILL_AMT4,BILL_AMT5,BILL_AMT6,PAY_AMT1,PAY_AMT2,PAY_AMT3,PAY_AMT4,PAY_AMT5,PAY_AMT6
0.08860759493670886,1.0,0.5,0.0,0.2962962962962963,0.0,0.0,0.0,0.0,0.0,0.0,0.03512715502694421,0.04687516080893326,0.0847370340965174,0.08165081533953003,0.1407159406933919,0.39911249225159096,0.006257119576453609,0.0042499197282659185,0.010202955230000157,0.01196112447068587,0.005071236964369922,0.0
