LIMIT_BAL,SEX,EDUCATION,MARRIAGE,AGE,PAY_0,PAY_2,PAY_3,PAY_4,PAY_5,PAY_6,BILL_AMT1,BILL_AMT2,BILL_AMT3,BILL_AMT4,BILL_AMT5,BILL_AMT6,PAY_AMT1,PAY_AMT2,PAY_AMT3,PAY_AMT4,PAY_AMT5,PAY_AMT6
0.15189873417721517,1.0,0.3333333333333333,0.3333333333333333,0.3148148148148149,0.2,0.2222222222222222,0.2,0.2,0.2,0.2,0.22436610852718047,0.2077471311686307,0.22208870673561787,0.21102790912305305,0.28347434502276125,0.4981397959458683,0.010945398676012144,0.0025263185345396643,0.008147645856002186,0.007999080105787834,0.0077305441530029296,0.0076827757125154895
