LIMIT_BAL,SEX,EDUCATION,MARRIAGE,AGE,PAY_0,PAY_2,PAY_3,PAY_4,PAY_5,PAY_6,BILL_AMT1,BILL_AMT2,BILL_AMT3,BILL_AMT4,BILL_AMT5,BILL_AMT6,PAY_AMT1,PAY_AMT2,PAY_AMT3,PAY_AMT4,PAY_AMT5,PAY_AMT6
0.012658227848101266,0.0,0.5,0.6666666666666666,0.03703703703703709,0.30000000000000004,0.4444444444444444,0.4,0.5,0.4,0.4,0.038354495751557555,0.05426979879586271,0.09443928172336216,0.09174292683219168,0.14973382613895944,0.41110216650789017,0.0,0.001955859510611353,0.0,0.0,0.0028345328561010744,0.0
