LIMIT_BAL,SEX,EDUCATION,MARRIAGE,AGE,PAY_0,PAY_2,PAY_3,PAY_4,PAY_5,PAY_6,BILL_AMT1,BILL_AMT2,BILL_AMT3,BILL_AMT4,BILL_AMT5,BILL_AMT6,PAY_AMT1,PAY_AMT2,PAY_AMT3,PAY_AMT4,PAY_AMT5,PAY_AMT6
0.20253164556962022,0.0,0.16666666666666666,0.3333333333333333,0.2592592592592593,0.2,0.2222222222222222,0.2,0.2,0.2,0.4,0.23823299955890917,0.22200123501260743,0.31332086577457047,0.2939027825221888,0.38471354855998147,0.5758008251689416,0.009729243267566351,0.005297119507905747,0.014455500712261943,0.026931902831174415,0.0,0.013630731102850062
