LIMIT_BAL,SEX,EDUCATION,MARRIAGE,AGE,PAY_0,PAY_2,PAY_3,PAY_4,PAY_5,PAY_6,BILL_AMT1,BILL_AMT2,BILL_AMT3,BILL_AMT4,BILL_AMT5,BILL_AMT6,PAY_AMT1,PAY_AMT2,PAY_AMT3,PAY_AMT4,PAY_AMT5,PAY_AMT6
0.4430379746835443,1.0,0.16666666666666666,0.3333333333333333,0.462962962962963,0.30000000000000004,0.1111111111111111,0.4,0.4,0.1,0.1,0.023715303340203466,0.04639787989502393,0.07646751034515771,0.07583466676255371,0.15273379672748308,0.4476523931891338,0.005910515285046558,0.0,0.0,0.030346510151332596,0.10932020171566544,0.04913258983890954
