LIMIT_BAL,SEX,EDUCATION,MARRIAGE,AGE,PAY_0,PAY_2,PAY_3,PAY_4,PAY_5,PAY_6,BILL_AMT1,BILL_AMT2,BILL_AMT3,BILL_AMT4,BILL_AMT5,BILL_AMT6,PAY_AMT1,PAY_AMT2,PAY_AMT3,PAY_AMT4,PAY_AMT5,PAY_AMT6
0.2151898734177215,1.0,0.3333333333333333,0.6666666666666666,0.14814814814814814,0.2,0.2222222222222222,0.2,0.4,0.4,0.2,0.18183930166374437,0.17537307672515826,0.2547855123225808,0.2385849469325135,0.28717038721842597,0.6066585344990221,0.010872429351505397,0.0070353896479615876,0.009461782284389635,0.0,0.009534337788703613,0.02379925650557621
