LIMIT_BAL,SEX,EDUCATION,MARRIAGE,AGE,PAY_0,PAY_2,PAY_3,PAY_4,PAY_5,PAY_6,BILL_AMT1,BILL_AMT2,BILL_AMT3,BILL_AMT4,BILL_AMT5,BILL_AMT6,PAY_AMT1,PAY_AMT2,PAY_AMT3,PAY_AMT4,PAY_AMT5,PAY_AMT6
0.012658227848101266,0.0,0.5,0.3333333333333333,0.5925925925925926,0.2,0.2222222222222222,0.2,0.2,0.2,0.2,0.05398575009771496,0.06763495085679,0.10674783234489692,0.10490791847203994,0.16452779874707113,0.42068851571535537,0.0026350033849658868,0.0011409180478566224,0.0034167547138073684,0.0017497987731410886,0.0018037936357006836,0.0016009913258983892
