LIMIT_BAL,SEX,EDUCATION,MARRIAGE,AGE,PAY_0,PAY_2,PAY_3,PAY_4,PAY_5,PAY_6,BILL_AMT1,BILL_AMT2,BILL_AMT3,BILL_AMT4,BILL_AMT5,BILL_AMT6,PAY_AMT1,PAY_AMT2,PAY_AMT3,PAY_AMT4,PAY_AMT5,PAY_AMT6
0.16455696202531644,1.0,0.3333333333333333,0.6666666666666666,0.11111111111111116,0.4,0.2222222222222222,0.2,0.2,0.2,0.2,0.23799440238471598,0.21924947254669894,0.30543758325231624,0.28264354590292634,0.3597856883756042,0.5606942105762707,0.010438667255826397,0.006315796336349161,0.013141364283874494,0.013445953715322737,0.013399609865205078,0.012019826517967782
