LIMIT_BAL,SEX,EDUCATION,MARRIAGE,AGE,PAY_0,PAY_2,PAY_3,PAY_4,PAY_5,PAY_6,BILL_AMT1,BILL_AMT2,BILL_AMT3,BILL_AMT4,BILL_AMT5,BILL_AMT6,PAY_AMT1,PAY_AMT2,PAY_AMT3,PAY_AMT4,PAY_AMT5,PAY_AMT6
0.1139240506329114,1.0,0.3333333333333333,0.6666666666666666,0.05555555555555558,0.4,0.2222222222222222,0.2,0.2,0.2,0.2,0.3028834154557598,0.16421679617146093,0.23523741456063413,0.2220189616631608,0.2737489501736911,0.5060751042007215,0.01601271287786962,0.0036672365823962865,0.009987436855744616,0.008748993865705443,0.019326360382507325,0.008674101610904586
