LIMIT_BAL,SEX,EDUCATION,MARRIAGE,AGE,PAY_0,PAY_2,PAY_3,PAY_4,PAY_5,PAY_6,BILL_AMT1,BILL_AMT2,BILL_AMT3,BILL_AMT4,BILL_AMT5,BILL_AMT6,PAY_AMT1,PAY_AMT2,PAY_AMT3,PAY_AMT4,PAY_AMT5,PAY_AMT6
0.3164556962025316,0.0,0.5,0.3333333333333333,0.33333333333333337,0.2,0.2222222222222222,0.1,0.1,0.1,0.4,0.029551515798429337,0.04290382339319714,0.08034807927518697,0.07562641208656203,0.1366734966650654,0.3979957839280713,0.0,0.0020789156714873173,0.0,0.00612429570599381,0.0,0.014374225526641884
