LIMIT_BAL,SEX,EDUCATION,MARRIAGE,AGE,PAY_0,PAY_2,PAY_3,PAY_4,PAY_5,PAY_6,BILL_AMT1,BILL_AMT2,BILL_AMT3,BILL_AMT4,BILL_AMT5,BILL_AMT6,PAY_AMT1,PAY_AMT2,PAY_AMT3,PAY_AMT4,PAY_AMT5,PAY_AMT6
0.012658227848101266,0.0,0.5,0.3333333333333333,0.42592592592592593,0.2,0.2222222222222222,0.2,0.2,0.2,0.2,0.0530172339366807,0.06748314722379459,0.10863777340184438,0.10532592605910238,0.1650817148851482,0.4211994127028208,0.0026917573040266905,0.001061053784506659,0.0018029951797475807,0.0017522984856741474,0.002203205083605835,0.002448574969021066
