LIMIT_BAL,SEX,EDUCATION,MARRIAGE,AGE,PAY_0,PAY_2,PAY_3,PAY_4,PAY_5,PAY_6,BILL_AMT1,BILL_AMT2,BILL_AMT3,BILL_AMT4,BILL_AMT5,BILL_AMT6,PAY_AMT1,PAY_AMT2,PAY_AMT3,PAY_AMT4,PAY_AMT5,PAY_AMT6
0.025316455696202535,0.0,0.3333333333333333,0.3333333333333333,0.2777777777777778,0.2,0.2222222222222222,0.6000000000000001,0.5,0.4,0.4,0.05897274498200318,0.07903180157464107,0.12131605921705271,0.11575514044455631,0.17524828187958943,0.4302057297800213,0.012566939220606537,0.0,0.0,0.0,0.00525161632793999,0.0031425030978934326
