LIMIT_BAL,SEX,EDUCATION,MARRIAGE,AGE,PAY_0,PAY_2,PAY_3,PAY_4,PAY_5,PAY_6,BILL_AMT1,BILL_AMT2,BILL_AMT3,BILL_AMT4,BILL_AMT5,BILL_AMT6,PAY_AMT1,PAY_AMT2,PAY_AMT3,PAY_AMT4,PAY_AMT5,PAY_AMT6
0.27848101265822783,1.0,0.3333333333333333,0.3333333333333333,0.3148148148148149,0.0,0.0,0.0,0.0,0.0,0.0,0.043958389908595304,0.055618020892296616,0.07949636784690323,0.08532898245866369,0.13843328333382354,0.40043894956767095,0.02003210650278297,0.0016584058767058762,0.016655365093382533,0.00846902606200287,0.005493840044734082,0.005462205700123916
