LIMIT_BAL,SEX,EDUCATION,MARRIAGE,AGE,PAY_0,PAY_2,PAY_3,PAY_4,PAY_5,PAY_6,BILL_AMT1,BILL_AMT2,BILL_AMT3,BILL_AMT4,BILL_AMT5,BILL_AMT6,PAY_AMT1,PAY_AMT2,PAY_AMT3,PAY_AMT4,PAY_AMT5,PAY_AMT6
0.08860759493670886,1.0,0.5,0.3333333333333333,0.5925925925925926,0.2,0.2222222222222222,0.2,0.2,0.2,0.2,0.12763379101085146,0.13125739721092988,0.19317508446963633,0.1829195208044923,0.25207269209778993,0.47283164655302723,0.010134628403714948,0.0040747073137736515,0.007884818570324697,0.0074991375991760945,0.0077305441530029296,0.007434944237918216
