LIMIT_BAL,SEX,EDUCATION,MARRIAGE,AGE,PAY_0,PAY_2,PAY_3,PAY_4,PAY_5,PAY_6,BILL_AMT1,BILL_AMT2,BILL_AMT3,BILL_AMT4,BILL_AMT5,BILL_AMT6,PAY_AMT1,PAY_AMT2,PAY_AMT3,PAY_AMT4,PAY_AMT5,PAY_AMT6
0.0,0.0,0.5,0.6666666666666666,0.03703703703703709,0.2,0.2222222222222222,0.2,0.2,0.2,0.2,0.03625264301310557,0.05372562136571811,0.0917355931196242,0.08993905179698315,0.14164567014048882,0.4041218606493313,0.0026329764592851438,0.0010895767357030745,0.002841162958173666,0.00047744509381421134,0.0009663180191253662,0.0
