LIMIT_BAL,SEX,EDUCATION,MARRIAGE,AGE,PAY_0,PAY_2,PAY_3,PAY_4,PAY_5,PAY_6,BILL_AMT1,BILL_AMT2,BILL_AMT3,BILL_AMT4,BILL_AMT5,BILL_AMT6,PAY_AMT1,PAY_AMT2,PAY_AMT3,PAY_AMT4,PAY_AMT5,PAY_AMT6
0.08860759493670886,0.0,0.16666666666666666,0.6666666666666666,0.2592592592592593,0.30000000000000004,0.1111111111111111,0.4,0.1,0.1,0.1,0.024029246990457682,0.04820022641897803,0.08169992357705595,0.08335281038936133,0.13444966225821317,0.3934563001449494,0.008344853027618889,0.0,0.013188673195296442,0.0,0.0,0.018969021065675343
