LIMIT_BAL,SEX,EDUCATION,MARRIAGE,AGE,PAY_0,PAY_2,PAY_3,PAY_4,PAY_5,PAY_6,BILL_AMT1,BILL_AMT2,BILL_AMT3,BILL_AMT4,BILL_AMT5,BILL_AMT6,PAY_AMT1,PAY_AMT2,PAY_AMT3,PAY_AMT4,PAY_AMT5,PAY_AMT6
0.13924050632911392,1.0,0.16666666666666666,0.6666666666666666,0.12962962962962965,0.2,0.2222222222222222,0.2,0.2,0.2,0.2,0.05633090916511395,0.07087428600833634,0.11473510289037187,0.11219383566159064,0.17319928235997686,0.4235242283522048,0.00405385136148598,0.0016298829255094608,0.003448293988088667,0.0025222099458562263,0.0025768480510009765,0.0024783147459727386
