LIMIT_BAL,SEX,EDUCATION,MARRIAGE,AGE,PAY_0,PAY_2,PAY_3,PAY_4,PAY_5,PAY_6,BILL_AMT1,BILL_AMT2,BILL_AMT3,BILL_AMT4,BILL_AMT5,BILL_AMT6,PAY_AMT1,PAY_AMT2,PAY_AMT3,PAY_AMT4,PAY_AMT5,PAY_AMT6
0.0,0.0,0.3333333333333333,0.6666666666666666,0.03703703703703709,0.4,0.2222222222222222,0.2,0.2,0.2,0.2,0.03758847324493726,0.05442803478618845,0.09167617139206952,0.08983417534144778,0.14849364221919395,0.40917341320199996,0.0026228418308814287,0.0009371826821679399,0.0012615709712519515,0.001249856266529349,0.0008967431217483399,0.000996282527881041
