LIMIT_BAL,SEX,EDUCATION,MARRIAGE,AGE,PAY_0,PAY_2,PAY_3,PAY_4,PAY_5,PAY_6,BILL_AMT1,BILL_AMT2,BILL_AMT3,BILL_AMT4,BILL_AMT5,BILL_AMT6,PAY_AMT1,PAY_AMT2,PAY_AMT3,PAY_AMT4,PAY_AMT5,PAY_AMT6
0.20253164556962022,1.0,0.16666666666666666,0.6666666666666666,0.12962962962962965,0.4,0.4444444444444444,0.4,0.4,0.4,0.4,0.2310185744760673,0.21515849328461897,0.2903213560038228,0.2834960416629211,0.35557984725639946,0.5678631733499258,0.011350783812160743,0.0,0.028911001424523887,0.0,0.02834532856101074,0.01401734820322181
