LIMIT_BAL,SEX,EDUCATION,MARRIAGE,AGE,PAY_0,PAY_2,PAY_3,PAY_4,PAY_5,PAY_6,BILL_AMT1,BILL_AMT2,BILL_AMT3,BILL_AMT4,BILL_AMT5,BILL_AMT6,PAY_AMT1,PAY_AMT2,PAY_AMT3,PAY_AMT4,PAY_AMT5,PAY_AMT6
0.15189873417721517,1.0,0.3333333333333333,0.3333333333333333,0.05555555555555558,0.2,0.2222222222222222,0.2,0.2,0.2,0.2,0.12774367128844044,0.1306707662224052,0.1927327227200626,0.1851384069566051,0.25524422963173565,0.48738752356746706,0.006080777042228969,0.0024456393297269457,0.007884818570324697,0.006249281332646745,0.005669065712202149,0.005452292441140025
