LIMIT_BAL,SEX,EDUCATION,MARRIAGE,AGE,PAY_0,PAY_2,PAY_3,PAY_4,PAY_5,PAY_6,BILL_AMT1,BILL_AMT2,BILL_AMT3,BILL_AMT4,BILL_AMT5,BILL_AMT6,PAY_AMT1,PAY_AMT2,PAY_AMT3,PAY_AMT4,PAY_AMT5,PAY_AMT6
0.13924050632911392,1.0,0.3333333333333333,0.6666666666666666,0.07407407407407407,0.2,0.2222222222222222,0.4,0.2,0.2,0.4,0.09773222804238867,0.10551638964647764,0.15798586753246324,0.15218622462738893,0.22047332869285596,0.46249887215974667,0.005067314201857474,0.0016298829255094608,0.006570682141937247,0.010248821385540662,0.006442120127502442,0.0
