LIMIT_BAL,SEX,EDUCATION,MARRIAGE,AGE,PAY_0,PAY_2,PAY_3,PAY_4,PAY_5,PAY_6,BILL_AMT1,BILL_AMT2,BILL_AMT3,BILL_AMT4,BILL_AMT5,BILL_AMT6,PAY_AMT1,PAY_AMT2,PAY_AMT3,PAY_AMT4,PAY_AMT5,PAY_AMT6
0.35443037974683544,1.0,0.16666666666666666,0.3333333333333333,0.35185185185185186,0.1,0.1111111111111111,0.0,0.0,0.0,0.0,0.02502758779826609,0.05156434930273247,0.0761373896365206,0.08136615067450544,0.13289738989487032,0.400233887703436,0.013645263682761807,0.0,0.009703583387212927,0.0,0.0050428916358089115,0.0
