LIMIT_BAL,SEX,EDUCATION,MARRIAGE,AGE,PAY_0,PAY_2,PAY_3,PAY_4,PAY_5,PAY_6,BILL_AMT1,BILL_AMT2,BILL_AMT3,BILL_AMT4,BILL_AMT5,BILL_AMT6,PAY_AMT1,PAY_AMT2,PAY_AMT3,PAY_AMT4,PAY_AMT5,PAY_AMT6
0.3924050632911392,1.0,0.16666666666666666,0.6666666666666666,0.11111111111111116,0.4,0.2222222222222222,0.2,0.2,0.2,0.4,0.42147719905754116,0.37561236041784596,0.5099572658742669,0.4778500925909279,0.59796635980693,0.7386797062576678,0.02229618248817289,0.008149414627547303,0.0259568227335089,0.05224399194092679,0.02834532856101074,0.0
