LIMIT_BAL,SEX,EDUCATION,MARRIAGE,AGE,PAY_0,PAY_2,PAY_3,PAY_4,PAY_5,PAY_6,BILL_AMT1,BILL_AMT2,BILL_AMT3,BILL_AMT4,BILL_AMT5,BILL_AMT6,PAY_AMT1,PAY_AMT2,PAY_AMT3,PAY_AMT4,PAY_AMT5,PAY_AMT6
0.1139240506329114,1.0,0.3333333333333333,0.6666666666666666,0.3148148148148149,0.2,0.2222222222222222,0.2,0.2,0.2,0.2,0.17583198991612997,0.15848299284721865,0.21259113394812812,0.1807380905293564,0.22741770505517922,0.44905150099425706,0.008249587520623968,0.0032801393875877896,0.006599593143361771,0.0038070621878483974,0.0033292876818932617,0.003063197026022305
