LIMIT_BAL,SEX,EDUCATION,MARRIAGE,AGE,PAY_0,PAY_2,PAY_3,PAY_4,PAY_5,PAY_6,BILL_AMT1,BILL_AMT2,BILL_AMT3,BILL_AMT4,BILL_AMT5,BILL_AMT6,PAY_AMT1,PAY_AMT2,PAY_AMT3,PAY_AMT4,PAY_AMT5,PAY_AMT6
0.1772151898734177,1.0,0.16666666666666666,0.3333333333333333,0.2407407407407407,0.0,0.0,0.0,0.0,0.0,0.0,0.03299547764171809,0.0616078320382854,0.09065609840238084,0.10633723473747925,0.16121247177315257,0.4214782968381804,0.029469472472322327,0.007168225106390608,0.05355105945678856,0.04331751848537418,0.05176114680045662,0.0
