LIMIT_BAL,SEX,EDUCATION,MARRIAGE,AGE,PAY_0,PAY_2,PAY_3,PAY_4,PAY_5,PAY_6,BILL_AMT1,BILL_AMT2,BILL_AMT3,BILL_AMT4,BILL_AMT5,BILL_AMT6,PAY_AMT1,PAY_AMT2,PAY_AMT3,PAY_AMT4,PAY_AMT5,PAY_AMT6
0.0759493670886076,0.0,0.3333333333333333,0.3333333333333333,0.2592592592592593,0.2,0.2222222222222222,0.2,0.2,0.2,0.2,0.13294885700965534,0.1335743323213091,0.18614351337566581,0.18017325590454444,0.2088084103750617,0.4573254542706183,0.006970597416075142,0.002637965514937062,0.01297841136675445,0.0042320133184683755,0.012884240255004883,0.005452292441140025
