LIMIT_BAL,SEX,EDUCATION,MARRIAGE,AGE,PAY_0,PAY_2,PAY_3,PAY_4,PAY_5,PAY_6,BILL_AMT1,BILL_AMT2,BILL_AMT3,BILL_AMT4,BILL_AMT5,BILL_AMT6,PAY_AMT1,PAY_AMT2,PAY_AMT3,PAY_AMT4,PAY_AMT5,PAY_AMT6
0.012658227848101266,0.0,0.16666666666666666,0.6666666666666666,0.03703703703703709,0.2,0.2222222222222222,0.2,0.2,0.2,0.2,0.04010630131997608,0.06706118458292595,0.10760614618735341,0.10284035406291389,0.161351359300399,0.41794068673460655,0.020269256807429897,0.0010594239015811495,0.0034167547138073684,0.001522324932632747,0.0018037936357006836,0.004483271375464684
