LIMIT_BAL,SEX,EDUCATION,MARRIAGE,AGE,PAY_0,PAY_2,PAY_3,PAY_4,PAY_5,PAY_6,BILL_AMT1,BILL_AMT2,BILL_AMT3,BILL_AMT4,BILL_AMT5,BILL_AMT6,PAY_AMT1,PAY_AMT2,PAY_AMT3,PAY_AMT4,PAY_AMT5,PAY_AMT6
0.10126582278481013,0.0,0.16666666666666666,0.6666666666666666,0.09259259259259262,0.2,0.2222222222222222,0.1,0.2,0.2,0.1,0.08544918272619248,0.06924175371790255,0.0793395605103006,0.0787412428159628,0.13289738989487032,0.42501004803134745,0.003123492474024947,0.0034227541435698674,0.0,0.0,0.05952776682617356,0.007434944237918216
