LIMIT_BAL,SEX,EDUCATION,MARRIAGE,AGE,PAY_0,PAY_2,PAY_3,PAY_4,PAY_5,PAY_6,BILL_AMT1,BILL_AMT2,BILL_AMT3,BILL_AMT4,BILL_AMT5,BILL_AMT6,PAY_AMT1,PAY_AMT2,PAY_AMT3,PAY_AMT4,PAY_AMT5,PAY_AMT6
0.27848101265822783,0.0,0.5,0.3333333333333333,0.16666666666666674,0.2,0.2222222222222222,0.2,0.2,0.2,0.2,0.1890144837903045,0.10926516749858489,0.14877219855440144,0.12851411037797475,0.1737221530507871,0.4274414958501337,0.004191682307776503,0.0015434991304574593,0.0038530480080320017,0.0025447073586537545,0.0029272993859371095,0.0012465923172242876
