LIMIT_BAL,SEX,EDUCATION,MARRIAGE,AGE,PAY_0,PAY_2,PAY_3,PAY_4,PAY_5,PAY_6,BILL_AMT1,BILL_AMT2,BILL_AMT3,BILL_AMT4,BILL_AMT5,BILL_AMT6,PAY_AMT1,PAY_AMT2,PAY_AMT3,PAY_AMT4,PAY_AMT5,PAY_AMT6
0.012658227848101266,0.0,0.3333333333333333,0.3333333333333333,0.38888888888888884,0.4,0.2222222222222222,0.2,0.2,0.2,0.2,0.05659305211307622,0.07047419338239078,0.1087285565967196,0.10571396894458328,0.16432682032529095,0.42049165632568974,0.002782968959660125,0.0011295088673780563,0.0031250164267053546,0.0014248361438434578,0.0015177635020395752,0.001486988847583643
