LIMIT_BAL,SEX,EDUCATION,MARRIAGE,AGE,PAY_0,PAY_2,PAY_3,PAY_4,PAY_5,PAY_6,BILL_AMT1,BILL_AMT2,BILL_AMT3,BILL_AMT4,BILL_AMT5,BILL_AMT6,PAY_AMT1,PAY_AMT2,PAY_AMT3,PAY_AMT4,PAY_AMT5,PAY_AMT6
0.08860759493670886,0.0,0.5,0.3333333333333333,0.7037037037037037,0.2,0.2222222222222222,0.2,0.2,0.2,0.2,0.1366094399716195,0.1368471157309731,0.1987722810845786,0.12589369722466934,0.18203089512194326,0.4333918052591923,0.006555077651522829,0.002505944997970796,0.002959435236728536,0.0027271863735670396,0.002767534806775049,0.0025477075588599754
