LIMIT_BAL,SEX,EDUCATION,MARRIAGE,AGE,PAY_0,PAY_2,PAY_3,PAY_4,PAY_5,PAY_6,BILL_AMT1,BILL_AMT2,BILL_AMT3,BILL_AMT4,BILL_AMT5,BILL_AMT6,PAY_AMT1,PAY_AMT2,PAY_AMT3,PAY_AMT4,PAY_AMT5,PAY_AMT6
0.10126582278481013,1.0,0.16666666666666666,0.6666666666666666,0.20370370370370372,0.1,0.1111111111111111,0.0,0.1,0.1,0.1,0.03590102612482085,0.04288838573560439,0.07611758239400238,0.08067396606797193,0.13352973663656892,0.399864776347813,0.0,0.0,0.008520860601664222,0.0009673887502937162,0.004231184499743604,0.0
