LIMIT_BAL,SEX,EDUCATION,MARRIAGE,AGE,PAY_0,PAY_2,PAY_3,PAY_4,PAY_5,PAY_6,BILL_AMT1,BILL_AMT2,BILL_AMT3,BILL_AMT4,BILL_AMT5,BILL_AMT6,PAY_AMT1,PAY_AMT2,PAY_AMT3,PAY_AMT4,PAY_AMT5,PAY_AMT6
0.1772151898734177,1.0,0.16666666666666666,0.6666666666666666,0.09259259259259262,0.1,0.1111111111111111,0.1,0.1,0.1,0.1,0.026463879998179125,0.04671306540420934,0.08302865942932033,0.07839215404253788,0.1402371872171188,0.40514599818842484,0.006060507785421539,0.0034023806070009994,0.0044864617665147525,0.011228708698499672,0.015845038665605004,0.0859281288723668
