LIMIT_BAL,SEX,EDUCATION,MARRIAGE,AGE,PAY_0,PAY_2,PAY_3,PAY_4,PAY_5,PAY_6,BILL_AMT1,BILL_AMT2,BILL_AMT3,BILL_AMT4,BILL_AMT5,BILL_AMT6,PAY_AMT1,PAY_AMT2,PAY_AMT3,PAY_AMT4,PAY_AMT5,PAY_AMT6
0.1139240506329114,1.0,0.16666666666666666,0.3333333333333333,0.38888888888888884,0.4,0.4444444444444444,0.4,0.4,0.4,0.4,0.09654238160792519,0.10358153656151907,0.15225002021989342,0.14913581800638848,0.21425933732675823,0.4574941908903317,0.00405385136148598,0.0,0.010250264141422105,0.004499482559505657,0.005153696102001953,0.004956629491945477
