LIMIT_BAL,SEX,EDUCATION,MARRIAGE,AGE,PAY_0,PAY_2,PAY_3,PAY_4,PAY_5,PAY_6,BILL_AMT1,BILL_AMT2,BILL_AMT3,BILL_AMT4,BILL_AMT5,BILL_AMT6,PAY_AMT1,PAY_AMT2,PAY_AMT3,PAY_AMT4,PAY_AMT5,PAY_AMT6
0.06329113924050633,1.0,0.16666666666666666,0.6666666666666666,0.2222222222222222,0.2,0.2222222222222222,0.4,0.2,0.1,0.1,0.0416681709799908,0.0698914218082643,0.09736580180543017,0.08765274506631188,0.14509171478710994,0.4016810385738943,0.020269256807429897,0.0,0.0,0.018655354634217063,0.016450597957590234,0.0463543990086741
