LIMIT_BAL,SEX,EDUCATION,MARRIAGE,AGE,PAY_0,PAY_2,PAY_3,PAY_4,PAY_5,PAY_6,BILL_AMT1,BILL_AMT2,BILL_AMT3,BILL_AMT4,BILL_AMT5,BILL_AMT6,PAY_AMT1,PAY_AMT2,PAY_AMT3,PAY_AMT4,PAY_AMT5,PAY_AMT6
0.012658227848101266,1.0,0.5,0.6666666666666666,0.42592592592592593,0.2,0.2222222222222222,0.2,0.2,0.2,0.2,0.05351326490408237,0.06819585241599342,0.10017182782884562,0.09833366294505072,0.15760139606474446,0.40271806571588264,0.0024931185873138775,0.001103430740569905,0.0031539274281298787,0.0007549131849837269,0.00021130154018208009,0.0002057001239157373
