LIMIT_BAL,SEX,EDUCATION,MARRIAGE,AGE,PAY_0,PAY_2,PAY_3,PAY_4,PAY_5,PAY_6,BILL_AMT1,BILL_AMT2,BILL_AMT3,BILL_AMT4,BILL_AMT5,BILL_AMT6,PAY_AMT1,PAY_AMT2,PAY_AMT3,PAY_AMT4,PAY_AMT5,PAY_AMT6
0.05063291139240507,0.0,0.16666666666666666,0.6666666666666666,0.03703703703703709,0.2,0.2222222222222222,0.2,0.2,0.2,0.2,0.0779898815961523,0.0883162661452169,0.1291316669940364,0.12526743496161521,0.16266833985287726,0.4199174831058318,0.0036606277794218396,0.0013136856379606253,0.003942409285162349,0.0016298125715542712,0.0021336301862288085,0.002371747211895911
