LIMIT_BAL,SEX,EDUCATION,MARRIAGE,AGE,PAY_0,PAY_2,PAY_3,PAY_4,PAY_5,PAY_6,BILL_AMT1,BILL_AMT2,BILL_AMT3,BILL_AMT4,BILL_AMT5,BILL_AMT6,PAY_AMT1,PAY_AMT2,PAY_AMT3,PAY_AMT4,PAY_AMT5,PAY_AMT6
0.025316455696202535,1.0,0.16666666666666666,0.6666666666666666,0.018518518518518545,0.2,0.2222222222222222,0.2,0.2,0.2,0.2,0.07011931428427912,0.08126511603972625,0.12661614719422157,0.11925801405943798,0.1785619748825992,0.4291452669964061,0.0036484662253373815,0.002444824388264191,0.003690095090911958,0.0013973393059798123,0.0013734600111835204,0.0024783147459727386
