LIMIT_BAL,SEX,EDUCATION,MARRIAGE,AGE,PAY_0,PAY_2,PAY_3,PAY_4,PAY_5,PAY_6,BILL_AMT1,BILL_AMT2,BILL_AMT3,BILL_AMT4,BILL_AMT5,BILL_AMT6,PAY_AMT1,PAY_AMT2,PAY_AMT3,PAY_AMT4,PAY_AMT5,PAY_AMT6
0.05063291139240507,1.0,0.16666666666666666,0.6666666666666666,0.05555555555555558,0.4,0.4444444444444444,0.4,0.2,0.2,0.2,0.09212205501234583,0.10220629856429786,0.1490726083992612,0.14050598395090583,0.19493436338859424,0.4405080378391869,0.007353686369735567,6.519531702037843e-06,0.003942409285162349,0.00372457167425746,0.0033576330104542725,0.004956629491945477
