LIMIT_BAL,SEX,EDUCATION,MARRIAGE,AGE,PAY_0,PAY_2,PAY_3,PAY_4,PAY_5,PAY_6,BILL_AMT1,BILL_AMT2,BILL_AMT3,BILL_AMT4,BILL_AMT5,BILL_AMT6,PAY_AMT1,PAY_AMT2,PAY_AMT3,PAY_AMT4,PAY_AMT5,PAY_AMT6
0.26582278481012656,0.0,0.3333333333333333,0.3333333333333333,0.20370370370370372,0.1,0.1111111111111111,0.1,0.1,0.1,0.1,0.02648585605369692,0.046849431379612005,0.08570593837636732,0.07762505768205054,0.13583363561795148,0.3993409897574528,0.006246984948049894,0.004742959313232531,0.003148670882416329,0.004504481984571774,0.00308706396509917,0.0044659231722428755
