LIMIT_BAL,SEX,EDUCATION,MARRIAGE,AGE,PAY_0,PAY_2,PAY_3,PAY_4,PAY_5,PAY_6,BILL_AMT1,BILL_AMT2,BILL_AMT3,BILL_AMT4,BILL_AMT5,BILL_AMT6,PAY_AMT1,PAY_AMT2,PAY_AMT3,PAY_AMT4,PAY_AMT5,PAY_AMT6
0.05063291139240507,0.0,0.16666666666666666,0.3333333333333333,0.4814814814814815,0.2,0.2222222222222222,0.4,0.4,0.4,0.4,0.09579205628381761,0.10462100550609787,0.15839851841825964,0.1519554964252111,0.21450933487580187,0.45702664983987595,0.006080777042228969,0.002444824388264191,0.005256545713549798,0.0,0.012884240255004883,0.0
