LIMIT_BAL,SEX,EDUCATION,MARRIAGE,AGE,PAY_0,PAY_2,PAY_3,PAY_4,PAY_5,PAY_6,BILL_AMT1,BILL_AMT2,BILL_AMT3,BILL_AMT4,BILL_AMT5,BILL_AMT6,PAY_AMT1,PAY_AMT2,PAY_AMT3,PAY_AMT4,PAY_AMT5,PAY_AMT6
0.18987341772151897,0.0,0.3333333333333333,0.6666666666666666,0.2777777777777778,0.1,0.1111111111111111,0.1,0.1,0.1,0.1,0.025182989905141926,0.04384937992075336,0.077350583240762,0.07693586954567519,0.13409835851282506,0.3988019700000351,0.0014897903753460975,0.0005989819751247268,0.0019317805497295506,0.001837288711798143,0.0018939833174857177,0.0018215613382899629
