LIMIT_BAL,SEX,EDUCATION,MARRIAGE,AGE,PAY_0,PAY_2,PAY_3,PAY_4,PAY_5,PAY_6,BILL_AMT1,BILL_AMT2,BILL_AMT3,BILL_AMT4,BILL_AMT5,BILL_AMT6,PAY_AMT1,PAY_AMT2,PAY_AMT3,PAY_AMT4,PAY_AMT5,PAY_AMT6
0.08860759493670886,1.0,0.16666666666666666,0.6666666666666666,0.05555555555555558,0.2,0.2222222222222222,0.4,0.2,0.2,0.2,0.08652443972831317,0.10256393763186333,0.1480640896343748,0.1184864229937134,0.17533324836684608,0.425695540548933,0.019103774541002677,8.149414627547304e-07,0.005288084987831097,0.0027271863735670396,0.0025923091393069823,0.006235439900867411
