LIMIT_BAL,SEX,EDUCATION,MARRIAGE,AGE,PAY_0,PAY_2,PAY_3,PAY_4,PAY_5,PAY_6,BILL_AMT1,BILL_AMT2,BILL_AMT3,BILL_AMT4,BILL_AMT5,BILL_AMT6,PAY_AMT1,PAY_AMT2,PAY_AMT3,PAY_AMT4,PAY_AMT5,PAY_AMT6
0.025316455696202535,1.0,0.16666666666666666,0.6666666666666666,0.018518518518518545,0.2,0.2222222222222222,0.4,0.4,0.4,0.4,0.052792764226748945,0.06990171357999281,0.11048314816312585,0.10416329563773874,0.16485132498700994,0.4203779934637995,0.006688854746451867,0.0010594239015811495,0.0,0.005749338826035006,0.0,0.0022304832713754648
