LIMIT_BAL,SEX,EDUCATION,MARRIAGE,AGE,PAY_0,PAY_2,PAY_3,PAY_4,PAY_5,PAY_6,BILL_AMT1,BILL_AMT2,BILL_AMT3,BILL_AMT4,BILL_AMT5,BILL_AMT6,PAY_AMT1,PAY_AMT2,PAY_AMT3,PAY_AMT4,PAY_AMT5,PAY_AMT6
0.05063291139240507,1.0,0.5,0.3333333333333333,0.4814814814814815,0.30000000000000004,0.5555555555555556,0.4,0.4,0.4,0.7,0.06823879181925636,0.07819430865023413,0.1234568920125644,0.11956964695588596,0.19098668967297708,0.4382734494100663,0.0,0.0016298829255094608,0.0034167547138073684,0.017497987731410886,0.0,0.0
