LIMIT_BAL,SEX,EDUCATION,MARRIAGE,AGE,PAY_0,PAY_2,PAY_3,PAY_4,PAY_5,PAY_6,BILL_AMT1,BILL_AMT2,BILL_AMT3,BILL_AMT4,BILL_AMT5,BILL_AMT6,PAY_AMT1,PAY_AMT2,PAY_AMT3,PAY_AMT4,PAY_AMT5,PAY_AMT6
0.1139240506329114,0.0,0.5,0.3333333333333333,0.537037037037037,0.4,0.5555555555555556,0.4,0.4,0.5,0.4,0.12795087409760822,0.12594684299902228,0.1866023811606714,0.1840207235876138,0.24801227438946677,0.48251876901948787,0.0,0.0032597658510189215,0.018397909997424293,0.0,0.0077305441530029296,0.007434944237918216
