LIMIT_BAL,SEX,EDUCATION,MARRIAGE,AGE,PAY_0,PAY_2,PAY_3,PAY_4,PAY_5,PAY_6,BILL_AMT1,BILL_AMT2,BILL_AMT3,BILL_AMT4,BILL_AMT5,BILL_AMT6,PAY_AMT1,PAY_AMT2,PAY_AMT3,PAY_AMT4,PAY_AMT5,PAY_AMT6
0.24050632911392406,0.0,0.5,0.3333333333333333,0.2777777777777778,0.2,0.2222222222222222,0.2,0.4,0.4,0.4,0.0640084011320808,0.07720501209283179,0.1231944460491979,0.11685784146275688,0.1803707806786208,0.4308115411160755,0.00405385136148598,0.002444824388264191,0.0,0.006249281332646745,0.0,0.003717472118959108
