LIMIT_BAL,SEX,EDUCATION,MARRIAGE,AGE,PAY_0,PAY_2,PAY_3,PAY_4,PAY_5,PAY_6,BILL_AMT1,BILL_AMT2,BILL_AMT3,BILL_AMT4,BILL_AMT5,BILL_AMT6,PAY_AMT1,PAY_AMT2,PAY_AMT3,PAY_AMT4,PAY_AMT5,PAY_AMT6
0.4050632911392405,1.0,0.16666666666666666,0.3333333333333333,0.18518518518518523,0.2,0.2222222222222222,0.4,0.2,0.2,0.2,0.1902294457167883,0.18239721092986158,0.2504312201756572,0.23449176869647556,0.3069005859419679,0.5236600378954325,0.018769331803680084,0.0,0.009443384374392213,0.010248821385540662,0.040698738117509424,0.0
