LIMIT_BAL,SEX,EDUCATION,MARRIAGE,AGE,PAY_0,PAY_2,PAY_3,PAY_4,PAY_5,PAY_6,BILL_AMT1,BILL_AMT2,BILL_AMT3,BILL_AMT4,BILL_AMT5,BILL_AMT6,PAY_AMT1,PAY_AMT2,PAY_AMT3,PAY_AMT4,PAY_AMT5,PAY_AMT6
0.22784810126582275,0.0,0.16666666666666666,0.6666666666666666,0.2222222222222222,0.1,0.1111111111111111,0.1,0.2,0.1,0.2,0.02488631315565169,0.04446431328153142,0.10183893740746305,0.09774635479405261,0.17949824021333124,0.42714151963730995,0.0024586608507412466,0.012689453516553907,0.0,0.07129180144283408,0.0,0.0
