LIMIT_BAL,SEX,EDUCATION,MARRIAGE,AGE,PAY_0,PAY_2,PAY_3,PAY_4,PAY_5,PAY_6,BILL_AMT1,BILL_AMT2,BILL_AMT3,BILL_AMT4,BILL_AMT5,BILL_AMT6,PAY_AMT1,PAY_AMT2,PAY_AMT3,PAY_AMT4,PAY_AMT5,PAY_AMT6
0.012658227848101266,0.0,0.5,0.6666666666666666,0.462962962962963,0.2,0.2222222222222222,0.2,0.2,0.2,0.2,0.039387370360893924,0.05730587145577112,0.09683925927515397,0.09623913030450129,0.15645108054496198,0.41584671215524704,0.0038207549082005356,0.0014978624085431945,0.0034167547138073684,0.002499712533058698,0.002767534806775049,0.0004535315985130112
