LIMIT_BAL,SEX,EDUCATION,MARRIAGE,AGE,PAY_0,PAY_2,PAY_3,PAY_4,PAY_5,PAY_6,BILL_AMT1,BILL_AMT2,BILL_AMT3,BILL_AMT4,BILL_AMT5,BILL_AMT6,PAY_AMT1,PAY_AMT2,PAY_AMT3,PAY_AMT4,PAY_AMT5,PAY_AMT6
0.012658227848101266,1.0,0.5,0.3333333333333333,0.5555555555555556,0.2,0.2222222222222222,0.2,0.2,0.2,0.2,0.04472441241521559,0.06117171821129008,0.10412832452186142,0.10527648430149283,0.1938967918615177,0.4204682206840629,0.0025174416954827934,0.002444824388264191,0.007884818570324697,0.009428915674697409,0.003659124232421387,0.0018066914498141265
