LIMIT_BAL,SEX,EDUCATION,MARRIAGE,AGE,PAY_0,PAY_2,PAY_3,PAY_4,PAY_5,PAY_6,BILL_AMT1,BILL_AMT2,BILL_AMT3,BILL_AMT4,BILL_AMT5,BILL_AMT6,PAY_AMT1,PAY_AMT2,PAY_AMT3,PAY_AMT4,PAY_AMT5,PAY_AMT6
0.025316455696202535,1.0,0.3333333333333333,0.6666666666666666,0.03703703703703709,0.4,0.1111111111111111,0.1,0.1,0.2,0.2,0.025173571595634298,0.043520043225441264,0.077555258080117,0.07696583424725673,0.13413103793100067,0.39819850222814357,0.000979005103798864,0.0007000347165063134,0.0019843460068650486,0.0,0.0,0.0
