LIMIT_BAL,SEX,EDUCATION,MARRIAGE,AGE,PAY_0,PAY_2,PAY_3,PAY_4,PAY_5,PAY_6,BILL_AMT1,BILL_AMT2,BILL_AMT3,BILL_AMT4,BILL_AMT5,BILL_AMT6,PAY_AMT1,PAY_AMT2,PAY_AMT3,PAY_AMT4,PAY_AMT5,PAY_AMT6
0.012658227848101266,1.0,0.3333333333333333,0.3333333333333333,0.2592592592592593,0.4,0.2222222222222222,0.2,0.4,0.4,0.4,0.03327488749044434,0.05227190860906705,0.09174384613734013,0.08954951067642317,0.14923873295359852,0.4097124329594176,0.0030403885211144847,0.0019998663496001083,0.0,0.002499712533058698,0.0009018968178503418,0.0
