LIMIT_BAL,SEX,EDUCATION,MARRIAGE,AGE,PAY_0,PAY_2,PAY_3,PAY_4,PAY_5,PAY_6,BILL_AMT1,BILL_AMT2,BILL_AMT3,BILL_AMT4,BILL_AMT5,BILL_AMT6,PAY_AMT1,PAY_AMT2,PAY_AMT3,PAY_AMT4,PAY_AMT5,PAY_AMT6
0.24050632911392406,0.0,0.5,0.6666666666666666,0.37037037037037035,0.0,0.0,0.0,0.0,0.0,0.0,0.0569148443545868,0.043137961200020586,0.08133679079755513,0.07583466676255371,0.13289738989487032,0.3979407101702482,0.00036890047389522414,0.0025792897296187216,0.0,0.0,0.0,0.00023296158612143744
