LIMIT_BAL,SEX,EDUCATION,MARRIAGE,AGE,PAY_0,PAY_2,PAY_3,PAY_4,PAY_5,PAY_6,BILL_AMT1,BILL_AMT2,BILL_AMT3,BILL_AMT4,BILL_AMT5,BILL_AMT6,PAY_AMT1,PAY_AMT2,PAY_AMT3,PAY_AMT4,PAY_AMT5,PAY_AMT6
0.012658227848101266,0.0,0.8333333333333333,0.6666666666666666,0.018518518518518545,0.4,0.2222222222222222,0.2,0.2,0.2,0.2,0.05317106632530527,0.06503627849534298,0.1046680718804831,0.1029302481676585,0.15120603392777196,0.40495031058084063,0.0,0.0009779297553056765,0.002628272856774899,0.001249856266529349,0.0025768480510009765,0.0
