LIMIT_BAL,SEX,EDUCATION,MARRIAGE,AGE,PAY_0,PAY_2,PAY_3,PAY_4,PAY_5,PAY_6,BILL_AMT1,BILL_AMT2,BILL_AMT3,BILL_AMT4,BILL_AMT5,BILL_AMT6,PAY_AMT1,PAY_AMT2,PAY_AMT3,PAY_AMT4,PAY_AMT5,PAY_AMT6
0.24050632911392406,1.0,0.5,0.3333333333333333,0.38888888888888884,0.4,0.2222222222222222,0.2,0.2,0.2,0.2,0.3432157562039189,0.30685174702825097,0.4039092894316807,0.28729706405853905,0.36854213847576656,0.5667089679998031,0.01634512868951147,0.007720755418138316,0.0129941810038951,0.013098493673227579,0.013435685737919091,0.025561338289962827
