LIMIT_BAL,SEX,EDUCATION,MARRIAGE,AGE,PAY_0,PAY_2,PAY_3,PAY_4,PAY_5,PAY_6,BILL_AMT1,BILL_AMT2,BILL_AMT3,BILL_AMT4,BILL_AMT5,BILL_AMT6,PAY_AMT1,PAY_AMT2,PAY_AMT3,PAY_AMT4,PAY_AMT5,PAY_AMT6
0.24050632911392406,1.0,0.3333333333333333,0.6666666666666666,0.09259259259259262,0.30000000000000004,0.1111111111111111,0.4,0.1,0.2,0.2,0.021605602010495134,0.053851695569392274,0.08297253890885203,0.09876515464782486,0.14983840027712148,0.4045519046731841,0.025642636787079565,0.0,0.04022571607293983,0.0,0.0,0.04048327137546469
