LIMIT_BAL,SEX,EDUCATION,MARRIAGE,AGE,PAY_0,PAY_2,PAY_3,PAY_4,PAY_5,PAY_6,BILL_AMT1,BILL_AMT2,BILL_AMT3,BILL_AMT4,BILL_AMT5,BILL_AMT6,PAY_AMT1,PAY_AMT2,PAY_AMT3,PAY_AMT4,PAY_AMT5,PAY_AMT6
0.05063291139240507,1.0,0.3333333333333333,0.6666666666666666,0.16666666666666674,0.1,0.1111111111111111,0.1,0.2,0.2,0.1,0.026200167331965583,0.04468301343076211,0.08298574373719751,0.07997878499128026,0.13515717166171576,0.39956128478874525,0.002803238216467555,0.0033811921289693763,0.0,0.0,0.0035637808545343507,0.01342998760842627
