LIMIT_BAL,SEX,EDUCATION,MARRIAGE,AGE,PAY_0,PAY_2,PAY_3,PAY_4,PAY_5,PAY_6,BILL_AMT1,BILL_AMT2,BILL_AMT3,BILL_AMT4,BILL_AMT5,BILL_AMT6,PAY_AMT1,PAY_AMT2,PAY_AMT3,PAY_AMT4,PAY_AMT5,PAY_AMT6
0.15189873417721517,1.0,0.16666666666666666,0.6666666666666666,0.11111111111111116,0.2,0.2222222222222222,0.2,0.2,0.2,0.2,0.16760666627946952,0.13134487727062213,0.18569124800483297,0.17300120458100357,0.24144534530707218,0.45291955364476955,0.006581427685372488,0.0027479826124089507,0.006186954304848112,0.006079300880398754,0.007521819460871851,0.004773234200743494
