LIMIT_BAL,SEX,EDUCATION,MARRIAGE,AGE,PAY_0,PAY_2,PAY_3,PAY_4,PAY_5,PAY_6,BILL_AMT1,BILL_AMT2,BILL_AMT3,BILL_AMT4,BILL_AMT5,BILL_AMT6,PAY_AMT1,PAY_AMT2,PAY_AMT3,PAY_AMT4,PAY_AMT5,PAY_AMT6
0.05063291139240507,1.0,0.3333333333333333,0.3333333333333333,0.16666666666666674,0.2,0.2222222222222222,0.2,0.2,0.2,0.4,0.06393462437427107,0.07693871249935677,0.12208193926109082,0.11938836051131767,0.18337238523805321,0.4620852330850327,0.002939042237077335,0.0014668946329585146,0.005256545713549798,0.006499252585952615,0.0,0.005006195786864932
