LIMIT_BAL,SEX,EDUCATION,MARRIAGE,AGE,PAY_0,PAY_2,PAY_3,PAY_4,PAY_5,PAY_6,BILL_AMT1,BILL_AMT2,BILL_AMT3,BILL_AMT4,BILL_AMT5,BILL_AMT6,PAY_AMT1,PAY_AMT2,PAY_AMT3,PAY_AMT4,PAY_AMT5,PAY_AMT6
0.16455696202531644,0.0,0.3333333333333333,0.6666666666666666,0.2407407407407407,0.4,0.4444444444444444,0.4,0.4,0.4,0.4,0.23743087353250966,0.21094915864766123,0.2699050407781605,0.24285491690788252,0.3115770106829018,0.5123207026942785,0.017042391123687058,0.002852295119641556,0.009198954998712146,0.008998965119011314,0.0,0.008921933085501859
