LIMIT_BAL,SEX,EDUCATION,MARRIAGE,AGE,PAY_0,PAY_2,PAY_3,PAY_4,PAY_5,PAY_6,BILL_AMT1,BILL_AMT2,BILL_AMT3,BILL_AMT4,BILL_AMT5,BILL_AMT6,PAY_AMT1,PAY_AMT2,PAY_AMT3,PAY_AMT4,PAY_AMT5,PAY_AMT6
0.012658227848101266,1.0,0.16666666666666666,0.6666666666666666,0.05555555555555558,0.2,0.2222222222222222,0.2,0.2,0.2,0.2,0.05094520584500288,0.06639993824936963,0.10773819447080826,0.10178709480232287,0.1606569216641667,0.41282117082122,0.0034457736572630826,0.0012224121941320956,0.002160440288268967,0.002499712533058698,0.0025768480510009765,0.0012391573729863693
