LIMIT_BAL,SEX,EDUCATION,MARRIAGE,AGE,PAY_0,PAY_2,PAY_3,PAY_4,PAY_5,PAY_6,BILL_AMT1,BILL_AMT2,BILL_AMT3,BILL_AMT4,BILL_AMT5,BILL_AMT6,PAY_AMT1,PAY_AMT2,PAY_AMT3,PAY_AMT4,PAY_AMT5,PAY_AMT6
0.10126582278481013,1.0,0.3333333333333333,0.3333333333333333,0.2592592592592593,0.2,0.2222222222222222,0.4,0.2,0.2,0.2,0.07933356041924035,0.09221298821592137,0.1379244320685859,0.13352720495256587,0.19738695372267595,0.4450264295448446,0.00810770272297196,0.0,0.004468063856517328,0.003999540052893917,0.0038652720765014648,0.009913258983890954
