LIMIT_BAL,SEX,EDUCATION,MARRIAGE,AGE,PAY_0,PAY_2,PAY_3,PAY_4,PAY_5,PAY_6,BILL_AMT1,BILL_AMT2,BILL_AMT3,BILL_AMT4,BILL_AMT5,BILL_AMT6,PAY_AMT1,PAY_AMT2,PAY_AMT3,PAY_AMT4,PAY_AMT5,PAY_AMT6
0.34177215189873417,1.0,0.16666666666666666,0.6666666666666666,0.3148148148148149,0.30000000000000004,0.0,0.1,0.1,0.1,0.1,0.024029246990457682,0.04290382339319714,0.08257144224785794,0.0780220899780059,0.16378107404175776,0.3979407101702482,0.0,0.003176641821817939,0.0038372783708913523,0.04724706658734246,0.0,0.0
