LIMIT_BAL,SEX,EDUCATION,MARRIAGE,AGE,PAY_0,PAY_2,PAY_3,PAY_4,PAY_5,PAY_6,BILL_AMT1,BILL_AMT2,BILL_AMT3,BILL_AMT4,BILL_AMT5,BILL_AMT6,PAY_AMT1,PAY_AMT2,PAY_AMT3,PAY_AMT4,PAY_AMT5,PAY_AMT6
0.18987341772151897,1.0,0.5,0.6666666666666666,0.14814814814814814,0.30000000000000004,0.0,0.0,0.0,0.0,0.0,0.024029246990457682,0.04290382339319714,0.08298739434074069,0.0789285222008474,0.13289738989487032,0.39852660121091954,0.0,0.003382007070432131,0.005427383449240166,0.0,0.0012884240255004883,0.0
