LIMIT_BAL,SEX,EDUCATION,MARRIAGE,AGE,PAY_0,PAY_2,PAY_3,PAY_4,PAY_5,PAY_6,BILL_AMT1,BILL_AMT2,BILL_AMT3,BILL_AMT4,BILL_AMT5,BILL_AMT6,PAY_AMT1,PAY_AMT2,PAY_AMT3,PAY_AMT4,PAY_AMT5,PAY_AMT6
0.05063291139240507,0.0,0.3333333333333333,0.3333333333333333,0.2777777777777778,0.4,0.4444444444444444,0.4,0.4,0.2,0.2,0.10378349190103868,0.10502367107497557,0.15415316610518637,0.10705788581051522,0.16487093263791533,0.42115605676581114,0.0,0.002655894227117666,0.0,0.002109757377901541,0.0018192547240066894,0.001677819083023544
