LIMIT_BAL,SEX,EDUCATION,MARRIAGE,AGE,PAY_0,PAY_2,PAY_3,PAY_4,PAY_5,PAY_6,BILL_AMT1,BILL_AMT2,BILL_AMT3,BILL_AMT4,BILL_AMT5,BILL_AMT6,PAY_AMT1,PAY_AMT2,PAY_AMT3,PAY_AMT4,PAY_AMT5,PAY_AMT6
0.2531645569620253,0.0,0.16666666666666666,0.6666666666666666,0.2592592592592593,0.1,0.1111111111111111,0.1,0.2,0.1,0.1,0.03471588884511119,0.049277003036072665,0.09056201400041926,0.08395510089115023,0.14016856043894996,0.4027028325488252,0.01005355137648523,0.007128292974715626,2.102618285419919e-05,0.011123720772111207,0.01047231047926797,0.0095910780669145
