LIMIT_BAL,SEX,EDUCATION,MARRIAGE,AGE,PAY_0,PAY_2,PAY_3,PAY_4,PAY_5,PAY_6,BILL_AMT1,BILL_AMT2,BILL_AMT3,BILL_AMT4,BILL_AMT5,BILL_AMT6,PAY_AMT1,PAY_AMT2,PAY_AMT3,PAY_AMT4,PAY_AMT5,PAY_AMT6
0.025316455696202535,1.0,0.3333333333333333,0.3333333333333333,0.14814814814814814,0.30000000000000004,0.4444444444444444,0.4,0.4,0.2,0.2,0.0669940052459984,0.07716513147738384,0.12516526667976147,0.11883401353205923,0.17913876661339923,0.42784458888611565,0.0,0.002852295119641556,0.0,0.0,0.0025768480510009765,0.0
