LIMIT_BAL,SEX,EDUCATION,MARRIAGE,AGE,PAY_0,PAY_2,PAY_3,PAY_4,PAY_5,PAY_6,BILL_AMT1,BILL_AMT2,BILL_AMT3,BILL_AMT4,BILL_AMT5,BILL_AMT6,PAY_AMT1,PAY_AMT2,PAY_AMT3,PAY_AMT4,PAY_AMT5,PAY_AMT6
0.2151898734177215,1.0,0.3333333333333333,0.6666666666666666,0.42592592592592593,0.1,0.1111111111111111,0.1,0.1,0.4,0.1,0.02949343622313231,0.043877682293006745,0.09244040083256444,0.08240143111414754,0.13858687659924904,0.40318912211258245,0.0015424904430454151,0.008118446851962623,0.009159530905860523,4.999425066117396e-06,0.011541702420433375,0.013363073110285006
