LIMIT_BAL,SEX,EDUCATION,MARRIAGE,AGE,PAY_0,PAY_2,PAY_3,PAY_4,PAY_5,PAY_6,BILL_AMT1,BILL_AMT2,BILL_AMT3,BILL_AMT4,BILL_AMT5,BILL_AMT6,PAY_AMT1,PAY_AMT2,PAY_AMT3,PAY_AMT4,PAY_AMT5,PAY_AMT6
0.0759493670886076,1.0,0.5,0.6666666666666666,0.09259259259259262,0.2,0.2222222222222222,0.2,0.2,0.2,0.2,0.1343035238605023,0.08083028868419699,0.09090699014094504,0.0893277718847198,0.15016846240069542,0.4113236333212639,0.00405385136148598,0.0009779297553056765,0.003942409285162349,0.004999425066117396,0.0025768480510009765,0.004956629491945477
