LIMIT_BAL,SEX,EDUCATION,MARRIAGE,AGE,PAY_0,PAY_2,PAY_3,PAY_4,PAY_5,PAY_6,BILL_AMT1,BILL_AMT2,BILL_AMT3,BILL_AMT4,BILL_AMT5,BILL_AMT6,PAY_AMT1,PAY_AMT2,PAY_AMT3,PAY_AMT4,PAY_AMT5,PAY_AMT6
0.05063291139240507,0.0,0.16666666666666666,0.6666666666666666,0.20370370370370372,0.4,0.4444444444444444,0.4,0.4,0.4,0.4,0.0719982670310506,0.08375315185509186,0.13035476421953687,0.12573788077644535,0.1880520779208047,0.43844335781186095,0.00405385136148598,0.0015483887792339876,0.0034167547138073684,0.0032496262929763075,0.0038652720765014648,0.003717472118959108
