LIMIT_BAL,SEX,EDUCATION,MARRIAGE,AGE,PAY_0,PAY_2,PAY_3,PAY_4,PAY_5,PAY_6,BILL_AMT1,BILL_AMT2,BILL_AMT3,BILL_AMT4,BILL_AMT5,BILL_AMT6,PAY_AMT1,PAY_AMT2,PAY_AMT3,PAY_AMT4,PAY_AMT5,PAY_AMT6
0.05063291139240507,0.0,0.16666666666666666,0.6666666666666666,0.2407407407407407,0.2,0.2222222222222222,0.2,0.2,0.2,0.2,0.10025319555393002,0.10337827406988113,0.10161445532558981,0.09116910279690524,0.14779757061205284,0.40759267917426856,0.0052152797765517124,0.0016298829255094608,0.0013141364283874495,0.0011473680526739424,0.0012884240255004883,0.0012391573729863693
