LIMIT_BAL,SEX,EDUCATION,MARRIAGE,AGE,PAY_0,PAY_2,PAY_3,PAY_4,PAY_5,PAY_6,BILL_AMT1,BILL_AMT2,BILL_AMT3,BILL_AMT4,BILL_AMT5,BILL_AMT6,PAY_AMT1,PAY_AMT2,PAY_AMT3,PAY_AMT4,PAY_AMT5,PAY_AMT6
0.12658227848101264,1.0,0.3333333333333333,0.3333333333333333,0.35185185185185186,0.2,0.2222222222222222,0.2,0.2,0.2,0.2,0.06060839139982764,0.07375083620645295,0.11305974029403852,0.10671029527216938,0.16657026238304853,0.42208645173839726,0.0030626847036026575,0.0014440762720013822,0.0034693201709428663,0.0018747843997940236,0.0019197517979957276,0.0018513011152416358
