LIMIT_BAL,SEX,EDUCATION,MARRIAGE,AGE,PAY_0,PAY_2,PAY_3,PAY_4,PAY_5,PAY_6,BILL_AMT1,BILL_AMT2,BILL_AMT3,BILL_AMT4,BILL_AMT5,BILL_AMT6,PAY_AMT1,PAY_AMT2,PAY_AMT3,PAY_AMT4,PAY_AMT5,PAY_AMT6
0.430379746835443,1.0,0.16666666666666666,0.6666666666666666,0.5,0.0,0.0,0.0,0.0,0.0,0.0,0.024029246990457682,0.05306694797509392,0.08871498863559461,0.07701827247502442,0.13289738989487032,0.3979407101702482,0.01601271287786962,0.0,0.00207633555685217,0.0,0.0,0.0048277571251548945
