LIMIT_BAL,SEX,EDUCATION,MARRIAGE,AGE,PAY_0,PAY_2,PAY_3,PAY_4,PAY_5,PAY_6,BILL_AMT1,BILL_AMT2,BILL_AMT3,BILL_AMT4,BILL_AMT5,BILL_AMT6,PAY_AMT1,PAY_AMT2,PAY_AMT3,PAY_AMT4,PAY_AMT5,PAY_AMT6
0.16455696202531644,1.0,0.5,0.3333333333333333,0.33333333333333337,0.2,0.2222222222222222,0.2,0.2,0.2,0.2,0.22478993245502366,0.21241444964750683,0.29839775914062977,0.28304507290411896,0.3287206334578419,0.5414336285052396,0.015201942605572423,0.005297119507905747,0.01971204642581174,0.01249856266529349,0.01211118583970459,0.012956629491945478
