LIMIT_BAL,SEX,EDUCATION,MARRIAGE,AGE,PAY_0,PAY_2,PAY_3,PAY_4,PAY_5,PAY_6,BILL_AMT1,BILL_AMT2,BILL_AMT3,BILL_AMT4,BILL_AMT5,BILL_AMT6,PAY_AMT1,PAY_AMT2,PAY_AMT3,PAY_AMT4,PAY_AMT5,PAY_AMT6
0.1139240506329114,0.0,0.16666666666666666,0.6666666666666666,0.20370370370370372,0.2,0.2222222222222222,0.2,0.2,0.2,0.2,0.06586223838683194,0.07651546338702209,0.12005664871360214,0.112824592629882,0.17488880827965742,0.42935501598896647,0.00405385136148598,0.0016298829255094608,0.005256545713549798,0.004249511306199787,0.0038652720765014648,0.003717472118959108
