LIMIT_BAL,SEX,EDUCATION,MARRIAGE,AGE,PAY_0,PAY_2,PAY_3,PAY_4,PAY_5,PAY_6,BILL_AMT1,BILL_AMT2,BILL_AMT3,BILL_AMT4,BILL_AMT5,BILL_AMT6,PAY_AMT1,PAY_AMT2,PAY_AMT3,PAY_AMT4,PAY_AMT5,PAY_AMT6
0.12658227848101264,0.0,0.3333333333333333,0.6666666666666666,0.05555555555555558,0.0,0.0,0.0,0.0,0.0,0.0,0.024540975140372054,0.04332321309113364,0.07642789586012126,0.07560993150069219,0.1331424855311876,0.3990562467116865,0.0006607777719222147,0.00014342969744483256,0.0,0.0023797263314718807,0.00245315934455293,0.0
