LIMIT_BAL,SEX,EDUCATION,MARRIAGE,AGE,PAY_0,PAY_2,PAY_3,PAY_4,PAY_5,PAY_6,BILL_AMT1,BILL_AMT2,BILL_AMT3,BILL_AMT4,BILL_AMT5,BILL_AMT6,PAY_AMT1,PAY_AMT2,PAY_AMT3,PAY_AMT4,PAY_AMT5,PAY_AMT6
0.025316455696202535,0.0,0.3333333333333333,0.3333333333333333,0.4814814814814815,0.2,0.2222222222222222,0.2,0.2,0.4,0.2,0.06236490612299998,0.07568311634847939,0.11975458826519918,0.12156829255137448,0.18038548641679986,0.431948169734978,0.00294917686548105,0.0011409180478566224,0.011827227855487045,0.0,0.0038652720765014648,0.004956629491945477
