LIMIT_BAL,SEX,EDUCATION,MARRIAGE,AGE,PAY_0,PAY_2,PAY_3,PAY_4,PAY_5,PAY_6,BILL_AMT1,BILL_AMT2,BILL_AMT3,BILL_AMT4,BILL_AMT5,BILL_AMT6,PAY_AMT1,PAY_AMT2,PAY_AMT3,PAY_AMT4,PAY_AMT5,PAY_AMT6
0.2531645569620253,1.0,0.16666666666666666,0.6666666666666666,0.2222222222222222,0.1,0.1111111111111111,0.1,0.1,0.1,0.1,0.02495695047695889,0.04425847784696136,0.08107104362710225,0.07890005573434494,0.16106541439136218,0.40225286822958956,0.0021343527418223682,0.0024383048565621533,0.005377446264961443,0.0430925443573989,0.009482800827683593,0.0
