LIMIT_BAL,SEX,EDUCATION,MARRIAGE,AGE,PAY_0,PAY_2,PAY_3,PAY_4,PAY_5,PAY_6,BILL_AMT1,BILL_AMT2,BILL_AMT3,BILL_AMT4,BILL_AMT5,BILL_AMT6,PAY_AMT1,PAY_AMT2,PAY_AMT3,PAY_AMT4,PAY_AMT5,PAY_AMT6
0.13924050632911392,0.0,0.3333333333333333,0.3333333333333333,0.42592592592592593,0.1,0.4444444444444444,0.1,0.2,0.1,0.1,0.03177737627873173,0.04608912674316884,0.08553922741850559,0.07847455697188711,0.1351539037198982,0.39918397095855285,0.0,0.0046419065718509445,0.0,0.0034521030081540623,0.0027340357821120363,0.003271375464684015
