LIMIT_BAL,SEX,EDUCATION,MARRIAGE,AGE,PAY_0,PAY_2,PAY_3,PAY_4,PAY_5,PAY_6,BILL_AMT1,BILL_AMT2,BILL_AMT3,BILL_AMT4,BILL_AMT5,BILL_AMT6,PAY_AMT1,PAY_AMT2,PAY_AMT3,PAY_AMT4,PAY_AMT5,PAY_AMT6
0.05063291139240507,1.0,0.3333333333333333,0.3333333333333333,0.2222222222222222,0.2,0.2222222222222222,0.2,0.2,0.2,0.2,0.09317847539545127,0.08410950445119128,0.12737377422054375,0.11508393112912987,0.17495416711600867,0.4303510307581078,0.00405385136148598,0.0011824800624571138,0.007884818570324697,0.002154752203496598,0.012884240255004883,0.024783147459727387
