LIMIT_BAL,SEX,EDUCATION,MARRIAGE,AGE,PAY_0,PAY_2,PAY_3,PAY_4,PAY_5,PAY_6,BILL_AMT1,BILL_AMT2,BILL_AMT3,BILL_AMT4,BILL_AMT5,BILL_AMT6,PAY_AMT1,PAY_AMT2,PAY_AMT3,PAY_AMT4,PAY_AMT5,PAY_AMT6
0.05063291139240507,1.0,0.3333333333333333,0.6666666666666666,0.03703703703703709,0.2,0.2222222222222222,0.2,0.2,0.2,0.2,0.10267997997039512,0.1086412288375444,0.15911157914891583,0.11861377297543493,0.18223677545644978,0.4333379032834505,0.004469371126038292,0.0017961309839114258,0.002628272856774899,0.005031921329047159,0.012894547647208886,0.004978934324659232
