LIMIT_BAL,SEX,EDUCATION,MARRIAGE,AGE,PAY_0,PAY_2,PAY_3,PAY_4,PAY_5,PAY_6,BILL_AMT1,BILL_AMT2,BILL_AMT3,BILL_AMT4,BILL_AMT5,BILL_AMT6,PAY_AMT1,PAY_AMT2,PAY_AMT3,PAY_AMT4,PAY_AMT5,PAY_AMT6
0.05063291139240507,1.0,0.16666666666666666,0.6666666666666666,0.03703703703703709,0.4,0.4444444444444444,0.4,0.4,0.4,0.4,0.09405280846140926,0.10025343487881438,0.15301094845330196,0.14701581536949473,0.21202243115263575,0.4559462667608779,0.00202692568074299,0.002444824388264191,0.005256545713549798,0.004999425066117396,0.005153696102001953,0.0
