LIMIT_BAL,SEX,EDUCATION,MARRIAGE,AGE,PAY_0,PAY_2,PAY_3,PAY_4,PAY_5,PAY_6,BILL_AMT1,BILL_AMT2,BILL_AMT3,BILL_AMT4,BILL_AMT5,BILL_AMT6,PAY_AMT1,PAY_AMT2,PAY_AMT3,PAY_AMT4,PAY_AMT5,PAY_AMT6
0.05063291139240507,0.0,0.3333333333333333,0.6666666666666666,0.42592592592592593,0.2,0.2222222222222222,0.2,0.2,0.2,0.2,0.0985987125170903,0.10526038182473113,0.14926077720318437,0.1043790414891258,0.16160462479126023,0.4190046648644658,0.004256543929560278,0.0017113770717849337,0.002102618285419919,0.002499712533058698,0.0018037936357006836,0.0020272614622057
