LIMIT_BAL,SEX,EDUCATION,MARRIAGE,AGE,PAY_0,PAY_2,PAY_3,PAY_4,PAY_5,PAY_6,BILL_AMT1,BILL_AMT2,BILL_AMT3,BILL_AMT4,BILL_AMT5,BILL_AMT6,PAY_AMT1,PAY_AMT2,PAY_AMT3,PAY_AMT4,PAY_AMT5,PAY_AMT6
0.24050632911392406,1.0,0.3333333333333333,0.6666666666666666,0.11111111111111116,0.0,0.0,0.0,0.0,0.0,0.0,0.024443652608793248,0.043243451860237744,0.07657314897192159,0.07623020082343,0.13332875821478876,0.3982500606397227,0.0005351083797161493,0.0002151445461672488,0.0006938640341885733,0.0006599241087274963,0.0006802878854642578,0.0
