LIMIT_BAL,SEX,EDUCATION,MARRIAGE,AGE,PAY_0,PAY_2,PAY_3,PAY_4,PAY_5,PAY_6,BILL_AMT1,BILL_AMT2,BILL_AMT3,BILL_AMT4,BILL_AMT5,BILL_AMT6,PAY_AMT1,PAY_AMT2,PAY_AMT3,PAY_AMT4,PAY_AMT5,PAY_AMT6
0.10126582278481013,1.0,0.3333333333333333,0.6666666666666666,0.11111111111111116,0.2,0.2222222222222222,0.1,0.1,0.0,0.0,0.030940716450804245,0.04547033396799259,0.07663257069947627,0.07583466676255371,0.13289738989487032,0.3979407101702482,0.00202692568074299,0.0002444824388264191,0.0,0.0,0.0,0.0
