LIMIT_BAL,SEX,EDUCATION,MARRIAGE,AGE,PAY_0,PAY_2,PAY_3,PAY_4,PAY_5,PAY_6,BILL_AMT1,BILL_AMT2,BILL_AMT3,BILL_AMT4,BILL_AMT5,BILL_AMT6,PAY_AMT1,PAY_AMT2,PAY_AMT3,PAY_AMT4,PAY_AMT5,PAY_AMT6
0.08860759493670886,1.0,0.3333333333333333,0.6666666666666666,0.11111111111111116,0.2,0.2222222222222222,0.2,0.2,0.2,0.2,0.1396923666171159,0.1315198373900067,0.15083875419046977,0.14472501393358622,0.20811233876792057,0.45206766807163334,0.005869976771431699,0.0014033291988636456,0.0042551737551185615,0.0041620213675427325,0.00438064168670166,0.0045427509293680295
