LIMIT_BAL,SEX,EDUCATION,MARRIAGE,AGE,PAY_0,PAY_2,PAY_3,PAY_4,PAY_5,PAY_6,BILL_AMT1,BILL_AMT2,BILL_AMT3,BILL_AMT4,BILL_AMT5,BILL_AMT6,PAY_AMT1,PAY_AMT2,PAY_AMT3,PAY_AMT4,PAY_AMT5,PAY_AMT6
0.10126582278481013,1.0,0.5,0.6666666666666666,0.07407407407407407,0.2,0.2222222222222222,0.2,0.2,0.4,0.2,0.09234181556752379,0.10037950908248855,0.15184727295535613,0.14705327124647166,0.1997594794822273,0.4431972777158686,0.003772108691862704,0.0016722598815727067,0.00714627389757095,0.0,0.004122956881601562,0.0022057001239157376
