LIMIT_BAL,SEX,EDUCATION,MARRIAGE,AGE,PAY_0,PAY_2,PAY_3,PAY_4,PAY_5,PAY_6,BILL_AMT1,BILL_AMT2,BILL_AMT3,BILL_AMT4,BILL_AMT5,BILL_AMT6,PAY_AMT1,PAY_AMT2,PAY_AMT3,PAY_AMT4,PAY_AMT5,PAY_AMT6
0.06329113924050633,1.0,0.3333333333333333,0.6666666666666666,0.03703703703703709,0.2,0.2222222222222222,0.2,0.4,0.4,0.2,0.06657489047290902,0.0791553028353831,0.1266227496083943,0.12210765717984215,0.18235442136188207,0.43321486616490956,0.0030403885211144847,0.002336437173717812,0.0028385346853168907,0.0,0.0033988625792702883,0.005452292441140025
