LIMIT_BAL,SEX,EDUCATION,MARRIAGE,AGE,PAY_0,PAY_2,PAY_3,PAY_4,PAY_5,PAY_6,BILL_AMT1,BILL_AMT2,BILL_AMT3,BILL_AMT4,BILL_AMT5,BILL_AMT6,PAY_AMT1,PAY_AMT2,PAY_AMT3,PAY_AMT4,PAY_AMT5,PAY_AMT6
0.1139240506329114,1.0,0.3333333333333333,0.3333333333333333,0.537037037037037,0.2,0.2222222222222222,0.2,0.2,0.2,0.2,0.1727522027071361,0.1674831472237946,0.2341529680327612,0.21300707766251356,0.28551517468782983,0.5100345558535787,0.009323858131417753,0.0037487307286717597,0.009198954998712146,0.00842903066147393,0.009773984657446704,0.009913258983890954
