LIMIT_BAL,SEX,EDUCATION,MARRIAGE,AGE,PAY_0,PAY_2,PAY_3,PAY_4,PAY_5,PAY_6,BILL_AMT1,BILL_AMT2,BILL_AMT3,BILL_AMT4,BILL_AMT5,BILL_AMT6,PAY_AMT1,PAY_AMT2,PAY_AMT3,PAY_AMT4,PAY_AMT5,PAY_AMT6
0.08860759493670886,0.0,0.5,0.3333333333333333,0.3148148148148149,0.1,0.1111111111111111,0.4,0.2,0.1,0.4,0.03387138042592735,0.061444450162095404,0.09683595806806759,0.07772394119726961,0.13731728120312547,0.3994183273748214,0.03936492364570961,0.0,0.0,0.0067617224019237785,0.0,0.0031251548946716235
