LIMIT_BAL,SEX,EDUCATION,MARRIAGE,AGE,PAY_0,PAY_2,PAY_3,PAY_4,PAY_5,PAY_6,BILL_AMT1,BILL_AMT2,BILL_AMT3,BILL_AMT4,BILL_AMT5,BILL_AMT6,PAY_AMT1,PAY_AMT2,PAY_AMT3,PAY_AMT4,PAY_AMT5,PAY_AMT6
0.012658227848101266,1.0,0.3333333333333333,0.3333333333333333,0.537037037037037,0.4,0.2222222222222222,0.2,0.2,0.2,0.2,0.05133135653481556,0.06621339988679051,0.10818055622038199,0.10535589076068391,0.16486276278337142,0.4218345185909086,0.0026654072701770316,0.0019566744520741076,0.002365445571097409,0.001772296185938617,0.003988960782949511,0.0
