LIMIT_BAL,SEX,EDUCATION,MARRIAGE,AGE,PAY_0,PAY_2,PAY_3,PAY_4,PAY_5,PAY_6,BILL_AMT1,BILL_AMT2,BILL_AMT3,BILL_AMT4,BILL_AMT5,BILL_AMT6,PAY_AMT1,PAY_AMT2,PAY_AMT3,PAY_AMT4,PAY_AMT5,PAY_AMT6
0.13924050632911392,0.0,0.3333333333333333,0.6666666666666666,0.14814814814814814,0.30000000000000004,0.1111111111111111,0.1,0.1,0.2,0.1,0.024029246990457682,0.04332321309113364,0.07667548639159909,0.07681151603411182,0.13343006441113323,0.39832271112876594,0.0013215555438444294,0.0002656709168580421,0.001713633902617234,0.0,0.0008400524646263184,0.0008079306071871128
