LIMIT_BAL,SEX,EDUCATION,MARRIAGE,AGE,PAY_0,PAY_2,PAY_3,PAY_4,PAY_5,PAY_6,BILL_AMT1,BILL_AMT2,BILL_AMT3,BILL_AMT4,BILL_AMT5,BILL_AMT6,PAY_AMT1,PAY_AMT2,PAY_AMT3,PAY_AMT4,PAY_AMT5,PAY_AMT6
0.1772151898734177,1.0,0.5,0.3333333333333333,0.6851851851851851,0.0,0.0,0.0,0.0,0.0,0.0,0.09029961212262011,0.10057376627386405,0.06330889889888239,0.06419038372796845,0.24688646843331602,0.48182976115565834,0.009785997186627154,0.0,0.0,0.1938127115381731,0.007707352520543921,0.01117472118959108
