LIMIT_BAL,SEX,EDUCATION,MARRIAGE,AGE,PAY_0,PAY_2,PAY_3,PAY_4,PAY_5,PAY_6,BILL_AMT1,BILL_AMT2,BILL_AMT3,BILL_AMT4,BILL_AMT5,BILL_AMT6,PAY_AMT1,PAY_AMT2,PAY_AMT3,PAY_AMT4,PAY_AMT5,PAY_AMT6
0.05063291139240507,0.0,0.3333333333333333,0.6666666666666666,0.09259259259259262,0.2,0.2222222222222222,0.4,0.2,0.2,0.2,0.04461924129238043,0.06462846704060105,0.1030801912719386,0.10093310080724906,0.16104907468227436,0.4201237167521481,0.00810770272297196,0.0,0.002628272856774899,0.0022497412797528285,0.005153696102001953,0.000939281288723668
