LIMIT_BAL,SEX,EDUCATION,MARRIAGE,AGE,PAY_0,PAY_2,PAY_3,PAY_4,PAY_5,PAY_6,BILL_AMT1,BILL_AMT2,BILL_AMT3,BILL_AMT4,BILL_AMT5,BILL_AMT6,PAY_AMT1,PAY_AMT2,PAY_AMT3,PAY_AMT4,PAY_AMT5,PAY_AMT6
0.30379746835443033,0.0,0.5,0.3333333333333333,0.33333333333333337,0.1,0.1111111111111111,0.1,0.1,0.1,0.0,0.027131010254969334,0.04716718983172954,0.0761373896365206,0.07703325482581519,0.13874046986467453,0.3979407101702482,0.00672533940870524,0.0,0.002102618285419919,0.008938972018217905,0.0,0.0
