LIMIT_BAL,SEX,EDUCATION,MARRIAGE,AGE,PAY_0,PAY_2,PAY_3,PAY_4,PAY_5,PAY_6,BILL_AMT1,BILL_AMT2,BILL_AMT3,BILL_AMT4,BILL_AMT5,BILL_AMT6,PAY_AMT1,PAY_AMT2,PAY_AMT3,PAY_AMT4,PAY_AMT5,PAY_AMT6
0.22784810126582275,1.0,0.3333333333333333,0.6666666666666666,0.09259259259259262,0.30000000000000004,0.6666666666666666,0.5,0.4,0.4,0.4,0.10533908268804831,0.10808547316420522,0.1622576295022275,0.15248287517304615,0.22149946242357102,0.4621848345619468,0.0,0.0020373536568868257,0.0,0.01076876159241687,0.0038652720765014648,0.004956629491945477
