LIMIT_BAL,SEX,EDUCATION,MARRIAGE,AGE,PAY_0,PAY_2,PAY_3,PAY_4,PAY_5,PAY_6,BILL_AMT1,BILL_AMT2,BILL_AMT3,BILL_AMT4,BILL_AMT5,BILL_AMT6,PAY_AMT1,PAY_AMT2,PAY_AMT3,PAY_AMT4,PAY_AMT5,PAY_AMT6
0.30379746835443033,1.0,0.3333333333333333,0.3333333333333333,0.18518518518518523,0.30000000000000004,0.0,0.0,0.1,0.1,0.1,0.024029246990457682,0.04290382339319714,0.0761373896365206,0.07733290184163055,0.13289738989487032,0.3991277254186484,0.0,0.0,0.002628272856774899,0.0,0.0026103470756639892,0.0
