LIMIT_BAL,SEX,EDUCATION,MARRIAGE,AGE,PAY_0,PAY_2,PAY_3,PAY_4,PAY_5,PAY_6,BILL_AMT1,BILL_AMT2,BILL_AMT3,BILL_AMT4,BILL_AMT5,BILL_AMT6,PAY_AMT1,PAY_AMT2,PAY_AMT3,PAY_AMT4,PAY_AMT5,PAY_AMT6
0.1772151898734177,1.0,0.5,0.3333333333333333,0.5740740740740741,0.1,0.1111111111111111,0.1,0.1,0.1,0.1,0.024296099093173765,0.04406808006998405,0.07812306569897283,0.07892702396576833,0.1375493050721725,0.3979407101702482,0.0022802913908358635,0.0009803745796939406,0.005424755176383391,0.007116681581618114,0.0,0.0
