LIMIT_BAL,SEX,EDUCATION,MARRIAGE,AGE,PAY_0,PAY_2,PAY_3,PAY_4,PAY_5,PAY_6,BILL_AMT1,BILL_AMT2,BILL_AMT3,BILL_AMT4,BILL_AMT5,BILL_AMT6,PAY_AMT1,PAY_AMT2,PAY_AMT3,PAY_AMT4,PAY_AMT5,PAY_AMT6
0.025316455696202535,1.0,0.5,0.3333333333333333,0.7037037037037037,0.30000000000000004,0.4444444444444444,0.4,0.4,0.4,0.2,0.06811321435915467,0.08059615087737354,0.12357738607121695,0.12148139491678803,0.1816844932892815,0.4318028687568915,0.00395250507744883,0.00016298829255094607,0.006549655959083048,0.0,0.0014945718695805665,0.0
