LIMIT_BAL,SEX,EDUCATION,MARRIAGE,AGE,PAY_0,PAY_2,PAY_3,PAY_4,PAY_5,PAY_6,BILL_AMT1,BILL_AMT2,BILL_AMT3,BILL_AMT4,BILL_AMT5,BILL_AMT6,PAY_AMT1,PAY_AMT2,PAY_AMT3,PAY_AMT4,PAY_AMT5,PAY_AMT6
0.10126582278481013,0.0,0.3333333333333333,0.6666666666666666,0.42592592592592593,0.30000000000000004,0.4444444444444444,0.4,0.4,0.4,0.2,0.08184981877602789,0.0891511861266917,0.14309742357292946,0.13816723899246686,0.19929706571504202,0.44694932394032816,0.0,0.004513960762198451,0.005256545713549798,0.0,0.005153696102001953,0.007434944237918216
