LIMIT_BAL,SEX,EDUCATION,MARRIAGE,AGE,PAY_0,PAY_2,PAY_3,PAY_4,PAY_5,PAY_6,BILL_AMT1,BILL_AMT2,BILL_AMT3,BILL_AMT4,BILL_AMT5,BILL_AMT6,PAY_AMT1,PAY_AMT2,PAY_AMT3,PAY_AMT4,PAY_AMT5,PAY_AMT6
0.05063291139240507,1.0,0.5,0.3333333333333333,0.4444444444444444,0.2,0.2222222222222222,0.2,0.2,0.2,0.2,0.0996410054359343,0.10486414861318377,0.15751544552265537,0.10058850673906139,0.15769289843563628,0.41712395462391066,0.004864621633783176,0.0020373536568868257,0.0034640636252293165,0.0017497987731410886,0.004122956881601562,0.001486988847583643
