LIMIT_BAL,SEX,EDUCATION,MARRIAGE,AGE,PAY_0,PAY_2,PAY_3,PAY_4,PAY_5,PAY_6,BILL_AMT1,BILL_AMT2,BILL_AMT3,BILL_AMT4,BILL_AMT5,BILL_AMT6,PAY_AMT1,PAY_AMT2,PAY_AMT3,PAY_AMT4,PAY_AMT5,PAY_AMT6
0.0,0.0,0.3333333333333333,0.6666666666666666,0.05555555555555558,0.1,0.4444444444444444,0.4,0.4,0.2,0.2,0.028561023581877287,0.04537770802243606,0.08107104362710225,0.08004920203999688,0.13617840347970445,0.40043894956767095,0.0,0.0012224121941320956,0.0,0.0,0.0003865272076501465,0.0
