LIMIT_BAL,SEX,EDUCATION,MARRIAGE,AGE,PAY_0,PAY_2,PAY_3,PAY_4,PAY_5,PAY_6,BILL_AMT1,BILL_AMT2,BILL_AMT3,BILL_AMT4,BILL_AMT5,BILL_AMT6,PAY_AMT1,PAY_AMT2,PAY_AMT3,PAY_AMT4,PAY_AMT5,PAY_AMT6
0.1772151898734177,1.0,0.3333333333333333,0.6666666666666666,0.09259259259259262,0.2,0.2222222222222222,0.1,0.1,0.0,0.1,0.03845338800138763,0.04851155251376525,0.08419233492726616,0.07583466676255371,0.13289738989487032,0.4005772198532694,0.00405385136148598,0.003976914338243084,0.0,0.0,0.005797908114752197,0.0
