LIMIT_BAL,SEX,EDUCATION,MARRIAGE,AGE,PAY_0,PAY_2,PAY_3,PAY_4,PAY_5,PAY_6,BILL_AMT1,BILL_AMT2,BILL_AMT3,BILL_AMT4,BILL_AMT5,BILL_AMT6,PAY_AMT1,PAY_AMT2,PAY_AMT3,PAY_AMT4,PAY_AMT5,PAY_AMT6
0.0759493670886076,0.0,0.5,0.6666666666666666,0.12962962962962965,0.30000000000000004,0.4444444444444444,0.2,0.2,0.2,0.2,0.13229271478062402,0.12949364483095765,0.1893390818352731,0.1782555150033261,0.24410544994656916,0.4778831991056959,0.0,0.002448899095577965,0.006691582693348893,0.006504252011018732,0.006261740763932373,0.006589838909541512
