LIMIT_BAL,SEX,EDUCATION,MARRIAGE,AGE,PAY_0,PAY_2,PAY_3,PAY_4,PAY_5,PAY_6,BILL_AMT1,BILL_AMT2,BILL_AMT3,BILL_AMT4,BILL_AMT5,BILL_AMT6,PAY_AMT1,PAY_AMT2,PAY_AMT3,PAY_AMT4,PAY_AMT5,PAY_AMT6
0.08860759493670886,1.0,0.16666666666666666,0.6666666666666666,0.09259259259259262,0.4,0.2222222222222222,0.2,0.4,0.4,0.4,0.08226108495786091,0.09201358513868163,0.1430693633126953,0.1381267866453318,0.20086240984565512,0.4486366901374617,0.00405385136148598,0.002444824388264191,0.005256545713549798,0.002499712533058698,0.006442120127502442,0.0024783147459727386
