LIMIT_BAL,SEX,EDUCATION,MARRIAGE,AGE,PAY_0,PAY_2,PAY_3,PAY_4,PAY_5,PAY_6,BILL_AMT1,BILL_AMT2,BILL_AMT3,BILL_AMT4,BILL_AMT5,BILL_AMT6,PAY_AMT1,PAY_AMT2,PAY_AMT3,PAY_AMT4,PAY_AMT5,PAY_AMT6
0.05063291139240507,0.0,0.5,0.6666666666666666,0.11111111111111116,0.2,0.2222222222222222,0.2,0.2,0.2,0.2,0.09554090136361425,0.10306308856069574,0.14711334199349993,0.11964455870983981,0.1804704529040565,0.4316927212412453,0.004661929065708876,0.0014693394573467788,0.0031539274281298787,0.003499597546282177,0.0038652720765014648,0.003717472118959108
