LIMIT_BAL,SEX,EDUCATION,MARRIAGE,AGE,PAY_0,PAY_2,PAY_3,PAY_4,PAY_5,PAY_6,BILL_AMT1,BILL_AMT2,BILL_AMT3,BILL_AMT4,BILL_AMT5,BILL_AMT6,PAY_AMT1,PAY_AMT2,PAY_AMT3,PAY_AMT4,PAY_AMT5,PAY_AMT6
0.30379746835443033,1.0,0.3333333333333333,0.6666666666666666,0.6296296296296295,0.0,0.0,0.1,0.1,0.2,0.2,0.02497578709597414,0.04530566562033654,0.08021438038818894,0.08165830651492542,0.14062770626431767,0.4081469320987437,0.003784270245947162,0.0021685592323903375,0.010216096594284033,0.002499712533058698,0.010307392204003906,0.0024783147459727386
