LIMIT_BAL,SEX,EDUCATION,MARRIAGE,AGE,PAY_0,PAY_2,PAY_3,PAY_4,PAY_5,PAY_6,BILL_AMT1,BILL_AMT2,BILL_AMT3,BILL_AMT4,BILL_AMT5,BILL_AMT6,PAY_AMT1,PAY_AMT2,PAY_AMT3,PAY_AMT4,PAY_AMT5,PAY_AMT6
0.18987341772151897,1.0,0.16666666666666666,0.6666666666666666,0.18518518518518523,0.1,0.1111111111111111,0.1,0.1,0.2,0.1,0.02960959537372637,0.0523465239540987,0.0761373896365206,0.08727219335622637,0.14490707607441758,0.4072423163319471,0.014877634496653545,0.0,0.02006423498861958,0.0,0.020455019828845754,0.009895910780669145
