LIMIT_BAL,SEX,EDUCATION,MARRIAGE,AGE,PAY_0,PAY_2,PAY_3,PAY_4,PAY_5,PAY_6,BILL_AMT1,BILL_AMT2,BILL_AMT3,BILL_AMT4,BILL_AMT5,BILL_AMT6,PAY_AMT1,PAY_AMT2,PAY_AMT3,PAY_AMT4,PAY_AMT5,PAY_AMT6
0.1139240506329114,0.0,0.3333333333333333,0.6666666666666666,0.35185185185185186,0.2,0.2222222222222222,0.2,0.2,0.2,0.2,0.17409431181197288,0.15539546132866774,0.1763900970389823,0.17483354608271456,0.24562504289173637,0.48081382609113416,0.030478881461332336,0.004077152138161916,0.021178622679892137,0.019997700264469585,0.0077305441530029296,0.012391573729863693
