LIMIT_BAL,SEX,EDUCATION,MARRIAGE,AGE,PAY_0,PAY_2,PAY_3,PAY_4,PAY_5,PAY_6,BILL_AMT1,BILL_AMT2,BILL_AMT3,BILL_AMT4,BILL_AMT5,BILL_AMT6,PAY_AMT1,PAY_AMT2,PAY_AMT3,PAY_AMT4,PAY_AMT5,PAY_AMT6
0.1139240506329114,1.0,0.3333333333333333,0.6666666666666666,0.6481481481481481,0.0,0.1111111111111111,0.4,0.1,0.1,0.1,0.0246414371084534,0.04390727113672619,0.07678112501836297,0.07641897844339368,0.13920941951549495,0.3983977051819719,0.001581002030979532,0.0,0.0010250264141422106,0.009656389515205751,0.001004970739890381,0.0009665427509293681
