LIMIT_BAL,SEX,EDUCATION,MARRIAGE,AGE,PAY_0,PAY_2,PAY_3,PAY_4,PAY_5,PAY_6,BILL_AMT1,BILL_AMT2,BILL_AMT3,BILL_AMT4,BILL_AMT5,BILL_AMT6,PAY_AMT1,PAY_AMT2,PAY_AMT3,PAY_AMT4,PAY_AMT5,PAY_AMT6
0.0,1.0,0.5,0.3333333333333333,0.5555555555555556,0.30000000000000004,0.4444444444444444,0.2,0.2,0.4,0.4,0.028316147534679,0.04617274738846293,0.0819128514341269,0.08248832874873399,0.13981398875174428,0.40446284923500203,0.0,0.0008149414627547304,0.002628272856774899,0.0,0.005153696102001953,0.0028996282527881043
