LIMIT_BAL,SEX,EDUCATION,MARRIAGE,AGE,PAY_0,PAY_2,PAY_3,PAY_4,PAY_5,PAY_6,BILL_AMT1,BILL_AMT2,BILL_AMT3,BILL_AMT4,BILL_AMT5,BILL_AMT6,PAY_AMT1,PAY_AMT2,PAY_AMT3,PAY_AMT4,PAY_AMT5,PAY_AMT6
0.36708860759493667,0.0,0.3333333333333333,0.3333333333333333,0.14814814814814814,0.2,0.2222222222222222,0.2,0.2,0.2,0.0,0.03793224154196563,0.053326815211238617,0.0962978613129891,0.11673498618627257,0.13289738989487032,0.3979407101702482,0.006080777042228969,0.0040747073137736515,0.05601375112358665,0.0,0.0,0.0
