LIMIT_BAL,SEX,EDUCATION,MARRIAGE,AGE,PAY_0,PAY_2,PAY_3,PAY_4,PAY_5,PAY_6,BILL_AMT1,BILL_AMT2,BILL_AMT3,BILL_AMT4,BILL_AMT5,BILL_AMT6,PAY_AMT1,PAY_AMT2,PAY_AMT3,PAY_AMT4,PAY_AMT5,PAY_AMT6
0.3164556962025316,0.0,0.16666666666666666,0.6666666666666666,0.3148148148148149,0.2,0.1111111111111111,0.1,0.1,0.1,0.2,0.030234343237732258,0.047989245098543715,0.08266222544273315,0.08175719003014449,0.15980235487887373,0.4146339177010573,0.008012437215977039,0.003221463602269449,0.010389562602831175,0.041160266569344524,0.005153696102001953,0.012929368029739777
