LIMIT_BAL,SEX,EDUCATION,MARRIAGE,AGE,PAY_0,PAY_2,PAY_3,PAY_4,PAY_5,PAY_6,BILL_AMT1,BILL_AMT2,BILL_AMT3,BILL_AMT4,BILL_AMT5,BILL_AMT6,PAY_AMT1,PAY_AMT2,PAY_AMT3,PAY_AMT4,PAY_AMT5,PAY_AMT6
0.025316455696202535,0.0,0.3333333333333333,0.3333333333333333,0.38888888888888884,0.2,0.2222222222222222,0.4,0.2,0.2,0.2,0.05319932125382815,0.0698425358925539,0.1096545451844467,0.10724516519539981,0.16823201079727979,0.42378436397426295,0.006030103900210394,0.0,0.002628272856774899,0.002499712533058698,0.0020357099602907715,0.0020223048327137547
