LIMIT_BAL,SEX,EDUCATION,MARRIAGE,AGE,PAY_0,PAY_2,PAY_3,PAY_4,PAY_5,PAY_6,BILL_AMT1,BILL_AMT2,BILL_AMT3,BILL_AMT4,BILL_AMT5,BILL_AMT6,PAY_AMT1,PAY_AMT2,PAY_AMT3,PAY_AMT4,PAY_AMT5,PAY_AMT6
0.2151898734177215,1.0,0.16666666666666666,0.3333333333333333,0.5925925925925926,0.1,0.1111111111111111,0.1,0.2,0.2,0.1,0.0964277921755824,0.044524777440436376,0.12460901328570792,0.08392513618956869,0.13289738989487032,0.3998143897183153,0.0025539263577361673,0.023931570995255412,0.00014192673426584453,0.0,0.0041203800335505615,0.0
