LIMIT_BAL,SEX,EDUCATION,MARRIAGE,AGE,PAY_0,PAY_2,PAY_3,PAY_4,PAY_5,PAY_6,BILL_AMT1,BILL_AMT2,BILL_AMT3,BILL_AMT4,BILL_AMT5,BILL_AMT6,PAY_AMT1,PAY_AMT2,PAY_AMT3,PAY_AMT4,PAY_AMT5,PAY_AMT6
0.08860759493670886,1.0,0.5,0.3333333333333333,0.40740740740740744,0.2,0.2222222222222222,0.2,0.2,0.2,0.2,0.13642735265447206,0.13722276539906345,0.19999702891362225,0.190594979114603,0.2615105080669144,0.4932827592187025,0.0070942398826004645,0.002852295119641556,0.008936127713034656,0.009998850132234793,0.010307392204003906,0.007434944237918216
