LIMIT_BAL,SEX,EDUCATION,MARRIAGE,AGE,PAY_0,PAY_2,PAY_3,PAY_4,PAY_5,PAY_6,BILL_AMT1,BILL_AMT2,BILL_AMT3,BILL_AMT4,BILL_AMT5,BILL_AMT6,PAY_AMT1,PAY_AMT2,PAY_AMT3,PAY_AMT4,PAY_AMT5,PAY_AMT6
0.05063291139240507,1.0,0.3333333333333333,0.3333333333333333,0.4444444444444444,0.2,0.2222222222222222,0.2,0.2,0.2,0.2,0.09527875841565198,0.10235166983996297,0.1529713339682655,0.10592522009073312,0.16600817639042756,0.4202795637689667,0.004704494505004479,0.0013528028281728523,0.007884818570324697,0.002509711383190933,0.0025845785951539796,0.0015539033457249072
