LIMIT_BAL,SEX,EDUCATION,MARRIAGE,AGE,PAY_0,PAY_2,PAY_3,PAY_4,PAY_5,PAY_6,BILL_AMT1,BILL_AMT2,BILL_AMT3,BILL_AMT4,BILL_AMT5,BILL_AMT6,PAY_AMT1,PAY_AMT2,PAY_AMT3,PAY_AMT4,PAY_AMT5,PAY_AMT6
0.012658227848101266,1.0,0.5,0.6666666666666666,0.4444444444444444,0.2,0.2222222222222222,0.2,0.2,0.2,0.2,0.04660336516198707,0.06310271188185046,0.10442378255609164,0.10361344336371754,0.163794145809028,0.4207482766015038,0.003170111764682036,0.0016298829255094608,0.005256545713549798,0.0016923053848807387,0.0022160893238608397,0.0024783147459727386
