LIMIT_BAL,SEX,EDUCATION,MARRIAGE,AGE,PAY_0,PAY_2,PAY_3,PAY_4,PAY_5,PAY_6,BILL_AMT1,BILL_AMT2,BILL_AMT3,BILL_AMT4,BILL_AMT5,BILL_AMT6,PAY_AMT1,PAY_AMT2,PAY_AMT3,PAY_AMT4,PAY_AMT5,PAY_AMT6
0.012658227848101266,0.0,0.5,0.3333333333333333,0.5,0.2,0.2222222222222222,0.5,0.4,0.7,0.6000000000000001,0.04099005269544169,0.06254824267997736,0.10046728586307584,0.1030845663808034,0.16170429701669592,0.4176032134951798,0.010134628403714948,0.0,0.010513091427099596,0.0,0.0,0.0
