LIMIT_BAL,SEX,EDUCATION,MARRIAGE,AGE,PAY_0,PAY_2,PAY_3,PAY_4,PAY_5,PAY_6,BILL_AMT1,BILL_AMT2,BILL_AMT3,BILL_AMT4,BILL_AMT5,BILL_AMT6,PAY_AMT1,PAY_AMT2,PAY_AMT3,PAY_AMT4,PAY_AMT5,PAY_AMT6
0.24050632911392406,0.0,0.3333333333333333,0.6666666666666666,0.6851851851851851,0.2,0.2222222222222222,0.2,0.2,0.2,0.2,0.19016194783198365,0.18191349765862194,0.25812963510107473,0.2443126996398243,0.3209511017865838,0.5351142077405581,0.00795162944555475,0.003260580792481676,0.010578798248518968,0.011126220484644265,0.01073772582852107,0.00874101610904585
