LIMIT_BAL,SEX,EDUCATION,MARRIAGE,AGE,PAY_0,PAY_2,PAY_3,PAY_4,PAY_5,PAY_6,BILL_AMT1,BILL_AMT2,BILL_AMT3,BILL_AMT4,BILL_AMT5,BILL_AMT6,PAY_AMT1,PAY_AMT2,PAY_AMT3,PAY_AMT4,PAY_AMT5,PAY_AMT6
0.0759493670886076,0.0,0.5,0.0,0.09259259259259262,0.30000000000000004,0.4444444444444444,0.4,0.2,0.2,0.2,0.08536284822237257,0.09456079864148614,0.14086415697899937,0.13555581524963592,0.19999313732218313,0.44823125353731713,0.00405385136148598,0.0,0.004205236570839838,0.004999425066117396,0.006957489737702637,0.003717472118959108
