LIMIT_BAL,SEX,EDUCATION,MARRIAGE,AGE,PAY_0,PAY_2,PAY_3,PAY_4,PAY_5,PAY_6,BILL_AMT1,BILL_AMT2,BILL_AMT3,BILL_AMT4,BILL_AMT5,BILL_AMT6,PAY_AMT1,PAY_AMT2,PAY_AMT3,PAY_AMT4,PAY_AMT5,PAY_AMT6
0.27848101265822783,0.0,0.5,0.3333333333333333,0.462962962962963,0.0,0.0,0.0,0.0,0.0,0.0,0.026090287054376608,0.044722894046210056,0.07821384889384804,0.07967763974038583,0.1328892200403264,0.39922967045972524,0.0028802613923357883,0.0010300860089219792,0.006773059151908915,0.0,0.002847417096356079,0.0
