LIMIT_BAL,SEX,EDUCATION,MARRIAGE,AGE,PAY_0,PAY_2,PAY_3,PAY_4,PAY_5,PAY_6,BILL_AMT1,BILL_AMT2,BILL_AMT3,BILL_AMT4,BILL_AMT5,BILL_AMT6,PAY_AMT1,PAY_AMT2,PAY_AMT3,PAY_AMT4,PAY_AMT5,PAY_AMT6
0.13924050632911392,1.0,0.16666666666666666,0.6666666666666666,0.2407407407407407,0.1,0.1111111111111111,0.2,0.1,0.1,0.1,0.025413738488078774,0.05130576853805383,0.08655764980465108,0.07748272534953825,0.1350705712035503,0.39891328929776265,0.013985787197126629,0.004104860147895577,0.0028911001424523886,0.0033246176689680686,0.00979202259380371,0.005048327137546469
