LIMIT_BAL,SEX,EDUCATION,MARRIAGE,AGE,PAY_0,PAY_2,PAY_3,PAY_4,PAY_5,PAY_6,BILL_AMT1,BILL_AMT2,BILL_AMT3,BILL_AMT4,BILL_AMT5,BILL_AMT6,PAY_AMT1,PAY_AMT2,PAY_AMT3,PAY_AMT4,PAY_AMT5,PAY_AMT6
0.12658227848101264,1.0,0.3333333333333333,0.3333333333333333,0.37037037037037035,0.2,0.2222222222222222,0.2,0.2,0.2,0.2,0.1812255418274974,0.16941285442288892,0.22874724142882846,0.19493836260884678,0.25129165400339215,0.48250587941659306,0.00810770272297196,0.0032597658510189215,0.009277803184415394,0.009998850132234793,0.010307392204003906,0.012391573729863693
