LIMIT_BAL,SEX,EDUCATION,MARRIAGE,AGE,PAY_0,PAY_2,PAY_3,PAY_4,PAY_5,PAY_6,BILL_AMT1,BILL_AMT2,BILL_AMT3,BILL_AMT4,BILL_AMT5,BILL_AMT6,PAY_AMT1,PAY_AMT2,PAY_AMT3,PAY_AMT4,PAY_AMT5,PAY_AMT6
0.025316455696202535,1.0,0.3333333333333333,0.3333333333333333,0.2592592592592593,0.30000000000000004,0.1111111111111111,0.2,0.2,0.4,0.2,0.024029246990457682,0.04385709874954974,0.07906721092567498,0.08038930140294732,0.1375427691885374,0.4015169890825063,0.0015019519294305554,0.0008426494724883912,0.0034141264409505937,0.0,0.000657096253005249,0.0002627013630731103
