LIMIT_BAL,SEX,EDUCATION,MARRIAGE,AGE,PAY_0,PAY_2,PAY_3,PAY_4,PAY_5,PAY_6,BILL_AMT1,BILL_AMT2,BILL_AMT3,BILL_AMT4,BILL_AMT5,BILL_AMT6,PAY_AMT1,PAY_AMT2,PAY_AMT3,PAY_AMT4,PAY_AMT5,PAY_AMT6
0.05063291139240507,0.0,0.3333333333333333,0.6666666666666666,0.12962962962962965,0.2,0.2222222222222222,0.2,0.2,0.2,0.2,0.07597750279802278,0.10341300879946483,0.14939777729726875,0.14365527408712536,0.20841135544422768,0.4541264891885526,0.034482059680799745,0.0018743653643358798,0.004252545482261786,0.004187018492873319,0.006442120127502442,0.005301115241635688
