LIMIT_BAL,SEX,EDUCATION,MARRIAGE,AGE,PAY_0,PAY_2,PAY_3,PAY_4,PAY_5,PAY_6,BILL_AMT1,BILL_AMT2,BILL_AMT3,BILL_AMT4,BILL_AMT5,BILL_AMT6,PAY_AMT1,PAY_AMT2,PAY_AMT3,PAY_AMT4,PAY_AMT5,PAY_AMT6
0.012658227848101266,1.0,0.16666666666666666,0.6666666666666666,0.03703703703703709,0.1,0.1111111111111111,0.1,0.1,0.1,0.1,0.02587209621744993,0.04455436628415582,0.0761373896365206,0.07975404972941874,0.1338777724401395,0.3979407101702482,0.002600545648393256,0.0,0.006875561793323135,0.001499827519835219,0.002009941479780762,0.0034646840148698887
