LIMIT_BAL,SEX,EDUCATION,MARRIAGE,AGE,PAY_0,PAY_2,PAY_3,PAY_4,PAY_5,PAY_6,BILL_AMT1,BILL_AMT2,BILL_AMT3,BILL_AMT4,BILL_AMT5,BILL_AMT6,PAY_AMT1,PAY_AMT2,PAY_AMT3,PAY_AMT4,PAY_AMT5,PAY_AMT6
0.13924050632911392,1.0,0.5,0.3333333333333333,0.38888888888888884,0.1,0.1111111111111111,0.1,0.1,0.1,0.1,0.027774594737990477,0.04390727113672619,0.07969939208271505,0.08627436879356118,0.13706728365408183,0.39867424575316873,0.00202692568074299,0.002303024573744868,0.018466245091700438,0.006549246836613789,0.0025768480510009765,0.06489962825278811
