LIMIT_BAL,SEX,EDUCATION,MARRIAGE,AGE,PAY_0,PAY_2,PAY_3,PAY_4,PAY_5,PAY_6,BILL_AMT1,BILL_AMT2,BILL_AMT3,BILL_AMT4,BILL_AMT5,BILL_AMT6,PAY_AMT1,PAY_AMT2,PAY_AMT3,PAY_AMT4,PAY_AMT5,PAY_AMT6
0.08860759493670886,0.0,0.3333333333333333,0.3333333333333333,0.5185185185185185,0.2,0.2222222222222222,0.2,0.2,0.1,0.1,0.03326703889918799,0.05191041012710339,0.0903853994212984,0.09129045983831047,0.1334137247020454,0.40089711636147596,0.00405385136148598,0.0016298829255094608,0.005256545713549798,0.0007899091604465486,0.006501387632675464,0.0007831474597273854
