LIMIT_BAL,SEX,EDUCATION,MARRIAGE,AGE,PAY_0,PAY_2,PAY_3,PAY_4,PAY_5,PAY_6,BILL_AMT1,BILL_AMT2,BILL_AMT3,BILL_AMT4,BILL_AMT5,BILL_AMT6,PAY_AMT1,PAY_AMT2,PAY_AMT3,PAY_AMT4,PAY_AMT5,PAY_AMT6
0.05063291139240507,0.0,0.5,0.3333333333333333,0.6851851851851851,0.0,0.0,0.0,0.0,0.0,0.0,0.030347362951823775,0.04974527864971955,0.08298904494428389,0.0821062788035694,0.1386898167665023,0.4010564787245386,0.010779190770191219,0.003382822011894886,0.011001950178459726,0.008861480929693084,0.007369785425862793,0.00669640644361834
