LIMIT_BAL,SEX,EDUCATION,MARRIAGE,AGE,PAY_0,PAY_2,PAY_3,PAY_4,PAY_5,PAY_6,BILL_AMT1,BILL_AMT2,BILL_AMT3,BILL_AMT4,BILL_AMT5,BILL_AMT6,PAY_AMT1,PAY_AMT2,PAY_AMT3,PAY_AMT4,PAY_AMT5,PAY_AMT6
0.35443037974683544,0.0,0.16666666666666666,0.6666666666666666,0.37037037037037035,0.0,0.0,0.0,0.0,0.0,0.0,0.029356870735271726,0.04266453970050944,0.13785675732331526,0.08498289015539694,0.15714388421028552,0.41107521552001924,0.0,0.030623870287397256,0.01612708224917078,0.037278213005504365,0.029025616446475,0.005690210656753408
