LIMIT_BAL,SEX,EDUCATION,MARRIAGE,AGE,PAY_0,PAY_2,PAY_3,PAY_4,PAY_5,PAY_6,BILL_AMT1,BILL_AMT2,BILL_AMT3,BILL_AMT4,BILL_AMT5,BILL_AMT6,PAY_AMT1,PAY_AMT2,PAY_AMT3,PAY_AMT4,PAY_AMT5,PAY_AMT6
0.05063291139240507,1.0,0.5,0.6666666666666666,0.018518518518518545,0.4,0.4444444444444444,0.2,0.2,0.2,0.2,0.059691675941085334,0.0665851901404827,0.1080435561262976,0.10514164314437592,0.16527452345238447,0.41970539054910877,0.0,0.0012819029209131909,0.0021131313768470187,0.0016873059598146213,0.0019017138616387206,0.0024783147459727386
