LIMIT_BAL,SEX,EDUCATION,MARRIAGE,AGE,PAY_0,PAY_2,PAY_3,PAY_4,PAY_5,PAY_6,BILL_AMT1,BILL_AMT2,BILL_AMT3,BILL_AMT4,BILL_AMT5,BILL_AMT6,PAY_AMT1,PAY_AMT2,PAY_AMT3,PAY_AMT4,PAY_AMT5,PAY_AMT6
0.06329113924050633,0.0,0.5,0.3333333333333333,0.537037037037037,0.0,0.0,0.0,0.1,0.1,0.0,0.026226852542237195,0.043383677250038596,0.07828152363911865,0.07758760180507362,0.1338777724401395,0.398538319031733,0.0007560432789171352,0.0010586089601183947,0.0030803357881401816,0.001499827519835219,0.001314192506010498,0.001486988847583643
