LIMIT_BAL,SEX,EDUCATION,MARRIAGE,AGE,PAY_0,PAY_2,PAY_3,PAY_4,PAY_5,PAY_6,BILL_AMT1,BILL_AMT2,BILL_AMT3,BILL_AMT4,BILL_AMT5,BILL_AMT6,PAY_AMT1,PAY_AMT2,PAY_AMT3,PAY_AMT4,PAY_AMT5,PAY_AMT6
0.05063291139240507,0.0,0.3333333333333333,0.3333333333333333,0.0,0.1,0.2222222222222222,0.2,0.2,0.2,0.2,0.09825337450181067,0.10440616477126538,0.1559787336239496,0.14869234042298174,0.21363189249778597,0.4560236043782465,0.0042727593350062225,0.001680409296200254,0.004494346585085077,0.004806947201071877,0.0038961942531134768,0.0024783147459727386
