LIMIT_BAL,SEX,EDUCATION,MARRIAGE,AGE,PAY_0,PAY_2,PAY_3,PAY_4,PAY_5,PAY_6,BILL_AMT1,BILL_AMT2,BILL_AMT3,BILL_AMT4,BILL_AMT5,BILL_AMT6,PAY_AMT1,PAY_AMT2,PAY_AMT3,PAY_AMT4,PAY_AMT5,PAY_AMT6
0.08860759493670886,0.0,0.5,0.3333333333333333,0.4444444444444444,0.2,0.2222222222222222,0.2,0.2,0.2,0.2,0.1109680923371064,0.11083080327278341,0.15901254293632466,0.14074270509339998,0.19870556824606295,0.4432769588973999,0.004092362949420097,0.0016551461108548573,0.005290713260687871,0.0050394204666463355,0.005158849798103955,0.007434944237918216
