LIMIT_BAL,SEX,EDUCATION,MARRIAGE,AGE,PAY_0,PAY_2,PAY_3,PAY_4,PAY_5,PAY_6,BILL_AMT1,BILL_AMT2,BILL_AMT3,BILL_AMT4,BILL_AMT5,BILL_AMT6,PAY_AMT1,PAY_AMT2,PAY_AMT3,PAY_AMT4,PAY_AMT5,PAY_AMT6
0.025316455696202535,1.0,0.5,0.3333333333333333,0.37037037037037035,0.1,0.1111111111111111,0.1,0.1,0.1,0.1,0.026678931398603264,0.04290382339319714,0.07754040264822833,0.07906785806320155,0.13289738989487032,0.40020810849764643,0.0,0.0006927002433415208,0.005671812824920232,0.0,0.00498620097868689,0.0
