LIMIT_BAL,SEX,EDUCATION,MARRIAGE,AGE,PAY_0,PAY_2,PAY_3,PAY_4,PAY_5,PAY_6,BILL_AMT1,BILL_AMT2,BILL_AMT3,BILL_AMT4,BILL_AMT5,BILL_AMT6,PAY_AMT1,PAY_AMT2,PAY_AMT3,PAY_AMT4,PAY_AMT5,PAY_AMT6
0.05063291139240507,1.0,0.3333333333333333,0.6666666666666666,0.07407407407407407,0.4,0.4444444444444444,0.4,0.2,0.2,0.2,0.10386982640485859,0.10836849688673905,0.10806831517944537,0.1045288649970335,0.16386604052901443,0.4206592211633218,0.0032430810891887836,0.0,0.002628272856774899,0.002499712533058698,0.002319163245900879,0.0022304832713754648
