LIMIT_BAL,SEX,EDUCATION,MARRIAGE,AGE,PAY_0,PAY_2,PAY_3,PAY_4,PAY_5,PAY_6,BILL_AMT1,BILL_AMT2,BILL_AMT3,BILL_AMT4,BILL_AMT5,BILL_AMT6,PAY_AMT1,PAY_AMT2,PAY_AMT3,PAY_AMT4,PAY_AMT5,PAY_AMT6
0.012658227848101266,0.0,0.5,0.3333333333333333,0.09259259259259262,0.4,0.5555555555555556,0.4,0.5,0.4,0.2,0.04043123299798919,0.05594221170174446,0.09582248749255165,0.09298646194782546,0.1508220507642082,0.41157556646875265,0.0,0.0017113770717849337,0.0,0.0,0.0025768480510009765,0.0024783147459727386
