LIMIT_BAL,SEX,EDUCATION,MARRIAGE,AGE,PAY_0,PAY_2,PAY_3,PAY_4,PAY_5,PAY_6,BILL_AMT1,BILL_AMT2,BILL_AMT3,BILL_AMT4,BILL_AMT5,BILL_AMT6,PAY_AMT1,PAY_AMT2,PAY_AMT3,PAY_AMT4,PAY_AMT5,PAY_AMT6
0.08860759493670886,1.0,0.16666666666666666,0.6666666666666666,0.14814814814814814,0.1,0.1111111111111111,0.1,0.1,0.1,0.1,0.025485945527637242,0.04913549117480574,0.08159263434674889,0.0807593654674793,0.13392679156740295,0.40079517132039916,0.009818427997519042,0.0027104953051222333,0.008639132880219093,0.0015748188958269798,0.006277201852238379,0.0046641883519206945
