LIMIT_BAL,SEX,EDUCATION,MARRIAGE,AGE,PAY_0,PAY_2,PAY_3,PAY_4,PAY_5,PAY_6,BILL_AMT1,BILL_AMT2,BILL_AMT3,BILL_AMT4,BILL_AMT5,BILL_AMT6,PAY_AMT1,PAY_AMT2,PAY_AMT3,PAY_AMT4,PAY_AMT5,PAY_AMT6
0.1772151898734177,1.0,0.16666666666666666,0.6666666666666666,0.20370370370370372,0.2,0.2222222222222222,0.2,0.2,0.2,0.4,0.22180589805935733,0.20688648175783464,0.290847898534099,0.27246004207044106,0.3642872782292984,0.5630073084048413,0.010134628403714948,0.0038489685285905914,0.008733750703062988,0.02771181314148873,0.0,0.009913258983890954
