LIMIT_BAL,SEX,EDUCATION,MARRIAGE,AGE,PAY_0,PAY_2,PAY_3,PAY_4,PAY_5,PAY_6,BILL_AMT1,BILL_AMT2,BILL_AMT3,BILL_AMT4,BILL_AMT5,BILL_AMT6,PAY_AMT1,PAY_AMT2,PAY_AMT3,PAY_AMT4,PAY_AMT5,PAY_AMT6
0.08860759493670886,1.0,0.3333333333333333,0.3333333333333333,0.4444444444444444,0.2,0.2222222222222222,0.2,0.2,0.2,0.2,0.07121968677842014,0.08201126949004273,0.11670427291739224,0.1129729179027106,0.16316179906732942,0.4188839713100875,0.00373562402960933,0.0010048228235765826,0.0023181366596754607,0.0015823180334261558,0.0021697060589428224,0.029739776951672865
