LIMIT_BAL,SEX,EDUCATION,MARRIAGE,AGE,PAY_0,PAY_2,PAY_3,PAY_4,PAY_5,PAY_6,BILL_AMT1,BILL_AMT2,BILL_AMT3,BILL_AMT4,BILL_AMT5,BILL_AMT6,PAY_AMT1,PAY_AMT2,PAY_AMT3,PAY_AMT4,PAY_AMT5,PAY_AMT6
0.30379746835443033,1.0,0.6666666666666666,0.3333333333333333,0.40740740740740744,0.0,0.0,0.0,0.0,0.0,0.0,0.024019828680950057,0.044573663356146764,0.07750078816319188,0.07889705926418679,0.13287124636032982,0.3979219616569467,0.002643111087688859,0.0006764014140864261,0.005398472447815643,0.0,0.0,0.0
