LIMIT_BAL,SEX,EDUCATION,MARRIAGE,AGE,PAY_0,PAY_2,PAY_3,PAY_4,PAY_5,PAY_6,BILL_AMT1,BILL_AMT2,BILL_AMT3,BILL_AMT4,BILL_AMT5,BILL_AMT6,PAY_AMT1,PAY_AMT2,PAY_AMT3,PAY_AMT4,PAY_AMT5,PAY_AMT6
0.35443037974683544,0.0,0.3333333333333333,0.3333333333333333,0.5925925925925926,0.1,0.2222222222222222,0.2,0.2,0.1,0.1,0.031838595290531305,0.047648330160037056,0.08135989924715974,0.0792461480376117,0.1353434443453169,0.40015186295774197,0.0020816526741230506,0.0008149414627547304,0.002628272856774899,0.003742069661988871,0.004862512272238843,0.005643122676579926
