LIMIT_BAL,SEX,EDUCATION,MARRIAGE,AGE,PAY_0,PAY_2,PAY_3,PAY_4,PAY_5,PAY_6,BILL_AMT1,BILL_AMT2,BILL_AMT3,BILL_AMT4,BILL_AMT5,BILL_AMT6,PAY_AMT1,PAY_AMT2,PAY_AMT3,PAY_AMT4,PAY_AMT5,PAY_AMT6
0.05063291139240507,1.0,0.3333333333333333,0.6666666666666666,0.03703703703703709,0.2,0.2222222222222222,0.2,0.2,0.4,0.4,0.08420125671643197,0.09487855709360367,0.14694332982855182,0.14233832545261682,0.20892278833867645,0.45065449888153397,0.006080777042228969,0.002852295119641556,0.006570682141937247,0.0074991375991760945,0.0,0.008674101610904586
