LIMIT_BAL,SEX,EDUCATION,MARRIAGE,AGE,PAY_0,PAY_2,PAY_3,PAY_4,PAY_5,PAY_6,BILL_AMT1,BILL_AMT2,BILL_AMT3,BILL_AMT4,BILL_AMT5,BILL_AMT6,PAY_AMT1,PAY_AMT2,PAY_AMT3,PAY_AMT4,PAY_AMT5,PAY_AMT6
0.06329113924050633,1.0,0.16666666666666666,0.6666666666666666,0.03703703703703709,0.2,0.2222222222222222,0.2,0.2,0.2,0.2,0.06699086580949586,0.0788748520557814,0.1231944460491979,0.1187261406063657,0.17993124250415846,0.43182981974476237,0.002971473047969223,0.0011832950039198686,0.002651927312485873,0.002599701034381046,0.0027005367574490236,0.002121437422552664
