LIMIT_BAL,SEX,EDUCATION,MARRIAGE,AGE,PAY_0,PAY_2,PAY_3,PAY_4,PAY_5,PAY_6,BILL_AMT1,BILL_AMT2,BILL_AMT3,BILL_AMT4,BILL_AMT5,BILL_AMT6,PAY_AMT1,PAY_AMT2,PAY_AMT3,PAY_AMT4,PAY_AMT5,PAY_AMT6
0.0,1.0,0.3333333333333333,0.6666666666666666,0.018518518518518545,0.2,0.2222222222222222,0.2,0.2,0.2,0.4,0.0333910466410384,0.05209566201821644,0.08957990489222385,0.08911052779825365,0.14940703195720303,0.40942768991365136,0.002602572574073999,0.001045569896714319,0.002628272856774899,0.0038370587382451017,0.0,0.0024783147459727386
