LIMIT_BAL,SEX,EDUCATION,MARRIAGE,AGE,PAY_0,PAY_2,PAY_3,PAY_4,PAY_5,PAY_6,BILL_AMT1,BILL_AMT2,BILL_AMT3,BILL_AMT4,BILL_AMT5,BILL_AMT6,PAY_AMT1,PAY_AMT2,PAY_AMT3,PAY_AMT4,PAY_AMT5,PAY_AMT6
0.012658227848101266,0.0,0.3333333333333333,0.3333333333333333,0.3148148148148149,0.1,0.2222222222222222,0.2,0.2,0.2,0.2,0.053334317023437466,0.06773786857407503,0.10899265316362929,0.10625183533797186,0.16579412620137712,0.42137635179710353,0.0026877034526652044,0.00107327790644798,0.0018765868197372778,0.002312234093079296,0.0010307392204003906,0.0
