LIMIT_BAL,SEX,EDUCATION,MARRIAGE,AGE,PAY_0,PAY_2,PAY_3,PAY_4,PAY_5,PAY_6,BILL_AMT1,BILL_AMT2,BILL_AMT3,BILL_AMT4,BILL_AMT5,BILL_AMT6,PAY_AMT1,PAY_AMT2,PAY_AMT3,PAY_AMT4,PAY_AMT5,PAY_AMT6
0.1139240506329114,0.0,0.16666666666666666,0.3333333333333333,0.16666666666666674,0.4,0.2222222222222222,0.2,0.2,0.2,0.2,0.15872049125902393,0.15250475994442445,0.21720457085133182,0.20606275807099236,0.27754303062388275,0.5048552790540437,0.006283469610303269,0.0032597658510189215,0.010513091427099596,0.008748993865705443,0.012884240255004883,0.024783147459727387
