LIMIT_BAL,SEX,EDUCATION,MARRIAGE,AGE,PAY_0,PAY_2,PAY_3,PAY_4,PAY_5,PAY_6,BILL_AMT1,BILL_AMT2,BILL_AMT3,BILL_AMT4,BILL_AMT5,BILL_AMT6,PAY_AMT1,PAY_AMT2,PAY_AMT3,PAY_AMT4,PAY_AMT5,PAY_AMT6
0.05063291139240507,1.0,0.3333333333333333,0.3333333333333333,0.35185185185185186,0.30000000000000004,0.5555555555555556,0.4,0.2,0.2,0.2,0.08099589204733643,0.08842561621983225,0.1282271362523707,0.12327478230644301,0.1585507331627468,0.3979407101702482,0.0,0.0,0.002628272856774899,0.0007849097353804312,0.0,0.0
