LIMIT_BAL,SEX,EDUCATION,MARRIAGE,AGE,PAY_0,PAY_2,PAY_3,PAY_4,PAY_5,PAY_6,BILL_AMT1,BILL_AMT2,BILL_AMT3,BILL_AMT4,BILL_AMT5,BILL_AMT6,PAY_AMT1,PAY_AMT2,PAY_AMT3,PAY_AMT4,PAY_AMT5,PAY_AMT6
0.2531645569620253,1.0,0.16666666666666666,0.3333333333333333,0.6111111111111112,0.2,0.2222222222222222,0.2,0.2,0.2,0.1,0.049701988989996185,0.066141357484691,0.10597534988668607,0.09697925843356525,0.14441525083087423,0.40031474066704864,0.006080777042228969,0.0016298829255094608,0.007884818570324697,0.00037495687995880474,0.0052206941513279785,0.00254275092936803
