LIMIT_BAL,SEX,EDUCATION,MARRIAGE,AGE,PAY_0,PAY_2,PAY_3,PAY_4,PAY_5,PAY_6,BILL_AMT1,BILL_AMT2,BILL_AMT3,BILL_AMT4,BILL_AMT5,BILL_AMT6,PAY_AMT1,PAY_AMT2,PAY_AMT3,PAY_AMT4,PAY_AMT5,PAY_AMT6
0.13924050632911392,0.0,0.5,0.6666666666666666,0.2962962962962963,0.4,0.4444444444444444,0.4,0.4,0.4,0.4,0.20875526051828958,0.19665388771677045,0.2758439123265422,0.25831220821871836,0.31807204504531006,0.5392752059114062,0.010540013539863547,0.0040747073137736515,0.011038745998454575,0.0,0.023707002069208984,0.0
