LIMIT_BAL,SEX,EDUCATION,MARRIAGE,AGE,PAY_0,PAY_2,PAY_3,PAY_4,PAY_5,PAY_6,BILL_AMT1,BILL_AMT2,BILL_AMT3,BILL_AMT4,BILL_AMT5,BILL_AMT6,PAY_AMT1,PAY_AMT2,PAY_AMT3,PAY_AMT4,PAY_AMT5,PAY_AMT6
0.37974683544303794,0.0,0.3333333333333333,0.6666666666666666,0.09259259259259262,0.0,0.0,0.0,0.0,0.0,0.0,0.027410420103695588,0.04336566664951372,0.0765599441435761,0.07959973151627382,0.13419639676735196,0.3982336556905839,0.0007296932450674763,0.0002094399559279657,0.006667928237637918,0.0019947706013808413,0.0006467888608012451,0.005115241635687733
