LIMIT_BAL,SEX,EDUCATION,MARRIAGE,AGE,PAY_0,PAY_2,PAY_3,PAY_4,PAY_5,PAY_6,BILL_AMT1,BILL_AMT2,BILL_AMT3,BILL_AMT4,BILL_AMT5,BILL_AMT6,PAY_AMT1,PAY_AMT2,PAY_AMT3,PAY_AMT4,PAY_AMT5,PAY_AMT6
0.025316455696202535,0.0,0.3333333333333333,0.6666666666666666,0.16666666666666674,0.4,0.4444444444444444,0.4,0.4,0.4,0.4,0.0565726457758097,0.07049992281171204,0.11048314816312585,0.10843776031834498,0.17008983572056485,0.4250545757504385,0.0027302688919608074,0.0,0.0034167547138073684,0.0037495687995880472,0.002319163245900879,0.0
