LIMIT_BAL,SEX,EDUCATION,MARRIAGE,AGE,PAY_0,PAY_2,PAY_3,PAY_4,PAY_5,PAY_6,BILL_AMT1,BILL_AMT2,BILL_AMT3,BILL_AMT4,BILL_AMT5,BILL_AMT6,PAY_AMT1,PAY_AMT2,PAY_AMT3,PAY_AMT4,PAY_AMT5,PAY_AMT6
0.0759493670886076,0.0,0.5,0.6666666666666666,0.5925925925925926,0.2,0.2222222222222222,0.2,0.2,0.2,0.2,0.03961340978907696,0.05738820562959914,0.096377090283062,0.10137358192049765,0.16168468936579053,0.419408929682529,0.0030343077440722556,0.0012224121941320956,0.013141364283874494,0.002499712533058698,0.0025768480510009765,0.0024783147459727386
