LIMIT_BAL,SEX,EDUCATION,MARRIAGE,AGE,PAY_0,PAY_2,PAY_3,PAY_4,PAY_5,PAY_6,BILL_AMT1,BILL_AMT2,BILL_AMT3,BILL_AMT4,BILL_AMT5,BILL_AMT6,PAY_AMT1,PAY_AMT2,PAY_AMT3,PAY_AMT4,PAY_AMT5,PAY_AMT6
0.08860759493670886,1.0,0.3333333333333333,0.6666666666666666,0.05555555555555558,0.4,0.2222222222222222,0.2,0.2,0.2,0.2,0.15153432110470494,0.14143467297895335,0.1971711956476886,0.18035154587895458,0.21564494465740533,0.4549947797108276,0.006891547314526165,0.002281836095713245,0.007984692938882142,0.004999425066117396,0.005153696102001953,0.004956629491945477
