LIMIT_BAL,SEX,EDUCATION,MARRIAGE,AGE,PAY_0,PAY_2,PAY_3,PAY_4,PAY_5,PAY_6,BILL_AMT1,BILL_AMT2,BILL_AMT3,BILL_AMT4,BILL_AMT5,BILL_AMT6,PAY_AMT1,PAY_AMT2,PAY_AMT3,PAY_AMT4,PAY_AMT5,PAY_AMT6
0.30379746835443033,1.0,0.3333333333333333,0.3333333333333333,0.2222222222222222,0.2,0.2222222222222222,0.2,0.2,0.2,0.2,0.02982778621065305,0.0489708228271497,0.08624898694207538,0.08709240514673713,0.1474119534775803,0.41300982773631617,0.0022093489920098587,0.0012224121941320956,0.003942409285162349,0.0037495687995880472,0.010822761814204102,0.003717472118959108
