LIMIT_BAL,SEX,EDUCATION,MARRIAGE,AGE,PAY_0,PAY_2,PAY_3,PAY_4,PAY_5,PAY_6,BILL_AMT1,BILL_AMT2,BILL_AMT3,BILL_AMT4,BILL_AMT5,BILL_AMT6,PAY_AMT1,PAY_AMT2,PAY_AMT3,PAY_AMT4,PAY_AMT5,PAY_AMT6
0.36708860759493667,0.0,0.3333333333333333,0.6666666666666666,0.2777777777777778,0.4,0.4444444444444444,0.4,0.4,0.4,0.4,0.47167678873319024,0.4176298049709258,0.5605845777508546,0.5148864637457076,0.6098257206628693,0.7461580195007973,0.026356114626701097,0.007336917989180837,0.02132580595987153,0.011006234283057447,0.022774183074746632,0.0014969021065675341
