LIMIT_BAL,SEX,EDUCATION,MARRIAGE,AGE,PAY_0,PAY_2,PAY_3,PAY_4,PAY_5,PAY_6,BILL_AMT1,BILL_AMT2,BILL_AMT3,BILL_AMT4,BILL_AMT5,BILL_AMT6,PAY_AMT1,PAY_AMT2,PAY_AMT3,PAY_AMT4,PAY_AMT5,PAY_AMT6
0.05063291139240507,1.0,0.3333333333333333,0.6666666666666666,0.07407407407407407,0.2,0.2222222222222222,0.2,0.1,0.2,0.1,0.030945425605558057,0.04770493490454382,0.0761373896365206,0.08220066761355123,0.14084665836609445,0.40046824411970455,0.006080777042228969,0.0,0.011167531368436545,0.005161906380766212,0.005558261246009106,0.0
