LIMIT_BAL,SEX,EDUCATION,MARRIAGE,AGE,PAY_0,PAY_2,PAY_3,PAY_4,PAY_5,PAY_6,BILL_AMT1,BILL_AMT2,BILL_AMT3,BILL_AMT4,BILL_AMT5,BILL_AMT6,PAY_AMT1,PAY_AMT2,PAY_AMT3,PAY_AMT4,PAY_AMT5,PAY_AMT6
0.27848101265822783,0.0,0.16666666666666666,0.3333333333333333,0.462962962962963,0.30000000000000004,0.4444444444444444,0.4,0.4,0.4,0.4,0.3218424724946119,0.2913369011475326,0.40137066118226133,0.37593115310164626,0.4646228958539622,0.6319327022115042,0.01621540544594392,0.006927002433415208,0.02102618285419919,0.018747843997940238,0.0,0.016411400247831474
