LIMIT_BAL,SEX,EDUCATION,MARRIAGE,AGE,PAY_0,PAY_2,PAY_3,PAY_4,PAY_5,PAY_6,BILL_AMT1,BILL_AMT2,BILL_AMT3,BILL_AMT4,BILL_AMT5,BILL_AMT6,PAY_AMT1,PAY_AMT2,PAY_AMT3,PAY_AMT4,PAY_AMT5,PAY_AMT6
0.12658227848101264,1.0,0.16666666666666666,0.3333333333333333,0.18518518518518523,0.30000000000000004,0.0,0.1,0.1,0.2,0.2,0.024029246990457682,0.04290382339319714,0.07719047469707299,0.076171769655346,0.13326503334934625,0.3979407101702482,0.0,0.000519932653237518,0.0005913613927743522,0.0,0.0,0.0
