LIMIT_BAL,SEX,EDUCATION,MARRIAGE,AGE,PAY_0,PAY_2,PAY_3,PAY_4,PAY_5,PAY_6,BILL_AMT1,BILL_AMT2,BILL_AMT3,BILL_AMT4,BILL_AMT5,BILL_AMT6,PAY_AMT1,PAY_AMT2,PAY_AMT3,PAY_AMT4,PAY_AMT5,PAY_AMT6
0.05063291139240507,1.0,0.3333333333333333,0.6666666666666666,0.03703703703703709,0.2,0.2222222222222222,0.2,0.2,0.2,0.2,0.09775577381615773,0.09039005814851027,0.12997347480106103,0.12046409329809485,0.17793289608271814,0.42855820417365337,0.0032430810891887836,0.0012224121941320956,0.003942409285162349,0.002999655039670438,0.002777842198979053,0.0023568773234200744
