LIMIT_BAL,SEX,EDUCATION,MARRIAGE,AGE,PAY_0,PAY_2,PAY_3,PAY_4,PAY_5,PAY_6,BILL_AMT1,BILL_AMT2,BILL_AMT3,BILL_AMT4,BILL_AMT5,BILL_AMT6,PAY_AMT1,PAY_AMT2,PAY_AMT3,PAY_AMT4,PAY_AMT5,PAY_AMT6
0.1772151898734177,0.0,0.3333333333333333,0.6666666666666666,0.20370370370370372,0.2,0.2222222222222222,0.2,0.2,0.2,0.2,0.1502926739679495,0.1516878505634745,0.13510685182036813,0.11761445017769068,0.1858625569030369,0.44426242762780915,0.014188479765200929,0.002444824388264191,0.007884818570324697,0.01249856266529349,0.020614784408007812,0.004956629491945477
