LIMIT_BAL,SEX,EDUCATION,MARRIAGE,AGE,PAY_0,PAY_2,PAY_3,PAY_4,PAY_5,PAY_6,BILL_AMT1,BILL_AMT2,BILL_AMT3,BILL_AMT4,BILL_AMT5,BILL_AMT6,PAY_AMT1,PAY_AMT2,PAY_AMT3,PAY_AMT4,PAY_AMT5,PAY_AMT6
0.05063291139240507,1.0,0.16666666666666666,0.6666666666666666,0.07407407407407407,0.2,0.2222222222222222,0.2,0.2,0.2,0.4,0.0652186539038108,0.07763340709103073,0.12244672264413484,0.12015845334196316,0.18452270075783572,0.43420970915196955,0.0030403885211144847,0.0012224121941320956,0.005256545713549798,0.006249281332646745,0.0,0.007434944237918216
