LIMIT_BAL,SEX,EDUCATION,MARRIAGE,AGE,PAY_0,PAY_2,PAY_3,PAY_4,PAY_5,PAY_6,BILL_AMT1,BILL_AMT2,BILL_AMT3,BILL_AMT4,BILL_AMT5,BILL_AMT6,PAY_AMT1,PAY_AMT2,PAY_AMT3,PAY_AMT4,PAY_AMT5,PAY_AMT6
0.05063291139240507,1.0,0.5,0.3333333333333333,0.6666666666666667,0.2,0.1111111111111111,0.1,0.1,0.1,0.1,0.03025161013849624,0.045077960170843416,0.08237667102976204,0.07803407585863852,0.1352960591889622,0.3998671199119757,0.003425504400455653,0.003080478729212881,0.0038583045537455515,0.003669577998530169,0.0042363381958456054,0.003377942998760843
