LIMIT_BAL,SEX,EDUCATION,MARRIAGE,AGE,PAY_0,PAY_2,PAY_3,PAY_4,PAY_5,PAY_6,BILL_AMT1,BILL_AMT2,BILL_AMT3,BILL_AMT4,BILL_AMT5,BILL_AMT6,PAY_AMT1,PAY_AMT2,PAY_AMT3,PAY_AMT4,PAY_AMT5,PAY_AMT6
0.025316455696202535,1.0,0.16666666666666666,0.6666666666666666,0.16666666666666674,0.2,0.2222222222222222,0.2,0.2,0.2,0.2,0.0754390894378368,0.08639170483198683,0.1278607022657835,0.12436100273877372,0.18705045375372137,0.437780129153821,0.0032430810891887836,0.0016298829255094608,0.003942409285162349,0.002999655039670438,0.0034272079078312987,0.006195786864931847
