LIMIT_BAL,SEX,EDUCATION,MARRIAGE,AGE,PAY_0,PAY_2,PAY_3,PAY_4,PAY_5,PAY_6,BILL_AMT1,BILL_AMT2,BILL_AMT3,BILL_AMT4,BILL_AMT5,BILL_AMT6,PAY_AMT1,PAY_AMT2,PAY_AMT3,PAY_AMT4,PAY_AMT5,PAY_AMT6
0.2531645569620253,1.0,0.5,0.3333333333333333,0.35185185185185186,0.2,0.2222222222222222,0.2,0.2,0.2,0.2,0.2756425249232015,0.22843487881438793,0.2802460719762181,0.24500038954112055,0.29204615641023124,0.40943120525989535,0.007540163532363922,0.0026314459832350243,0.008318483591692554,0.004946931102923164,0.025268571988115576,0.0009665427509293681
