LIMIT_BAL,SEX,EDUCATION,MARRIAGE,AGE,PAY_0,PAY_2,PAY_3,PAY_4,PAY_5,PAY_6,BILL_AMT1,BILL_AMT2,BILL_AMT3,BILL_AMT4,BILL_AMT5,BILL_AMT6,PAY_AMT1,PAY_AMT2,PAY_AMT3,PAY_AMT4,PAY_AMT5,PAY_AMT6
0.05063291139240507,1.0,0.3333333333333333,0.6666666666666666,0.07407407407407407,0.5,0.4444444444444444,0.4,0.2,0.2,0.2,0.10107258848109353,0.10732259558482993,0.15637322787077096,0.10258865056962897,0.16291180151828577,0.42021745931865556,0.004181547679372788,0.0,0.002102618285419919,0.0019997700264469584,0.0025768480510009765,0.0024783147459727386
