LIMIT_BAL,SEX,EDUCATION,MARRIAGE,AGE,PAY_0,PAY_2,PAY_3,PAY_4,PAY_5,PAY_6,BILL_AMT1,BILL_AMT2,BILL_AMT3,BILL_AMT4,BILL_AMT5,BILL_AMT6,PAY_AMT1,PAY_AMT2,PAY_AMT3,PAY_AMT4,PAY_AMT5,PAY_AMT6
0.3164556962025316,0.0,0.5,0.3333333333333333,0.5925925925925926,0.0,0.0,0.0,0.0,0.0,0.0,0.02921559609265733,0.05239540986980909,0.08214723713725924,0.08291532574627089,0.13774374761031755,0.4049081264259123,0.01495465767252178,0.0030120236463414833,0.012421217521118173,0.007414147373052099,0.015321938511251807,0.014919454770755887
