LIMIT_BAL,SEX,EDUCATION,MARRIAGE,AGE,PAY_0,PAY_2,PAY_3,PAY_4,PAY_5,PAY_6,BILL_AMT1,BILL_AMT2,BILL_AMT3,BILL_AMT4,BILL_AMT5,BILL_AMT6,PAY_AMT1,PAY_AMT2,PAY_AMT3,PAY_AMT4,PAY_AMT5,PAY_AMT6
0.30379746835443033,1.0,0.5,0.3333333333333333,0.20370370370370372,0.1,0.1111111111111111,0.1,0.1,0.1,0.1,0.02537920468655081,0.04401018885401122,0.07755690868366019,0.0771231489305598,0.1336163370947344,0.3994405912343669,0.0017431560854389713,0.0007008496579690681,0.002260314656826413,0.001099873514545827,0.00329836550528125,0.001090458488228005
