LIMIT_BAL,SEX,EDUCATION,MARRIAGE,AGE,PAY_0,PAY_2,PAY_3,PAY_4,PAY_5,PAY_6,BILL_AMT1,BILL_AMT2,BILL_AMT3,BILL_AMT4,BILL_AMT5,BILL_AMT6,PAY_AMT1,PAY_AMT2,PAY_AMT3,PAY_AMT4,PAY_AMT5,PAY_AMT6
0.05063291139240507,0.0,0.3333333333333333,0.6666666666666666,0.018518518518518545,0.2,0.2222222222222222,0.2,0.2,0.2,0.2,0.11052072263549415,0.11036638707353472,0.15384780444969703,0.0993839257354836,0.15524030810155456,0.4156873497921844,0.004807867714722372,0.0017513092034599155,0.003161812246700203,0.004999425066117396,0.0044218712555176756,0.00155638166047088
