LIMIT_BAL,SEX,EDUCATION,MARRIAGE,AGE,PAY_0,PAY_2,PAY_3,PAY_4,PAY_5,PAY_6,BILL_AMT1,BILL_AMT2,BILL_AMT3,BILL_AMT4,BILL_AMT5,BILL_AMT6,PAY_AMT1,PAY_AMT2,PAY_AMT3,PAY_AMT4,PAY_AMT5,PAY_AMT6
0.2151898734177215,1.0,0.3333333333333333,0.3333333333333333,0.2962962962962963,0.2,0.2222222222222222,0.2,0.2,0.2,0.2,0.19251809492714153,0.10521149590902074,0.15260159877459195,0.14678209069715875,0.21185576611994,0.4558454935018824,0.00405385136148598,0.0014432613305386274,0.004730891142194818,0.004374496932852722,0.004877973360544849,0.004956629491945477
