LIMIT_BAL,SEX,EDUCATION,MARRIAGE,AGE,PAY_0,PAY_2,PAY_3,PAY_4,PAY_5,PAY_6,BILL_AMT1,BILL_AMT2,BILL_AMT3,BILL_AMT4,BILL_AMT5,BILL_AMT6,PAY_AMT1,PAY_AMT2,PAY_AMT3,PAY_AMT4,PAY_AMT5,PAY_AMT6
0.08860759493670886,1.0,0.16666666666666666,0.6666666666666666,0.12962962962962965,0.30000000000000004,0.4444444444444444,0.2,0.2,0.2,0.4,0.0316973206479169,0.0473833170380281,0.08315410529860244,0.08189802412757771,0.13869308470831987,0.39819967401022494,0.0,0.0008149414627547304,0.0013141364283874495,0.002499712533058698,0.0,0.0024783147459727386
