LIMIT_BAL,SEX,EDUCATION,MARRIAGE,AGE,PAY_0,PAY_2,PAY_3,PAY_4,PAY_5,PAY_6,BILL_AMT1,BILL_AMT2,BILL_AMT3,BILL_AMT4,BILL_AMT5,BILL_AMT6,PAY_AMT1,PAY_AMT2,PAY_AMT3,PAY_AMT4,PAY_AMT5,PAY_AMT6
0.06329113924050633,1.0,0.16666666666666666,0.6666666666666666,0.14814814814814814,0.30000000000000004,0.1111111111111111,0.4,0.1,0.1,0.1,0.024029246990457682,0.043355374877785215,0.07646585974161453,0.08137364184990081,0.13289738989487032,0.39856409823752253,0.0007114509139407894,0.0,0.009716724751496802,0.0,0.0013708831631325195,0.0
