LIMIT_BAL,SEX,EDUCATION,MARRIAGE,AGE,PAY_0,PAY_2,PAY_3,PAY_4,PAY_5,PAY_6,BILL_AMT1,BILL_AMT2,BILL_AMT3,BILL_AMT4,BILL_AMT5,BILL_AMT6,PAY_AMT1,PAY_AMT2,PAY_AMT3,PAY_AMT4,PAY_AMT5,PAY_AMT6
0.06329113924050633,0.0,0.3333333333333333,0.6666666666666666,0.12962962962962965,0.4,0.4444444444444444,0.4,0.2,0.2,0.2,0.12094836097868793,0.12291848916791026,0.1749953370449905,0.16607036910519407,0.2276170495060506,0.46264651670199586,0.0056753919060803714,0.0,0.007884818570324697,0.0074991375991760945,0.0077305441530029296,0.05700123915737299
