LIMIT_BAL,SEX,EDUCATION,MARRIAGE,AGE,PAY_0,PAY_2,PAY_3,PAY_4,PAY_5,PAY_6,BILL_AMT1,BILL_AMT2,BILL_AMT3,BILL_AMT4,BILL_AMT5,BILL_AMT6,PAY_AMT1,PAY_AMT2,PAY_AMT3,PAY_AMT4,PAY_AMT5,PAY_AMT6
0.1139240506329114,1.0,0.5,0.3333333333333333,0.12962962962962965,0.0,0.0,0.0,0.0,0.0,0.0,0.02899897497398192,0.05177533062316678,0.07682404071048579,0.07645793255544968,0.1335771217929236,0.3984234843877614,0.013977679494403657,0.0003390156485059678,0.001093361508418358,0.0010398804137524184,0.0010616613970124023,0.0030309789343246595
