LIMIT_BAL,SEX,EDUCATION,MARRIAGE,AGE,PAY_0,PAY_2,PAY_3,PAY_4,PAY_5,PAY_6,BILL_AMT1,BILL_AMT2,BILL_AMT3,BILL_AMT4,BILL_AMT5,BILL_AMT6,PAY_AMT1,PAY_AMT2,PAY_AMT3,PAY_AMT4,PAY_AMT5,PAY_AMT6
0.27848101265822783,1.0,0.5,0.3333333333333333,0.4444444444444444,0.1,0.1111111111111111,0.0,0.1,0.2,0.1,0.026592596894783355,0.05372304842278598,0.08558214311062841,0.0913728627676597,0.14923383104087215,0.3994968367742714,0.017097118117067118,0.004852976410704419,0.027257817797612476,0.0,0.003432361603933301,0.0
