LIMIT_BAL,SEX,EDUCATION,MARRIAGE,AGE,PAY_0,PAY_2,PAY_3,PAY_4,PAY_5,PAY_6,BILL_AMT1,BILL_AMT2,BILL_AMT3,BILL_AMT4,BILL_AMT5,BILL_AMT6,PAY_AMT1,PAY_AMT2,PAY_AMT3,PAY_AMT4,PAY_AMT5,PAY_AMT6
0.06329113924050633,0.0,0.3333333333333333,0.6666666666666666,0.16666666666666674,0.2,0.2222222222222222,0.2,0.2,0.2,0.2,0.08566266440836534,0.09644933875366646,0.1464976668718917,0.1416281620251344,0.20651268124822308,0.4521977358826624,0.006080777042228969,0.0016298829255094608,0.005256545713549798,0.004999425066117396,0.005153696102001953,0.004956629491945477
