LIMIT_BAL,SEX,EDUCATION,MARRIAGE,AGE,PAY_0,PAY_2,PAY_3,PAY_4,PAY_5,PAY_6,BILL_AMT1,BILL_AMT2,BILL_AMT3,BILL_AMT4,BILL_AMT5,BILL_AMT6,PAY_AMT1,PAY_AMT2,PAY_AMT3,PAY_AMT4,PAY_AMT5,PAY_AMT6
0.05063291139240507,1.0,0.16666666666666666,0.6666666666666666,0.03703703703703709,0.2,0.2222222222222222,0.2,0.2,0.2,0.2,0.10397970668244756,0.10839293984459425,0.15629069769361167,0.1504857278126367,0.18897200354244895,0.4212404250756678,0.004864621633783176,0.0020373536568868257,0.006854535610468936,0.0017497987731410886,0.008712323260434302,0.0
