LIMIT_BAL,SEX,EDUCATION,MARRIAGE,AGE,PAY_0,PAY_2,PAY_3,PAY_4,PAY_5,PAY_6,BILL_AMT1,BILL_AMT2,BILL_AMT3,BILL_AMT4,BILL_AMT5,BILL_AMT6,PAY_AMT1,PAY_AMT2,PAY_AMT3,PAY_AMT4,PAY_AMT5,PAY_AMT6
0.4430379746835443,1.0,0.3333333333333333,0.3333333333333333,0.4444444444444444,0.2,0.1111111111111111,0.1,0.1,0.1,0.1,0.05563866341630341,0.047190346318118664,0.08198382738648387,0.08555371772052522,0.13851334790835385,0.4036531478167942,0.0067537163682356415,0.003057660368255748,0.01704960602189877,0.008591511976122745,0.012562134248629762,0.059928128872366794
