LIMIT_BAL,SEX,EDUCATION,MARRIAGE,AGE,PAY_0,PAY_2,PAY_3,PAY_4,PAY_5,PAY_6,BILL_AMT1,BILL_AMT2,BILL_AMT3,BILL_AMT4,BILL_AMT5,BILL_AMT6,PAY_AMT1,PAY_AMT2,PAY_AMT3,PAY_AMT4,PAY_AMT5,PAY_AMT6
0.025316455696202535,1.0,0.3333333333333333,0.6666666666666666,0.537037037037037,0.2,0.2222222222222222,0.2,0.2,0.2,0.2,0.04088959072736034,0.058414809859517317,0.09722880171134576,0.09694479902674649,0.15587592278507073,0.4147639855120863,0.0030363346697529986,0.0009934136430980163,0.00402388574372237,0.0012598551166615839,0.0013425378345715089,0.0012961586121437423
