LIMIT_BAL,SEX,EDUCATION,MARRIAGE,AGE,PAY_0,PAY_2,PAY_3,PAY_4,PAY_5,PAY_6,BILL_AMT1,BILL_AMT2,BILL_AMT3,BILL_AMT4,BILL_AMT5,BILL_AMT6,PAY_AMT1,PAY_AMT2,PAY_AMT3,PAY_AMT4,PAY_AMT5,PAY_AMT6
0.0759493670886076,1.0,0.5,0.3333333333333333,0.5740740740740741,0.1,0.1111111111111111,0.1,0.2,0.2,0.2,0.02559896524172876,0.04431636906293419,0.12273227705710593,0.11785416779034297,0.17284144273095364,0.4238968550540718,0.002225564397455803,0.024452318589955686,0.0035481683566461137,0.0019997700264469584,0.0019326360382507324,0.0019330855018587362
