LIMIT_BAL,SEX,EDUCATION,MARRIAGE,AGE,PAY_0,PAY_2,PAY_3,PAY_4,PAY_5,PAY_6,BILL_AMT1,BILL_AMT2,BILL_AMT3,BILL_AMT4,BILL_AMT5,BILL_AMT6,PAY_AMT1,PAY_AMT2,PAY_AMT3,PAY_AMT4,PAY_AMT5,PAY_AMT6
0.34177215189873417,1.0,0.16666666666666666,0.3333333333333333,0.2592592592592593,0.4,0.1111111111111111,0.2,0.2,0.2,0.2,0.02410302374826742,0.168678279215767,0.2396065621394463,0.2202390583892175,0.2735169263046441,0.47095679522287875,0.2006798308733212,0.0040747073137736515,0.007955781937457619,0.015060768011678657,0.005156272950052954,0.004716232961586121
