LIMIT_BAL,SEX,EDUCATION,MARRIAGE,AGE,PAY_0,PAY_2,PAY_3,PAY_4,PAY_5,PAY_6,BILL_AMT1,BILL_AMT2,BILL_AMT3,BILL_AMT4,BILL_AMT5,BILL_AMT6,PAY_AMT1,PAY_AMT2,PAY_AMT3,PAY_AMT4,PAY_AMT5,PAY_AMT6
0.12658227848101264,1.0,0.5,0.3333333333333333,0.5185185185185185,0.2,0.2222222222222222,0.2,0.2,0.2,0.2,0.10687112770128888,0.11068414552565226,0.16428457065325935,0.15977778177307134,0.22766116672058773,0.4680589781357181,0.006080777042228969,0.002444824388264191,0.013141364283874494,0.0074991375991760945,0.0077305441530029296,0.004956629491945477
