LIMIT_BAL,SEX,EDUCATION,MARRIAGE,AGE,PAY_0,PAY_2,PAY_3,PAY_4,PAY_5,PAY_6,BILL_AMT1,BILL_AMT2,BILL_AMT3,BILL_AMT4,BILL_AMT5,BILL_AMT6,PAY_AMT1,PAY_AMT2,PAY_AMT3,PAY_AMT4,PAY_AMT5,PAY_AMT6
0.10126582278481013,1.0,0.3333333333333333,0.3333333333333333,0.2222222222222222,0.2,0.2222222222222222,0.2,0.2,0.2,0.2,0.14549247555556252,0.12921576699428808,0.1769413986224063,0.1429870612418571,0.17317967470907147,0.4275328948524785,0.005067314201857474,0.003184791236445486,0.0055193729992272875,0.002209745879223889,0.0025768480510009765,0.0024783147459727386
