LIMIT_BAL,SEX,EDUCATION,MARRIAGE,AGE,PAY_0,PAY_2,PAY_3,PAY_4,PAY_5,PAY_6,BILL_AMT1,BILL_AMT2,BILL_AMT3,BILL_AMT4,BILL_AMT5,BILL_AMT6,PAY_AMT1,PAY_AMT2,PAY_AMT3,PAY_AMT4,PAY_AMT5,PAY_AMT6
0.05063291139240507,1.0,0.3333333333333333,0.3333333333333333,0.2962962962962963,0.2,0.2222222222222222,0.2,0.2,0.2,0.2,0.0977903076176857,0.10495420161580817,0.1574972888836803,0.11825569479153557,0.1802155534422865,0.432563355327683,0.00405385136148598,0.0016453668133018006,0.0031539274281298787,0.002749683786364568,0.002754650566520044,0.0024783147459727386
