LIMIT_BAL,SEX,EDUCATION,MARRIAGE,AGE,PAY_0,PAY_2,PAY_3,PAY_4,PAY_5,PAY_6,BILL_AMT1,BILL_AMT2,BILL_AMT3,BILL_AMT4,BILL_AMT5,BILL_AMT6,PAY_AMT1,PAY_AMT2,PAY_AMT3,PAY_AMT4,PAY_AMT5,PAY_AMT6
0.08860759493670886,1.0,0.3333333333333333,0.3333333333333333,0.12962962962962965,0.2,0.2222222222222222,0.2,0.2,0.2,0.0,0.1163035646731768,0.11392862656306285,0.16960446587294645,0.1603156481664599,0.15900824501720573,0.39926951105049086,0.00399304359106369,0.0018743653643358798,0.0035534249023596635,0.0017497987731410886,0.0029221456898351076,0.00011895910780669145
