LIMIT_BAL,SEX,EDUCATION,MARRIAGE,AGE,PAY_0,PAY_2,PAY_3,PAY_4,PAY_5,PAY_6,BILL_AMT1,BILL_AMT2,BILL_AMT3,BILL_AMT4,BILL_AMT5,BILL_AMT6,PAY_AMT1,PAY_AMT2,PAY_AMT3,PAY_AMT4,PAY_AMT5,PAY_AMT6
0.4430379746835443,1.0,0.16666666666666666,0.3333333333333333,0.5,0.30000000000000004,0.1111111111111111,0.1,0.0,0.0,0.0,0.024799978651831783,0.04762517367364792,0.07594922083259745,0.07553501974673835,0.13257059571311394,0.3977063537539796,0.007499625018749062,0.0,0.0,0.0,0.0,0.0
