LIMIT_BAL,SEX,EDUCATION,MARRIAGE,AGE,PAY_0,PAY_2,PAY_3,PAY_4,PAY_5,PAY_6,BILL_AMT1,BILL_AMT2,BILL_AMT3,BILL_AMT4,BILL_AMT5,BILL_AMT6,PAY_AMT1,PAY_AMT2,PAY_AMT3,PAY_AMT4,PAY_AMT5,PAY_AMT6
0.3164556962025316,1.0,0.16666666666666666,0.6666666666666666,0.16666666666666674,0.4,0.2222222222222222,0.2,0.2,0.2,0.2,0.17176171049058406,0.16729146297535122,0.24288631137975603,0.21627622660505924,0.29011480279605106,0.518103447265705,0.010134628403714948,0.004889648776528382,0.013141364283874494,0.009998850132234793,0.020614784408007812,0.012391573729863693
