LIMIT_BAL,SEX,EDUCATION,MARRIAGE,AGE,PAY_0,PAY_2,PAY_3,PAY_4,PAY_5,PAY_6,BILL_AMT1,BILL_AMT2,BILL_AMT3,BILL_AMT4,BILL_AMT5,BILL_AMT6,PAY_AMT1,PAY_AMT2,PAY_AMT3,PAY_AMT4,PAY_AMT5,PAY_AMT6
0.012658227848101266,1.0,0.16666666666666666,0.6666666666666666,0.03703703703703709,0.2,0.2222222222222222,0.2,0.2,0.2,0.2,0.05204714805739517,0.06265887922605877,0.10443863798798031,0.10028436501800878,0.15852949154093263,0.41780007288484544,0.00405385136148598,0.0016950782425298391,0.005256545713549798,0.001499827519835219,0.0038652720765014648,0.0024783147459727386
