LIMIT_BAL,SEX,EDUCATION,MARRIAGE,AGE,PAY_0,PAY_2,PAY_3,PAY_4,PAY_5,PAY_6,BILL_AMT1,BILL_AMT2,BILL_AMT3,BILL_AMT4,BILL_AMT5,BILL_AMT6,PAY_AMT1,PAY_AMT2,PAY_AMT3,PAY_AMT4,PAY_AMT5,PAY_AMT6
0.08860759493670886,1.0,0.5,0.3333333333333333,0.2777777777777778,0.1,0.1111111111111111,0.1,0.4,0.2,0.1,0.025297579337484714,0.043943292337775955,0.07889719876072687,0.0783397158147702,0.13426338957461204,0.39892031999025074,0.0016945098691011394,0.0013854004866830417,0.0021972361082638154,0.0,0.0021542449706368166,0.0009665427509293681
