LIMIT_BAL,SEX,EDUCATION,MARRIAGE,AGE,PAY_0,PAY_2,PAY_3,PAY_4,PAY_5,PAY_6,BILL_AMT1,BILL_AMT2,BILL_AMT3,BILL_AMT4,BILL_AMT5,BILL_AMT6,PAY_AMT1,PAY_AMT2,PAY_AMT3,PAY_AMT4,PAY_AMT5,PAY_AMT6
0.24050632911392406,0.0,0.16666666666666666,0.6666666666666666,0.20370370370370372,0.0,0.0,0.0,0.0,0.0,0.0,0.025755937066855868,0.043855812278083675,0.08423855182647536,0.07694336072107058,0.14142835200962084,0.3988078289104418,0.0014999250037498124,0.003999732699200217,0.0019449219140134251,0.013050999135099463,0.0019068675577407228,0.0022057001239157376
