LIMIT_BAL,SEX,EDUCATION,MARRIAGE,AGE,PAY_0,PAY_2,PAY_3,PAY_4,PAY_5,PAY_6,BILL_AMT1,BILL_AMT2,BILL_AMT3,BILL_AMT4,BILL_AMT5,BILL_AMT6,PAY_AMT1,PAY_AMT2,PAY_AMT3,PAY_AMT4,PAY_AMT5,PAY_AMT6
0.18987341772151897,1.0,0.16666666666666666,0.3333333333333333,0.38888888888888884,0.1,0.1111111111111111,0.1,0.1,0.1,0.2,0.02928152425921071,0.048590027273195086,0.08119153768575481,0.08499937074126679,0.14070940480975677,0.3996397941881952,0.008959011508884014,0.0024953507589549843,0.016082401610605607,0.011951125620553636,0.0,0.01501363073110285
