LIMIT_BAL,SEX,EDUCATION,MARRIAGE,AGE,PAY_0,PAY_2,PAY_3,PAY_4,PAY_5,PAY_6,BILL_AMT1,BILL_AMT2,BILL_AMT3,BILL_AMT4,BILL_AMT5,BILL_AMT6,PAY_AMT1,PAY_AMT2,PAY_AMT3,PAY_AMT4,PAY_AMT5,PAY_AMT6
0.012658227848101266,0.0,0.3333333333333333,0.3333333333333333,0.40740740740740744,0.2,0.2222222222222222,0.2,0.2,0.2,0.2,0.04399763286487708,0.06104564400761592,0.10068186432368996,0.09998022329695619,0.1597533357516103,0.4176043852772612,0.0032430810891887836,0.0010594239015811495,0.003942409285162349,0.0014698309694385146,0.0015718773111105958,0.0015142503097893432
