LIMIT_BAL,SEX,EDUCATION,MARRIAGE,AGE,PAY_0,PAY_2,PAY_3,PAY_4,PAY_5,PAY_6,BILL_AMT1,BILL_AMT2,BILL_AMT3,BILL_AMT4,BILL_AMT5,BILL_AMT6,PAY_AMT1,PAY_AMT2,PAY_AMT3,PAY_AMT4,PAY_AMT5,PAY_AMT6
0.08860759493670886,1.0,0.3333333333333333,0.3333333333333333,0.11111111111111116,0.1,0.1111111111111111,0.1,0.1,0.1,0.1,0.028432306685273058,0.04547033396799259,0.0761373896365206,0.07685346661632597,0.13757381463580423,0.40443121111880576,0.004043716733082264,0.0,0.0017872255426069313,0.007154177269613994,0.014273161354494409,0.0
