LIMIT_BAL,SEX,EDUCATION,MARRIAGE,AGE,PAY_0,PAY_2,PAY_3,PAY_4,PAY_5,PAY_6,BILL_AMT1,BILL_AMT2,BILL_AMT3,BILL_AMT4,BILL_AMT5,BILL_AMT6,PAY_AMT1,PAY_AMT2,PAY_AMT3,PAY_AMT4,PAY_AMT5,PAY_AMT6
0.13924050632911392,1.0,0.5,0.3333333333333333,0.33333333333333337,0.4,0.4444444444444444,0.4,0.4,0.6000000000000001,0.5,0.10163140817854603,0.10916353625276592,0.16458002868748958,0.1631967542235247,0.2262788273317582,0.46351480722427085,0.0070942398826004645,0.002852295119641556,0.016295291712004372,0.000894897086835014,0.0,0.005204460966542751
