LIMIT_BAL,SEX,EDUCATION,MARRIAGE,AGE,PAY_0,PAY_2,PAY_3,PAY_4,PAY_5,PAY_6,BILL_AMT1,BILL_AMT2,BILL_AMT3,BILL_AMT4,BILL_AMT5,BILL_AMT6,PAY_AMT1,PAY_AMT2,PAY_AMT3,PAY_AMT4,PAY_AMT5,PAY_AMT6
0.10126582278481013,1.0,0.5,0.3333333333333333,0.2222222222222222,0.2,0.2222222222222222,0.2,0.2,0.2,0.2,0.16053194612099075,0.15300648381618898,0.22012778972631342,0.20245201153041717,0.27094832403603886,0.49892957706869334,0.006486162178377567,0.0025377277150182304,0.007884818570324697,0.007749108852481965,0.007988228958103027,0.008674101610904586
