LIMIT_BAL,SEX,EDUCATION,MARRIAGE,AGE,PAY_0,PAY_2,PAY_3,PAY_4,PAY_5,PAY_6,BILL_AMT1,BILL_AMT2,BILL_AMT3,BILL_AMT4,BILL_AMT5,BILL_AMT6,PAY_AMT1,PAY_AMT2,PAY_AMT3,PAY_AMT4,PAY_AMT5,PAY_AMT6
0.13924050632911392,0.0,0.5,0.3333333333333333,0.4814814814814815,0.1,0.1111111111111111,0.1,0.1,0.1,0.1,0.025679020872543586,0.04376704574692534,0.0766177152675876,0.07740931183066348,0.13337287542932585,0.39872697594682915,0.0013600671317785462,0.00023714796566162653,0.002762314772470419,0.0007274163471200812,0.0017290650422216553,0.0026047087980173482
