LIMIT_BAL,SEX,EDUCATION,MARRIAGE,AGE,PAY_0,PAY_2,PAY_3,PAY_4,PAY_5,PAY_6,BILL_AMT1,BILL_AMT2,BILL_AMT3,BILL_AMT4,BILL_AMT5,BILL_AMT6,PAY_AMT1,PAY_AMT2,PAY_AMT3,PAY_AMT4,PAY_AMT5,PAY_AMT6
0.0,0.0,0.3333333333333333,0.3333333333333333,0.05555555555555558,0.7,0.6666666666666666,0.5,0.4,0.2,0.2,0.03945800768220112,0.05517547470797098,0.09139556878972797,0.08924237248521241,0.1478269820884109,0.40869415433073075,0.0,0.0,0.0,0.0011998620158681752,0.000876128337340332,0.0012391573729863693
