LIMIT_BAL,SEX,EDUCATION,MARRIAGE,AGE,PAY_0,PAY_2,PAY_3,PAY_4,PAY_5,PAY_6,BILL_AMT1,BILL_AMT2,BILL_AMT3,BILL_AMT4,BILL_AMT5,BILL_AMT6,PAY_AMT1,PAY_AMT2,PAY_AMT3,PAY_AMT4,PAY_AMT5,PAY_AMT6
0.16455696202531644,0.0,0.3333333333333333,0.6666666666666666,0.05555555555555558,0.2,0.2222222222222222,0.2,0.4,0.4,0.4,0.2203696058594443,0.2072518396541965,0.30226347263877035,0.2868056429526018,0.36519903399639875,0.567365165965355,0.009502227591323137,0.009307446446121775,0.019922308254353732,0.01249856266529349,0.012660054474567799,0.0
