LIMIT_BAL,SEX,EDUCATION,MARRIAGE,AGE,PAY_0,PAY_2,PAY_3,PAY_4,PAY_5,PAY_6,BILL_AMT1,BILL_AMT2,BILL_AMT3,BILL_AMT4,BILL_AMT5,BILL_AMT6,PAY_AMT1,PAY_AMT2,PAY_AMT3,PAY_AMT4,PAY_AMT5,PAY_AMT6
0.16455696202531644,1.0,0.3333333333333333,0.3333333333333333,0.2222222222222222,0.30000000000000004,0.1111111111111111,0.2,0.2,0.2,0.2,0.024029246990457682,0.05310940153347399,0.08815873524154108,0.08868502903579584,0.14834168292467723,0.41100959572346407,0.01607960142533414,0.0016298829255094608,0.005256545713549798,0.002499712533058698,0.005153696102001953,0.0024783147459727386
