LIMIT_BAL,SEX,EDUCATION,MARRIAGE,AGE,PAY_0,PAY_2,PAY_3,PAY_4,PAY_5,PAY_6,BILL_AMT1,BILL_AMT2,BILL_AMT3,BILL_AMT4,BILL_AMT5,BILL_AMT6,PAY_AMT1,PAY_AMT2,PAY_AMT3,PAY_AMT4,PAY_AMT5,PAY_AMT6
0.24050632911392406,1.0,0.5,0.6666666666666666,0.2407407407407407,0.2,0.2222222222222222,0.4,0.2,0.2,0.1,0.04141073718678234,0.05549451963155458,0.0852734802480527,0.07959973151627382,0.1358842887161237,0.40231262911573806,0.004674090619793334,9.779297553056764e-06,0.00013141364283874495,0.0007499137599176095,0.00963225801464165,0.00016356877323420074
