LIMIT_BAL,SEX,EDUCATION,MARRIAGE,AGE,PAY_0,PAY_2,PAY_3,PAY_4,PAY_5,PAY_6,BILL_AMT1,BILL_AMT2,BILL_AMT3,BILL_AMT4,BILL_AMT5,BILL_AMT6,PAY_AMT1,PAY_AMT2,PAY_AMT3,PAY_AMT4,PAY_AMT5,PAY_AMT6
0.10126582278481013,1.0,0.3333333333333333,0.3333333333333333,0.35185185185185186,0.4,0.4444444444444444,0.2,0.2,0.2,0.2,0.17511305895704782,0.16105207636494623,0.2259428660089562,0.21148037611693424,0.2803845060342546,0.5037151350888972,0.0,0.0026673034075962326,0.008586567423083594,0.008029076656184539,0.008864357295443359,0.01709541511771995
