LIMIT_BAL,SEX,EDUCATION,MARRIAGE,AGE,PAY_0,PAY_2,PAY_3,PAY_4,PAY_5,PAY_6,BILL_AMT1,BILL_AMT2,BILL_AMT3,BILL_AMT4,BILL_AMT5,BILL_AMT6,PAY_AMT1,PAY_AMT2,PAY_AMT3,PAY_AMT4,PAY_AMT5,PAY_AMT6
0.0379746835443038,0.0,0.16666666666666666,0.6666666666666666,0.07407407407407407,0.1,0.1111111111111111,0.1,0.2,0.2,0.1,0.024831373016857203,0.043563783255287404,0.0786644636611377,0.07735837183797487,0.133724179174714,0.39852542942883823,0.0010398128742211538,0.0012476753794774921,0.0,0.0,0.0012858471774494873,0.0
