LIMIT_BAL,SEX,EDUCATION,MARRIAGE,AGE,PAY_0,PAY_2,PAY_3,PAY_4,PAY_5,PAY_6,BILL_AMT1,BILL_AMT2,BILL_AMT3,BILL_AMT4,BILL_AMT5,BILL_AMT6,PAY_AMT1,PAY_AMT2,PAY_AMT3,PAY_AMT4,PAY_AMT5,PAY_AMT6
0.16455696202531644,1.0,0.3333333333333333,0.3333333333333333,0.12962962962962965,0.2,0.2222222222222222,0.2,0.2,0.2,0.2,0.17989599046867077,0.1579027942160243,0.20682062396115142,0.14081312214211658,0.1800374506132293,0.41891092229795834,0.006496296806781282,0.0023584405932121897,0.005256545713549798,0.0037495687995880472,0.0025768480510009765,0.004956629491945477
