LIMIT_BAL,SEX,EDUCATION,MARRIAGE,AGE,PAY_0,PAY_2,PAY_3,PAY_4,PAY_5,PAY_6,BILL_AMT1,BILL_AMT2,BILL_AMT3,BILL_AMT4,BILL_AMT5,BILL_AMT6,PAY_AMT1,PAY_AMT2,PAY_AMT3,PAY_AMT4,PAY_AMT5,PAY_AMT6
0.12658227848101264,0.0,0.3333333333333333,0.3333333333333333,0.16666666666666674,0.2,0.2222222222222222,0.2,0.1,0.4,0.4,0.07941361605005517,0.07635208151083209,0.0909928215251907,0.17150147126684767,0.22980493655290962,0.4689225815296677,0.0030403885211144847,0.0012224121941320956,0.1678231067236476,0.0037495687995880472,0.005313460681164014,0.0
