LIMIT_BAL,SEX,EDUCATION,MARRIAGE,AGE,PAY_0,PAY_2,PAY_3,PAY_4,PAY_5,PAY_6,BILL_AMT1,BILL_AMT2,BILL_AMT3,BILL_AMT4,BILL_AMT5,BILL_AMT6,PAY_AMT1,PAY_AMT2,PAY_AMT3,PAY_AMT4,PAY_AMT5,PAY_AMT6
0.08860759493670886,1.0,0.16666666666666666,0.6666666666666666,0.12962962962962965,0.2,0.2222222222222222,0.2,0.2,0.2,0.2,0.13567702733036446,0.13425487572685638,0.19086093830209017,0.17810718973049747,0.24816913559670983,0.48352767339152397,0.00810770272297196,0.0040763371966991615,0.011827227855487045,0.0074991375991760945,0.0077305441530029296,0.024783147459727387
