LIMIT_BAL,SEX,EDUCATION,MARRIAGE,AGE,PAY_0,PAY_2,PAY_3,PAY_4,PAY_5,PAY_6,BILL_AMT1,BILL_AMT2,BILL_AMT3,BILL_AMT4,BILL_AMT5,BILL_AMT6,PAY_AMT1,PAY_AMT2,PAY_AMT3,PAY_AMT4,PAY_AMT5,PAY_AMT6
0.05063291139240507,1.0,0.5,0.3333333333333333,0.4814814814814815,0.4,0.2222222222222222,0.2,0.2,0.2,0.2,0.09728171890427387,0.10414758400658675,0.1559440709495427,0.1489275633303968,0.21341457436691796,0.4567067533316694,0.004256543929560278,0.0017928712180604069,0.005256545713549798,0.004999425066117396,0.004522368329506714,0.0044708798017348205
