LIMIT_BAL,SEX,EDUCATION,MARRIAGE,AGE,PAY_0,PAY_2,PAY_3,PAY_4,PAY_5,PAY_6,BILL_AMT1,BILL_AMT2,BILL_AMT3,BILL_AMT4,BILL_AMT5,BILL_AMT6,PAY_AMT1,PAY_AMT2,PAY_AMT3,PAY_AMT4,PAY_AMT5,PAY_AMT6
0.05063291139240507,0.0,0.16666666666666666,0.6666666666666666,0.20370370370370372,0.2,0.2222222222222222,0.2,0.2,0.2,0.2,0.05344733673752898,0.05927288632738126,0.09892232094665415,0.09880410875988085,0.15766675490109575,0.4098788260149683,0.003494419873600914,0.0014701543988095336,0.0071515304432845,0.002897166825815031,0.0030612954845891604,0.0018166047087980173
