LIMIT_BAL,SEX,EDUCATION,MARRIAGE,AGE,PAY_0,PAY_2,PAY_3,PAY_4,PAY_5,PAY_6,BILL_AMT1,BILL_AMT2,BILL_AMT3,BILL_AMT4,BILL_AMT5,BILL_AMT6,PAY_AMT1,PAY_AMT2,PAY_AMT3,PAY_AMT4,PAY_AMT5,PAY_AMT6
0.2531645569620253,0.0,0.16666666666666666,0.6666666666666666,0.11111111111111116,0.2,0.2222222222222222,0.2,0.4,0.4,0.2,0.19788653134648862,0.18845391859208566,0.2738995013526696,0.25676602961711104,0.3268856841272798,0.5400181157509776,0.011452130096197893,0.008230908773822777,0.011564400569809554,0.0,0.011595816229504395,0.011152416356877325
