LIMIT_BAL,SEX,EDUCATION,MARRIAGE,AGE,PAY_0,PAY_2,PAY_3,PAY_4,PAY_5,PAY_6,BILL_AMT1,BILL_AMT2,BILL_AMT3,BILL_AMT4,BILL_AMT5,BILL_AMT6,PAY_AMT1,PAY_AMT2,PAY_AMT3,PAY_AMT4,PAY_AMT5,PAY_AMT6
0.05063291139240507,0.0,0.3333333333333333,0.6666666666666666,0.07407407407407407,0.2,0.2222222222222222,0.2,0.2,0.2,0.2,0.09785937522074162,0.1040382339319714,0.15476058820907868,0.14697386478728058,0.21159269680362613,0.45527132028202444,0.004256543929560278,0.0020373536568868257,0.005256545713549798,0.004999425066117396,0.0043419889659366455,0.004956629491945477
