LIMIT_BAL,SEX,EDUCATION,MARRIAGE,AGE,PAY_0,PAY_2,PAY_3,PAY_4,PAY_5,PAY_6,BILL_AMT1,BILL_AMT2,BILL_AMT3,BILL_AMT4,BILL_AMT5,BILL_AMT6,PAY_AMT1,PAY_AMT2,PAY_AMT3,PAY_AMT4,PAY_AMT5,PAY_AMT6
0.4936708860759494,0.0,0.16666666666666666,0.3333333333333333,0.3148148148148149,0.1,0.1111111111111111,0.1,0.1,0.1,0.1,0.02677782364843334,0.051968301343076215,0.07948151241501455,0.0888483366594152,0.14682862586314513,0.4026758815609543,0.014281718346515105,0.0016510714035410836,0.02282917803394677,0.02131254905685846,0.010413042974094946,0.023571251548946716
