LIMIT_BAL,SEX,EDUCATION,MARRIAGE,AGE,PAY_0,PAY_2,PAY_3,PAY_4,PAY_5,PAY_6,BILL_AMT1,BILL_AMT2,BILL_AMT3,BILL_AMT4,BILL_AMT5,BILL_AMT6,PAY_AMT1,PAY_AMT2,PAY_AMT3,PAY_AMT4,PAY_AMT5,PAY_AMT6
0.025316455696202535,0.0,0.5,0.6666666666666666,0.4444444444444444,0.2,0.2222222222222222,0.2,0.2,0.2,0.2,0.06827175590253305,0.07930581999691247,0.11485229574193805,0.1120604927395528,0.17258490929827486,0.42682396669326605,0.002791076662383097,0.0011164698039739806,0.003400985076666719,0.0025372082210545787,0.002319163245900879,0.0022627013630731104
