LIMIT_BAL,SEX,EDUCATION,MARRIAGE,AGE,PAY_0,PAY_2,PAY_3,PAY_4,PAY_5,PAY_6,BILL_AMT1,BILL_AMT2,BILL_AMT3,BILL_AMT4,BILL_AMT5,BILL_AMT6,PAY_AMT1,PAY_AMT2,PAY_AMT3,PAY_AMT4,PAY_AMT5,PAY_AMT6
0.24050632911392406,1.0,0.16666666666666666,0.6666666666666666,0.2592592592592593,0.0,0.1111111111111111,0.1,0.1,0.1,0.1,0.024029246990457682,0.04314182061441878,0.07929994602526415,0.07583466676255371,0.1331424855311876,0.3995202724158982,0.0003749812509374531,0.0015614278426380633,0.0,0.00037495687995880474,0.0034735911727493164,0.0024783147459727386
