LIMIT_BAL,SEX,EDUCATION,MARRIAGE,AGE,PAY_0,PAY_2,PAY_3,PAY_4,PAY_5,PAY_6,BILL_AMT1,BILL_AMT2,BILL_AMT3,BILL_AMT4,BILL_AMT5,BILL_AMT6,PAY_AMT1,PAY_AMT2,PAY_AMT3,PAY_AMT4,PAY_AMT5,PAY_AMT6
0.2151898734177215,1.0,0.16666666666666666,0.6666666666666666,0.07407407407407407,0.30000000000000004,0.4444444444444444,0.2,0.2,0.2,0.2,0.0890187220295829,0.096603715329594,0.14671389593604903,0.14102287505318734,0.20547837766296412,0.4510447023146211,0.0026350033849658868,0.001638032340137008,0.004631016773637372,0.004404493483249426,0.004612558011291748,0.004019826517967782
