LIMIT_BAL,SEX,EDUCATION,MARRIAGE,AGE,PAY_0,PAY_2,PAY_3,PAY_4,PAY_5,PAY_6,BILL_AMT1,BILL_AMT2,BILL_AMT3,BILL_AMT4,BILL_AMT5,BILL_AMT6,PAY_AMT1,PAY_AMT2,PAY_AMT3,PAY_AMT4,PAY_AMT5,PAY_AMT6
0.012658227848101266,1.0,0.5,0.3333333333333333,0.40740740740740744,0.2,0.2222222222222222,0.2,0.2,0.2,0.2,0.04751066231122176,0.08407862913600578,0.10442708376317801,0.10277143524927634,0.16315526318369428,0.415802184436156,0.0032430810891887836,0.0013854004866830417,0.003942409285162349,0.002499712533058698,0.0025768480510009765,0.004411400247831475
