LIMIT_BAL,SEX,EDUCATION,MARRIAGE,AGE,PAY_0,PAY_2,PAY_3,PAY_4,PAY_5,PAY_6,BILL_AMT1,BILL_AMT2,BILL_AMT3,BILL_AMT4,BILL_AMT5,BILL_AMT6,PAY_AMT1,PAY_AMT2,PAY_AMT3,PAY_AMT4,PAY_AMT5,PAY_AMT6
0.012658227848101266,1.0,0.5,0.6666666666666666,0.6111111111111112,0.2,0.2222222222222222,0.2,0.2,0.2,0.2,0.04933310520094748,0.06497967375083621,0.10598525350794519,0.0984520235162978,0.15805400600647707,0.4163611244889565,0.0026512187904118305,0.001003192940651073,0.003269571433827974,0.0013598436179839317,0.0014559191488155519,0.003717472118959108
