LIMIT_BAL,SEX,EDUCATION,MARRIAGE,AGE,PAY_0,PAY_2,PAY_3,PAY_4,PAY_5,PAY_6,BILL_AMT1,BILL_AMT2,BILL_AMT3,BILL_AMT4,BILL_AMT5,BILL_AMT6,PAY_AMT1,PAY_AMT2,PAY_AMT3,PAY_AMT4,PAY_AMT5,PAY_AMT6
0.012658227848101266,0.0,0.3333333333333333,0.6666666666666666,0.018518518518518545,0.2,0.2222222222222222,0.2,0.2,0.2,0.1,0.038930582349774034,0.05645165440230536,0.09521341478511619,0.09463152406465183,0.14907370189181152,0.39911249225159096,0.0030403885211144847,0.0012224121941320956,0.003942409285162349,0.0019997700264469584,0.0038652720765014648,0.0
