LIMIT_BAL,SEX,EDUCATION,MARRIAGE,AGE,PAY_0,PAY_2,PAY_3,PAY_4,PAY_5,PAY_6,BILL_AMT1,BILL_AMT2,BILL_AMT3,BILL_AMT4,BILL_AMT5,BILL_AMT6,PAY_AMT1,PAY_AMT2,PAY_AMT3,PAY_AMT4,PAY_AMT5,PAY_AMT6
0.1139240506329114,0.0,0.16666666666666666,0.3333333333333333,0.5740740740740741,0.6000000000000001,0.7777777777777778,0.6000000000000001,0.5,0.4,0.2,0.18376691567630526,0.17519425719137552,0.24173914191724205,0.22248641100783279,0.2901474822142267,0.5106192751121688,0.007102347585323437,0.0,0.0,0.0,0.008939085888922388,0.008480793060718712
