LIMIT_BAL,SEX,EDUCATION,MARRIAGE,AGE,PAY_0,PAY_2,PAY_3,PAY_4,PAY_5,PAY_6,BILL_AMT1,BILL_AMT2,BILL_AMT3,BILL_AMT4,BILL_AMT5,BILL_AMT6,PAY_AMT1,PAY_AMT2,PAY_AMT3,PAY_AMT4,PAY_AMT5,PAY_AMT6
0.2911392405063291,0.0,0.3333333333333333,0.3333333333333333,0.4814814814814815,0.2,0.2222222222222222,0.4,0.4,0.2,0.2,0.22033036290316252,0.21506586733906244,0.3010024115317766,0.2744541929606923,0.3534949003767937,0.43782348509083063,0.025133878441213075,0.004889648776528382,0.0,0.014513330966938801,0.0056639120161001465,0.0029913258983890957
