LIMIT_BAL,SEX,EDUCATION,MARRIAGE,AGE,PAY_0,PAY_2,PAY_3,PAY_4,PAY_5,PAY_6,BILL_AMT1,BILL_AMT2,BILL_AMT3,BILL_AMT4,BILL_AMT5,BILL_AMT6,PAY_AMT1,PAY_AMT2,PAY_AMT3,PAY_AMT4,PAY_AMT5,PAY_AMT6
0.4683544303797468,0.0,0.16666666666666666,0.6666666666666666,0.38888888888888884,0.2,0.2222222222222222,0.2,0.4,0.1,0.2,0.026912819418042654,0.04906730818710441,0.08719148156523433,0.0798799014760612,0.13488756646176672,0.3997370521009466,0.006080777042228969,0.0016298829255094608,0.0,0.003044649865265494,0.0018037936357006836,0.0012391573729863693
