LIMIT_BAL,SEX,EDUCATION,MARRIAGE,AGE,PAY_0,PAY_2,PAY_3,PAY_4,PAY_5,PAY_6,BILL_AMT1,BILL_AMT2,BILL_AMT3,BILL_AMT4,BILL_AMT5,BILL_AMT6,PAY_AMT1,PAY_AMT2,PAY_AMT3,PAY_AMT4,PAY_AMT5,PAY_AMT6
0.13924050632911392,1.0,0.5,0.6666666666666666,0.20370370370370372,0.2,0.2222222222222222,0.1,0.1,0.1,0.4,0.032116435421006284,0.04873025266299594,0.07760642678995576,0.0771680959829321,0.13786466145756743,0.39911249225159096,0.002057329565954135,0.00072529790185171,0.00233916284252966,0.007599126100498442,0.0,0.003915737298636927
