LIMIT_BAL,SEX,EDUCATION,MARRIAGE,AGE,PAY_0,PAY_2,PAY_3,PAY_4,PAY_5,PAY_6,BILL_AMT1,BILL_AMT2,BILL_AMT3,BILL_AMT4,BILL_AMT5,BILL_AMT6,PAY_AMT1,PAY_AMT2,PAY_AMT3,PAY_AMT4,PAY_AMT5,PAY_AMT6
0.18987341772151897,1.0,0.16666666666666666,0.6666666666666666,0.2592592592592593,0.1,0.1111111111111111,0.1,0.1,0.1,0.0,0.02878078413705524,0.04433952554932332,0.07973405475712195,0.08402701617494591,0.13302810756757288,0.3994804318251326,0.0022620490597091768,0.0017790172131935764,0.014371395980845147,0.00019997700264469585,0.0033859783390152833,0.0
