LIMIT_BAL,SEX,EDUCATION,MARRIAGE,AGE,PAY_0,PAY_2,PAY_3,PAY_4,PAY_5,PAY_6,BILL_AMT1,BILL_AMT2,BILL_AMT3,BILL_AMT4,BILL_AMT5,BILL_AMT6,PAY_AMT1,PAY_AMT2,PAY_AMT3,PAY_AMT4,PAY_AMT5,PAY_AMT6
0.0759493670886076,1.0,0.16666666666666666,0.3333333333333333,0.2592592592592593,0.30000000000000004,0.4444444444444444,0.4,0.4,0.4,0.2,0.08953358961599982,0.0953455462357845,0.15252897221869177,0.14629066959122156,0.2080126665424849,0.4536858991259677,0.0,0.005297119507905747,0.004730891142194818,0.0,0.006442120127502442,0.004956629491945477
