LIMIT_BAL,SEX,EDUCATION,MARRIAGE,AGE,PAY_0,PAY_2,PAY_3,PAY_4,PAY_5,PAY_6,BILL_AMT1,BILL_AMT2,BILL_AMT3,BILL_AMT4,BILL_AMT5,BILL_AMT6,PAY_AMT1,PAY_AMT2,PAY_AMT3,PAY_AMT4,PAY_AMT5,PAY_AMT6
0.4430379746835443,0.0,0.16666666666666666,0.3333333333333333,0.16666666666666674,0.2,0.2222222222222222,0.2,0.1,0.1,0.1,0.17793698209108447,0.13240107034425977,0.11250018569289862,0.07658078783193398,0.13804439825753342,0.39919920412561033,0.00810770272297196,0.0040747073137736515,0.0013088798826738997,0.007874094479134898,0.002767534806775049,0.0059876084262701365
