LIMIT_BAL,SEX,EDUCATION,MARRIAGE,AGE,PAY_0,PAY_2,PAY_3,PAY_4,PAY_5,PAY_6,BILL_AMT1,BILL_AMT2,BILL_AMT3,BILL_AMT4,BILL_AMT5,BILL_AMT6,PAY_AMT1,PAY_AMT2,PAY_AMT3,PAY_AMT4,PAY_AMT5,PAY_AMT6
0.1772151898734177,1.0,0.3333333333333333,0.3333333333333333,0.5925925925925926,0.1,0.1111111111111111,0.1,0.1,0.1,0.1,0.027697678543678196,0.04976714866464262,0.07697589623645887,0.09026866351438007,0.1391424267082349,0.40001359267214354,0.010815675432444594,0.00041480520454215776,0.025326037247882925,0.009553901301350344,0.004584212682730737,0.0025204460966542753
