LIMIT_BAL,SEX,EDUCATION,MARRIAGE,AGE,PAY_0,PAY_2,PAY_3,PAY_4,PAY_5,PAY_6,BILL_AMT1,BILL_AMT2,BILL_AMT3,BILL_AMT4,BILL_AMT5,BILL_AMT6,PAY_AMT1,PAY_AMT2,PAY_AMT3,PAY_AMT4,PAY_AMT5,PAY_AMT6
0.2911392405063291,1.0,0.3333333333333333,0.3333333333333333,0.5,0.0,0.0,0.0,0.0,0.0,0.0,0.024021398399201328,0.04289739103586683,0.07788042697812456,0.0758286738222374,0.13444966225821317,0.3981258517391003,0.0,0.0008646528919827689,0.0,0.002384725756537998,0.0004071419920581543,0.0044510532837670385
