LIMIT_BAL,SEX,EDUCATION,MARRIAGE,AGE,PAY_0,PAY_2,PAY_3,PAY_4,PAY_5,PAY_6,BILL_AMT1,BILL_AMT2,BILL_AMT3,BILL_AMT4,BILL_AMT5,BILL_AMT6,PAY_AMT1,PAY_AMT2,PAY_AMT3,PAY_AMT4,PAY_AMT5,PAY_AMT6
0.025316455696202535,1.0,0.3333333333333333,0.3333333333333333,0.2407407407407407,0.2,0.1111111111111111,0.1,0.2,0.2,0.1,0.06769252986781403,0.044511912725775746,0.11597470615130423,0.11290849379431031,0.17016009646964247,0.41053150863427623,0.0025539263577361673,0.019668612203585418,0.002628272856774899,0.004999425066117396,0.027688232308005493,0.046027261462205704
