LIMIT_BAL,SEX,EDUCATION,MARRIAGE,AGE,PAY_0,PAY_2,PAY_3,PAY_4,PAY_5,PAY_6,BILL_AMT1,BILL_AMT2,BILL_AMT3,BILL_AMT4,BILL_AMT5,BILL_AMT6,PAY_AMT1,PAY_AMT2,PAY_AMT3,PAY_AMT4,PAY_AMT5,PAY_AMT6
0.012658227848101266,1.0,0.3333333333333333,0.3333333333333333,0.018518518518518545,0.2,0.2222222222222222,0.2,0.2,0.2,0.2,0.048750739729725906,0.06377167704420317,0.10887876151914949,0.09734033308762277,0.15080897899693796,0.408807817192621,0.0030403885211144847,0.0040747073137736515,0.0013141364283874495,0.001249856266529349,0.0006339046205462403,0.0012391573729863693
