LIMIT_BAL,SEX,EDUCATION,MARRIAGE,AGE,PAY_0,PAY_2,PAY_3,PAY_4,PAY_5,PAY_6,BILL_AMT1,BILL_AMT2,BILL_AMT3,BILL_AMT4,BILL_AMT5,BILL_AMT6,PAY_AMT1,PAY_AMT2,PAY_AMT3,PAY_AMT4,PAY_AMT5,PAY_AMT6
0.012658227848101266,1.0,0.16666666666666666,0.6666666666666666,0.2222222222222222,0.30000000000000004,0.5555555555555556,0.5,0.4,0.4,0.4,0.04942728829602375,0.0643042762311532,0.10268239581803087,0.09910075930553808,0.15989875916249188,0.41681811950068015,0.00202692568074299,0.0,0.0,0.003499597546282177,0.0,0.003727385377942999
