LIMIT_BAL,SEX,EDUCATION,MARRIAGE,AGE,PAY_0,PAY_2,PAY_3,PAY_4,PAY_5,PAY_6,BILL_AMT1,BILL_AMT2,BILL_AMT3,BILL_AMT4,BILL_AMT5,BILL_AMT6,PAY_AMT1,PAY_AMT2,PAY_AMT3,PAY_AMT4,PAY_AMT5,PAY_AMT6
0.34177215189873417,1.0,0.16666666666666666,0.3333333333333333,0.7777777777777777,0.0,0.0,0.0,0.0,0.0,0.0,0.030477649566679275,0.04575850357639068,0.08395134680996107,0.07583466676255371,0.13521762858534067,0.4011103807002804,0.004497748085568695,0.0038579328846808933,0.0,0.0035495917969433515,0.006970373977957641,0.008116480793060718
