LIMIT_BAL,SEX,EDUCATION,MARRIAGE,AGE,PAY_0,PAY_2,PAY_3,PAY_4,PAY_5,PAY_6,BILL_AMT1,BILL_AMT2,BILL_AMT3,BILL_AMT4,BILL_AMT5,BILL_AMT6,PAY_AMT1,PAY_AMT2,PAY_AMT3,PAY_AMT4,PAY_AMT5,PAY_AMT6
0.2151898734177215,1.0,0.3333333333333333,0.6666666666666666,0.2592592592592593,0.4,0.2222222222222222,0.2,0.2,0.2,0.2,0.2878831878466134,0.23649462254927187,0.33043432331031847,0.31329593738575956,0.39736375133577123,0.5983798940943355,0.011148091244086444,0.004890463717991137,0.018397909997424293,0.014998275198352189,0.030922176612011718,0.01858736059479554
