LIMIT_BAL,SEX,EDUCATION,MARRIAGE,AGE,PAY_0,PAY_2,PAY_3,PAY_4,PAY_5,PAY_6,BILL_AMT1,BILL_AMT2,BILL_AMT3,BILL_AMT4,BILL_AMT5,BILL_AMT6,PAY_AMT1,PAY_AMT2,PAY_AMT3,PAY_AMT4,PAY_AMT5,PAY_AMT6
0.10126582278481013,1.0,0.5,0.3333333333333333,0.35185185185185186,0.30000000000000004,0.4444444444444444,0.4,0.4,0.4,0.4,0.08755103546464445,0.09628595687747646,0.14632105229277087,0.14025428045762092,0.20103070884925966,0.44947099897937776,0.00405385136148598,0.0016298829255094608,0.004730891142194818,0.0,0.008848896207137354,0.004232961586121437
