LIMIT_BAL,SEX,EDUCATION,MARRIAGE,AGE,PAY_0,PAY_2,PAY_3,PAY_4,PAY_5,PAY_6,BILL_AMT1,BILL_AMT2,BILL_AMT3,BILL_AMT4,BILL_AMT5,BILL_AMT6,PAY_AMT1,PAY_AMT2,PAY_AMT3,PAY_AMT4,PAY_AMT5,PAY_AMT6
0.025316455696202535,0.0,0.3333333333333333,0.3333333333333333,0.42592592592592593,0.30000000000000004,0.5555555555555556,0.4,0.4,0.4,0.4,0.06040118859065986,0.07187902022333145,0.11222453490118663,0.11073755116472794,0.17012414910964926,0.42642673256769087,0.0,0.0,0.004730891142194818,0.0,0.004921779777411865,0.0019330855018587362
