LIMIT_BAL,SEX,EDUCATION,MARRIAGE,AGE,PAY_0,PAY_2,PAY_3,PAY_4,PAY_5,PAY_6,BILL_AMT1,BILL_AMT2,BILL_AMT3,BILL_AMT4,BILL_AMT5,BILL_AMT6,PAY_AMT1,PAY_AMT2,PAY_AMT3,PAY_AMT4,PAY_AMT5,PAY_AMT6
0.20253164556962022,0.0,0.5,0.3333333333333333,0.18518518518518523,0.4,0.2222222222222222,0.2,0.2,0.2,0.2,0.29164266305840764,0.33854139865177796,0.35265309760513935,0.35362842571450825,0.330758195181093,0.5354141839533818,0.01621540544594392,0.006519531702037843,0.013141364283874494,0.01249856266529349,0.011595816229504395,0.012391573729863693
