LIMIT_BAL,SEX,EDUCATION,MARRIAGE,AGE,PAY_0,PAY_2,PAY_3,PAY_4,PAY_5,PAY_6,BILL_AMT1,BILL_AMT2,BILL_AMT3,BILL_AMT4,BILL_AMT5,BILL_AMT6,PAY_AMT1,PAY_AMT2,PAY_AMT3,PAY_AMT4,PAY_AMT5,PAY_AMT6
0.10126582278481013,1.0,0.5,0.3333333333333333,0.4814814814814815,0.4,0.4444444444444444,0.4,0.2,0.2,0.2,0.16915597819347405,0.16403283075181394,0.22751424058206882,0.1955196778195286,0.21428548086129875,0.4577156577037055,0.008310395291046258,0.0,0.008999206261597253,0.004474485434175069,0.005184618278613965,0.004495662949194548
