LIMIT_BAL,SEX,EDUCATION,MARRIAGE,AGE,PAY_0,PAY_2,PAY_3,PAY_4,PAY_5,PAY_6,BILL_AMT1,BILL_AMT2,BILL_AMT3,BILL_AMT4,BILL_AMT5,BILL_AMT6,PAY_AMT1,PAY_AMT2,PAY_AMT3,PAY_AMT4,PAY_AMT5,PAY_AMT6
0.025316455696202535,1.0,0.16666666666666666,0.3333333333333333,0.2592592592592593,0.4,0.2222222222222222,0.2,0.2,0.2,0.2,0.0675151517054204,0.07988087274224259,0.12078291427260379,0.11567573398536524,0.17190681137113034,0.4252350301909653,0.0030403885211144847,0.0011050606234954143,0.002365445571097409,0.002499712533058698,0.0028345328561010744,0.0016456009913258984
