LIMIT_BAL,SEX,EDUCATION,MARRIAGE,AGE,PAY_0,PAY_2,PAY_3,PAY_4,PAY_5,PAY_6,BILL_AMT1,BILL_AMT2,BILL_AMT3,BILL_AMT4,BILL_AMT5,BILL_AMT6,PAY_AMT1,PAY_AMT2,PAY_AMT3,PAY_AMT4,PAY_AMT5,PAY_AMT6
0.430379746835443,0.0,0.16666666666666666,0.3333333333333333,0.2592592592592593,0.2,0.2222222222222222,0.2,0.4,0.1,0.4,0.04787797638201919,0.06829105130448207,0.08494831135004514,0.08039229787310548,0.13684833155230505,0.4005572995578866,0.010533932762821318,0.002444824388264191,0.0,0.006249281332646745,0.0,0.012391573729863693
