LIMIT_BAL,SEX,EDUCATION,MARRIAGE,AGE,PAY_0,PAY_2,PAY_3,PAY_4,PAY_5,PAY_6,BILL_AMT1,BILL_AMT2,BILL_AMT3,BILL_AMT4,BILL_AMT5,BILL_AMT6,PAY_AMT1,PAY_AMT2,PAY_AMT3,PAY_AMT4,PAY_AMT5,PAY_AMT6
0.13924050632911392,1.0,0.5,0.6666666666666666,0.09259259259259262,0.1,0.1111111111111111,0.1,0.1,0.1,0.1,0.026332023665072354,0.044158133072608456,0.07654343810814425,0.07620323259200662,0.1332993467384307,0.3989765655301552,0.001976252538724415,0.00020047559983766368,0.0006465551227666251,0.0006149292831324398,0.0022779336770848632,0.0024783147459727386
