LIMIT_BAL,SEX,EDUCATION,MARRIAGE,AGE,PAY_0,PAY_2,PAY_3,PAY_4,PAY_5,PAY_6,BILL_AMT1,BILL_AMT2,BILL_AMT3,BILL_AMT4,BILL_AMT5,BILL_AMT6,PAY_AMT1,PAY_AMT2,PAY_AMT3,PAY_AMT4,PAY_AMT5,PAY_AMT6
0.05063291139240507,1.0,0.16666666666666666,0.6666666666666666,0.11111111111111116,0.30000000000000004,0.4444444444444444,0.2,0.2,0.4,0.4,0.058286778106197715,0.07016029434467144,0.11544651301748485,0.11541504108160586,0.1751502436250625,0.4327953681797888,0.0,0.002444824388264191,0.007884818570324697,0.0,0.011595816229504395,0.0
