LIMIT_BAL,SEX,EDUCATION,MARRIAGE,AGE,PAY_0,PAY_2,PAY_3,PAY_4,PAY_5,PAY_6,BILL_AMT1,BILL_AMT2,BILL_AMT3,BILL_AMT4,BILL_AMT5,BILL_AMT6,PAY_AMT1,PAY_AMT2,PAY_AMT3,PAY_AMT4,PAY_AMT5,PAY_AMT6
0.05063291139240507,0.0,0.3333333333333333,0.6666666666666666,0.05555555555555558,0.2,0.2222222222222222,0.2,0.2,0.2,0.2,0.03281809947932446,0.051518036329954206,0.08898403701313386,0.08908355956683027,0.1479446279938432,0.40974055572936985,0.002432310816891588,0.0009779297553056765,0.0031539274281298787,0.001249856266529349,0.0025768480510009765,0.0012391573729863693
