LIMIT_BAL,SEX,EDUCATION,MARRIAGE,AGE,PAY_0,PAY_2,PAY_3,PAY_4,PAY_5,PAY_6,BILL_AMT1,BILL_AMT2,BILL_AMT3,BILL_AMT4,BILL_AMT5,BILL_AMT6,PAY_AMT1,PAY_AMT2,PAY_AMT3,PAY_AMT4,PAY_AMT5,PAY_AMT6
0.05063291139240507,1.0,0.16666666666666666,0.6666666666666666,0.12962962962962965,0.4,0.4444444444444444,0.4,0.4,0.4,0.4,0.07321793811228823,0.08412108269438584,0.13013523394829318,0.12450033860112787,0.18813704440806137,0.43824767020427674,0.0030403885211144847,0.0012224121941320956,0.0015769637140649394,0.004999425066117396,0.0033499024663012694,0.003717472118959108
