LIMIT_BAL,SEX,EDUCATION,MARRIAGE,AGE,PAY_0,PAY_2,PAY_3,PAY_4,PAY_5,PAY_6,BILL_AMT1,BILL_AMT2,BILL_AMT3,BILL_AMT4,BILL_AMT5,BILL_AMT6,PAY_AMT1,PAY_AMT2,PAY_AMT3,PAY_AMT4,PAY_AMT5,PAY_AMT6
0.06329113924050633,1.0,0.5,0.3333333333333333,0.40740740740740744,0.2,0.2222222222222222,0.2,0.2,0.2,0.2,0.11865657233183216,0.12167061184582928,0.175809084591781,0.12133306964395942,0.18137240484570413,0.43328048596146473,0.006080777042228969,0.0013854004866830417,0.00298308969243951,0.002749683786364568,0.0038652720765014648,0.002973977695167286
