LIMIT_BAL,SEX,EDUCATION,MARRIAGE,AGE,PAY_0,PAY_2,PAY_3,PAY_4,PAY_5,PAY_6,BILL_AMT1,BILL_AMT2,BILL_AMT3,BILL_AMT4,BILL_AMT5,BILL_AMT6,PAY_AMT1,PAY_AMT2,PAY_AMT3,PAY_AMT4,PAY_AMT5,PAY_AMT6
0.4936708860759494,0.0,0.16666666666666666,0.3333333333333333,0.40740740740740744,0.0,0.0,0.1,0.1,0.1,0.1,0.024021398399201328,0.04289739103586683,0.08521240791695484,0.08071741488526515,0.14261788283121407,0.39924256006262,0.0,0.0044846228695392815,0.00857342605879972,0.014913284972228193,0.002862878184662085,0.005997521685254028
