LIMIT_BAL,SEX,EDUCATION,MARRIAGE,AGE,PAY_0,PAY_2,PAY_3,PAY_4,PAY_5,PAY_6,BILL_AMT1,BILL_AMT2,BILL_AMT3,BILL_AMT4,BILL_AMT5,BILL_AMT6,PAY_AMT1,PAY_AMT2,PAY_AMT3,PAY_AMT4,PAY_AMT5,PAY_AMT6
0.025316455696202535,0.0,0.3333333333333333,0.6666666666666666,0.462962962962963,0.2,0.2222222222222222,0.2,0.2,0.2,0.0,0.06294884131247282,0.07508748005969229,0.11594499528752689,0.11166795514883468,0.13289738989487032,0.3979407101702482,0.00405385136148598,0.0012224121941320956,0.0,0.0,0.0,0.0
