LIMIT_BAL,SEX,EDUCATION,MARRIAGE,AGE,PAY_0,PAY_2,PAY_3,PAY_4,PAY_5,PAY_6,BILL_AMT1,BILL_AMT2,BILL_AMT3,BILL_AMT4,BILL_AMT5,BILL_AMT6,PAY_AMT1,PAY_AMT2,PAY_AMT3,PAY_AMT4,PAY_AMT5,PAY_AMT6
0.24050632911392406,1.0,0.3333333333333333,0.6666666666666666,0.05555555555555558,0.2,0.2222222222222222,0.2,0.2,0.2,0.0,0.05436562191452256,0.06905778829825555,0.11139758252605066,0.10879583850224436,0.1361653317124342,0.3990539031475238,0.0026958111553881765,0.0011099502722719428,0.002628272856774899,0.004999425066117396,0.0024480056484509276,0.0
