LIMIT_BAL,SEX,EDUCATION,MARRIAGE,AGE,PAY_0,PAY_2,PAY_3,PAY_4,PAY_5,PAY_6,BILL_AMT1,BILL_AMT2,BILL_AMT3,BILL_AMT4,BILL_AMT5,BILL_AMT6,PAY_AMT1,PAY_AMT2,PAY_AMT3,PAY_AMT4,PAY_AMT5,PAY_AMT6
0.08860759493670886,1.0,0.3333333333333333,0.6666666666666666,0.07407407407407407,0.2,0.2222222222222222,0.4,0.4,0.2,0.2,0.09838523083491743,0.10661503627849536,0.1561272879428363,0.14466808100058132,0.20913847249863565,0.45198095619761397,0.008918472995269155,0.0012224121941320956,0.003942409285162349,0.004354499232588252,0.004638326491801758,0.005204460966542751
