LIMIT_BAL,SEX,EDUCATION,MARRIAGE,AGE,PAY_0,PAY_2,PAY_3,PAY_4,PAY_5,PAY_6,BILL_AMT1,BILL_AMT2,BILL_AMT3,BILL_AMT4,BILL_AMT5,BILL_AMT6,PAY_AMT1,PAY_AMT2,PAY_AMT3,PAY_AMT4,PAY_AMT5,PAY_AMT6
0.35443037974683544,0.0,0.3333333333333333,0.3333333333333333,0.5185185185185185,0.0,0.0,0.0,0.0,0.0,0.0,0.03037090872559284,0.0498996552256471,0.08128067027708683,0.095999412691849,0.13728460178494983,0.4009076624002081,0.011060933439814496,0.0025515817198850607,0.03555001866073728,0.006744224414192368,0.006555501441746484,0.004926889714993804
