LIMIT_BAL,SEX,EDUCATION,MARRIAGE,AGE,PAY_0,PAY_2,PAY_3,PAY_4,PAY_5,PAY_6,BILL_AMT1,BILL_AMT2,BILL_AMT3,BILL_AMT4,BILL_AMT5,BILL_AMT6,PAY_AMT1,PAY_AMT2,PAY_AMT3,PAY_AMT4,PAY_AMT5,PAY_AMT6
0.3291139240506329,1.0,0.3333333333333333,0.3333333333333333,0.37037037037037035,0.1,0.4444444444444444,0.1,0.2,0.1,0.1,0.02533525257551522,0.0434389955230793,0.077510691784451,0.07645793255544968,0.1338222174292409,0.3984281715160868,0.0,0.0006780312970119356,0.0,0.001414837293711223,0.0010719687892164062,0.0010309789343246592
