LIMIT_BAL,SEX,EDUCATION,MARRIAGE,AGE,PAY_0,PAY_2,PAY_3,PAY_4,PAY_5,PAY_6,BILL_AMT1,BILL_AMT2,BILL_AMT3,BILL_AMT4,BILL_AMT5,BILL_AMT6,PAY_AMT1,PAY_AMT2,PAY_AMT3,PAY_AMT4,PAY_AMT5,PAY_AMT6
0.22784810126582275,1.0,0.5,0.3333333333333333,0.33333333333333337,0.1,0.1111111111111111,0.0,0.1,0.1,0.1,0.02427569275590724,0.04155431482529718,0.0717121215372401,0.07879368104373048,0.136564020614177,0.40180056034619127,0.0,0.0,0.01701806674761747,0.005609354924183719,0.0058855209484862305,0.0
