LIMIT_BAL,SEX,EDUCATION,MARRIAGE,AGE,PAY_0,PAY_2,PAY_3,PAY_4,PAY_5,PAY_6,BILL_AMT1,BILL_AMT2,BILL_AMT3,BILL_AMT4,BILL_AMT5,BILL_AMT6,PAY_AMT1,PAY_AMT2,PAY_AMT3,PAY_AMT4,PAY_AMT5,PAY_AMT6
0.2151898734177215,1.0,0.3333333333333333,0.3333333333333333,0.14814814814814814,0.2,0.2222222222222222,0.2,0.2,0.2,0.2,0.06484192152350575,0.07675088766531159,0.12014578130493415,0.1150374858416785,0.1756682124031464,0.42775318988377087,0.0036484662253373815,0.0012224121941320956,0.002775456136754293,0.002374726906405763,0.0025768480510009765,0.0026022304832713757
