LIMIT_BAL,SEX,EDUCATION,MARRIAGE,AGE,PAY_0,PAY_2,PAY_3,PAY_4,PAY_5,PAY_6,BILL_AMT1,BILL_AMT2,BILL_AMT3,BILL_AMT4,BILL_AMT5,BILL_AMT6,PAY_AMT1,PAY_AMT2,PAY_AMT3,PAY_AMT4,PAY_AMT5,PAY_AMT6
0.012658227848101266,0.0,0.3333333333333333,0.3333333333333333,0.35185185185185186,0.30000000000000004,0.4444444444444444,0.5,0.4,0.5,0.5,0.047306598938556516,0.06511732619770494,0.10371237242897866,0.1038426733308163,0.1640229017362575,0.4195706356097543,0.006080777042228969,0.0,0.006728378513343741,0.0023872254690710565,0.0,0.0016381660470879801
