LIMIT_BAL,SEX,EDUCATION,MARRIAGE,AGE,PAY_0,PAY_2,PAY_3,PAY_4,PAY_5,PAY_6,BILL_AMT1,BILL_AMT2,BILL_AMT3,BILL_AMT4,BILL_AMT5,BILL_AMT6,PAY_AMT1,PAY_AMT2,PAY_AMT3,PAY_AMT4,PAY_AMT5,PAY_AMT6
0.025316455696202535,1.0,0.3333333333333333,0.6666666666666666,0.09259259259259262,0.2,0.2222222222222222,0.2,0.2,0.2,0.2,0.043617761048069484,0.055897185200432256,0.09416693213873653,0.09163954861173537,0.1406538497988582,0.4036402582138994,0.0024991993643561066,0.0008605781846689952,0.0013141364283874495,0.001249856266529349,0.0025768480510009765,0.004956629491945477
