LIMIT_BAL,SEX,EDUCATION,MARRIAGE,AGE,PAY_0,PAY_2,PAY_3,PAY_4,PAY_5,PAY_6,BILL_AMT1,BILL_AMT2,BILL_AMT3,BILL_AMT4,BILL_AMT5,BILL_AMT6,PAY_AMT1,PAY_AMT2,PAY_AMT3,PAY_AMT4,PAY_AMT5,PAY_AMT6
0.10126582278481013,1.0,0.16666666666666666,0.6666666666666666,0.11111111111111116,0.2,0.2222222222222222,0.4,0.2,0.2,0.2,0.09715928088067473,0.10657901507744558,0.15606786621528163,0.15166184234971203,0.2191122309258406,0.46344098495314623,0.00810770272297196,0.0,0.007884818570324697,0.0074991375991760945,0.010307392204003906,0.005063197026022305
