LIMIT_BAL,SEX,EDUCATION,MARRIAGE,AGE,PAY_0,PAY_2,PAY_3,PAY_4,PAY_5,PAY_6,BILL_AMT1,BILL_AMT2,BILL_AMT3,BILL_AMT4,BILL_AMT5,BILL_AMT6,PAY_AMT1,PAY_AMT2,PAY_AMT3,PAY_AMT4,PAY_AMT5,PAY_AMT6
0.05063291139240507,0.0,0.3333333333333333,0.6666666666666666,0.12962962962962965,0.30000000000000004,0.4444444444444444,0.4,0.4,0.2,0.2,0.03894157037753294,0.05308367210415273,0.09193696675189283,0.08973978653146593,0.14733352287395876,0.40853127662142413,0.0,0.0014668946329585146,0.0,0.0009998850132234792,0.0009018968178503418,0.0009913258983890955
