LIMIT_BAL,SEX,EDUCATION,MARRIAGE,AGE,PAY_0,PAY_2,PAY_3,PAY_4,PAY_5,PAY_6,BILL_AMT1,BILL_AMT2,BILL_AMT3,BILL_AMT4,BILL_AMT5,BILL_AMT6,PAY_AMT1,PAY_AMT2,PAY_AMT3,PAY_AMT4,PAY_AMT5,PAY_AMT6
0.05063291139240507,0.0,0.3333333333333333,1.0,0.5185185185185185,0.2,0.2222222222222222,0.2,0.2,0.4,0.2,0.062145145567822024,0.07309730870169301,0.11459150038211473,0.10961387485542032,0.16486276278337142,0.4216423463295684,0.0030403885211144847,0.0012224121941320956,0.005650786642066033,0.0,0.0025768480510009765,0.0024783147459727386
