LIMIT_BAL,SEX,EDUCATION,MARRIAGE,AGE,PAY_0,PAY_2,PAY_3,PAY_4,PAY_5,PAY_6,BILL_AMT1,BILL_AMT2,BILL_AMT3,BILL_AMT4,BILL_AMT5,BILL_AMT6,PAY_AMT1,PAY_AMT2,PAY_AMT3,PAY_AMT4,PAY_AMT5,PAY_AMT6
0.430379746835443,1.0,0.16666666666666666,0.3333333333333333,0.42592592592592593,0.2,0.2222222222222222,0.2,0.2,0.1,0.1,0.19798385387806744,0.19092265733546032,0.20184075307136057,0.15299377333501135,0.1331424855311876,0.39852660121091954,0.012161554084457939,0.0032597658510189215,0.006570682141937247,0.00037495687995880474,0.0012884240255004883,0.0
