LIMIT_BAL,SEX,EDUCATION,MARRIAGE,AGE,PAY_0,PAY_2,PAY_3,PAY_4,PAY_5,PAY_6,BILL_AMT1,BILL_AMT2,BILL_AMT3,BILL_AMT4,BILL_AMT5,BILL_AMT6,PAY_AMT1,PAY_AMT2,PAY_AMT3,PAY_AMT4,PAY_AMT5,PAY_AMT6
0.05063291139240507,1.0,0.3333333333333333,0.3333333333333333,0.2777777777777778,0.2,0.2222222222222222,0.2,0.2,0.2,0.2,0.07238127828436074,0.08224154788246797,0.12625301441472075,0.12192637073527385,0.18202272526739935,0.4333039216030916,0.002993769230457396,0.0012598995014188132,0.0038188804608939282,0.0025972013218479874,0.002746920022367041,0.0035216852540272616
