LIMIT_BAL,SEX,EDUCATION,MARRIAGE,AGE,PAY_0,PAY_2,PAY_3,PAY_4,PAY_5,PAY_6,BILL_AMT1,BILL_AMT2,BILL_AMT3,BILL_AMT4,BILL_AMT5,BILL_AMT6,PAY_AMT1,PAY_AMT2,PAY_AMT3,PAY_AMT4,PAY_AMT5,PAY_AMT6
0.025316455696202535,0.0,0.3333333333333333,0.3333333333333333,0.35185185185185186,0.4,0.4444444444444444,0.4,0.2,0.2,0.2,0.0566809563351474,0.07317964287552103,0.11389494568689042,0.11202453509765496,0.1716862252984448,0.4238652169378756,0.006891547314526165,0.0,0.005256545713549798,0.0037495687995880472,0.002319163245900879,0.0025724907063197026
