LIMIT_BAL,SEX,EDUCATION,MARRIAGE,AGE,PAY_0,PAY_2,PAY_3,PAY_4,PAY_5,PAY_6,BILL_AMT1,BILL_AMT2,BILL_AMT3,BILL_AMT4,BILL_AMT5,BILL_AMT6,PAY_AMT1,PAY_AMT2,PAY_AMT3,PAY_AMT4,PAY_AMT5,PAY_AMT6
0.1772151898734177,1.0,0.16666666666666666,0.6666666666666666,0.2962962962962963,0.1,0.1111111111111111,0.1,0.1,0.1,0.1,0.03594497823585645,0.050028302372253385,0.10747739911098494,0.07583466676255371,0.13518331519625626,0.3981164774824496,0.011225114419954678,0.015473293553324066,0.0,0.0034970978337491186,0.0003865272076501465,0.0005030978934324659
