LIMIT_BAL,SEX,EDUCATION,MARRIAGE,AGE,PAY_0,PAY_2,PAY_3,PAY_4,PAY_5,PAY_6,BILL_AMT1,BILL_AMT2,BILL_AMT3,BILL_AMT4,BILL_AMT5,BILL_AMT6,PAY_AMT1,PAY_AMT2,PAY_AMT3,PAY_AMT4,PAY_AMT5,PAY_AMT6
0.05063291139240507,1.0,0.3333333333333333,0.3333333333333333,0.2222222222222222,0.2,0.2222222222222222,0.2,0.2,0.2,0.2,0.07544065915608807,0.08690372047547987,0.1343079597054663,0.12793728987253017,0.19089845524390284,0.44050569427502423,0.00405385136148598,0.0013039063404075685,0.004205236570839838,0.0032496262929763075,0.0036075872714013673,0.003965303593556382
