LIMIT_BAL,SEX,EDUCATION,MARRIAGE,AGE,PAY_0,PAY_2,PAY_3,PAY_4,PAY_5,PAY_6,BILL_AMT1,BILL_AMT2,BILL_AMT3,BILL_AMT4,BILL_AMT5,BILL_AMT6,PAY_AMT1,PAY_AMT2,PAY_AMT3,PAY_AMT4,PAY_AMT5,PAY_AMT6
0.06329113924050633,1.0,0.3333333333333333,0.6666666666666666,0.03703703703703709,0.2,0.2222222222222222,0.2,0.2,0.2,0.2,0.11156458527258942,0.1157425513302115,0.16631976482200717,0.10324188106410648,0.1624837011401849,0.41997372864573623,0.0052700067699317735,0.0012224121941320956,0.002628272856774899,0.002499712533058698,0.0025768480510009765,0.007434944237918216
