LIMIT_BAL,SEX,EDUCATION,MARRIAGE,AGE,PAY_0,PAY_2,PAY_3,PAY_4,PAY_5,PAY_6,BILL_AMT1,BILL_AMT2,BILL_AMT3,BILL_AMT4,BILL_AMT5,BILL_AMT6,PAY_AMT1,PAY_AMT2,PAY_AMT3,PAY_AMT4,PAY_AMT5,PAY_AMT6
0.05063291139240507,1.0,0.3333333333333333,0.3333333333333333,0.11111111111111116,0.2,0.2222222222222222,0.2,0.2,0.2,0.2,0.10336908628270311,0.10824628209746309,0.15945985649652797,0.15130376416581268,0.21621846844638778,0.4072645801914926,0.004661929065708876,0.0016298829255094608,0.005256545713549798,0.006249281332646745,0.0007447090867392823,0.0024783147459727386
