LIMIT_BAL,SEX,EDUCATION,MARRIAGE,AGE,PAY_0,PAY_2,PAY_3,PAY_4,PAY_5,PAY_6,BILL_AMT1,BILL_AMT2,BILL_AMT3,BILL_AMT4,BILL_AMT5,BILL_AMT6,PAY_AMT1,PAY_AMT2,PAY_AMT3,PAY_AMT4,PAY_AMT5,PAY_AMT6
0.08860759493670886,0.0,0.3333333333333333,0.3333333333333333,0.4444444444444444,0.2,0.2222222222222222,0.2,0.2,0.2,0.2,0.0788202625510747,0.08911773786857408,0.13776927533552644,0.1333953602656071,0.19713859014454108,0.44001003045461623,0.0032430810891887836,0.0016298829255094608,0.004475948675087653,0.003999540052893917,0.0036075872714013673,0.025650557620817846
