LIMIT_BAL,SEX,EDUCATION,MARRIAGE,AGE,PAY_0,PAY_2,PAY_3,PAY_4,PAY_5,PAY_6,BILL_AMT1,BILL_AMT2,BILL_AMT3,BILL_AMT4,BILL_AMT5,BILL_AMT6,PAY_AMT1,PAY_AMT2,PAY_AMT3,PAY_AMT4,PAY_AMT5,PAY_AMT6
0.05063291139240507,0.0,0.3333333333333333,0.6666666666666666,0.2592592592592593,0.2,0.2222222222222222,0.2,0.2,0.2,0.2,0.08991032199630487,0.08319482323882058,0.1061321572232887,0.10383218568526276,0.16432518635438215,0.420851393424662,0.0026167610538391996,0.0010618687259694136,0.0021499271968418673,0.002499712533058698,0.0020279794161377684,0.0013853779429987608
