LIMIT_BAL,SEX,EDUCATION,MARRIAGE,AGE,PAY_0,PAY_2,PAY_3,PAY_4,PAY_5,PAY_6,BILL_AMT1,BILL_AMT2,BILL_AMT3,BILL_AMT4,BILL_AMT5,BILL_AMT6,PAY_AMT1,PAY_AMT2,PAY_AMT3,PAY_AMT4,PAY_AMT5,PAY_AMT6
0.05063291139240507,0.0,0.3333333333333333,0.6666666666666666,0.20370370370370372,0.6000000000000001,0.5555555555555556,0.4,0.2,0.2,0.2,0.09581874149408923,0.10046184325631657,0.14804098118477022,0.141815441410019,0.20643915255732787,0.428143393316858,0.0,0.0,0.0033168803452499223,0.003394609619893712,0.003285481265026245,0.003940520446096655
