LIMIT_BAL,SEX,EDUCATION,MARRIAGE,AGE,PAY_0,PAY_2,PAY_3,PAY_4,PAY_5,PAY_6,BILL_AMT1,BILL_AMT2,BILL_AMT3,BILL_AMT4,BILL_AMT5,BILL_AMT6,PAY_AMT1,PAY_AMT2,PAY_AMT3,PAY_AMT4,PAY_AMT5,PAY_AMT6
0.27848101265822783,0.0,0.3333333333333333,0.6666666666666666,0.20370370370370372,0.2,0.2222222222222222,0.2,0.2,0.2,0.2,0.10191709690027737,0.09878171152163845,0.14499891885467922,0.13287547269316746,0.18812887455351746,0.43360389781591535,0.004199790010499475,0.0013764361305927395,0.002749173408186544,0.0025622053463851655,0.0023913149913289064,0.0006864931846344486
