LIMIT_BAL,SEX,EDUCATION,MARRIAGE,AGE,PAY_0,PAY_2,PAY_3,PAY_4,PAY_5,PAY_6,BILL_AMT1,BILL_AMT2,BILL_AMT3,BILL_AMT4,BILL_AMT5,BILL_AMT6,PAY_AMT1,PAY_AMT2,PAY_AMT3,PAY_AMT4,PAY_AMT5,PAY_AMT6
0.08860759493670886,1.0,0.3333333333333333,0.3333333333333333,0.2592592592592593,0.2,0.2222222222222222,0.4,0.4,0.4,0.5,0.12402971790593306,0.12859954716204394,0.19102269744932235,0.18183779507739883,0.25411025382104097,0.4831609056000637,0.011472399353005322,0.003820445577394176,0.007621991284647207,0.01299850517190523,0.0,0.007434944237918216
