LIMIT_BAL,SEX,EDUCATION,MARRIAGE,AGE,PAY_0,PAY_2,PAY_3,PAY_4,PAY_5,PAY_6,BILL_AMT1,BILL_AMT2,BILL_AMT3,BILL_AMT4,BILL_AMT5,BILL_AMT6,PAY_AMT1,PAY_AMT2,PAY_AMT3,PAY_AMT4,PAY_AMT5,PAY_AMT6
0.0759493670886076,1.0,0.3333333333333333,0.6666666666666666,0.33333333333333337,0.4,0.2222222222222222,0.2,0.2,0.2,0.2,0.13015318880414153,0.13247182627489323,0.19337975930899134,0.12091206558673881,0.18149495266386279,0.43214620090672495,0.007499625018749062,0.0030152834121925025,0.0034167547138073684,0.0032496262929763075,0.0028345328561010744,0.002973977695167286
