LIMIT_BAL,SEX,EDUCATION,MARRIAGE,AGE,PAY_0,PAY_2,PAY_3,PAY_4,PAY_5,PAY_6,BILL_AMT1,BILL_AMT2,BILL_AMT3,BILL_AMT4,BILL_AMT5,BILL_AMT6,PAY_AMT1,PAY_AMT2,PAY_AMT3,PAY_AMT4,PAY_AMT5,PAY_AMT6
0.18987341772151897,0.0,0.16666666666666666,0.3333333333333333,0.40740740740740744,0.1,0.1111111111111111,0.1,0.1,0.1,0.4,0.0244028399342602,0.04290382339319714,0.07652858267625558,0.07538519623883065,0.1333875811675049,0.3981164774824496,0.0,0.00019314112667287109,0.0,0.001499827519835219,0.0,0.0005799256505576208
