LIMIT_BAL,SEX,EDUCATION,MARRIAGE,AGE,PAY_0,PAY_2,PAY_3,PAY_4,PAY_5,PAY_6,BILL_AMT1,BILL_AMT2,BILL_AMT3,BILL_AMT4,BILL_AMT5,BILL_AMT6,PAY_AMT1,PAY_AMT2,PAY_AMT3,PAY_AMT4,PAY_AMT5,PAY_AMT6
0.16455696202531644,0.0,0.16666666666666666,0.6666666666666666,0.11111111111111116,0.2,0.2222222222222222,0.2,0.2,0.2,0.2,0.16308744743406006,0.15434441414089436,0.2234141413807959,0.21319285881231909,0.2852161580115228,0.5086225584455607,0.006486162178377567,0.0032597658510189215,0.01052097624566992,0.010006349269833969,0.010322853292309912,0.009913258983890954
