LIMIT_BAL,SEX,EDUCATION,MARRIAGE,AGE,PAY_0,PAY_2,PAY_3,PAY_4,PAY_5,PAY_6,BILL_AMT1,BILL_AMT2,BILL_AMT3,BILL_AMT4,BILL_AMT5,BILL_AMT6,PAY_AMT1,PAY_AMT2,PAY_AMT3,PAY_AMT4,PAY_AMT5,PAY_AMT6
0.05063291139240507,0.0,0.5,0.6666666666666666,0.16666666666666674,0.4,0.2222222222222222,0.2,0.2,0.2,0.2,0.10268782856165147,0.10764164050841354,0.12083243237889935,0.10446144441847503,0.16476962644157084,0.42140447456705576,0.0030403885211144847,0.0013202051696626631,0.002628272856774899,0.0017672967608724996,0.002167129210891821,0.0016282527881040893
