LIMIT_BAL,SEX,EDUCATION,MARRIAGE,AGE,PAY_0,PAY_2,PAY_3,PAY_4,PAY_5,PAY_6,BILL_AMT1,BILL_AMT2,BILL_AMT3,BILL_AMT4,BILL_AMT5,BILL_AMT6,PAY_AMT1,PAY_AMT2,PAY_AMT3,PAY_AMT4,PAY_AMT5,PAY_AMT6
0.08860759493670886,1.0,0.3333333333333333,0.3333333333333333,0.2777777777777778,0.30000000000000004,0.1111111111111111,0.1,0.1,0.1,0.0,0.03148383896574404,0.05076159110790923,0.0808597663735745,0.08074438311668854,0.13832053934111757,0.3992882595637924,0.012404785166147098,0.0023315475249412834,0.008618106697364894,0.008296545897221818,0.002963375258651123,0.0028500619578686495
