LIMIT_BAL,SEX,EDUCATION,MARRIAGE,AGE,PAY_0,PAY_2,PAY_3,PAY_4,PAY_5,PAY_6,BILL_AMT1,BILL_AMT2,BILL_AMT3,BILL_AMT4,BILL_AMT5,BILL_AMT6,PAY_AMT1,PAY_AMT2,PAY_AMT3,PAY_AMT4,PAY_AMT5,PAY_AMT6
0.1139240506329114,1.0,0.16666666666666666,0.6666666666666666,0.20370370370370372,0.2,0.2222222222222222,0.2,0.2,0.2,0.2,0.17114952037258832,0.16642695415015696,0.23807975386199964,0.17871547317260267,0.2421201752923991,0.47697975512098056,0.007702317586823361,0.0032597658510189215,0.006570682141937247,0.006249281332646745,0.0077305441530029296,0.006443618339529121
