LIMIT_BAL,SEX,EDUCATION,MARRIAGE,AGE,PAY_0,PAY_2,PAY_3,PAY_4,PAY_5,PAY_6,BILL_AMT1,BILL_AMT2,BILL_AMT3,BILL_AMT4,BILL_AMT5,BILL_AMT6,PAY_AMT1,PAY_AMT2,PAY_AMT3,PAY_AMT4,PAY_AMT5,PAY_AMT6
0.025316455696202535,0.0,0.5,0.6666666666666666,0.12962962962962965,0.30000000000000004,0.4444444444444444,0.4,0.4,0.2,0.2,0.06414182718343885,0.07896490505840581,0.12292374706811546,0.11717247082936301,0.17900478099887912,0.43295355876077013,0.006494269881100539,0.000870357482222052,0.0,0.0026696929853066895,0.0055041474369380864,0.001486988847583643
