LIMIT_BAL,SEX,EDUCATION,MARRIAGE,AGE,PAY_0,PAY_2,PAY_3,PAY_4,PAY_5,PAY_6,BILL_AMT1,BILL_AMT2,BILL_AMT3,BILL_AMT4,BILL_AMT5,BILL_AMT6,PAY_AMT1,PAY_AMT2,PAY_AMT3,PAY_AMT4,PAY_AMT5,PAY_AMT6
0.12658227848101264,1.0,0.3333333333333333,0.3333333333333333,0.07407407407407407,0.30000000000000004,0.4444444444444444,0.4,0.4,0.4,0.2,0.18552813955423142,0.17205012092831784,0.24867332740216463,0.19766964515800386,0.2579762289912191,0.48867531207486276,0.0,0.004889648776528382,0.010513091427099596,0.0,0.010307392204003906,0.006765799256505577
