LIMIT_BAL,SEX,EDUCATION,MARRIAGE,AGE,PAY_0,PAY_2,PAY_3,PAY_4,PAY_5,PAY_6,BILL_AMT1,BILL_AMT2,BILL_AMT3,BILL_AMT4,BILL_AMT5,BILL_AMT6,PAY_AMT1,PAY_AMT2,PAY_AMT3,PAY_AMT4,PAY_AMT5,PAY_AMT6
0.5063291139240507,0.0,0.3333333333333333,0.3333333333333333,0.6111111111111112,0.1,0.1111111111111111,0.1,0.4,0.1,0.1,0.026247258879503715,0.045092111356970103,0.08697525250107703,0.08363447858422778,0.1345084852109293,0.39909608730245216,0.0034660429140705123,0.005756746492899415,0.0011301573284132065,0.002474715407728111,0.002551079570490967,0.0024535315985130114
