LIMIT_BAL,SEX,EDUCATION,MARRIAGE,AGE,PAY_0,PAY_2,PAY_3,PAY_4,PAY_5,PAY_6,BILL_AMT1,BILL_AMT2,BILL_AMT3,BILL_AMT4,BILL_AMT5,BILL_AMT6,PAY_AMT1,PAY_AMT2,PAY_AMT3,PAY_AMT4,PAY_AMT5,PAY_AMT6
0.012658227848101266,0.0,0.5,0.6666666666666666,0.42592592592592593,0.6000000000000001,0.5555555555555556,0.4,0.2,0.2,0.4,0.043619330766320755,0.0583427674574178,0.09514574003984558,0.09296848312687654,0.15340862671281003,0.4125891579691141,0.0,0.0,0.0010723353255641587,0.0032496262929763075,0.000773054415300293,0.0
