LIMIT_BAL,SEX,EDUCATION,MARRIAGE,AGE,PAY_0,PAY_2,PAY_3,PAY_4,PAY_5,PAY_6,BILL_AMT1,BILL_AMT2,BILL_AMT3,BILL_AMT4,BILL_AMT5,BILL_AMT6,PAY_AMT1,PAY_AMT2,PAY_AMT3,PAY_AMT4,PAY_AMT5,PAY_AMT6
0.34177215189873417,0.0,0.5,0.3333333333333333,0.35185185185185186,0.4,0.2222222222222222,0.2,0.2,0.2,0.2,0.30378443373198943,0.2807055009519889,0.38712925381165625,0.362433553274243,0.4417652768110117,0.6229498207759306,0.020269256807429897,0.007334473164792573,0.02102618285419919,0.016843063047749508,0.01797093830768081,0.018835192069392815
