LIMIT_BAL,SEX,EDUCATION,MARRIAGE,AGE,PAY_0,PAY_2,PAY_3,PAY_4,PAY_5,PAY_6,BILL_AMT1,BILL_AMT2,BILL_AMT3,BILL_AMT4,BILL_AMT5,BILL_AMT6,PAY_AMT1,PAY_AMT2,PAY_AMT3,PAY_AMT4,PAY_AMT5,PAY_AMT6
0.24050632911392406,1.0,0.3333333333333333,0.3333333333333333,0.2777777777777778,0.4,0.2222222222222222,0.2,0.2,0.2,0.2,0.33453521427438987,0.30195029074255136,0.3471384311673564,0.2798927862977413,0.3603608461354954,0.5570007534558783,0.0183457043364048,0.005704590239283112,0.013141364283874494,0.01249856266529349,0.012884240255004883,0.012391573729863693
