LIMIT_BAL,SEX,EDUCATION,MARRIAGE,AGE,PAY_0,PAY_2,PAY_3,PAY_4,PAY_5,PAY_6,BILL_AMT1,BILL_AMT2,BILL_AMT3,BILL_AMT4,BILL_AMT5,BILL_AMT6,PAY_AMT1,PAY_AMT2,PAY_AMT3,PAY_AMT4,PAY_AMT5,PAY_AMT6
0.45569620253164556,0.0,0.3333333333333333,0.6666666666666666,0.33333333333333337,0.4,0.2222222222222222,0.2,0.2,0.2,0.2,0.548933611905999,0.47679462769515774,0.6375934860581772,0.5940801735555515,0.6593105296353303,0.7172056278349802,0.02838709415880557,0.009782557318907783,0.0324907090554513,0.03001154867190273,0.02462178312731433,0.02727385377942999
