LIMIT_BAL,SEX,EDUCATION,MARRIAGE,AGE,PAY_0,PAY_2,PAY_3,PAY_4,PAY_5,PAY_6,BILL_AMT1,BILL_AMT2,BILL_AMT3,BILL_AMT4,BILL_AMT5,BILL_AMT6,PAY_AMT1,PAY_AMT2,PAY_AMT3,PAY_AMT4,PAY_AMT5,PAY_AMT6
0.06329113924050633,1.0,0.5,0.6666666666666666,0.35185185185185186,0.1,0.1111111111111111,0.2,0.2,0.2,0.1,0.06248106527359404,0.06905650182678949,0.10125792496026173,0.10004314917027742,0.15625500403590814,0.41074828831932464,0.041331041556030304,0.0009779297553056765,0.00961422211008258,0.0,0.028164949197440673,0.02893928128872367
