LIMIT_BAL,SEX,EDUCATION,MARRIAGE,AGE,PAY_0,PAY_2,PAY_3,PAY_4,PAY_5,PAY_6,BILL_AMT1,BILL_AMT2,BILL_AMT3,BILL_AMT4,BILL_AMT5,BILL_AMT6,PAY_AMT1,PAY_AMT2,PAY_AMT3,PAY_AMT4,PAY_AMT5,PAY_AMT6
0.08860759493670886,1.0,0.3333333333333333,0.3333333333333333,0.14814814814814814,0.2,0.2222222222222222,0.2,0.2,0.2,0.2,0.1469271980372243,0.14524906087582978,0.2032751275503888,0.19118528373575927,0.2620889337686232,0.48624152069191384,0.006407112076828591,0.0032597658510189215,0.007884818570324697,0.008748993865705443,0.007988228958103027,0.01412639405204461
