LIMIT_BAL,SEX,EDUCATION,MARRIAGE,AGE,PAY_0,PAY_2,PAY_3,PAY_4,PAY_5,PAY_6,BILL_AMT1,BILL_AMT2,BILL_AMT3,BILL_AMT4,BILL_AMT5,BILL_AMT6,PAY_AMT1,PAY_AMT2,PAY_AMT3,PAY_AMT4,PAY_AMT5,PAY_AMT6
0.025316455696202535,1.0,0.5,0.3333333333333333,0.6296296296296295,0.2,0.2222222222222222,0.2,0.2,0.2,0.2,0.04079697735053535,0.05756831163484794,0.09663953624642851,0.09607132797564469,0.15541677695970302,0.41453197265998043,0.002432310816891588,0.0009893389357842426,0.0034167547138073684,0.001249856266529349,0.001546108830600586,0.007187112763320942
