LIMIT_BAL,SEX,EDUCATION,MARRIAGE,AGE,PAY_0,PAY_2,PAY_3,PAY_4,PAY_5,PAY_6,BILL_AMT1,BILL_AMT2,BILL_AMT3,BILL_AMT4,BILL_AMT5,BILL_AMT6,PAY_AMT1,PAY_AMT2,PAY_AMT3,PAY_AMT4,PAY_AMT5,PAY_AMT6
0.18987341772151897,0.0,1.0,0.3333333333333333,0.42592592592592593,0.2,0.2222222222222222,0.2,0.2,0.2,0.2,0.26167517192339146,0.24063706066999435,0.33491571193006725,0.29801094310901755,0.32217821393907903,0.5350064037890745,0.011148091244086444,0.005748597078271868,0.017112684570461365,0.011248706398764142,0.011595816229504395,0.011152416356877325
