LIMIT_BAL,SEX,EDUCATION,MARRIAGE,AGE,PAY_0,PAY_2,PAY_3,PAY_4,PAY_5,PAY_6,BILL_AMT1,BILL_AMT2,BILL_AMT3,BILL_AMT4,BILL_AMT5,BILL_AMT6,PAY_AMT1,PAY_AMT2,PAY_AMT3,PAY_AMT4,PAY_AMT5,PAY_AMT6
0.24050632911392406,0.0,0.5,0.0,0.5555555555555556,0.1,0.1111111111111111,0.1,0.1,0.2,0.1,0.02961116509197764,0.04932717542324912,0.09134274947634603,0.07962370327753905,0.13459018375636841,0.4031317047905966,0.010175166917329809,0.00752679935000269,0.006646902054783719,0.0,0.011415436865934327,0.015856257744733582
