LIMIT_BAL,SEX,EDUCATION,MARRIAGE,AGE,PAY_0,PAY_2,PAY_3,PAY_4,PAY_5,PAY_6,BILL_AMT1,BILL_AMT2,BILL_AMT3,BILL_AMT4,BILL_AMT5,BILL_AMT6,PAY_AMT1,PAY_AMT2,PAY_AMT3,PAY_AMT4,PAY_AMT5,PAY_AMT6
0.2531645569620253,1.0,0.16666666666666666,0.6666666666666666,0.16666666666666674,0.4,0.1111111111111111,0.1,0.1,0.1,0.1,0.024500162465839005,0.043289764833016005,0.07805043914307266,0.07925064274284892,0.1333875811675049,0.40292078401595494,0.000608077704222897,0.0009445171553327325,0.00599246211344677,0.0007499137599176095,0.010951604216754151,0.0022527881040892194
