LIMIT_BAL,SEX,EDUCATION,MARRIAGE,AGE,PAY_0,PAY_2,PAY_3,PAY_4,PAY_5,PAY_6,BILL_AMT1,BILL_AMT2,BILL_AMT3,BILL_AMT4,BILL_AMT5,BILL_AMT6,PAY_AMT1,PAY_AMT2,PAY_AMT3,PAY_AMT4,PAY_AMT5,PAY_AMT6
0.0759493670886076,1.0,0.16666666666666666,0.3333333333333333,0.2777777777777778,0.4,0.2222222222222222,0.2,0.2,0.2,0.2,0.15230505276607903,0.15275433540884065,0.2185630175673735,0.17364994037024384,0.190650091665768,0.4089085904516165,0.010134628403714948,0.002444824388264191,0.005256545713549798,0.0074991375991760945,0.012884240255004883,0.0
