LIMIT_BAL,SEX,EDUCATION,MARRIAGE,AGE,PAY_0,PAY_2,PAY_3,PAY_4,PAY_5,PAY_6,BILL_AMT1,BILL_AMT2,BILL_AMT3,BILL_AMT4,BILL_AMT5,BILL_AMT6,PAY_AMT1,PAY_AMT2,PAY_AMT3,PAY_AMT4,PAY_AMT5,PAY_AMT6
0.1139240506329114,1.0,0.3333333333333333,0.6666666666666666,0.09259259259259262,0.4,0.4444444444444444,0.2,0.2,0.2,0.2,0.16330720798923803,0.15406139041836053,0.2224402852903164,0.2009612676267357,0.19804544399891505,0.4443737469255367,0.0,0.002965571982964464,0.006168556394850687,0.009751378591461982,0.003419477363678296,0.0013135068153655514
