LIMIT_BAL,SEX,EDUCATION,MARRIAGE,AGE,PAY_0,PAY_2,PAY_3,PAY_4,PAY_5,PAY_6,BILL_AMT1,BILL_AMT2,BILL_AMT3,BILL_AMT4,BILL_AMT5,BILL_AMT6,PAY_AMT1,PAY_AMT2,PAY_AMT3,PAY_AMT4,PAY_AMT5,PAY_AMT6
0.18987341772151897,1.0,0.3333333333333333,0.3333333333333333,0.07407407407407407,0.2,0.2222222222222222,0.2,0.2,0.2,0.2,0.20728443451684858,0.16498224669376835,0.2372181388124568,0.19342664341405824,0.26131443155786055,0.4932370597175302,0.00810770272297196,0.0036672365823962865,0.007884818570324697,0.0074991375991760945,0.010307392204003906,0.012391573729863693
