LIMIT_BAL,SEX,EDUCATION,MARRIAGE,AGE,PAY_0,PAY_2,PAY_3,PAY_4,PAY_5,PAY_6,BILL_AMT1,BILL_AMT2,BILL_AMT3,BILL_AMT4,BILL_AMT5,BILL_AMT6,PAY_AMT1,PAY_AMT2,PAY_AMT3,PAY_AMT4,PAY_AMT5,PAY_AMT6
0.0,1.0,0.3333333333333333,0.3333333333333333,0.5185185185185185,0.2,0.2222222222222222,0.2,0.2,0.2,0.2,0.028895373569398027,0.04819893994751197,0.08485257634454038,0.08413938380587668,0.1420557968385931,0.40463978832928477,0.002174891255437228,0.0010080825894276016,0.0013141364283874495,0.0007499137599176095,0.0005282538504552002,0.0007434944237918215
