LIMIT_BAL,SEX,EDUCATION,MARRIAGE,AGE,PAY_0,PAY_2,PAY_3,PAY_4,PAY_5,PAY_6,BILL_AMT1,BILL_AMT2,BILL_AMT3,BILL_AMT4,BILL_AMT5,BILL_AMT6,PAY_AMT1,PAY_AMT2,PAY_AMT3,PAY_AMT4,PAY_AMT5,PAY_AMT6
0.26582278481012656,1.0,0.16666666666666666,0.6666666666666666,0.35185185185185186,0.1,0.1111111111111111,0.1,0.1,0.1,0.1,0.045462179993313,0.05874286008336335,0.11415243983962736,0.08666540814920023,0.13933850321728872,0.40043894956767095,0.02495550898130769,0.018768916828704196,0.01901292584590962,0.009853866805317388,0.005493840044734082,0.014396530359355638
