LIMIT_BAL,SEX,EDUCATION,MARRIAGE,AGE,PAY_0,PAY_2,PAY_3,PAY_4,PAY_5,PAY_6,BILL_AMT1,BILL_AMT2,BILL_AMT3,BILL_AMT4,BILL_AMT5,BILL_AMT6,PAY_AMT1,PAY_AMT2,PAY_AMT3,PAY_AMT4,PAY_AMT5,PAY_AMT6
0.012658227848101266,0.0,0.16666666666666666,0.6666666666666666,0.12962962962962965,0.2,0.2222222222222222,0.2,0.2,0.2,0.2,0.05127798611427235,0.06455256522410333,0.10539103623239839,0.10390110449890029,0.1529118995565403,0.4212708914097827,0.005472699338006072,0.003382007070432131,0.003942409285162349,0.0014423341315748688,0.020614784408007812,0.0007434944237918215
