LIMIT_BAL,SEX,EDUCATION,MARRIAGE,AGE,PAY_0,PAY_2,PAY_3,PAY_4,PAY_5,PAY_6,BILL_AMT1,BILL_AMT2,BILL_AMT3,BILL_AMT4,BILL_AMT5,BILL_AMT6,PAY_AMT1,PAY_AMT2,PAY_AMT3,PAY_AMT4,PAY_AMT5,PAY_AMT6
0.20253164556962022,0.0,0.16666666666666666,0.3333333333333333,0.35185185185185186,0.2,0.2222222222222222,0.2,0.2,0.4,0.2,0.2725564588412026,0.196541964699223,0.2562776579256205,0.23596902848444531,0.29615886118763546,0.5117594190773154,0.012248711888729887,0.0032899186851408466,0.026332665752027713,2.249741279752828e-05,0.008967431217483399,0.011486988847583644
