LIMIT_BAL,SEX,EDUCATION,MARRIAGE,AGE,PAY_0,PAY_2,PAY_3,PAY_4,PAY_5,PAY_6,BILL_AMT1,BILL_AMT2,BILL_AMT3,BILL_AMT4,BILL_AMT5,BILL_AMT6,PAY_AMT1,PAY_AMT2,PAY_AMT3,PAY_AMT4,PAY_AMT5,PAY_AMT6
0.12658227848101264,0.0,0.5,0.3333333333333333,0.40740740740740744,0.2,0.2222222222222222,0.2,0.2,0.2,0.2,0.18606341347791486,0.17927494468172697,0.2557742238449489,0.19487693497060463,0.22271840472152235,0.46503343680169107,0.009121165563343454,0.0040747073137736515,0.007997834303166017,0.004999425066117396,0.0077305441530029296,0.012391573729863693
