LIMIT_BAL,SEX,EDUCATION,MARRIAGE,AGE,PAY_0,PAY_2,PAY_3,PAY_4,PAY_5,PAY_6,BILL_AMT1,BILL_AMT2,BILL_AMT3,BILL_AMT4,BILL_AMT5,BILL_AMT6,PAY_AMT1,PAY_AMT2,PAY_AMT3,PAY_AMT4,PAY_AMT5,PAY_AMT6
0.025316455696202535,0.0,0.3333333333333333,0.3333333333333333,0.4814814814814815,0.4,0.4444444444444444,0.4,0.2,0.2,0.2,0.061829632199316545,0.08126382956826018,0.1239487718684337,0.11614018685987906,0.17444273422155993,0.42934329816815303,0.012475727564973102,0.0,0.002707121042478146,0.002622198447178574,0.012884240255004883,0.00119454770755886
