LIMIT_BAL,SEX,EDUCATION,MARRIAGE,AGE,PAY_0,PAY_2,PAY_3,PAY_4,PAY_5,PAY_6,BILL_AMT1,BILL_AMT2,BILL_AMT3,BILL_AMT4,BILL_AMT5,BILL_AMT6,PAY_AMT1,PAY_AMT2,PAY_AMT3,PAY_AMT4,PAY_AMT5,PAY_AMT6
0.0759493670886076,0.0,0.3333333333333333,0.6666666666666666,0.2222222222222222,0.30000000000000004,0.4444444444444444,1.0,0.9000000000000001,0.9000000000000001,0.8,0.06512604052698581,0.09128930170328822,0.13725263642650937,0.13414897251038277,0.1955078871775767,0.442624276278092,0.024323108168915877,0.0,0.006570682141937247,0.0,0.0025768480510009765,0.003717472118959108
