LIMIT_BAL,SEX,EDUCATION,MARRIAGE,AGE,PAY_0,PAY_2,PAY_3,PAY_4,PAY_5,PAY_6,BILL_AMT1,BILL_AMT2,BILL_AMT3,BILL_AMT4,BILL_AMT5,BILL_AMT6,PAY_AMT1,PAY_AMT2,PAY_AMT3,PAY_AMT4,PAY_AMT5,PAY_AMT6
0.12658227848101264,1.0,0.3333333333333333,0.3333333333333333,0.38888888888888884,0.4,0.4444444444444444,0.4,0.4,0.4,0.2,0.06858256011628473,0.07847861884423404,0.12400984419953157,0.11995319513612963,0.17816001803903886,0.4310845663410284,0.0,0.0016298829255094608,0.002628272856774899,0.0,0.0025768480510009765,0.0024783147459727386
