LIMIT_BAL,SEX,EDUCATION,MARRIAGE,AGE,PAY_0,PAY_2,PAY_3,PAY_4,PAY_5,PAY_6,BILL_AMT1,BILL_AMT2,BILL_AMT3,BILL_AMT4,BILL_AMT5,BILL_AMT6,PAY_AMT1,PAY_AMT2,PAY_AMT3,PAY_AMT4,PAY_AMT5,PAY_AMT6
0.13924050632911392,0.0,0.5,0.3333333333333333,0.33333333333333337,0.1,0.4444444444444444,0.4,0.2,0.2,0.5,0.04316411247345214,0.059745021355426337,0.09692013884877006,0.10185301714580225,0.16894932402623505,0.4230543437375864,0.0028376959530401857,0.0,0.013141364283874494,0.01249856266529349,0.0,0.0
