LIMIT_BAL,SEX,EDUCATION,MARRIAGE,AGE,PAY_0,PAY_2,PAY_3,PAY_4,PAY_5,PAY_6,BILL_AMT1,BILL_AMT2,BILL_AMT3,BILL_AMT4,BILL_AMT5,BILL_AMT6,PAY_AMT1,PAY_AMT2,PAY_AMT3,PAY_AMT4,PAY_AMT5,PAY_AMT6
0.2151898734177215,1.0,0.16666666666666666,0.6666666666666666,0.5925925925925926,0.0,0.0,0.0,0.0,0.0,0.0,0.021549092153449377,0.040871198476817784,0.0735294360382874,0.07346745533761229,0.13031571585899485,0.3960892944817266,0.0,0.0,0.0,0.0,0.0,0.0
