LIMIT_BAL,SEX,EDUCATION,MARRIAGE,AGE,PAY_0,PAY_2,PAY_3,PAY_4,PAY_5,PAY_6,BILL_AMT1,BILL_AMT2,BILL_AMT3,BILL_AMT4,BILL_AMT5,BILL_AMT6,PAY_AMT1,PAY_AMT2,PAY_AMT3,PAY_AMT4,PAY_AMT5,PAY_AMT6
0.12658227848101264,1.0,0.16666666666666666,0.3333333333333333,0.16666666666666674,0.2,0.2222222222222222,0.2,0.2,0.2,0.2,0.10105375186207827,0.061224463541398655,0.10123481651065713,0.10020645679389678,0.22091776878004465,0.461378648489983,0.0032430810891887836,0.0012224121941320956,0.0036795819994848585,0.09499407568129664,0.003646239992166382,0.002503097893432466
