LIMIT_BAL,SEX,EDUCATION,MARRIAGE,AGE,PAY_0,PAY_2,PAY_3,PAY_4,PAY_5,PAY_6,BILL_AMT1,BILL_AMT2,BILL_AMT3,BILL_AMT4,BILL_AMT5,BILL_AMT6,PAY_AMT1,PAY_AMT2,PAY_AMT3,PAY_AMT4,PAY_AMT5,PAY_AMT6
0.012658227848101266,0.0,0.3333333333333333,0.6666666666666666,0.12962962962962965,0.30000000000000004,0.4444444444444444,0.4,0.4,0.2,0.2,0.048774285503494975,0.06312458189677353,0.10446834885175765,0.10069637966475492,0.1625670336565328,0.42085373698882467,0.001013462840371495,0.0016298829255094608,0.0,0.004999425066117396,0.00438064168670166,0.0
