LIMIT_BAL,SEX,EDUCATION,MARRIAGE,AGE,PAY_0,PAY_2,PAY_3,PAY_4,PAY_5,PAY_6,BILL_AMT1,BILL_AMT2,BILL_AMT3,BILL_AMT4,BILL_AMT5,BILL_AMT6,PAY_AMT1,PAY_AMT2,PAY_AMT3,PAY_AMT4,PAY_AMT5,PAY_AMT6
0.0759493670886076,0.0,0.3333333333333333,0.6666666666666666,0.18518518518518523,0.2,0.2222222222222222,0.2,0.2,0.2,0.2,0.1830165903521977,0.1348234961148562,0.18662383900673282,0.13354818024367296,0.1886958624588648,0.4434281187858931,0.005805115149647923,0.0020381685983495807,0.0037242626380500315,0.0037495687995880472,0.013013082657554931,0.0031697645600991327
