LIMIT_BAL,SEX,EDUCATION,MARRIAGE,AGE,PAY_0,PAY_2,PAY_3,PAY_4,PAY_5,PAY_6,BILL_AMT1,BILL_AMT2,BILL_AMT3,BILL_AMT4,BILL_AMT5,BILL_AMT6,PAY_AMT1,PAY_AMT2,PAY_AMT3,PAY_AMT4,PAY_AMT5,PAY_AMT6
0.012658227848101266,1.0,0.16666666666666666,0.6666666666666666,0.05555555555555558,0.1,0.1111111111111111,0.1,0.1,0.1,0.1,0.024719923021016957,0.04807929810116812,0.07686365519552225,0.07649389019734752,0.1336163370947344,0.398456294286039,0.008154322013629048,0.00035857424361208137,0.0011564400569809554,0.001099873514545827,0.0011338131424404297,0.001090458488228005
