LIMIT_BAL,SEX,EDUCATION,MARRIAGE,AGE,PAY_0,PAY_2,PAY_3,PAY_4,PAY_5,PAY_6,BILL_AMT1,BILL_AMT2,BILL_AMT3,BILL_AMT4,BILL_AMT5,BILL_AMT6,PAY_AMT1,PAY_AMT2,PAY_AMT3,PAY_AMT4,PAY_AMT5,PAY_AMT6
0.3164556962025316,0.0,0.16666666666666666,0.3333333333333333,0.16666666666666674,0.1,0.1111111111111111,0.1,0.1,0.1,0.1,0.02439342162475257,0.04302089229660887,0.07627769093769138,0.07599198144585678,0.13302810756757288,0.39805202946797574,0.00018445023694761207,6.927002433415208e-05,0.0002759686499613644,0.00019997700264469585,0.0002448005648450928,0.0001982651796778191
