LIMIT_BAL,SEX,EDUCATION,MARRIAGE,AGE,PAY_0,PAY_2,PAY_3,PAY_4,PAY_5,PAY_6,BILL_AMT1,BILL_AMT2,BILL_AMT3,BILL_AMT4,BILL_AMT5,BILL_AMT6,PAY_AMT1,PAY_AMT2,PAY_AMT3,PAY_AMT4,PAY_AMT5,PAY_AMT6
0.3924050632911392,0.0,0.5,0.3333333333333333,0.2777777777777778,0.0,0.0,0.0,0.0,0.0,0.0,0.032442936817270666,0.043837801677558796,0.08767840961047407,0.08143956419338019,0.14946258696810164,0.41639041904099006,0.0014715480442194105,0.005698070707581075,0.009869164577189745,0.02534208566014908,0.04057247256301038,0.041486988847583645
