LIMIT_BAL,SEX,EDUCATION,MARRIAGE,AGE,PAY_0,PAY_2,PAY_3,PAY_4,PAY_5,PAY_6,BILL_AMT1,BILL_AMT2,BILL_AMT3,BILL_AMT4,BILL_AMT5,BILL_AMT6,PAY_AMT1,PAY_AMT2,PAY_AMT3,PAY_AMT4,PAY_AMT5,PAY_AMT6
0.27848101265822783,1.0,0.16666666666666666,0.6666666666666666,0.2962962962962963,0.0,0.0,0.0,0.0,0.0,0.0,0.027145137719230775,0.052102094375546755,0.10935248473604374,0.07833821757969112,0.13493004970539504,0.3979407101702482,0.01636742487199964,0.016461817547645554,0.004391843943670856,0.0031096423911250205,0.0,0.0020049566294919456
