LIMIT_BAL,SEX,EDUCATION,MARRIAGE,AGE,PAY_0,PAY_2,PAY_3,PAY_4,PAY_5,PAY_6,BILL_AMT1,BILL_AMT2,BILL_AMT3,BILL_AMT4,BILL_AMT5,BILL_AMT6,PAY_AMT1,PAY_AMT2,PAY_AMT3,PAY_AMT4,PAY_AMT5,PAY_AMT6
0.012658227848101266,0.0,0.3333333333333333,0.6666666666666666,0.3148148148148149,0.2,0.2222222222222222,0.2,0.2,0.2,0.2,0.05518030568693225,0.06637549529151443,0.10528374700209132,0.10066941143333154,0.1550033823197812,0.41011201064915553,0.003433612103178625,0.001114839921048471,0.0014376652526558696,0.0012598551166615839,0.0008941662736973388,0.014869888475836432
