LIMIT_BAL,SEX,EDUCATION,MARRIAGE,AGE,PAY_0,PAY_2,PAY_3,PAY_4,PAY_5,PAY_6,BILL_AMT1,BILL_AMT2,BILL_AMT3,BILL_AMT4,BILL_AMT5,BILL_AMT6,PAY_AMT1,PAY_AMT2,PAY_AMT3,PAY_AMT4,PAY_AMT5,PAY_AMT6
0.27848101265822783,1.0,0.16666666666666666,0.6666666666666666,0.07407407407407407,0.0,0.0,0.0,0.0,0.0,0.0,0.024418537116772908,0.04322286831678074,0.07654673931523062,0.07620622906216477,0.13330261468024823,0.3982313121264212,0.0005026775688242614,0.00020210548276317314,0.0006518116684801749,0.0006199287081985571,0.0006390583166482422,0.0006146220570012392
