LIMIT_BAL,SEX,EDUCATION,MARRIAGE,AGE,PAY_0,PAY_2,PAY_3,PAY_4,PAY_5,PAY_6,BILL_AMT1,BILL_AMT2,BILL_AMT3,BILL_AMT4,BILL_AMT5,BILL_AMT6,PAY_AMT1,PAY_AMT2,PAY_AMT3,PAY_AMT4,PAY_AMT5,PAY_AMT6
0.1139240506329114,1.0,0.16666666666666666,0.6666666666666666,0.05555555555555558,0.30000000000000004,0.0,0.0,0.0,0.0,0.0,0.02390680896685854,0.04280347861884424,0.07600864256015212,0.07571780442638572,0.13276994016398533,0.39784931116790345,0.0,0.0,0.0,0.0,0.0,0.0
