LIMIT_BAL,SEX,EDUCATION,MARRIAGE,AGE,PAY_0,PAY_2,PAY_3,PAY_4,PAY_5,PAY_6,BILL_AMT1,BILL_AMT2,BILL_AMT3,BILL_AMT4,BILL_AMT5,BILL_AMT6,PAY_AMT1,PAY_AMT2,PAY_AMT3,PAY_AMT4,PAY_AMT5,PAY_AMT6
0.012658227848101266,0.0,0.3333333333333333,0.6666666666666666,0.05555555555555558,1.0,0.9999999999999999,0.8,0.7,0.6000000000000001,0.5,0.06224874697240593,0.07381130036535791,0.11474665711517418,0.10993000245710552,0.1685735107172152,0.4227824902947149,0.0,0.0,0.0,0.0,0.0,0.0
