LIMIT_BAL,SEX,EDUCATION,MARRIAGE,AGE,PAY_0,PAY_2,PAY_3,PAY_4,PAY_5,PAY_6,BILL_AMT1,BILL_AMT2,BILL_AMT3,BILL_AMT4,BILL_AMT5,BILL_AMT6,PAY_AMT1,PAY_AMT2,PAY_AMT3,PAY_AMT4,PAY_AMT5,PAY_AMT6
0.0,0.0,0.16666666666666666,0.3333333333333333,0.37037037037037035,0.2,0.2222222222222222,0.5,0.4,0.4,0.4,0.034795944475926016,0.05544820665877631,0.09173724372316738,0.08957198420260933,0.1493286013535815,0.4079699930044609,0.006080777042228969,0.0,0.0,0.0025047119581248153,0.0,0.0012391573729863693
