LIMIT_BAL,SEX,EDUCATION,MARRIAGE,AGE,PAY_0,PAY_2,PAY_3,PAY_4,PAY_5,PAY_6,BILL_AMT1,BILL_AMT2,BILL_AMT3,BILL_AMT4,BILL_AMT5,BILL_AMT6,PAY_AMT1,PAY_AMT2,PAY_AMT3,PAY_AMT4,PAY_AMT5,PAY_AMT6
0.0,0.0,0.3333333333333333,0.3333333333333333,0.38888888888888884,0.1,0.4444444444444444,0.2,0.2,0.4,0.4,0.03950666894799053,0.05469948026552771,0.0910836047200659,0.09067917992604711,0.14860148429917355,0.4097276661264751,0.0,0.0009779297553056765,0.002628272856774899,0.0,0.0025768480510009765,0.0
