LIMIT_BAL,SEX,EDUCATION,MARRIAGE,AGE,PAY_0,PAY_2,PAY_3,PAY_4,PAY_5,PAY_6,BILL_AMT1,BILL_AMT2,BILL_AMT3,BILL_AMT4,BILL_AMT5,BILL_AMT6,PAY_AMT1,PAY_AMT2,PAY_AMT3,PAY_AMT4,PAY_AMT5,PAY_AMT6
0.27848101265822783,1.0,0.3333333333333333,0.3333333333333333,0.33333333333333337,0.4,0.2222222222222222,0.2,0.2,0.2,0.2,0.3124147446774778,0.2845173159059332,0.367397939056416,0.2639410774108101,0.3420342284225972,0.5293056839633419,0.014666834225856275,0.004566117015814755,0.0110045784513165,0.010816256130544986,0.013494953243092115,0.037734820322180916
