LIMIT_BAL,SEX,EDUCATION,MARRIAGE,AGE,PAY_0,PAY_2,PAY_3,PAY_4,PAY_5,PAY_6,BILL_AMT1,BILL_AMT2,BILL_AMT3,BILL_AMT4,BILL_AMT5,BILL_AMT6,PAY_AMT1,PAY_AMT2,PAY_AMT3,PAY_AMT4,PAY_AMT5,PAY_AMT6
0.012658227848101266,1.0,0.3333333333333333,0.3333333333333333,0.4814814814814815,0.2,0.1111111111111111,0.1,0.1,0.1,0.2,0.026137378601914743,0.044893994751196424,0.07867766848948318,0.07743178535684962,0.16261441881288746,0.41928120543566266,0.0031356540281094053,0.00125419491117953,0.002801738865322042,0.046644635866875304,0.001986749847321753,0.0024783147459727386
