LIMIT_BAL,SEX,EDUCATION,MARRIAGE,AGE,PAY_0,PAY_2,PAY_3,PAY_4,PAY_5,PAY_6,BILL_AMT1,BILL_AMT2,BILL_AMT3,BILL_AMT4,BILL_AMT5,BILL_AMT6,PAY_AMT1,PAY_AMT2,PAY_AMT3,PAY_AMT4,PAY_AMT5,PAY_AMT6
0.13924050632911392,1.0,0.16666666666666666,0.6666666666666666,0.18518518518518523,0.1,0.1111111111111111,0.1,0.2,0.1,0.2,0.02463829767195086,0.042870375135079505,0.07625953429871633,0.07639500668212845,0.13542841083257354,0.4062615347298632,0.0,8.149414627547303e-05,0.0007884818570324697,0.003959544652364978,0.018063704837516847,0.011152416356877325
