LIMIT_BAL,SEX,EDUCATION,MARRIAGE,AGE,PAY_0,PAY_2,PAY_3,PAY_4,PAY_5,PAY_6,BILL_AMT1,BILL_AMT2,BILL_AMT3,BILL_AMT4,BILL_AMT5,BILL_AMT6,PAY_AMT1,PAY_AMT2,PAY_AMT3,PAY_AMT4,PAY_AMT5,PAY_AMT6
0.1139240506329114,1.0,0.5,0.3333333333333333,0.40740740740740744,0.4,0.4444444444444444,0.4,0.4,0.4,0.4,0.10327647290587812,0.10926259455565276,0.16220150898175917,0.1547781713141919,0.22145697917994267,0.46025139412773125,0.004459236497634578,0.0016298829255094608,0.005256545713549798,0.006249281332646745,0.0,0.011152416356877325
