LIMIT_BAL,SEX,EDUCATION,MARRIAGE,AGE,PAY_0,PAY_2,PAY_3,PAY_4,PAY_5,PAY_6,BILL_AMT1,BILL_AMT2,BILL_AMT3,BILL_AMT4,BILL_AMT5,BILL_AMT6,PAY_AMT1,PAY_AMT2,PAY_AMT3,PAY_AMT4,PAY_AMT5,PAY_AMT6
0.08860759493670886,1.0,0.3333333333333333,0.6666666666666666,0.09259259259259262,0.2,0.2222222222222222,0.2,0.1,0.2,0.2,0.06647599822307894,0.07866387073534709,0.0859716855468202,0.09282615079436424,0.14149044290415455,0.4029535939142325,0.011916296077088037,0.0008149414627547304,0.02985717965296285,0.0012148602910665273,0.0012317333683784669,0.0
