LIMIT_BAL,SEX,EDUCATION,MARRIAGE,AGE,PAY_0,PAY_2,PAY_3,PAY_4,PAY_5,PAY_6,BILL_AMT1,BILL_AMT2,BILL_AMT3,BILL_AMT4,BILL_AMT5,BILL_AMT6,PAY_AMT1,PAY_AMT2,PAY_AMT3,PAY_AMT4,PAY_AMT5,PAY_AMT6
0.1772151898734177,1.0,0.16666666666666666,0.6666666666666666,0.2592592592592593,0.0,0.0,0.0,0.0,0.0,0.0,0.024029246990457682,0.0772011526784336,0.07755360747657382,0.07583466676255371,0.1387796851664853,0.3979407101702482,0.05403783864860811,0.0006992197750435587,0.0,0.008998965119011314,0.0,0.0011350681536555142
