LIMIT_BAL,SEX,EDUCATION,MARRIAGE,AGE,PAY_0,PAY_2,PAY_3,PAY_4,PAY_5,PAY_6,BILL_AMT1,BILL_AMT2,BILL_AMT3,BILL_AMT4,BILL_AMT5,BILL_AMT6,PAY_AMT1,PAY_AMT2,PAY_AMT3,PAY_AMT4,PAY_AMT5,PAY_AMT6
0.15189873417721517,0.0,0.3333333333333333,0.3333333333333333,0.3148148148148149,0.2,0.2222222222222222,0.2,0.2,0.2,0.2,0.21717365949985637,0.20111537076107655,0.24474819217646931,0.21204970544698346,0.28441387829531084,0.5073371135023277,0.010031255193997056,0.0032597658510189215,0.008541886784518421,0.008076571194312654,0.008565442921527246,0.00803469640644362
