LIMIT_BAL,SEX,EDUCATION,MARRIAGE,AGE,PAY_0,PAY_2,PAY_3,PAY_4,PAY_5,PAY_6,BILL_AMT1,BILL_AMT2,BILL_AMT3,BILL_AMT4,BILL_AMT5,BILL_AMT6,PAY_AMT1,PAY_AMT2,PAY_AMT3,PAY_AMT4,PAY_AMT5,PAY_AMT6
0.13924050632911392,1.0,0.5,0.3333333333333333,0.33333333333333337,0.30000000000000004,0.4444444444444444,0.4,0.4,0.4,0.4,0.13364267247671716,0.13052282200380796,0.1923646381299322,0.18736778075427146,0.2563063107224439,0.488368305169551,0.0,0.0027708009733660834,0.015243982569294413,0.007249166345870224,0.0077305441530029296,0.0076827757125154895
