LIMIT_BAL,SEX,EDUCATION,MARRIAGE,AGE,PAY_0,PAY_2,PAY_3,PAY_4,PAY_5,PAY_6,BILL_AMT1,BILL_AMT2,BILL_AMT3,BILL_AMT4,BILL_AMT5,BILL_AMT6,PAY_AMT1,PAY_AMT2,PAY_AMT3,PAY_AMT4,PAY_AMT5,PAY_AMT6
0.12658227848101264,1.0,0.5,0.6666666666666666,0.18518518518518523,0.2,0.2222222222222222,0.2,0.2,0.2,0.2,0.14583153469783708,0.14366284155817424,0.18518946452770457,0.16795514883467277,0.23207125420339017,0.4660763228540861,0.007499625018749062,0.0018026505156134636,0.0055193729992272875,0.005499367572729136,0.005669065712202149,0.004733581164807931
