LIMIT_BAL,SEX,EDUCATION,MARRIAGE,AGE,PAY_0,PAY_2,PAY_3,PAY_4,PAY_5,PAY_6,BILL_AMT1,BILL_AMT2,BILL_AMT3,BILL_AMT4,BILL_AMT5,BILL_AMT6,PAY_AMT1,PAY_AMT2,PAY_AMT3,PAY_AMT4,PAY_AMT5,PAY_AMT6
0.10126582278481013,1.0,0.3333333333333333,0.3333333333333333,0.2222222222222222,0.2,0.2222222222222222,0.2,0.4,0.2,0.2,0.06669418906000561,0.07734523748263264,0.19233657786969804,0.1601343617218916,0.2110077352182822,0.4497686316280388,0.002847830581443901,0.045952919201813734,0.00029436655995878865,0.004446988596311424,0.004602250619087744,0.013417596034696408
