LIMIT_BAL,SEX,EDUCATION,MARRIAGE,AGE,PAY_0,PAY_2,PAY_3,PAY_4,PAY_5,PAY_6,BILL_AMT1,BILL_AMT2,BILL_AMT3,BILL_AMT4,BILL_AMT5,BILL_AMT6,PAY_AMT1,PAY_AMT2,PAY_AMT3,PAY_AMT4,PAY_AMT5,PAY_AMT6
0.08860759493670886,0.0,0.16666666666666666,0.6666666666666666,0.3148148148148149,0.1,0.1111111111111111,0.1,0.2,0.1,0.1,0.025253627226449124,0.043237019502907426,0.0885895427663125,0.07641897844339368,0.1335346385492953,0.39832974182125397,0.0005249737513124343,0.006147918395021686,0.0,0.0009748878878928923,0.0008555135529323242,0.0019330855018587362
