LIMIT_BAL,SEX,EDUCATION,MARRIAGE,AGE,PAY_0,PAY_2,PAY_3,PAY_4,PAY_5,PAY_6,BILL_AMT1,BILL_AMT2,BILL_AMT3,BILL_AMT4,BILL_AMT5,BILL_AMT6,PAY_AMT1,PAY_AMT2,PAY_AMT3,PAY_AMT4,PAY_AMT5,PAY_AMT6
0.3164556962025316,1.0,0.3333333333333333,0.3333333333333333,0.462962962962963,0.0,0.0,0.0,0.0,0.0,0.0,0.07031081991093419,0.07968661555086709,0.10398142080651791,0.09488172932285767,0.14992336676437815,0.41262548321363574,0.020269256807429897,0.002444824388264191,0.03341323282817929,0.026047004594471634,0.03229305977514424,0.030114002478314746
