LIMIT_BAL,SEX,EDUCATION,MARRIAGE,AGE,PAY_0,PAY_2,PAY_3,PAY_4,PAY_5,PAY_6,BILL_AMT1,BILL_AMT2,BILL_AMT3,BILL_AMT4,BILL_AMT5,BILL_AMT6,PAY_AMT1,PAY_AMT2,PAY_AMT3,PAY_AMT4,PAY_AMT5,PAY_AMT6
0.08860759493670886,0.0,0.3333333333333333,0.3333333333333333,0.462962962962963,0.2,0.2222222222222222,0.2,0.2,0.2,0.2,0.15162065560852483,0.14632326454999228,0.20666711783163516,0.1924722676686863,0.2641542729973235,0.49168327667766965,0.005861869068708727,0.002444824388264191,0.014166390698016704,0.010263819660739014,0.0077305441530029296,0.0
