LIMIT_BAL,SEX,EDUCATION,MARRIAGE,AGE,PAY_0,PAY_2,PAY_3,PAY_4,PAY_5,PAY_6,BILL_AMT1,BILL_AMT2,BILL_AMT3,BILL_AMT4,BILL_AMT5,BILL_AMT6,PAY_AMT1,PAY_AMT2,PAY_AMT3,PAY_AMT4,PAY_AMT5,PAY_AMT6
0.2531645569620253,1.0,0.3333333333333333,0.3333333333333333,0.2777777777777778,0.2,0.2222222222222222,0.2,0.2,0.1,0.2,0.03168790233840928,0.04981603458035301,0.08737965036915749,0.09105823340105355,0.13767185289033115,0.39965268379109,0.006080777042228969,0.002444824388264191,0.013141364283874494,0.007304160021597516,0.0,0.003620817843866171
