LIMIT_BAL,SEX,EDUCATION,MARRIAGE,AGE,PAY_0,PAY_2,PAY_3,PAY_4,PAY_5,PAY_6,BILL_AMT1,BILL_AMT2,BILL_AMT3,BILL_AMT4,BILL_AMT5,BILL_AMT6,PAY_AMT1,PAY_AMT2,PAY_AMT3,PAY_AMT4,PAY_AMT5,PAY_AMT6
0.36708860759493667,0.0,0.16666666666666666,0.6666666666666666,0.20370370370370372,0.4,0.2222222222222222,0.2,0.2,0.2,0.2,0.42477674682171296,0.37173493541913244,0.5026434415744117,0.4669099800435087,0.5588278546288762,0.7071669707441167,0.018457185248845664,0.008964356090302035,0.02893465588023486,0.02499712533058698,0.025768480510009767,0.024783147459727387
