LIMIT_BAL,SEX,EDUCATION,MARRIAGE,AGE,PAY_0,PAY_2,PAY_3,PAY_4,PAY_5,PAY_6,BILL_AMT1,BILL_AMT2,BILL_AMT3,BILL_AMT4,BILL_AMT5,BILL_AMT6,PAY_AMT1,PAY_AMT2,PAY_AMT3,PAY_AMT4,PAY_AMT5,PAY_AMT6
0.4936708860759494,1.0,0.16666666666666666,0.3333333333333333,0.20370370370370372,0.0,0.0,0.0,0.0,0.0,0.0,0.029705348187053907,0.04290382339319714,0.08163059822824216,0.08082079310572146,0.13915223053368758,0.4036742398942583,0.0,0.005424250376095485,0.008746892067346863,0.009568899576548696,0.012608517513547779,0.011615861214374227
