LIMIT_BAL,SEX,EDUCATION,MARRIAGE,AGE,PAY_0,PAY_2,PAY_3,PAY_4,PAY_5,PAY_6,BILL_AMT1,BILL_AMT2,BILL_AMT3,BILL_AMT4,BILL_AMT5,BILL_AMT6,PAY_AMT1,PAY_AMT2,PAY_AMT3,PAY_AMT4,PAY_AMT5,PAY_AMT6
0.06329113924050633,0.0,0.16666666666666666,0.6666666666666666,0.11111111111111116,0.1,0.1111111111111111,0.2,0.2,0.2,0.2,0.027427687004459567,0.0663356146760665,0.09787913950736088,0.08889478194686659,0.14687110910677348,0.4095436963397043,0.03691842434905281,0.010594239015811495,0.005256545713549798,0.0074991375991760945,0.005153696102001953,0.0
