LIMIT_BAL,SEX,EDUCATION,MARRIAGE,AGE,PAY_0,PAY_2,PAY_3,PAY_4,PAY_5,PAY_6,BILL_AMT1,BILL_AMT2,BILL_AMT3,BILL_AMT4,BILL_AMT5,BILL_AMT6,PAY_AMT1,PAY_AMT2,PAY_AMT3,PAY_AMT4,PAY_AMT5,PAY_AMT6
0.10126582278481013,1.0,0.5,0.3333333333333333,0.5925925925925926,0.2,0.2222222222222222,0.2,0.2,0.2,0.2,0.1264329565486291,0.12333530592291464,0.1757727713138309,0.1629450507302398,0.22422982781214562,0.4606603460741199,0.004570717410075442,0.0017928712180604069,0.0055193729992272875,0.005034421041580218,0.004834166943677832,0.004711276332094176
