LIMIT_BAL,SEX,EDUCATION,MARRIAGE,AGE,PAY_0,PAY_2,PAY_3,PAY_4,PAY_5,PAY_6,BILL_AMT1,BILL_AMT2,BILL_AMT3,BILL_AMT4,BILL_AMT5,BILL_AMT6,PAY_AMT1,PAY_AMT2,PAY_AMT3,PAY_AMT4,PAY_AMT5,PAY_AMT6
0.12658227848101264,1.0,0.3333333333333333,0.6666666666666666,0.14814814814814814,0.4,0.2222222222222222,0.2,0.2,0.2,0.2,0.18080642705440803,0.13623475531312718,0.1989076305751198,0.18951774809274674,0.26116900814697896,0.49221175039635523,0.006080777042228969,0.002444824388264191,0.007884818570324697,0.008748993865705443,0.0077305441530029296,0.007434944237918216
