LIMIT_BAL,SEX,EDUCATION,MARRIAGE,AGE,PAY_0,PAY_2,PAY_3,PAY_4,PAY_5,PAY_6,BILL_AMT1,BILL_AMT2,BILL_AMT3,BILL_AMT4,BILL_AMT5,BILL_AMT6,PAY_AMT1,PAY_AMT2,PAY_AMT3,PAY_AMT4,PAY_AMT5,PAY_AMT6
0.20253164556962022,1.0,0.5,0.3333333333333333,0.3148148148148149,0.2,0.2222222222222222,0.2,0.1,0.2,0.2,0.030625203082298758,0.04952400555755674,0.08685640904596767,0.07772843590250685,0.1344463943163956,0.3986812764456568,0.002707972709472634,0.0016298829255094608,0.003322136890963472,0.0,0.0,0.0
