LIMIT_BAL,SEX,EDUCATION,MARRIAGE,AGE,PAY_0,PAY_2,PAY_3,PAY_4,PAY_5,PAY_6,BILL_AMT1,BILL_AMT2,BILL_AMT3,BILL_AMT4,BILL_AMT5,BILL_AMT6,PAY_AMT1,PAY_AMT2,PAY_AMT3,PAY_AMT4,PAY_AMT5,PAY_AMT6
0.13924050632911392,1.0,0.5,0.3333333333333333,0.16666666666666674,0.0,0.0,0.0,0.0,0.0,0.0,0.025217523706669888,0.043877682293006745,0.07869417452491505,0.07696883071741488,0.13413430587281824,0.3994968367742714,0.0015343827403224433,0.0012623443258070774,0.0019896025525785984,0.0018922823875254344,0.0034220542117292968,0.0018760842627013631
