LIMIT_BAL,SEX,EDUCATION,MARRIAGE,AGE,PAY_0,PAY_2,PAY_3,PAY_4,PAY_5,PAY_6,BILL_AMT1,BILL_AMT2,BILL_AMT3,BILL_AMT4,BILL_AMT5,BILL_AMT6,PAY_AMT1,PAY_AMT2,PAY_AMT3,PAY_AMT4,PAY_AMT5,PAY_AMT6
0.15189873417721517,0.0,0.3333333333333333,0.3333333333333333,0.11111111111111116,0.2,0.2222222222222222,0.1,0.2,0.2,0.2,0.10741111077972615,0.10593320640148202,0.1046680718804831,0.0944846970269023,0.15390208592726215,0.41176187981968615,0.006295631164387726,0.018345147268071734,0.0015769637140649394,0.0025122110957239915,0.0025871554432049804,0.002493184634448575
