LIMIT_BAL,SEX,EDUCATION,MARRIAGE,AGE,PAY_0,PAY_2,PAY_3,PAY_4,PAY_5,PAY_6,BILL_AMT1,BILL_AMT2,BILL_AMT3,BILL_AMT4,BILL_AMT5,BILL_AMT6,PAY_AMT1,PAY_AMT2,PAY_AMT3,PAY_AMT4,PAY_AMT5,PAY_AMT6
0.0,0.0,0.5,0.6666666666666666,0.03703703703703709,0.2,0.2222222222222222,0.2,0.2,0.2,0.2,0.03344912621633543,0.04844594246899604,0.08178410435775842,0.08125078657341651,0.14009012983532843,0.4040023388770343,0.00405385136148598,0.0012224121941320956,0.0010513091427099596,0.002499712533058698,0.0025768480510009765,0.0012391573729863693
