LIMIT_BAL,SEX,EDUCATION,MARRIAGE,AGE,PAY_0,PAY_2,PAY_3,PAY_4,PAY_5,PAY_6,BILL_AMT1,BILL_AMT2,BILL_AMT3,BILL_AMT4,BILL_AMT5,BILL_AMT6,PAY_AMT1,PAY_AMT2,PAY_AMT3,PAY_AMT4,PAY_AMT5,PAY_AMT6
0.22784810126582275,0.0,0.3333333333333333,0.3333333333333333,0.40740740740740744,0.2,0.2222222222222222,0.2,0.2,0.2,0.2,0.15494217942821445,0.1535532341892657,0.2209547421014494,0.21123466556396564,0.28319003408463317,0.5086764604213025,0.00810770272297196,0.0032597658510189215,0.013141364283874494,0.009998850132234793,0.010307392204003906,0.012391573729863693
