LIMIT_BAL,SEX,EDUCATION,MARRIAGE,AGE,PAY_0,PAY_2,PAY_3,PAY_4,PAY_5,PAY_6,BILL_AMT1,BILL_AMT2,BILL_AMT3,BILL_AMT4,BILL_AMT5,BILL_AMT6,PAY_AMT1,PAY_AMT2,PAY_AMT3,PAY_AMT4,PAY_AMT5,PAY_AMT6
0.4430379746835443,0.0,0.3333333333333333,0.6666666666666666,0.07407407407407407,0.30000000000000004,0.1111111111111111,0.4,0.2,0.1,0.1,0.024029246990457682,0.04502264189780271,0.07859348770878072,0.07656880195130136,0.13567023852707327,0.39886524623242764,0.0033383465961837042,4.074707313773652e-06,5.256545713549798e-06,0.00426200986886508,0.0020408636563927734,0.0
