LIMIT_BAL,SEX,EDUCATION,MARRIAGE,AGE,PAY_0,PAY_2,PAY_3,PAY_4,PAY_5,PAY_6,BILL_AMT1,BILL_AMT2,BILL_AMT3,BILL_AMT4,BILL_AMT5,BILL_AMT6,PAY_AMT1,PAY_AMT2,PAY_AMT3,PAY_AMT4,PAY_AMT5,PAY_AMT6
0.05063291139240507,0.0,0.16666666666666666,0.6666666666666666,0.09259259259259262,0.30000000000000004,0.4444444444444444,0.4,0.4,0.4,0.4,0.08392969545896208,0.09463670045798385,0.1440877856988408,0.13859573422508287,0.20251272046352486,0.44691182691372516,0.006080777042228969,0.0015483887792339876,0.004468063856517328,0.004249511306199787,0.0,0.006195786864931847
