LIMIT_BAL,SEX,EDUCATION,MARRIAGE,AGE,PAY_0,PAY_2,PAY_3,PAY_4,PAY_5,PAY_6,BILL_AMT1,BILL_AMT2,BILL_AMT3,BILL_AMT4,BILL_AMT5,BILL_AMT6,PAY_AMT1,PAY_AMT2,PAY_AMT3,PAY_AMT4,PAY_AMT5,PAY_AMT6
0.4936708860759494,0.0,0.16666666666666666,0.6666666666666666,0.462962962962963,0.2,0.1111111111111111,0.2,0.2,0.1,0.1,0.041241207615645065,0.05484227859826069,0.09855588696006695,0.08672983225760054,0.13357385385110604,0.4105947848666687,0.018815951094337174,0.005929514083003418,1.839790999742429e-05,0.0010423801262854772,0.02783511264691255,0.052545229244114006
