LIMIT_BAL,SEX,EDUCATION,MARRIAGE,AGE,PAY_0,PAY_2,PAY_3,PAY_4,PAY_5,PAY_6,BILL_AMT1,BILL_AMT2,BILL_AMT3,BILL_AMT4,BILL_AMT5,BILL_AMT6,PAY_AMT1,PAY_AMT2,PAY_AMT3,PAY_AMT4,PAY_AMT5,PAY_AMT6
0.05063291139240507,1.0,0.5,0.3333333333333333,0.7407407407407407,0.2,0.2222222222222222,0.2,0.4,0.2,0.2,0.08392655602245953,0.08916662378428447,0.13789802241189492,0.112785638517826,0.17318294265088904,0.4285101611083183,0.004499775011249437,0.0023983727248871713,0.0,0.002217245016823065,0.005153696102001953,0.0017744733581164808
