LIMIT_BAL,SEX,EDUCATION,MARRIAGE,AGE,PAY_0,PAY_2,PAY_3,PAY_4,PAY_5,PAY_6,BILL_AMT1,BILL_AMT2,BILL_AMT3,BILL_AMT4,BILL_AMT5,BILL_AMT6,PAY_AMT1,PAY_AMT2,PAY_AMT3,PAY_AMT4,PAY_AMT5,PAY_AMT6
0.08860759493670886,1.0,0.3333333333333333,0.6666666666666666,0.40740740740740744,0.2,0.2222222222222222,0.2,0.2,0.2,0.2,0.14498702627865326,0.1433798178356404,0.17269934751641938,0.15230758166879416,0.16400166011444334,0.4206896874974367,0.006439542887720478,0.002118847803162299,0.007884818570324697,0.004227013893402258,0.0017909093954456788,0.0021858736059479555
