LIMIT_BAL,SEX,EDUCATION,MARRIAGE,AGE,PAY_0,PAY_2,PAY_3,PAY_4,PAY_5,PAY_6,BILL_AMT1,BILL_AMT2,BILL_AMT3,BILL_AMT4,BILL_AMT5,BILL_AMT6,PAY_AMT1,PAY_AMT2,PAY_AMT3,PAY_AMT4,PAY_AMT5,PAY_AMT6
0.06329113924050633,1.0,0.16666666666666666,0.6666666666666666,0.03703703703703709,0.2,0.2222222222222222,0.2,0.2,0.2,0.2,0.10451655032438227,0.09687130139453508,0.143582701014626,0.1292287685106944,0.18542465269948336,0.4211373082525096,0.00405385136148598,0.0014000694330126267,0.009987436855744616,0.004999425066117396,0.00614835944968833,0.0024783147459727386
