LIMIT_BAL,SEX,EDUCATION,MARRIAGE,AGE,PAY_0,PAY_2,PAY_3,PAY_4,PAY_5,PAY_6,BILL_AMT1,BILL_AMT2,BILL_AMT3,BILL_AMT4,BILL_AMT5,BILL_AMT6,PAY_AMT1,PAY_AMT2,PAY_AMT3,PAY_AMT4,PAY_AMT5,PAY_AMT6
0.2151898734177215,1.0,0.16666666666666666,0.6666666666666666,0.12962962962962965,0.1,0.1111111111111111,0.1,0.1,0.1,0.1,0.09908532517498433,0.05380409612514795,0.07770546300254688,0.09592300270281608,0.13913752479550856,0.39923787293429464,0.017188329772700555,0.000779898979856277,0.035239882463637844,0.009546402163751168,0.002852570792458081,0.05124907063197026
