LIMIT_BAL,SEX,EDUCATION,MARRIAGE,AGE,PAY_0,PAY_2,PAY_3,PAY_4,PAY_5,PAY_6,BILL_AMT1,BILL_AMT2,BILL_AMT3,BILL_AMT4,BILL_AMT5,BILL_AMT6,PAY_AMT1,PAY_AMT2,PAY_AMT3,PAY_AMT4,PAY_AMT5,PAY_AMT6
0.37974683544303794,0.0,0.16666666666666666,0.3333333333333333,0.4444444444444444,0.0,0.0,0.0,0.0,0.0,0.0,0.038027994355293165,0.06067385375392374,0.08620442064640936,0.08520612718217939,0.14190383754407637,0.4043280942956476,0.028376959530401858,0.004994776225223743,0.016521323177687015,0.013845907720612128,0.01411597362338335,0.008954151177199506
