LIMIT_BAL,SEX,EDUCATION,MARRIAGE,AGE,PAY_0,PAY_2,PAY_3,PAY_4,PAY_5,PAY_6,BILL_AMT1,BILL_AMT2,BILL_AMT3,BILL_AMT4,BILL_AMT5,BILL_AMT6,PAY_AMT1,PAY_AMT2,PAY_AMT3,PAY_AMT4,PAY_AMT5,PAY_AMT6
0.27848101265822783,0.0,0.3333333333333333,0.3333333333333333,0.2407407407407407,0.1,0.1111111111111111,0.1,0.1,0.1,0.1,0.026138948320166014,0.04289610456440077,0.07975221139609699,0.08104103366234576,0.13582383179249877,0.4014478539397071,0.0,0.001789611452209388,0.009159530905860523,0.004489483709373422,0.007735697849104932,0.006446096654275093
