LIMIT_BAL,SEX,EDUCATION,MARRIAGE,AGE,PAY_0,PAY_2,PAY_3,PAY_4,PAY_5,PAY_6,BILL_AMT1,BILL_AMT2,BILL_AMT3,BILL_AMT4,BILL_AMT5,BILL_AMT6,PAY_AMT1,PAY_AMT2,PAY_AMT3,PAY_AMT4,PAY_AMT5,PAY_AMT6
0.24050632911392406,0.0,0.3333333333333333,0.3333333333333333,0.20370370370370372,0.1,0.1111111111111111,0.1,0.1,0.1,0.1,0.029137110180093774,0.04546132866773015,0.08072606748657647,0.08048968315324548,0.14382375336189515,0.42667749393309823,0.004049797510124494,0.0022777613883994715,0.008192326494567359,0.016748073971493277,0.06323069747546196,0.00693184634448575
