LIMIT_BAL,SEX,EDUCATION,MARRIAGE,AGE,PAY_0,PAY_2,PAY_3,PAY_4,PAY_5,PAY_6,BILL_AMT1,BILL_AMT2,BILL_AMT3,BILL_AMT4,BILL_AMT5,BILL_AMT6,PAY_AMT1,PAY_AMT2,PAY_AMT3,PAY_AMT4,PAY_AMT5,PAY_AMT6
0.06329113924050633,1.0,0.3333333333333333,0.3333333333333333,0.11111111111111116,0.30000000000000004,0.4444444444444444,0.2,0.2,0.4,0.2,0.04037786257744597,0.05589589872896619,0.09519360754259795,0.09520384986485919,0.15345437789825592,0.4105807234816926,0.0,0.001317760345274399,0.005256545713549798,0.0,0.0006957489737702637,0.0024783147459727386
