LIMIT_BAL,SEX,EDUCATION,MARRIAGE,AGE,PAY_0,PAY_2,PAY_3,PAY_4,PAY_5,PAY_6,BILL_AMT1,BILL_AMT2,BILL_AMT3,BILL_AMT4,BILL_AMT5,BILL_AMT6,PAY_AMT1,PAY_AMT2,PAY_AMT3,PAY_AMT4,PAY_AMT5,PAY_AMT6
0.430379746835443,0.0,0.16666666666666666,0.6666666666666666,0.5740740740740741,0.1,0.1111111111111111,0.1,0.1,0.1,0.1,0.02514845610361396,0.045826686564092015,0.07732912539470058,0.07713363657611334,0.13477645643996955,0.4041077992643552,0.004605175146648073,0.0005883877361089154,0.0022787125668238374,0.002874669413017503,0.01356195129241814,0.012418835192069393
