LIMIT_BAL,SEX,EDUCATION,MARRIAGE,AGE,PAY_0,PAY_2,PAY_3,PAY_4,PAY_5,PAY_6,BILL_AMT1,BILL_AMT2,BILL_AMT3,BILL_AMT4,BILL_AMT5,BILL_AMT6,PAY_AMT1,PAY_AMT2,PAY_AMT3,PAY_AMT4,PAY_AMT5,PAY_AMT6
0.0379746835443038,1.0,0.5,0.6666666666666666,0.6296296296296295,0.30000000000000004,0.4444444444444444,0.4,0.4,0.4,0.4,0.06774433057010597,0.0803311377553646,0.12292704827520184,0.12162222901422125,0.18154070384930868,0.43504636155804827,0.00405385136148598,0.0,0.007884818570324697,0.0,0.006138052057484326,0.0
