LIMIT_BAL,SEX,EDUCATION,MARRIAGE,AGE,PAY_0,PAY_2,PAY_3,PAY_4,PAY_5,PAY_6,BILL_AMT1,BILL_AMT2,BILL_AMT3,BILL_AMT4,BILL_AMT5,BILL_AMT6,PAY_AMT1,PAY_AMT2,PAY_AMT3,PAY_AMT4,PAY_AMT5,PAY_AMT6
0.24050632911392406,0.0,0.3333333333333333,0.6666666666666666,0.11111111111111116,0.2,0.2222222222222222,0.2,0.2,0.2,0.4,0.39077351006267885,0.26921731076004735,0.37504353466845153,0.35028136854785064,0.4469841798936612,0.6202055071414259,0.014188479765200929,0.006601025848313316,0.017346600854714334,0.029996550396704378,0.0,0.01500371747211896
