LIMIT_BAL,SEX,EDUCATION,MARRIAGE,AGE,PAY_0,PAY_2,PAY_3,PAY_4,PAY_5,PAY_6,BILL_AMT1,BILL_AMT2,BILL_AMT3,BILL_AMT4,BILL_AMT5,BILL_AMT6,PAY_AMT1,PAY_AMT2,PAY_AMT3,PAY_AMT4,PAY_AMT5,PAY_AMT6
0.3164556962025316,1.0,0.3333333333333333,0.6666666666666666,0.16666666666666674,0.0,0.0,0.0,0.0,0.0,0.0,0.03102391151812161,0.043131528842690274,0.0784581382182395,0.07734189125210501,0.13360980121109925,0.4048073531669168,0.0003587658454915092,0.001145807696633151,0.0026440424939155483,0.001099873514545827,0.015100329578865724,0.0032366790582403966
