LIMIT_BAL,SEX,EDUCATION,MARRIAGE,AGE,PAY_0,PAY_2,PAY_3,PAY_4,PAY_5,PAY_6,BILL_AMT1,BILL_AMT2,BILL_AMT3,BILL_AMT4,BILL_AMT5,BILL_AMT6,PAY_AMT1,PAY_AMT2,PAY_AMT3,PAY_AMT4,PAY_AMT5,PAY_AMT6
0.13924050632911392,0.0,0.16666666666666666,0.6666666666666666,0.2222222222222222,0.4,0.4444444444444444,0.4,0.4,0.4,0.4,0.16108134750893563,0.15775099058302888,0.22643639646836866,0.21364382757112121,0.27930935317627603,0.5095470945077402,0.008715780427194855,0.0033412599972943947,0.008673300427357167,0.0,0.018295621162106934,0.0
