LIMIT_BAL,SEX,EDUCATION,MARRIAGE,AGE,PAY_0,PAY_2,PAY_3,PAY_4,PAY_5,PAY_6,BILL_AMT1,BILL_AMT2,BILL_AMT3,BILL_AMT4,BILL_AMT5,BILL_AMT6,PAY_AMT1,PAY_AMT2,PAY_AMT3,PAY_AMT4,PAY_AMT5,PAY_AMT6
0.18987341772151897,0.0,0.3333333333333333,0.6666666666666666,0.09259259259259262,0.0,0.0,0.0,0.0,0.0,0.0,0.027148277155733317,0.04290382339319714,0.2403724421834844,0.07508554922301529,0.13208040444047936,0.3973548191295768,0.0,0.08108667554409567,0.0,0.0,0.0,0.0
