LIMIT_BAL,SEX,EDUCATION,MARRIAGE,AGE,PAY_0,PAY_2,PAY_3,PAY_4,PAY_5,PAY_6,BILL_AMT1,BILL_AMT2,BILL_AMT3,BILL_AMT4,BILL_AMT5,BILL_AMT6,PAY_AMT1,PAY_AMT2,PAY_AMT3,PAY_AMT4,PAY_AMT5,PAY_AMT6
0.025316455696202535,0.0,0.3333333333333333,0.6666666666666666,0.11111111111111116,0.30000000000000004,0.4444444444444444,0.2,0.2,0.4,0.4,0.05900884850178241,0.07073920650439974,0.11406990966246809,0.11328455079915858,0.1726175887164505,0.4295553907248761,0.0,0.0013707315403534565,0.007088451894721902,0.0,0.008294873876172143,0.0
