LIMIT_BAL,SEX,EDUCATION,MARRIAGE,AGE,PAY_0,PAY_2,PAY_3,PAY_4,PAY_5,PAY_6,BILL_AMT1,BILL_AMT2,BILL_AMT3,BILL_AMT4,BILL_AMT5,BILL_AMT6,PAY_AMT1,PAY_AMT2,PAY_AMT3,PAY_AMT4,PAY_AMT5,PAY_AMT6
0.05063291139240507,0.0,0.3333333333333333,0.3333333333333333,0.4814814814814815,0.2,0.2222222222222222,0.2,0.2,0.2,0.2,0.041806306186102656,0.058772448927082804,0.09830664582504593,0.09746768306934431,0.1567566331049042,0.41542135525971957,0.0030484962238374567,0.0013039063404075685,0.00403965538086302,0.0017497987731410886,0.0018037936357006836,0.001486988847583643
