LIMIT_BAL,SEX,EDUCATION,MARRIAGE,AGE,PAY_0,PAY_2,PAY_3,PAY_4,PAY_5,PAY_6,BILL_AMT1,BILL_AMT2,BILL_AMT3,BILL_AMT4,BILL_AMT5,BILL_AMT6,PAY_AMT1,PAY_AMT2,PAY_AMT3,PAY_AMT4,PAY_AMT5,PAY_AMT6
0.24050632911392406,1.0,0.16666666666666666,0.3333333333333333,0.18518518518518523,0.1,0.1111111111111111,0.1,0.2,0.2,0.1,0.04241849630409837,0.0496050532599187,0.09368990771475591,0.09228828440097565,0.13610977670153562,0.40366252207344494,0.010720409925449674,0.008671792105173087,0.005285456714974322,2.249741279752828e-05,0.012600786969394775,3.717472118959108e-05
