LIMIT_BAL,SEX,EDUCATION,MARRIAGE,AGE,PAY_0,PAY_2,PAY_3,PAY_4,PAY_5,PAY_6,BILL_AMT1,BILL_AMT2,BILL_AMT3,BILL_AMT4,BILL_AMT5,BILL_AMT6,PAY_AMT1,PAY_AMT2,PAY_AMT3,PAY_AMT4,PAY_AMT5,PAY_AMT6
0.1139240506329114,1.0,0.16666666666666666,0.3333333333333333,0.05555555555555558,0.2,0.2222222222222222,0.2,0.2,0.2,0.2,0.040316643565646404,0.08973653064375033,0.1385516614149964,0.1340875448721406,0.19765819289353373,0.4453896819900609,0.0535189456743379,0.0016298829255094608,0.0052591739864065725,0.004249511306199787,0.004251799284151612,0.0044609665427509295
