LIMIT_BAL,SEX,EDUCATION,MARRIAGE,AGE,PAY_0,PAY_2,PAY_3,PAY_4,PAY_5,PAY_6,BILL_AMT1,BILL_AMT2,BILL_AMT3,BILL_AMT4,BILL_AMT5,BILL_AMT6,PAY_AMT1,PAY_AMT2,PAY_AMT3,PAY_AMT4,PAY_AMT5,PAY_AMT6
0.24050632911392406,1.0,0.16666666666666666,0.6666666666666666,0.35185185185185186,0.4,0.4444444444444444,0.2,0.2,0.2,0.4,0.31551964737849203,0.27605876601656976,0.3821757925785564,0.35910447492853415,0.45599226151377603,0.6127271938982963,0.0,0.007008496579690681,0.02181466471123166,0.03313868905075916,0.0023629696627678956,0.01734820322180917
