LIMIT_BAL,SEX,EDUCATION,MARRIAGE,AGE,PAY_0,PAY_2,PAY_3,PAY_4,PAY_5,PAY_6,BILL_AMT1,BILL_AMT2,BILL_AMT3,BILL_AMT4,BILL_AMT5,BILL_AMT6,PAY_AMT1,PAY_AMT2,PAY_AMT3,PAY_AMT4,PAY_AMT5,PAY_AMT6
0.012658227848101266,0.0,0.3333333333333333,0.3333333333333333,0.462962962962963,0.2,0.2222222222222222,0.2,0.2,0.2,0.2,0.03329372410945959,0.05160937580404467,0.08958155549576703,0.08804977736226724,0.14649856373957118,0.4078891400408483,0.0022742106137936344,0.0012224121941320956,0.0007648274013214956,0.0007549131849837269,0.0007833618075042969,0.0007905824039653037
