LIMIT_BAL,SEX,EDUCATION,MARRIAGE,AGE,PAY_0,PAY_2,PAY_3,PAY_4,PAY_5,PAY_6,BILL_AMT1,BILL_AMT2,BILL_AMT3,BILL_AMT4,BILL_AMT5,BILL_AMT6,PAY_AMT1,PAY_AMT2,PAY_AMT3,PAY_AMT4,PAY_AMT5,PAY_AMT6
0.05063291139240507,1.0,0.5,0.6666666666666666,0.03703703703703709,0.2,0.2222222222222222,0.2,0.2,0.2,0.2,0.07620511194445709,0.0856133895950188,0.13185681344383574,0.11079148762757471,0.17175648604752242,0.41764539765010816,0.012181823341265368,0.00408122684547569,0.00791898611746277,0.012586052603950544,0.012886817103055883,0.012396530359355638
