LIMIT_BAL,SEX,EDUCATION,MARRIAGE,AGE,PAY_0,PAY_2,PAY_3,PAY_4,PAY_5,PAY_6,BILL_AMT1,BILL_AMT2,BILL_AMT3,BILL_AMT4,BILL_AMT5,BILL_AMT6,PAY_AMT1,PAY_AMT2,PAY_AMT3,PAY_AMT4,PAY_AMT5,PAY_AMT6
0.20253164556962022,1.0,0.16666666666666666,0.3333333333333333,0.4444444444444444,0.2,0.2222222222222222,0.2,0.2,0.2,0.2,0.28341419998524464,0.24447846446765814,0.3260470190925312,0.2662453629624303,0.33941170511400215,0.5460527934698928,0.014324283785810708,0.005250667844528728,0.012134735779729709,0.011776145743239527,0.012041610942327564,0.011407682775712516
