LIMIT_BAL,SEX,EDUCATION,MARRIAGE,AGE,PAY_0,PAY_2,PAY_3,PAY_4,PAY_5,PAY_6,BILL_AMT1,BILL_AMT2,BILL_AMT3,BILL_AMT4,BILL_AMT5,BILL_AMT6,PAY_AMT1,PAY_AMT2,PAY_AMT3,PAY_AMT4,PAY_AMT5,PAY_AMT6
0.05063291139240507,1.0,0.3333333333333333,0.3333333333333333,0.5925925925925926,0.2,0.2222222222222222,0.4,0.2,0.2,0.2,0.04579809969908501,0.06130937065815881,0.10050359914102593,0.09865578348705226,0.16065528769325793,0.41892967081125987,0.00405385136148598,0.0008149414627547304,0.002628272856774899,0.004999425066117396,0.003092217661201172,0.004956629491945477
