LIMIT_BAL,SEX,EDUCATION,MARRIAGE,AGE,PAY_0,PAY_2,PAY_3,PAY_4,PAY_5,PAY_6,BILL_AMT1,BILL_AMT2,BILL_AMT3,BILL_AMT4,BILL_AMT5,BILL_AMT6,PAY_AMT1,PAY_AMT2,PAY_AMT3,PAY_AMT4,PAY_AMT5,PAY_AMT6
0.34177215189873417,0.0,0.6666666666666666,0.6666666666666666,0.09259259259259262,0.1,0.1111111111111111,0.1,0.1,0.1,0.2,0.025109213147332183,0.04597077136829106,0.07728620970257775,0.0768774383775912,0.13517187739989478,0.39875627049886275,0.004864621633783176,0.0005671992580772923,0.0018292779083153297,0.0034795998460177076,0.0,0.001724907063197026
