LIMIT_BAL,SEX,EDUCATION,MARRIAGE,AGE,PAY_0,PAY_2,PAY_3,PAY_4,PAY_5,PAY_6,BILL_AMT1,BILL_AMT2,BILL_AMT3,BILL_AMT4,BILL_AMT5,BILL_AMT6,PAY_AMT1,PAY_AMT2,PAY_AMT3,PAY_AMT4,PAY_AMT5,PAY_AMT6
0.13924050632911392,1.0,0.3333333333333333,0.6666666666666666,0.18518518518518523,0.2,0.2222222222222222,0.2,0.2,0.2,0.2,0.20544629444461016,0.19440770853702466,0.26747205115550504,0.25100531573806056,0.326846468825469,0.5401622449469827,0.011553476380235041,0.0033999357826127352,0.010954641267037778,0.01192362878268999,0.013190885173073999,0.00732094175960347
