LIMIT_BAL,SEX,EDUCATION,MARRIAGE,AGE,PAY_0,PAY_2,PAY_3,PAY_4,PAY_5,PAY_6,BILL_AMT1,BILL_AMT2,BILL_AMT3,BILL_AMT4,BILL_AMT5,BILL_AMT6,PAY_AMT1,PAY_AMT2,PAY_AMT3,PAY_AMT4,PAY_AMT5,PAY_AMT6
0.34177215189873417,1.0,0.3333333333333333,0.3333333333333333,0.33333333333333337,0.2,0.2222222222222222,0.4,0.2,0.2,0.2,0.3595376865806356,0.33745818967735297,0.4455589686368821,0.31336785266955525,0.3979993660192874,0.5246607397928992,0.041146591319082694,0.0,0.014718327997939434,0.015748188958269797,0.010307392204003906,0.009913258983890954
