LIMIT_BAL,SEX,EDUCATION,MARRIAGE,AGE,PAY_0,PAY_2,PAY_3,PAY_4,PAY_5,PAY_6,BILL_AMT1,BILL_AMT2,BILL_AMT3,BILL_AMT4,BILL_AMT5,BILL_AMT6,PAY_AMT1,PAY_AMT2,PAY_AMT3,PAY_AMT4,PAY_AMT5,PAY_AMT6
0.1772151898734177,1.0,0.5,0.6666666666666666,0.03703703703703709,0.2,0.2222222222222222,0.2,0.2,0.2,0.2,0.04181258505910774,0.05676555344002471,0.09566237894886266,0.08636875760354303,0.14461622925265438,0.4047757150507206,0.0024708224048257043,0.0010374204820867718,0.002809623683892367,0.004207016193137789,0.0005205233063021973,0.0007410161090458489
