LIMIT_BAL,SEX,EDUCATION,MARRIAGE,AGE,PAY_0,PAY_2,PAY_3,PAY_4,PAY_5,PAY_6,BILL_AMT1,BILL_AMT2,BILL_AMT3,BILL_AMT4,BILL_AMT5,BILL_AMT6,PAY_AMT1,PAY_AMT2,PAY_AMT3,PAY_AMT4,PAY_AMT5,PAY_AMT6
0.26582278481012656,0.0,0.16666666666666666,0.3333333333333333,0.5,0.4,0.2222222222222222,0.2,0.2,0.2,0.2,0.3542665726928673,0.317593783769876,0.40931501603561343,0.32920869216063475,0.41421652728894814,0.5882404637444765,0.020269256807429897,0.007350771994047668,0.015769637140649394,0.01374841893182284,0.015461088306005859,0.013630731102850062
