LIMIT_BAL,SEX,EDUCATION,MARRIAGE,AGE,PAY_0,PAY_2,PAY_3,PAY_4,PAY_5,PAY_6,BILL_AMT1,BILL_AMT2,BILL_AMT3,BILL_AMT4,BILL_AMT5,BILL_AMT6,PAY_AMT1,PAY_AMT2,PAY_AMT3,PAY_AMT4,PAY_AMT5,PAY_AMT6
0.24050632911392406,0.0,0.16666666666666666,0.6666666666666666,0.09259259259259262,0.0,0.0,0.0,0.0,0.0,0.0,0.0240229681174526,0.044073225955848304,0.08725750570696175,0.08484205605796372,0.1413401175805466,0.40161073164901373,0.0018505831465183496,0.005490260634578618,0.015851113599209415,0.012916014658314294,0.008070688095735058,0.005675340768277572
