LIMIT_BAL,SEX,EDUCATION,MARRIAGE,AGE,PAY_0,PAY_2,PAY_3,PAY_4,PAY_5,PAY_6,BILL_AMT1,BILL_AMT2,BILL_AMT3,BILL_AMT4,BILL_AMT5,BILL_AMT6,PAY_AMT1,PAY_AMT2,PAY_AMT3,PAY_AMT4,PAY_AMT5,PAY_AMT6
0.1772151898734177,1.0,0.16666666666666666,0.6666666666666666,0.35185185185185186,0.0,0.1111111111111111,0.1,0.1,0.1,0.1,0.025281882154972003,0.045869140122472084,0.07784741490726084,0.08335880332967764,0.1393319673336536,0.3983109933079525,0.004680171396835563,0.0008442793554139006,0.01326752138099969,0.009863865655449623,0.0008142839841163086,0.00077819083023544
