LIMIT_BAL,SEX,EDUCATION,MARRIAGE,AGE,PAY_0,PAY_2,PAY_3,PAY_4,PAY_5,PAY_6,BILL_AMT1,BILL_AMT2,BILL_AMT3,BILL_AMT4,BILL_AMT5,BILL_AMT6,PAY_AMT1,PAY_AMT2,PAY_AMT3,PAY_AMT4,PAY_AMT5,PAY_AMT6
0.05063291139240507,1.0,0.3333333333333333,0.6666666666666666,0.3148148148148149,0.2,0.2222222222222222,0.2,0.2,0.2,0.2,0.07708729360167144,0.07767328770647867,0.11650950169929636,0.11053528942905258,0.1693055296843495,0.4220055987747846,0.0029045845005047045,0.0010749077893734893,0.0020316549182869967,0.0019672737635171955,0.0019506739746077393,0.0015241635687732343
