LIMIT_BAL,SEX,EDUCATION,MARRIAGE,AGE,PAY_0,PAY_2,PAY_3,PAY_4,PAY_5,PAY_6,BILL_AMT1,BILL_AMT2,BILL_AMT3,BILL_AMT4,BILL_AMT5,BILL_AMT6,PAY_AMT1,PAY_AMT2,PAY_AMT3,PAY_AMT4,PAY_AMT5,PAY_AMT6
0.2531645569620253,1.0,0.16666666666666666,0.6666666666666666,0.2407407407407407,0.30000000000000004,0.4444444444444444,0.4,0.1,0.1,0.0,0.03003184958331829,0.04553465754129574,0.0761373896365206,0.07631709845801646,0.1331424855311876,0.39858050318666133,0.0,0.0,0.0008463038598815174,0.00037495687995880474,0.0014069590358465332,0.0
