LIMIT_BAL,SEX,EDUCATION,MARRIAGE,AGE,PAY_0,PAY_2,PAY_3,PAY_4,PAY_5,PAY_6,BILL_AMT1,BILL_AMT2,BILL_AMT3,BILL_AMT4,BILL_AMT5,BILL_AMT6,PAY_AMT1,PAY_AMT2,PAY_AMT3,PAY_AMT4,PAY_AMT5,PAY_AMT6
0.05063291139240507,0.0,0.3333333333333333,0.6666666666666666,0.07407407407407407,0.2,0.2222222222222222,0.2,0.2,0.2,0.2,0.10326705459637049,0.105032676375238,0.15657955331366916,0.1433091817838586,0.16434479400528754,0.4200545816093489,0.0033424004475451903,0.009689653992153744,0.0035928489952112867,0.0016698079720832103,0.0017393724344256592,0.001667905824039653
