LIMIT_BAL,SEX,EDUCATION,MARRIAGE,AGE,PAY_0,PAY_2,PAY_3,PAY_4,PAY_5,PAY_6,BILL_AMT1,BILL_AMT2,BILL_AMT3,BILL_AMT4,BILL_AMT5,BILL_AMT6,PAY_AMT1,PAY_AMT2,PAY_AMT3,PAY_AMT4,PAY_AMT5,PAY_AMT6
0.05063291139240507,0.0,0.3333333333333333,0.6666666666666666,0.07407407407407407,0.2,0.2222222222222222,0.2,0.2,0.2,0.2,0.09947775473780211,0.10511115113466785,0.157031818684502,0.15067001072736316,0.2153786073992739,0.45735240525848925,0.0036484662253373815,0.0015027520573197227,0.005782200284904777,0.004999425066117396,0.004638326491801758,0.005050805452292442
