LIMIT_BAL,SEX,EDUCATION,MARRIAGE,AGE,PAY_0,PAY_2,PAY_3,PAY_4,PAY_5,PAY_6,BILL_AMT1,BILL_AMT2,BILL_AMT3,BILL_AMT4,BILL_AMT5,BILL_AMT6,PAY_AMT1,PAY_AMT2,PAY_AMT3,PAY_AMT4,PAY_AMT5,PAY_AMT6
0.35443037974683544,0.0,0.3333333333333333,0.6666666666666666,0.40740740740740744,0.2,0.2222222222222222,0.2,0.2,0.1,0.1,0.21924254815503166,0.1864663201770185,0.17193676867946767,0.08155492829446911,0.13505096355264493,0.3979407101702482,0.010337320971789249,0.002043058247126109,0.003942409285162349,0.004999425066117396,0.0,0.0033035935563816604
