LIMIT_BAL,SEX,EDUCATION,MARRIAGE,AGE,PAY_0,PAY_2,PAY_3,PAY_4,PAY_5,PAY_6,BILL_AMT1,BILL_AMT2,BILL_AMT3,BILL_AMT4,BILL_AMT5,BILL_AMT6,PAY_AMT1,PAY_AMT2,PAY_AMT3,PAY_AMT4,PAY_AMT5,PAY_AMT6
0.2911392405063291,1.0,0.5,0.3333333333333333,0.37037037037037035,0.1,0.1111111111111111,0.1,0.2,0.1,0.1,0.030265737602757678,0.047694643132815316,0.0884310848261667,0.0814140941970359,0.14239729675852852,0.41076234970430076,0.007548271235086894,0.006069684014597232,0.0,0.014533328667203272,0.022810258947460645,0.0
