LIMIT_BAL,SEX,EDUCATION,MARRIAGE,AGE,PAY_0,PAY_2,PAY_3,PAY_4,PAY_5,PAY_6,BILL_AMT1,BILL_AMT2,BILL_AMT3,BILL_AMT4,BILL_AMT5,BILL_AMT6,PAY_AMT1,PAY_AMT2,PAY_AMT3,PAY_AMT4,PAY_AMT5,PAY_AMT6
0.18987341772151897,0.0,0.5,0.3333333333333333,0.7592592592592593,0.2,0.2222222222222222,0.2,0.2,0.2,0.0,0.08307419901201933,0.09269927443009315,0.1429208089938086,0.1374855420314869,0.13289575592396155,0.3979395383881668,0.0034457736572630826,0.001955859510611353,0.005256545713549798,0.0,0.0,0.0
