LIMIT_BAL,SEX,EDUCATION,MARRIAGE,AGE,PAY_0,PAY_2,PAY_3,PAY_4,PAY_5,PAY_6,BILL_AMT1,BILL_AMT2,BILL_AMT3,BILL_AMT4,BILL_AMT5,BILL_AMT6,PAY_AMT1,PAY_AMT2,PAY_AMT3,PAY_AMT4,PAY_AMT5,PAY_AMT6
0.06329113924050633,0.0,0.16666666666666666,0.6666666666666666,0.05555555555555558,0.2,0.2222222222222222,0.2,0.2,0.1,0.1,0.03685227538509113,0.05708974424947255,0.12147781836428491,0.07605940202441523,0.1333254902729712,0.40200327864626356,0.006080777042228969,0.013854004866830416,0.0,0.0006549246836613789,0.008933932192820387,0.027881040892193308
