LIMIT_BAL,SEX,EDUCATION,MARRIAGE,AGE,PAY_0,PAY_2,PAY_3,PAY_4,PAY_5,PAY_6,BILL_AMT1,BILL_AMT2,BILL_AMT3,BILL_AMT4,BILL_AMT5,BILL_AMT6,PAY_AMT1,PAY_AMT2,PAY_AMT3,PAY_AMT4,PAY_AMT5,PAY_AMT6
0.2151898734177215,1.0,0.3333333333333333,0.6666666666666666,0.2407407407407407,0.1,0.1111111111111111,0.1,0.1,0.1,0.1,0.024333772331204272,0.04314953944321515,0.0764460524990963,0.07609835613647123,0.13320457642572134,0.39815983341945926,0.00040538513614859795,0.00015239405353513458,0.0004730891142194818,0.0004999425066117396,0.0004818705855371826,0.001858736059479554
