LIMIT_BAL,SEX,EDUCATION,MARRIAGE,AGE,PAY_0,PAY_2,PAY_3,PAY_4,PAY_5,PAY_6,BILL_AMT1,BILL_AMT2,BILL_AMT3,BILL_AMT4,BILL_AMT5,BILL_AMT6,PAY_AMT1,PAY_AMT2,PAY_AMT3,PAY_AMT4,PAY_AMT5,PAY_AMT6
0.05063291139240507,1.0,0.5,0.6666666666666666,0.03703703703703709,0.2,0.2222222222222222,0.2,0.2,0.2,0.2,0.10154978282947993,0.10661889569289354,0.12491272433765407,0.12062290621647699,0.18212076352192627,0.43331915477014904,0.0030403885211144847,0.0011955191258611894,0.0031565557009866534,0.003089644690860551,0.002842263400254077,0.0025824039653035936
