LIMIT_BAL,SEX,EDUCATION,MARRIAGE,AGE,PAY_0,PAY_2,PAY_3,PAY_4,PAY_5,PAY_6,BILL_AMT1,BILL_AMT2,BILL_AMT3,BILL_AMT4,BILL_AMT5,BILL_AMT6,PAY_AMT1,PAY_AMT2,PAY_AMT3,PAY_AMT4,PAY_AMT5,PAY_AMT6
0.13924050632911392,0.0,0.5,0.6666666666666666,0.18518518518518523,0.30000000000000004,0.0,0.0,0.0,0.0,0.0,0.0238816934748382,0.04021509802912572,0.0721924471683071,0.07225388492356004,0.12899219942288148,0.395140150995839,6.08077704222897e-06,0.0,0.0,0.0,0.0,0.0
