LIMIT_BAL,SEX,EDUCATION,MARRIAGE,AGE,PAY_0,PAY_2,PAY_3,PAY_4,PAY_5,PAY_6,BILL_AMT1,BILL_AMT2,BILL_AMT3,BILL_AMT4,BILL_AMT5,BILL_AMT6,PAY_AMT1,PAY_AMT2,PAY_AMT3,PAY_AMT4,PAY_AMT5,PAY_AMT6
0.24050632911392406,0.0,0.3333333333333333,0.6666666666666666,0.2222222222222222,0.1,0.1111111111111111,0.1,0.1,0.1,0.1,0.05235324311639304,0.043405547264961666,0.11033459384423916,0.07641897844339368,0.1335346385492953,0.3983977051819719,0.000790501015489766,0.016883957225352502,0.0010250264141422106,0.0009748878878928923,0.001004970739890381,0.0013382899628252788
