LIMIT_BAL,SEX,EDUCATION,MARRIAGE,AGE,PAY_0,PAY_2,PAY_3,PAY_4,PAY_5,PAY_6,BILL_AMT1,BILL_AMT2,BILL_AMT3,BILL_AMT4,BILL_AMT5,BILL_AMT6,PAY_AMT1,PAY_AMT2,PAY_AMT3,PAY_AMT4,PAY_AMT5,PAY_AMT6
0.27848101265822783,1.0,0.16666666666666666,0.6666666666666666,0.18518518518518523,0.1,0.1111111111111111,0.1,0.1,0.1,0.1,0.025446702571355468,0.045104976071630734,0.07826996941431635,0.07716060480753673,0.13500848030901658,0.39887227692491567,0.0034680698397512554,0.0010529043698791116,0.0023260214782457856,0.003229628592711838,0.0020485942005457765,0.0025650557620817845
