LIMIT_BAL,SEX,EDUCATION,MARRIAGE,AGE,PAY_0,PAY_2,PAY_3,PAY_4,PAY_5,PAY_6,BILL_AMT1,BILL_AMT2,BILL_AMT3,BILL_AMT4,BILL_AMT5,BILL_AMT6,PAY_AMT1,PAY_AMT2,PAY_AMT3,PAY_AMT4,PAY_AMT5,PAY_AMT6
0.05063291139240507,0.0,0.16666666666666666,0.6666666666666666,0.2407407407407407,0.4,0.2222222222222222,0.2,0.2,0.2,0.2,0.045583048298660875,0.06088097565995987,0.0891623021957979,0.08272654812630721,0.14197246432224522,0.4043632477580879,0.0031011962915367744,0.0016331426913604797,0.002628272856774899,0.0025197102333231677,0.0036075872714013673,0.001486988847583643
