LIMIT_BAL,SEX,EDUCATION,MARRIAGE,AGE,PAY_0,PAY_2,PAY_3,PAY_4,PAY_5,PAY_6,BILL_AMT1,BILL_AMT2,BILL_AMT3,BILL_AMT4,BILL_AMT5,BILL_AMT6,PAY_AMT1,PAY_AMT2,PAY_AMT3,PAY_AMT4,PAY_AMT5,PAY_AMT6
0.2911392405063291,1.0,0.16666666666666666,0.6666666666666666,0.09259259259259262,0.30000000000000004,0.1111111111111111,0.1,0.0,0.1,0.1,0.0240119800896937,0.04794550506869758,0.07609942575502733,0.07580020735573494,0.1457387672669876,0.3979383666060855,0.00796581792531995,0.0,0.0,0.019702734185568657,0.0,0.0019950433705080545
