LIMIT_BAL,SEX,EDUCATION,MARRIAGE,AGE,PAY_0,PAY_2,PAY_3,PAY_4,PAY_5,PAY_6,BILL_AMT1,BILL_AMT2,BILL_AMT3,BILL_AMT4,BILL_AMT5,BILL_AMT6,PAY_AMT1,PAY_AMT2,PAY_AMT3,PAY_AMT4,PAY_AMT5,PAY_AMT6
0.16455696202531644,1.0,0.3333333333333333,0.3333333333333333,0.4444444444444444,0.2,0.2222222222222222,0.2,0.2,0.1,0.1,0.19194828720193013,0.18320768795348122,0.08812407256713418,0.08693658869851315,0.13542187494893843,0.3979407101702482,0.009980582051978482,0.0008149414627547304,0.00038898438280268505,0.0038620558635756885,0.0,0.0
