LIMIT_BAL,SEX,EDUCATION,MARRIAGE,AGE,PAY_0,PAY_2,PAY_3,PAY_4,PAY_5,PAY_6,BILL_AMT1,BILL_AMT2,BILL_AMT3,BILL_AMT4,BILL_AMT5,BILL_AMT6,PAY_AMT1,PAY_AMT2,PAY_AMT3,PAY_AMT4,PAY_AMT5,PAY_AMT6
0.1139240506329114,0.0,0.16666666666666666,0.6666666666666666,0.16666666666666674,0.4,0.4444444444444444,0.4,0.2,0.2,0.4,0.07617057814292913,0.08712242062471055,0.13150358428559403,0.1271642005717265,0.1926680457381137,0.44170325556215656,0.00405385136148598,0.0,0.00415267111370434,0.007249166345870224,0.0038652720765014648,0.003965303593556382
