LIMIT_BAL,SEX,EDUCATION,MARRIAGE,AGE,PAY_0,PAY_2,PAY_3,PAY_4,PAY_5,PAY_6,BILL_AMT1,BILL_AMT2,BILL_AMT3,BILL_AMT4,BILL_AMT5,BILL_AMT6,PAY_AMT1,PAY_AMT2,PAY_AMT3,PAY_AMT4,PAY_AMT5,PAY_AMT6
0.5569620253164557,1.0,0.16666666666666666,0.3333333333333333,0.2222222222222222,0.30000000000000004,0.1111111111111111,0.4,0.2,0.2,0.1,0.025004042024497023,0.05752843101939999,0.08004932003387039,0.08006418439078765,0.13656238664326822,0.40300515232581163,0.023147491274084945,0.0,0.005895216017746098,0.0,0.01113713727642622,0.0
