LIMIT_BAL,SEX,EDUCATION,MARRIAGE,AGE,PAY_0,PAY_2,PAY_3,PAY_4,PAY_5,PAY_6,BILL_AMT1,BILL_AMT2,BILL_AMT3,BILL_AMT4,BILL_AMT5,BILL_AMT6,PAY_AMT1,PAY_AMT2,PAY_AMT3,PAY_AMT4,PAY_AMT5,PAY_AMT6
0.15189873417721517,1.0,0.5,0.3333333333333333,0.40740740740740744,0.4,0.5555555555555556,0.4,0.4,0.4,0.4,0.05493699935798524,0.06745613132300726,0.1066586997535649,0.10666684645487615,0.16549510952507002,0.42328049767928555,0.0,0.0,0.0063078548562597574,0.0,0.005153696102001953,0.0
