LIMIT_BAL,SEX,EDUCATION,MARRIAGE,AGE,PAY_0,PAY_2,PAY_3,PAY_4,PAY_5,PAY_6,BILL_AMT1,BILL_AMT2,BILL_AMT3,BILL_AMT4,BILL_AMT5,BILL_AMT6,PAY_AMT1,PAY_AMT2,PAY_AMT3,PAY_AMT4,PAY_AMT5,PAY_AMT6
0.20253164556962022,0.0,0.5,0.3333333333333333,0.42592592592592593,0.2,0.2222222222222222,0.2,0.2,0.2,0.2,0.2737620024581788,0.25123243966448827,0.35023991522500203,0.3305690896124366,0.41696976827024573,0.6081466977423274,0.012161554084457939,0.005704590239283112,0.018397909997424293,0.017497987731410886,0.020614784408007812,0.01734820322180917
