LIMIT_BAL,SEX,EDUCATION,MARRIAGE,AGE,PAY_0,PAY_2,PAY_3,PAY_4,PAY_5,PAY_6,BILL_AMT1,BILL_AMT2,BILL_AMT3,BILL_AMT4,BILL_AMT5,BILL_AMT6,PAY_AMT1,PAY_AMT2,PAY_AMT3,PAY_AMT4,PAY_AMT5,PAY_AMT6
0.1139240506329114,1.0,0.3333333333333333,0.3333333333333333,0.2222222222222222,0.0,0.0,0.0,0.0,0.0,0.1,0.03278199595954522,0.04392270879431895,0.0761373896365206,0.07866483282692988,0.13691369038865633,0.40986359284791085,0.0016053251391484479,0.0,0.004964807426447784,0.00614429340625828,0.026219428918934938,0.0003023543990086741
