LIMIT_BAL,SEX,EDUCATION,MARRIAGE,AGE,PAY_0,PAY_2,PAY_3,PAY_4,PAY_5,PAY_6,BILL_AMT1,BILL_AMT2,BILL_AMT3,BILL_AMT4,BILL_AMT5,BILL_AMT6,PAY_AMT1,PAY_AMT2,PAY_AMT3,PAY_AMT4,PAY_AMT5,PAY_AMT6
0.025316455696202535,0.0,0.3333333333333333,0.6666666666666666,0.07407407407407407,0.30000000000000004,0.4444444444444444,0.1,0.2,0.1,0.2,0.030303410840788185,0.04614830443060773,0.07656819716129203,0.07772394119726961,0.13415881543644997,0.3983977051819719,0.0,0.00021269972177898462,0.002628272856774899,0.001929778075521315,2.0614784408007813e-05,0.0009665427509293681
