LIMIT_BAL,SEX,EDUCATION,MARRIAGE,AGE,PAY_0,PAY_2,PAY_3,PAY_4,PAY_5,PAY_6,BILL_AMT1,BILL_AMT2,BILL_AMT3,BILL_AMT4,BILL_AMT5,BILL_AMT6,PAY_AMT1,PAY_AMT2,PAY_AMT3,PAY_AMT4,PAY_AMT5,PAY_AMT6
0.025316455696202535,1.0,0.16666666666666666,0.6666666666666666,0.16666666666666674,0.2,0.2222222222222222,0.2,0.2,0.2,0.2,0.031061584756152116,0.05368574075027016,0.09608493345591816,0.10098703727009582,0.16294284696555264,0.425158864355678,0.00810770272297196,0.0040747073137736515,0.013141364283874494,0.004999425066117396,0.012884240255004883,0.0012391573729863693
