LIMIT_BAL,SEX,EDUCATION,MARRIAGE,AGE,PAY_0,PAY_2,PAY_3,PAY_4,PAY_5,PAY_6,BILL_AMT1,BILL_AMT2,BILL_AMT3,BILL_AMT4,BILL_AMT5,BILL_AMT6,PAY_AMT1,PAY_AMT2,PAY_AMT3,PAY_AMT4,PAY_AMT5,PAY_AMT6
0.06329113924050633,1.0,0.3333333333333333,0.6666666666666666,0.05555555555555558,0.2,0.2222222222222222,0.2,0.2,0.2,0.2,0.07067656426348035,0.07919261050789894,0.11141408856148252,0.1039205815549283,0.1602582327624239,0.41732667292398296,0.004207897713222447,0.0012224121941320956,0.003942409285162349,0.001722301935277443,0.005153696102001953,0.007392812887236679
