LIMIT_BAL,SEX,EDUCATION,MARRIAGE,AGE,PAY_0,PAY_2,PAY_3,PAY_4,PAY_5,PAY_6,BILL_AMT1,BILL_AMT2,BILL_AMT3,BILL_AMT4,BILL_AMT5,BILL_AMT6,PAY_AMT1,PAY_AMT2,PAY_AMT3,PAY_AMT4,PAY_AMT5,PAY_AMT6
0.2911392405063291,1.0,0.3333333333333333,0.3333333333333333,0.462962962962963,0.2,0.2222222222222222,0.2,0.2,0.2,0.2,0.037765851407330894,0.055639890907219686,0.09364204021200352,0.09196316738881598,0.15212105763668984,0.4029922627229168,0.0026248687565621717,0.0008149414627547304,0.002628272856774899,0.002499712533058698,0.0025768480510009765,0.0024783147459727386
