LIMIT_BAL,SEX,EDUCATION,MARRIAGE,AGE,PAY_0,PAY_2,PAY_3,PAY_4,PAY_5,PAY_6,BILL_AMT1,BILL_AMT2,BILL_AMT3,BILL_AMT4,BILL_AMT5,BILL_AMT6,PAY_AMT1,PAY_AMT2,PAY_AMT3,PAY_AMT4,PAY_AMT5,PAY_AMT6
0.0759493670886076,0.0,0.5,0.3333333333333333,0.2407407407407407,0.2,0.2222222222222222,0.2,0.2,0.2,0.2,0.12383193340627291,0.1261230895898729,0.18601146509221098,0.16114716863534756,0.22927879792028183,0.4694557423766787,0.006080777042228969,0.0024464542711897007,0.006570682141937247,0.0074991375991760945,0.0077305441530029296,0.006200743494423792
