LIMIT_BAL,SEX,EDUCATION,MARRIAGE,AGE,PAY_0,PAY_2,PAY_3,PAY_4,PAY_5,PAY_6,BILL_AMT1,BILL_AMT2,BILL_AMT3,BILL_AMT4,BILL_AMT5,BILL_AMT6,PAY_AMT1,PAY_AMT2,PAY_AMT3,PAY_AMT4,PAY_AMT5,PAY_AMT6
0.1139240506329114,1.0,0.3333333333333333,0.3333333333333333,0.2222222222222222,0.2,0.2222222222222222,0.2,0.2,0.2,0.2,0.1532296168160777,0.15095970771368292,0.21757430604500538,0.205646248719009,0.27714434172214,0.5034643737234898,0.006609804644902889,0.0026950114173298935,0.006783572243336014,0.006254280757712863,0.0065065413287774656,0.006443618339529121
