LIMIT_BAL,SEX,EDUCATION,MARRIAGE,AGE,PAY_0,PAY_2,PAY_3,PAY_4,PAY_5,PAY_6,BILL_AMT1,BILL_AMT2,BILL_AMT3,BILL_AMT4,BILL_AMT5,BILL_AMT6,PAY_AMT1,PAY_AMT2,PAY_AMT3,PAY_AMT4,PAY_AMT5,PAY_AMT6
0.37974683544303794,1.0,0.5,0.6666666666666666,0.2777777777777778,0.1,0.1111111111111111,0.1,0.1,0.1,0.1,0.033890217044942605,0.05041038439767406,0.07764274006790584,0.07836368757603543,0.14203128727496137,0.39987297882238243,0.011885892191876891,0.0007489312042715972,0.004457550765090228,0.014040885298190708,0.004269837220508619,0.011177199504337052
