LIMIT_BAL,SEX,EDUCATION,MARRIAGE,AGE,PAY_0,PAY_2,PAY_3,PAY_4,PAY_5,PAY_6,BILL_AMT1,BILL_AMT2,BILL_AMT3,BILL_AMT4,BILL_AMT5,BILL_AMT6,PAY_AMT1,PAY_AMT2,PAY_AMT3,PAY_AMT4,PAY_AMT5,PAY_AMT6
0.12658227848101264,1.0,0.3333333333333333,0.3333333333333333,0.09259259259259262,0.4,0.4444444444444444,0.4,0.4,0.4,0.4,0.1587330490050341,0.1612579117995163,0.22766774671158507,0.21723210058551026,0.2904268912396284,0.5128597224516962,0.017228868286315414,0.0017928712180604069,0.013141364283874494,0.009248936372317183,0.00876128337340332,0.009913258983890954
