LIMIT_BAL,SEX,EDUCATION,MARRIAGE,AGE,PAY_0,PAY_2,PAY_3,PAY_4,PAY_5,PAY_6,BILL_AMT1,BILL_AMT2,BILL_AMT3,BILL_AMT4,BILL_AMT5,BILL_AMT6,PAY_AMT1,PAY_AMT2,PAY_AMT3,PAY_AMT4,PAY_AMT5,PAY_AMT6
0.08860759493670886,1.0,0.5,0.6666666666666666,0.5555555555555556,0.2,0.2222222222222222,0.2,0.2,0.2,0.2,0.14568084174571505,0.1430401893685998,0.20453783926092578,0.19648454121045408,0.1714051823021343,0.427435636939727,0.006080777042228969,0.0024554186272800027,0.010513091427099596,0.004999425066117396,0.005153696102001953,0.004956629491945477
