LIMIT_BAL,SEX,EDUCATION,MARRIAGE,AGE,PAY_0,PAY_2,PAY_3,PAY_4,PAY_5,PAY_6,BILL_AMT1,BILL_AMT2,BILL_AMT3,BILL_AMT4,BILL_AMT5,BILL_AMT6,PAY_AMT1,PAY_AMT2,PAY_AMT3,PAY_AMT4,PAY_AMT5,PAY_AMT6
0.05063291139240507,1.0,0.3333333333333333,0.3333333333333333,0.4444444444444444,0.2,0.2222222222222222,0.4,0.1,0.2,0.2,0.029502854532639934,0.04696778675448979,0.07648896819121913,0.08083277898635408,0.13594147769793108,0.3983977051819719,0.0024586608507412466,0.0,0.008767918250201063,0.0,0.0,0.0009665427509293681
