LIMIT_BAL,SEX,EDUCATION,MARRIAGE,AGE,PAY_0,PAY_2,PAY_3,PAY_4,PAY_5,PAY_6,BILL_AMT1,BILL_AMT2,BILL_AMT3,BILL_AMT4,BILL_AMT5,BILL_AMT6,PAY_AMT1,PAY_AMT2,PAY_AMT3,PAY_AMT4,PAY_AMT5,PAY_AMT6
0.08860759493670886,0.0,0.3333333333333333,0.6666666666666666,0.07407407407407407,0.4,0.2222222222222222,0.2,0.2,0.2,0.0,0.14476412628697274,0.14359594504193898,0.2076789378036079,0.1063012770955814,0.13289738989487032,0.3979407101702482,0.0063827889686596745,0.0024766071053116258,0.004073822928001093,0.0,0.0,0.0
