LIMIT_BAL,SEX,EDUCATION,MARRIAGE,AGE,PAY_0,PAY_2,PAY_3,PAY_4,PAY_5,PAY_6,BILL_AMT1,BILL_AMT2,BILL_AMT3,BILL_AMT4,BILL_AMT5,BILL_AMT6,PAY_AMT1,PAY_AMT2,PAY_AMT3,PAY_AMT4,PAY_AMT5,PAY_AMT6
0.16455696202531644,0.0,0.3333333333333333,0.3333333333333333,0.3148148148148149,0.4,0.4444444444444444,0.4,0.4,0.4,0.4,0.23103898081333382,0.21697499099469975,0.29347400877130725,0.28374624692112693,0.363525847785806,0.5469726424037469,0.014188479765200929,0.0,0.02838534685316891,0.011998620158681752,0.0,0.012391573729863693
