LIMIT_BAL,SEX,EDUCATION,MARRIAGE,AGE,PAY_0,PAY_2,PAY_3,PAY_4,PAY_5,PAY_6,BILL_AMT1,BILL_AMT2,BILL_AMT3,BILL_AMT4,BILL_AMT5,BILL_AMT6,PAY_AMT1,PAY_AMT2,PAY_AMT3,PAY_AMT4,PAY_AMT5,PAY_AMT6
0.05063291139240507,0.0,0.16666666666666666,0.6666666666666666,0.18518518518518523,0.2,0.2222222222222222,0.2,0.2,0.2,0.2,0.10116363213966725,0.10630242371224208,0.14624182332269794,0.14297058065598725,0.2075682264552962,0.45263363881692187,0.0034599621370282837,0.0015875059694462148,0.03087169297567796,0.004087029991550971,0.004411563863313672,0.009913258983890954
