LIMIT_BAL,SEX,EDUCATION,MARRIAGE,AGE,PAY_0,PAY_2,PAY_3,PAY_4,PAY_5,PAY_6,BILL_AMT1,BILL_AMT2,BILL_AMT3,BILL_AMT4,BILL_AMT5,BILL_AMT6,PAY_AMT1,PAY_AMT2,PAY_AMT3,PAY_AMT4,PAY_AMT5,PAY_AMT6
0.26582278481012656,0.0,0.3333333333333333,0.3333333333333333,0.35185185185185186,0.1,0.1111111111111111,0.1,0.1,0.1,0.1,0.027639598968381165,0.04419029485926002,0.09477105303554245,0.08315654159400226,0.13793492220664505,0.40895663351695155,0.00202692568074299,0.009199874173038152,0.012844369451058931,0.007706613739419966,0.025820017471029785,0.016042131350681537
