LIMIT_BAL,SEX,EDUCATION,MARRIAGE,AGE,PAY_0,PAY_2,PAY_3,PAY_4,PAY_5,PAY_6,BILL_AMT1,BILL_AMT2,BILL_AMT3,BILL_AMT4,BILL_AMT5,BILL_AMT6,PAY_AMT1,PAY_AMT2,PAY_AMT3,PAY_AMT4,PAY_AMT5,PAY_AMT6
0.0379746835443038,0.0,0.16666666666666666,0.3333333333333333,0.2222222222222222,0.2,0.2222222222222222,0.4,0.4,0.4,0.5,0.05716129012003636,0.07356944372973809,0.11438682554275972,0.11250546855803863,0.17664696097750676,0.4284878972487728,0.006891547314526165,0.0,0.005256545713549798,0.0074991375991760945,0.0,0.0
