LIMIT_BAL,SEX,EDUCATION,MARRIAGE,AGE,PAY_0,PAY_2,PAY_3,PAY_4,PAY_5,PAY_6,BILL_AMT1,BILL_AMT2,BILL_AMT3,BILL_AMT4,BILL_AMT5,BILL_AMT6,PAY_AMT1,PAY_AMT2,PAY_AMT3,PAY_AMT4,PAY_AMT5,PAY_AMT6
0.012658227848101266,0.0,0.16666666666666666,0.3333333333333333,0.20370370370370372,0.4,0.2222222222222222,0.2,0.2,0.2,0.4,0.04399606314662581,0.06020815108320898,0.10054321362606237,0.0991052540107753,0.1602941801224171,0.4179828708895349,0.002533657100928737,0.001266419033120851,0.0034167547138073684,0.0037495687995880472,0.0019326360382507324,0.0
