LIMIT_BAL,SEX,EDUCATION,MARRIAGE,AGE,PAY_0,PAY_2,PAY_3,PAY_4,PAY_5,PAY_6,BILL_AMT1,BILL_AMT2,BILL_AMT3,BILL_AMT4,BILL_AMT5,BILL_AMT6,PAY_AMT1,PAY_AMT2,PAY_AMT3,PAY_AMT4,PAY_AMT5,PAY_AMT6
0.012658227848101266,0.0,0.3333333333333333,0.6666666666666666,0.2592592592592593,0.4,0.4444444444444444,0.5,0.4,0.2,0.2,0.04771158624738446,0.06365846755518963,0.1044848548871895,0.10071286025062476,0.16072228050051798,0.4182183990878848,0.0032430810891887836,0.0013039063404075685,0.0,0.002499712533058698,0.0018037936357006836,0.0024783147459727386
