LIMIT_BAL,SEX,EDUCATION,MARRIAGE,AGE,PAY_0,PAY_2,PAY_3,PAY_4,PAY_5,PAY_6,BILL_AMT1,BILL_AMT2,BILL_AMT3,BILL_AMT4,BILL_AMT5,BILL_AMT6,PAY_AMT1,PAY_AMT2,PAY_AMT3,PAY_AMT4,PAY_AMT5,PAY_AMT6
0.05063291139240507,1.0,0.16666666666666666,0.6666666666666666,0.16666666666666674,0.4,0.2222222222222222,0.2,0.2,0.2,0.2,0.028721134843506937,0.04806000102917718,0.08416097345994564,0.08326291628461673,0.14146593334052282,0.4074719856198903,0.0024890647359523915,0.0008809517212378635,0.000467832568505932,0.0009148947870994835,0.008132532448959081,0.0
