LIMIT_BAL,SEX,EDUCATION,MARRIAGE,AGE,PAY_0,PAY_2,PAY_3,PAY_4,PAY_5,PAY_6,BILL_AMT1,BILL_AMT2,BILL_AMT3,BILL_AMT4,BILL_AMT5,BILL_AMT6,PAY_AMT1,PAY_AMT2,PAY_AMT3,PAY_AMT4,PAY_AMT5,PAY_AMT6
0.012658227848101266,0.0,0.5,0.6666666666666666,0.5740740740740741,0.4,0.2222222222222222,0.2,0.2,0.2,0.2,0.04606495180180109,0.06035866824473833,0.10028571947332543,0.11689829380989195,0.15574683908327697,0.3979407101702482,0.0027120265608341202,0.0011409180478566224,0.0007201467627563223,0.0013998390185128709,0.0,0.0
