LIMIT_BAL,SEX,EDUCATION,MARRIAGE,AGE,PAY_0,PAY_2,PAY_3,PAY_4,PAY_5,PAY_6,BILL_AMT1,BILL_AMT2,BILL_AMT3,BILL_AMT4,BILL_AMT5,BILL_AMT6,PAY_AMT1,PAY_AMT2,PAY_AMT3,PAY_AMT4,PAY_AMT5,PAY_AMT6
0.05063291139240507,0.0,0.3333333333333333,0.6666666666666666,0.5555555555555556,0.2,0.2222222222222222,0.2,0.4,0.4,0.2,0.0477257137116459,0.06418334791334329,0.10643586827523485,0.10307407873524987,0.1627745479619481,0.4099163230415713,0.00405385136148598,0.001955859510611353,0.0011038745998454575,0.001499827519835219,0.001546108830600586,0.0012391573729863693
