LIMIT_BAL,SEX,EDUCATION,MARRIAGE,AGE,PAY_0,PAY_2,PAY_3,PAY_4,PAY_5,PAY_6,BILL_AMT1,BILL_AMT2,BILL_AMT3,BILL_AMT4,BILL_AMT5,BILL_AMT6,PAY_AMT1,PAY_AMT2,PAY_AMT3,PAY_AMT4,PAY_AMT5,PAY_AMT6
0.012658227848101266,1.0,0.3333333333333333,0.6666666666666666,0.018518518518518545,0.4,0.2222222222222222,0.2,0.4,0.5,0.4,0.03447572195266672,0.055396747800133796,0.09668740374918089,0.09673354788059665,0.15485305699617324,0.4132699633583743,0.006486162178377567,0.002363330241988718,0.005256545713549798,0.0,0.0,0.011400247831474598
