LIMIT_BAL,SEX,EDUCATION,MARRIAGE,AGE,PAY_0,PAY_2,PAY_3,PAY_4,PAY_5,PAY_6,BILL_AMT1,BILL_AMT2,BILL_AMT3,BILL_AMT4,BILL_AMT5,BILL_AMT6,PAY_AMT1,PAY_AMT2,PAY_AMT3,PAY_AMT4,PAY_AMT5,PAY_AMT6
0.08860759493670886,0.0,0.5,0.6666666666666666,0.2592592592592593,0.4,0.2222222222222222,0.2,0.2,0.2,0.2,0.16220683549509698,0.15265785004888593,0.21503072598495643,0.16523585216614828,0.2651526292225893,0.4300897233539684,0.006615885421945119,0.0033347404655923564,0.0063078548562597574,0.10881748598911124,0.0038936174050624756,0.002973977695167286
