LIMIT_BAL,SEX,EDUCATION,MARRIAGE,AGE,PAY_0,PAY_2,PAY_3,PAY_4,PAY_5,PAY_6,BILL_AMT1,BILL_AMT2,BILL_AMT3,BILL_AMT4,BILL_AMT5,BILL_AMT6,PAY_AMT1,PAY_AMT2,PAY_AMT3,PAY_AMT4,PAY_AMT5,PAY_AMT6
0.1139240506329114,0.0,0.3333333333333333,0.3333333333333333,0.2407407407407407,0.4,0.4444444444444444,0.4,0.2,0.2,0.4,0.1561932448744775,0.13890161066227552,0.18331107769555938,0.16338103713825114,0.215999516344611,0.44481785233436566,0.004661929065708876,0.0016298829255094608,0.011827227855487045,0.008249051359093703,0.0,0.008674101610904586
