LIMIT_BAL,SEX,EDUCATION,MARRIAGE,AGE,PAY_0,PAY_2,PAY_3,PAY_4,PAY_5,PAY_6,BILL_AMT1,BILL_AMT2,BILL_AMT3,BILL_AMT4,BILL_AMT5,BILL_AMT6,PAY_AMT1,PAY_AMT2,PAY_AMT3,PAY_AMT4,PAY_AMT5,PAY_AMT6
0.34177215189873417,1.0,0.16666666666666666,0.6666666666666666,0.16666666666666674,0.0,0.0,0.0,0.0,0.0,0.0,0.02865363695870228,0.04718262748932229,0.0763552693042211,0.07580470206097217,0.13286471047669468,0.3987375219855613,0.006741554814151184,0.00012224121941320956,0.0,0.0,0.0018037936357006836,0.0
