LIMIT_BAL,SEX,EDUCATION,MARRIAGE,AGE,PAY_0,PAY_2,PAY_3,PAY_4,PAY_5,PAY_6,BILL_AMT1,BILL_AMT2,BILL_AMT3,BILL_AMT4,BILL_AMT5,BILL_AMT6,PAY_AMT1,PAY_AMT2,PAY_AMT3,PAY_AMT4,PAY_AMT5,PAY_AMT6
0.4430379746835443,1.0,0.3333333333333333,0.6666666666666666,0.07407407407407407,0.4,0.4444444444444444,0.0,0.0,0.0,0.0,0.026562772248009205,0.04285236453455463,0.07607136549479318,0.07577473735939064,0.13283203105851904,0.39929177491003637,8.107702722971959e-05,0.0,0.0,0.0,0.003074179724844165,4.213135068153656e-05
