LIMIT_BAL,SEX,EDUCATION,MARRIAGE,AGE,PAY_0,PAY_2,PAY_3,PAY_4,PAY_5,PAY_6,BILL_AMT1,BILL_AMT2,BILL_AMT3,BILL_AMT4,BILL_AMT5,BILL_AMT6,PAY_AMT1,PAY_AMT2,PAY_AMT3,PAY_AMT4,PAY_AMT5,PAY_AMT6
0.0379746835443038,1.0,0.16666666666666666,0.6666666666666666,0.03703703703703709,0.4,0.4444444444444444,0.4,0.2,0.2,0.2,0.05515205075840937,0.06954536098389338,0.11091560629144047,0.10792686215637978,0.17058656287683455,0.42569202520268895,0.0030403885211144847,0.0008149414627547304,0.002628272856774899,0.004999425066117396,0.0025768480510009765,0.002215613382899628
