LIMIT_BAL,SEX,EDUCATION,MARRIAGE,AGE,PAY_0,PAY_2,PAY_3,PAY_4,PAY_5,PAY_6,BILL_AMT1,BILL_AMT2,BILL_AMT3,BILL_AMT4,BILL_AMT5,BILL_AMT6,PAY_AMT1,PAY_AMT2,PAY_AMT3,PAY_AMT4,PAY_AMT5,PAY_AMT6
0.12658227848101264,0.0,0.3333333333333333,0.3333333333333333,0.6666666666666667,0.2,0.2222222222222222,0.2,0.2,0.2,0.2,0.09644348935809512,0.09571347707507849,0.14231173628637311,0.13675140684273926,0.1958526550393297,0.43414877648373973,0.004674090619793334,0.0017203414278752357,0.007908473026035671,0.004312004119526254,0.0038652720765014648,0.0
