LIMIT_BAL,SEX,EDUCATION,MARRIAGE,AGE,PAY_0,PAY_2,PAY_3,PAY_4,PAY_5,PAY_6,BILL_AMT1,BILL_AMT2,BILL_AMT3,BILL_AMT4,BILL_AMT5,BILL_AMT6,PAY_AMT1,PAY_AMT2,PAY_AMT3,PAY_AMT4,PAY_AMT5,PAY_AMT6
0.012658227848101266,1.0,0.3333333333333333,0.3333333333333333,0.2962962962962963,0.30000000000000004,0.4444444444444444,0.4,0.2,0.2,0.2,0.05528390709151615,0.06965857047290691,0.10928976180140268,0.10598814596405434,0.16634314042672785,0.42214386906038304,0.0030403885211144847,0.0,0.0013141364283874495,0.0016248131464881538,0.001546108830600586,0.0
