LIMIT_BAL,SEX,EDUCATION,MARRIAGE,AGE,PAY_0,PAY_2,PAY_3,PAY_4,PAY_5,PAY_6,BILL_AMT1,BILL_AMT2,BILL_AMT3,BILL_AMT4,BILL_AMT5,BILL_AMT6,PAY_AMT1,PAY_AMT2,PAY_AMT3,PAY_AMT4,PAY_AMT5,PAY_AMT6
0.025316455696202535,1.0,0.16666666666666666,0.6666666666666666,0.09259259259259262,0.2,0.2222222222222222,0.2,0.2,0.2,0.1,0.03881128376267744,0.04887047805279679,0.0821076226522228,0.08150848300701773,0.14077312967519928,0.39901171899259547,0.006384815894340418,0.0008149414627547304,0.0031539274281298787,0.004999425066117396,0.0023552391186148925,0.01811895910780669
