LIMIT_BAL,SEX,EDUCATION,MARRIAGE,AGE,PAY_0,PAY_2,PAY_3,PAY_4,PAY_5,PAY_6,BILL_AMT1,BILL_AMT2,BILL_AMT3,BILL_AMT4,BILL_AMT5,BILL_AMT6,PAY_AMT1,PAY_AMT2,PAY_AMT3,PAY_AMT4,PAY_AMT5,PAY_AMT6
0.05063291139240507,0.0,0.5,0.3333333333333333,0.5740740740740741,0.4,0.4444444444444444,0.4,0.4,0.6000000000000001,0.5,0.08121094344776056,0.09118509751453713,0.13990020450977902,0.13842193895590993,0.19957320679862617,0.44640210170834105,0.00405385136148598,0.0016298829255094608,0.010739122892782237,0.0,0.0038652720765014648,0.0024783147459727386
