LIMIT_BAL,SEX,EDUCATION,MARRIAGE,AGE,PAY_0,PAY_2,PAY_3,PAY_4,PAY_5,PAY_6,BILL_AMT1,BILL_AMT2,BILL_AMT3,BILL_AMT4,BILL_AMT5,BILL_AMT6,PAY_AMT1,PAY_AMT2,PAY_AMT3,PAY_AMT4,PAY_AMT5,PAY_AMT6
0.05063291139240507,1.0,0.16666666666666666,0.6666666666666666,0.05555555555555558,0.2,0.2222222222222222,0.2,0.2,0.2,0.2,0.10117148073092361,0.10491432100036022,0.14819613791782965,0.1199816616026321,0.18181194302016648,0.4335042963390012,0.0037234624755248724,0.0011914444185474157,0.002728147225332345,0.0027146878109017463,0.002754650566520044,0.002562577447335812
