LIMIT_BAL,SEX,EDUCATION,MARRIAGE,AGE,PAY_0,PAY_2,PAY_3,PAY_4,PAY_5,PAY_6,BILL_AMT1,BILL_AMT2,BILL_AMT3,BILL_AMT4,BILL_AMT5,BILL_AMT6,PAY_AMT1,PAY_AMT2,PAY_AMT3,PAY_AMT4,PAY_AMT5,PAY_AMT6
0.13924050632911392,1.0,0.16666666666666666,0.6666666666666666,0.09259259259259262,0.2,0.2222222222222222,0.2,0.2,0.2,0.2,0.18813701128784396,0.17840271702773633,0.26098352862724256,0.24461384489071872,0.319720721692271,0.5328186866432075,0.00810770272297196,0.008149414627547303,0.010513091427099596,0.01249856266529349,0.010822761814204102,0.011152416356877325
