LIMIT_BAL,SEX,EDUCATION,MARRIAGE,AGE,PAY_0,PAY_2,PAY_3,PAY_4,PAY_5,PAY_6,BILL_AMT1,BILL_AMT2,BILL_AMT3,BILL_AMT4,BILL_AMT5,BILL_AMT6,PAY_AMT1,PAY_AMT2,PAY_AMT3,PAY_AMT4,PAY_AMT5,PAY_AMT6
0.06329113924050633,1.0,0.3333333333333333,0.3333333333333333,0.2962962962962963,0.2,0.2222222222222222,0.2,0.2,0.2,0.2,0.119240507521305,0.12045360983893377,0.1751207829142726,0.13632890455043958,0.19936569249321084,0.4453896819900609,0.004884890890590605,0.001795316042448671,0.003942409285162349,0.003999540052893917,0.0038652720765014648,0.0034696406443618343
