LIMIT_BAL,SEX,EDUCATION,MARRIAGE,AGE,PAY_0,PAY_2,PAY_3,PAY_4,PAY_5,PAY_6,BILL_AMT1,BILL_AMT2,BILL_AMT3,BILL_AMT4,BILL_AMT5,BILL_AMT6,PAY_AMT1,PAY_AMT2,PAY_AMT3,PAY_AMT4,PAY_AMT5,PAY_AMT6
0.08860759493670886,1.0,0.3333333333333333,0.6666666666666666,0.14814814814814814,0.2,0.2222222222222222,0.2,0.2,0.2,0.2,0.09737276256284759,0.08802552359388668,0.1302969930955254,0.11468390236301637,0.1760570974794365,0.4297288144729148,0.00405385136148598,0.0016298829255094608,0.0028911001424523886,0.002499712533058698,0.0028345328561010744,0.0024783147459727386
