LIMIT_BAL,SEX,EDUCATION,MARRIAGE,AGE,PAY_0,PAY_2,PAY_3,PAY_4,PAY_5,PAY_6,BILL_AMT1,BILL_AMT2,BILL_AMT3,BILL_AMT4,BILL_AMT5,BILL_AMT6,PAY_AMT1,PAY_AMT2,PAY_AMT3,PAY_AMT4,PAY_AMT5,PAY_AMT6
0.2531645569620253,1.0,0.8333333333333333,0.3333333333333333,0.2592592592592593,0.2,0.2222222222222222,0.2,0.0,0.0,0.1,0.15591383502575124,0.07371867441980137,0.0761373896365206,0.07583466676255371,0.13289738989487032,0.3982207660876891,0.00405385136148598,0.0,0.0,0.0,0.0006158666841892334,0.0008004956629491946
