LIMIT_BAL,SEX,EDUCATION,MARRIAGE,AGE,PAY_0,PAY_2,PAY_3,PAY_4,PAY_5,PAY_6,BILL_AMT1,BILL_AMT2,BILL_AMT3,BILL_AMT4,BILL_AMT5,BILL_AMT6,PAY_AMT1,PAY_AMT2,PAY_AMT3,PAY_AMT4,PAY_AMT5,PAY_AMT6
0.012658227848101266,0.0,0.5,0.3333333333333333,0.42592592592592593,0.1,0.1111111111111111,0.1,0.1,0.2,0.2,0.027988076420163342,0.04312123707096177,0.07821880070447759,0.07758760180507362,0.13417188720372022,0.3983977051819719,0.00034255044004556526,0.001027641184533715,0.003075079242426632,0.0,0.0,0.0
