LIMIT_BAL,SEX,EDUCATION,MARRIAGE,AGE,PAY_0,PAY_2,PAY_3,PAY_4,PAY_5,PAY_6,BILL_AMT1,BILL_AMT2,BILL_AMT3,BILL_AMT4,BILL_AMT5,BILL_AMT6,PAY_AMT1,PAY_AMT2,PAY_AMT3,PAY_AMT4,PAY_AMT5,PAY_AMT6
0.025316455696202535,1.0,0.3333333333333333,0.6666666666666666,0.018518518518518545,0.4,0.4444444444444444,0.2,0.2,0.2,0.4,0.07321008952103186,0.07447897905624454,0.12279499999174699,0.12148588962202525,0.18074659398764065,0.4281281601498006,0.0,0.00456367219142649,0.00789795993460857,0.002999655039670438,0.0,0.012391573729863693
