LIMIT_BAL,SEX,EDUCATION,MARRIAGE,AGE,PAY_0,PAY_2,PAY_3,PAY_4,PAY_5,PAY_6,BILL_AMT1,BILL_AMT2,BILL_AMT3,BILL_AMT4,BILL_AMT5,BILL_AMT6,PAY_AMT1,PAY_AMT2,PAY_AMT3,PAY_AMT4,PAY_AMT5,PAY_AMT6
0.05063291139240507,1.0,0.16666666666666666,0.6666666666666666,0.7407407407407407,0.5,0.4444444444444444,0.2,0.2,0.0,0.0,0.1189312730258046,0.11293675706272835,0.16461799256898285,0.07583466676255371,0.13289738989487032,0.3979407101702482,0.0,0.0008964356090302034,0.0,0.0,0.0,0.0
