LIMIT_BAL,SEX,EDUCATION,MARRIAGE,AGE,PAY_0,PAY_2,PAY_3,PAY_4,PAY_5,PAY_6,BILL_AMT1,BILL_AMT2,BILL_AMT3,BILL_AMT4,BILL_AMT5,BILL_AMT6,PAY_AMT1,PAY_AMT2,PAY_AMT3,PAY_AMT4,PAY_AMT5,PAY_AMT6
0.2531645569620253,0.0,0.3333333333333333,0.3333333333333333,0.5925925925925926,0.30000000000000004,0.1111111111111111,0.4,0.1,0.1,0.1,0.02372001249495728,0.047014099727268055,0.07914313868866152,0.07835619640064004,0.13289738989487032,0.40026786938379494,0.006875331909080221,1.6298829255094607e-06,0.004423383217952155,0.0,0.005117620229287939,0.0029442379182156135
