LIMIT_BAL,SEX,EDUCATION,MARRIAGE,AGE,PAY_0,PAY_2,PAY_3,PAY_4,PAY_5,PAY_6,BILL_AMT1,BILL_AMT2,BILL_AMT3,BILL_AMT4,BILL_AMT5,BILL_AMT6,PAY_AMT1,PAY_AMT2,PAY_AMT3,PAY_AMT4,PAY_AMT5,PAY_AMT6
0.1772151898734177,1.0,0.3333333333333333,0.3333333333333333,0.05555555555555558,0.1,0.1111111111111111,0.1,0.1,0.1,0.1,0.044072979340938095,0.043449287294807806,0.07642954646366444,0.07822584994876036,0.13355914811292702,0.3979407101702482,0.0018282869640301768,0.0001442446389075873,0.004194723479412739,0.0010123835758887728,0.0,0.0
