LIMIT_BAL,SEX,EDUCATION,MARRIAGE,AGE,PAY_0,PAY_2,PAY_3,PAY_4,PAY_5,PAY_6,BILL_AMT1,BILL_AMT2,BILL_AMT3,BILL_AMT4,BILL_AMT5,BILL_AMT6,PAY_AMT1,PAY_AMT2,PAY_AMT3,PAY_AMT4,PAY_AMT5,PAY_AMT6
0.36708860759493667,1.0,0.3333333333333333,0.3333333333333333,0.2222222222222222,0.4,0.4444444444444444,0.2,0.2,0.2,0.2,0.4620826707814214,0.3941967272165904,0.5365072238664067,0.5012135704140522,0.5464766685293936,0.6868553001461212,0.0,0.008669347280784822,0.027778215823253908,0.02201996770371407,0.022890141237041674,0.024684014869888478
