LIMIT_BAL,SEX,EDUCATION,MARRIAGE,AGE,PAY_0,PAY_2,PAY_3,PAY_4,PAY_5,PAY_6,BILL_AMT1,BILL_AMT2,BILL_AMT3,BILL_AMT4,BILL_AMT5,BILL_AMT6,PAY_AMT1,PAY_AMT2,PAY_AMT3,PAY_AMT4,PAY_AMT5,PAY_AMT6
0.025316455696202535,1.0,0.5,0.6666666666666666,0.537037037037037,0.2,0.2222222222222222,0.4,0.2,0.2,0.2,0.05211307622394856,0.06745870426593939,0.1092782075766004,0.10720021814302752,0.1610474407113656,0.41857110549436893,0.0036484662253373815,0.0013039063404075685,0.004205236570839838,0.002499712533058698,0.0018914064694347168,0.0011920693928128873
