LIMIT_BAL,SEX,EDUCATION,MARRIAGE,AGE,PAY_0,PAY_2,PAY_3,PAY_4,PAY_5,PAY_6,BILL_AMT1,BILL_AMT2,BILL_AMT3,BILL_AMT4,BILL_AMT5,BILL_AMT6,PAY_AMT1,PAY_AMT2,PAY_AMT3,PAY_AMT4,PAY_AMT5,PAY_AMT6
0.0,0.0,0.5,0.6666666666666666,0.05555555555555558,0.2,0.1111111111111111,0.1,0.2,0.2,0.2,0.03860408095350965,0.04325503010343231,0.08988196534062681,0.08988661356921546,0.14852795560827836,0.40938433397664165,0.0005533507108428362,0.00678601756035864,0.0031539274281298787,0.0008549016863060747,0.0009122042100543457,0.0010855018587360595
