LIMIT_BAL,SEX,EDUCATION,MARRIAGE,AGE,PAY_0,PAY_2,PAY_3,PAY_4,PAY_5,PAY_6,BILL_AMT1,BILL_AMT2,BILL_AMT3,BILL_AMT4,BILL_AMT5,BILL_AMT6,PAY_AMT1,PAY_AMT2,PAY_AMT3,PAY_AMT4,PAY_AMT5,PAY_AMT6
0.18987341772151897,0.0,0.16666666666666666,0.6666666666666666,0.16666666666666674,0.30000000000000004,0.1111111111111111,0.1,0.1,0.2,0.1,0.024029246990457682,0.043740029846138014,0.0761373896365206,0.07680851956395367,0.13342843044022445,0.39832153934668457,0.0013175016924829434,0.0,0.0017083773569036842,0.0,0.0008374756165753173,0.0008054522924411401
