LIMIT_BAL,SEX,EDUCATION,MARRIAGE,AGE,PAY_0,PAY_2,PAY_3,PAY_4,PAY_5,PAY_6,BILL_AMT1,BILL_AMT2,BILL_AMT3,BILL_AMT4,BILL_AMT5,BILL_AMT6,PAY_AMT1,PAY_AMT2,PAY_AMT3,PAY_AMT4,PAY_AMT5,PAY_AMT6
0.27848101265822783,0.0,0.3333333333333333,0.6666666666666666,0.16666666666666674,0.2,0.2222222222222222,0.4,0.2,0.2,0.2,0.08470042712033617,0.1016711264344157,0.14984013904684249,0.14855899750094387,0.2186432812750202,0.46415342845860263,0.01621540544594392,0.0,0.013062516098171247,0.012266089399719031,0.01271932197974082,0.01245105328376704
