LIMIT_BAL,SEX,EDUCATION,MARRIAGE,AGE,PAY_0,PAY_2,PAY_3,PAY_4,PAY_5,PAY_6,BILL_AMT1,BILL_AMT2,BILL_AMT3,BILL_AMT4,BILL_AMT5,BILL_AMT6,PAY_AMT1,PAY_AMT2,PAY_AMT3,PAY_AMT4,PAY_AMT5,PAY_AMT6
0.5316455696202532,1.0,0.16666666666666666,0.6666666666666666,0.3148148148148149,0.1,0.1111111111111111,0.1,0.1,0.1,0.1,0.02495538075870762,0.043662841558174244,0.07711124572700008,0.07671862545920904,0.13386143273105167,0.39863206159824044,0.001195886151638364,0.0004808154630252909,0.0015506809854971904,0.001474830394504632,0.0015203403500905761,0.0014622057001239157
