LIMIT_BAL,SEX,EDUCATION,MARRIAGE,AGE,PAY_0,PAY_2,PAY_3,PAY_4,PAY_5,PAY_6,BILL_AMT1,BILL_AMT2,BILL_AMT3,BILL_AMT4,BILL_AMT5,BILL_AMT6,PAY_AMT1,PAY_AMT2,PAY_AMT3,PAY_AMT4,PAY_AMT5,PAY_AMT6
0.620253164556962,0.0,0.3333333333333333,0.3333333333333333,0.2592592592592593,0.0,0.0,0.0,0.0,0.0,0.0,0.027631750377124807,0.04468429990222817,0.07842182494028942,0.07790822411199606,0.14203128727496137,0.403262944383707,0.002805265142148298,0.0011278789844525467,0.00363752963377646,0.013973393059798122,0.011704043847646436,0.0024783147459727386
