LIMIT_BAL,SEX,EDUCATION,MARRIAGE,AGE,PAY_0,PAY_2,PAY_3,PAY_4,PAY_5,PAY_6,BILL_AMT1,BILL_AMT2,BILL_AMT3,BILL_AMT4,BILL_AMT5,BILL_AMT6,PAY_AMT1,PAY_AMT2,PAY_AMT3,PAY_AMT4,PAY_AMT5,PAY_AMT6
0.1772151898734177,0.0,0.16666666666666666,0.3333333333333333,0.5185185185185185,0.0,0.0,0.0,0.0,0.0,0.0,0.19881423483298982,0.1832771574126486,0.2454860119602733,0.08038780316786825,0.1323924928840567,0.39757862950711326,0.012161554084457939,0.0032956232753801294,0.0008121363127434438,0.0,0.0,0.0
