LIMIT_BAL,SEX,EDUCATION,MARRIAGE,AGE,PAY_0,PAY_2,PAY_3,PAY_4,PAY_5,PAY_6,BILL_AMT1,BILL_AMT2,BILL_AMT3,BILL_AMT4,BILL_AMT5,BILL_AMT6,PAY_AMT1,PAY_AMT2,PAY_AMT3,PAY_AMT4,PAY_AMT5,PAY_AMT6
0.012658227848101266,0.0,0.5,0.6666666666666666,0.03703703703703709,0.2,0.2222222222222222,0.2,0.2,0.2,0.2,0.05512850498464031,0.0691324036432872,0.10773819447080826,0.10598514949389619,0.16578432237592444,0.42155211910930496,0.0026350033849658868,0.0010838721454637915,0.0034404091695183427,0.001754798198207206,0.0018527537486697021,0.0024783147459727386
