LIMIT_BAL,SEX,EDUCATION,MARRIAGE,AGE,PAY_0,PAY_2,PAY_3,PAY_4,PAY_5,PAY_6,BILL_AMT1,BILL_AMT2,BILL_AMT3,BILL_AMT4,BILL_AMT5,BILL_AMT6,PAY_AMT1,PAY_AMT2,PAY_AMT3,PAY_AMT4,PAY_AMT5,PAY_AMT6
0.24050632911392406,1.0,0.3333333333333333,0.6666666666666666,0.40740740740740744,0.0,0.0,0.0,0.0,0.0,0.0,0.03972642950316847,0.05576853805382597,0.09264342506837625,0.09126798631212432,0.14923709898268972,0.4096585309836759,0.020269256807429897,0.008149414627547303,0.027073838697638235,0.02499712533058698,0.025768480510009767,0.024783147459727387
