LIMIT_BAL,SEX,EDUCATION,MARRIAGE,AGE,PAY_0,PAY_2,PAY_3,PAY_4,PAY_5,PAY_6,BILL_AMT1,BILL_AMT2,BILL_AMT3,BILL_AMT4,BILL_AMT5,BILL_AMT6,PAY_AMT1,PAY_AMT2,PAY_AMT3,PAY_AMT4,PAY_AMT5,PAY_AMT6
0.08860759493670886,1.0,0.5,0.3333333333333333,0.35185185185185186,0.2,0.2222222222222222,0.2,0.2,0.2,0.2,0.07061220581517823,0.08240750270159009,0.12849618462990994,0.12430257157068972,0.18686908298284657,0.43769458906188297,0.0030667385549641435,0.0012444156136264732,0.0030382834224317833,0.002999655039670438,0.0037235454336964112,0.009169764560099132
