LIMIT_BAL,SEX,EDUCATION,MARRIAGE,AGE,PAY_0,PAY_2,PAY_3,PAY_4,PAY_5,PAY_6,BILL_AMT1,BILL_AMT2,BILL_AMT3,BILL_AMT4,BILL_AMT5,BILL_AMT6,PAY_AMT1,PAY_AMT2,PAY_AMT3,PAY_AMT4,PAY_AMT5,PAY_AMT6
0.2151898734177215,1.0,0.16666666666666666,0.6666666666666666,0.20370370370370372,0.1,0.1111111111111111,0.4,0.4,0.1,0.1,0.0289565925811976,0.0504335408840632,0.08079374223184708,0.07583466676255371,0.13750682182854418,0.3979407101702482,0.005717957345375974,0.0,0.0,0.007051689055758588,0.0,0.000436183395291202
