LIMIT_BAL,SEX,EDUCATION,MARRIAGE,AGE,PAY_0,PAY_2,PAY_3,PAY_4,PAY_5,PAY_6,BILL_AMT1,BILL_AMT2,BILL_AMT3,BILL_AMT4,BILL_AMT5,BILL_AMT6,PAY_AMT1,PAY_AMT2,PAY_AMT3,PAY_AMT4,PAY_AMT5,PAY_AMT6
0.08860759493670886,1.0,0.3333333333333333,0.3333333333333333,0.37037037037037035,0.1,0.1111111111111111,0.1,0.1,0.0,0.1,0.0246414371084534,0.043405547264961666,0.07678112501836297,0.07525035508171374,0.13289738989487032,0.3997686902171429,0.000790501015489766,0.0006356543409486897,0.0,0.0009748878878928923,0.004586789530781738,0.0
