LIMIT_BAL,SEX,EDUCATION,MARRIAGE,AGE,PAY_0,PAY_2,PAY_3,PAY_4,PAY_5,PAY_6,BILL_AMT1,BILL_AMT2,BILL_AMT3,BILL_AMT4,BILL_AMT5,BILL_AMT6,PAY_AMT1,PAY_AMT2,PAY_AMT3,PAY_AMT4,PAY_AMT5,PAY_AMT6
0.06329113924050633,1.0,0.3333333333333333,0.3333333333333333,0.14814814814814814,0.2,0.2222222222222222,0.2,0.2,0.2,0.2,0.12382879396977037,0.12182498842175682,0.17044957488705748,0.15228360990752893,0.17246072750920743,0.40414529629095813,0.0044349133894656615,0.001862141242394559,0.0037558019123313303,0.00042245141808691997,0.001097737269726416,0.07273853779429988
