LIMIT_BAL,SEX,EDUCATION,MARRIAGE,AGE,PAY_0,PAY_2,PAY_3,PAY_4,PAY_5,PAY_6,BILL_AMT1,BILL_AMT2,BILL_AMT3,BILL_AMT4,BILL_AMT5,BILL_AMT6,PAY_AMT1,PAY_AMT2,PAY_AMT3,PAY_AMT4,PAY_AMT5,PAY_AMT6
0.012658227848101266,1.0,0.5,0.3333333333333333,0.6851851851851851,0.4,0.4444444444444444,0.4,0.4,0.2,0.2,0.037037502138741116,0.05702670714763547,0.09463570354500124,0.09265535199534948,0.15257366757842244,0.41299810991550273,0.006080777042228969,0.0005704590239283112,0.0013141364283874495,0.002499712533058698,0.0025768480510009765,0.0024783147459727386
