LIMIT_BAL,SEX,EDUCATION,MARRIAGE,AGE,PAY_0,PAY_2,PAY_3,PAY_4,PAY_5,PAY_6,BILL_AMT1,BILL_AMT2,BILL_AMT3,BILL_AMT4,BILL_AMT5,BILL_AMT6,PAY_AMT1,PAY_AMT2,PAY_AMT3,PAY_AMT4,PAY_AMT5,PAY_AMT6
0.012658227848101266,0.0,0.3333333333333333,0.6666666666666666,0.33333333333333337,0.4,0.4444444444444444,0.4,0.2,0.2,0.2,0.054667007818766614,0.0688931199505995,0.10763420644758756,0.10413632740631536,0.1644117868125476,0.4210845780588492,0.0026329764592851438,0.0,0.0017530579954688577,0.001729801072876619,0.001999634087576758,0.009244114002478316
