LIMIT_BAL,SEX,EDUCATION,MARRIAGE,AGE,PAY_0,PAY_2,PAY_3,PAY_4,PAY_5,PAY_6,BILL_AMT1,BILL_AMT2,BILL_AMT3,BILL_AMT4,BILL_AMT5,BILL_AMT6,PAY_AMT1,PAY_AMT2,PAY_AMT3,PAY_AMT4,PAY_AMT5,PAY_AMT6
0.30379746835443033,1.0,0.16666666666666666,0.3333333333333333,0.3148148148148149,0.1,0.1111111111111111,0.1,0.1,0.1,0.1,0.024864337100133894,0.04432666083466269,0.07741000496831667,0.07677106368697674,0.13469312392362168,0.39832271112876594,0.0022417798029017466,0.0006283198677838972,0.0016426705354843118,0.0027471840738315092,0.0008400524646263184,0.0008079306071871128
