LIMIT_BAL,SEX,EDUCATION,MARRIAGE,AGE,PAY_0,PAY_2,PAY_3,PAY_4,PAY_5,PAY_6,BILL_AMT1,BILL_AMT2,BILL_AMT3,BILL_AMT4,BILL_AMT5,BILL_AMT6,PAY_AMT1,PAY_AMT2,PAY_AMT3,PAY_AMT4,PAY_AMT5,PAY_AMT6
0.15189873417721517,0.0,0.5,0.3333333333333333,0.3148148148148149,0.2,0.2222222222222222,0.2,0.2,0.1,0.2,0.034012655068541744,0.04981860752328514,0.08517609463900476,0.08621893409563534,0.29534024176233564,0.5147697272442848,0.002205295140648373,0.0009689653992153744,0.0069544099790263825,0.26144493383260925,0.008653055755261279,0.008213135068153656
