LIMIT_BAL,SEX,EDUCATION,MARRIAGE,AGE,PAY_0,PAY_2,PAY_3,PAY_4,PAY_5,PAY_6,BILL_AMT1,BILL_AMT2,BILL_AMT3,BILL_AMT4,BILL_AMT5,BILL_AMT6,PAY_AMT1,PAY_AMT2,PAY_AMT3,PAY_AMT4,PAY_AMT5,PAY_AMT6
0.08860759493670886,1.0,0.3333333333333333,0.3333333333333333,0.09259259259259262,0.2,0.2222222222222222,0.2,0.2,0.2,0.2,0.14239385172755342,0.14026527041630218,0.19541495347773913,0.15121387006106807,0.21439659088309593,0.45664816422760224,0.006080777042228969,0.0017928712180604069,0.004546912042220575,0.004499482559505657,0.006442120127502442,0.007434944237918216
