LIMIT_BAL,SEX,EDUCATION,MARRIAGE,AGE,PAY_0,PAY_2,PAY_3,PAY_4,PAY_5,PAY_6,BILL_AMT1,BILL_AMT2,BILL_AMT3,BILL_AMT4,BILL_AMT5,BILL_AMT6,PAY_AMT1,PAY_AMT2,PAY_AMT3,PAY_AMT4,PAY_AMT5,PAY_AMT6
0.0,0.0,0.3333333333333333,0.3333333333333333,0.42592592592592593,0.2,0.2222222222222222,0.4,0.2,0.2,0.2,0.03454008040096883,0.054584984305048115,0.09065279719529447,0.09022371646200775,0.14859004650281207,0.4094241745674073,0.005407837716222297,0.0,0.0031329012452756795,0.0,0.0005050622179961914,0.0
