LIMIT_BAL,SEX,EDUCATION,MARRIAGE,AGE,PAY_0,PAY_2,PAY_3,PAY_4,PAY_5,PAY_6,BILL_AMT1,BILL_AMT2,BILL_AMT3,BILL_AMT4,BILL_AMT5,BILL_AMT6,PAY_AMT1,PAY_AMT2,PAY_AMT3,PAY_AMT4,PAY_AMT5,PAY_AMT6
0.24050632911392406,0.0,0.16666666666666666,0.6666666666666666,0.3148148148148149,0.2,0.2222222222222222,0.2,0.4,0.4,0.4,0.3073414152893697,0.27842587351412545,0.39888815345331025,0.3619376374630685,0.4631866354251429,0.625648434909263,0.014188479765200929,0.012631592672698321,0.0,0.03545592256890458,0.0,0.01660470879801735
