LIMIT_BAL,SEX,EDUCATION,MARRIAGE,AGE,PAY_0,PAY_2,PAY_3,PAY_4,PAY_5,PAY_6,BILL_AMT1,BILL_AMT2,BILL_AMT3,BILL_AMT4,BILL_AMT5,BILL_AMT6,PAY_AMT1,PAY_AMT2,PAY_AMT3,PAY_AMT4,PAY_AMT5,PAY_AMT6
0.05063291139240507,1.0,0.3333333333333333,0.3333333333333333,0.42592592592592593,0.2,0.2222222222222222,0.2,0.2,0.2,0.2,0.02928937285046707,0.04852313075695981,0.08503579333783398,0.0854248695037246,0.14356395198739882,0.4057494659603164,0.0021829989581602,0.0008964356090302034,0.002906869779593038,0.0005824330202026767,0.0006210203802912354,0.0006022304832713755
