LIMIT_BAL,SEX,EDUCATION,MARRIAGE,AGE,PAY_0,PAY_2,PAY_3,PAY_4,PAY_5,PAY_6,BILL_AMT1,BILL_AMT2,BILL_AMT3,BILL_AMT4,BILL_AMT5,BILL_AMT6,PAY_AMT1,PAY_AMT2,PAY_AMT3,PAY_AMT4,PAY_AMT5,PAY_AMT6
0.025316455696202535,1.0,0.3333333333333333,0.6666666666666666,0.12962962962962965,0.2,0.2222222222222222,0.2,0.2,0.2,0.2,0.06350766100992533,0.07667755879174601,0.12080932392929475,0.11761145370753252,0.18059300072221515,0.4281597982659968,0.006080777042228969,0.002444824388264191,0.005256545713549798,0.004999425066117396,0.002754650566520044,0.0026617100371747215
