LIMIT_BAL,SEX,EDUCATION,MARRIAGE,AGE,PAY_0,PAY_2,PAY_3,PAY_4,PAY_5,PAY_6,BILL_AMT1,BILL_AMT2,BILL_AMT3,BILL_AMT4,BILL_AMT5,BILL_AMT6,PAY_AMT1,PAY_AMT2,PAY_AMT3,PAY_AMT4,PAY_AMT5,PAY_AMT6
0.025316455696202535,0.0,0.3333333333333333,0.6666666666666666,0.07407407407407407,0.2,0.2222222222222222,0.2,0.2,0.2,0.2,0.037943229569724526,0.05584829928472187,0.09525302927015264,0.09468246405734045,0.15530893487972341,0.4153158948723987,0.0030403885211144847,0.0016298829255094608,0.003942409285162349,0.0037495687995880472,0.0038652720765014648,0.004956629491945477
