LIMIT_BAL,SEX,EDUCATION,MARRIAGE,AGE,PAY_0,PAY_2,PAY_3,PAY_4,PAY_5,PAY_6,BILL_AMT1,BILL_AMT2,BILL_AMT3,BILL_AMT4,BILL_AMT5,BILL_AMT6,PAY_AMT1,PAY_AMT2,PAY_AMT3,PAY_AMT4,PAY_AMT5,PAY_AMT6
0.05063291139240507,0.0,0.16666666666666666,0.3333333333333333,0.05555555555555558,0.2,0.2222222222222222,0.2,0.2,0.2,0.2,0.09895817799663138,0.1034001440848042,0.15553472127083268,0.1486668704266374,0.21372176089776898,0.45688017707970807,0.003573469975149891,0.0014994922914687038,0.004602105772212848,0.004292006419261784,0.004568751594424732,0.004572490706319703
