LIMIT_BAL,SEX,EDUCATION,MARRIAGE,AGE,PAY_0,PAY_2,PAY_3,PAY_4,PAY_5,PAY_6,BILL_AMT1,BILL_AMT2,BILL_AMT3,BILL_AMT4,BILL_AMT5,BILL_AMT6,PAY_AMT1,PAY_AMT2,PAY_AMT3,PAY_AMT4,PAY_AMT5,PAY_AMT6
0.025316455696202535,1.0,0.3333333333333333,0.6666666666666666,0.4814814814814815,0.4,0.4444444444444444,0.4,0.4,0.4,0.4,0.047714725683887,0.06353753923737972,0.10432969815413007,0.10175713010074133,0.1615261941876387,0.41890740695171436,0.0030403885211144847,0.0013039063404075685,0.002102618285419919,0.0019997700264469584,0.002061478440800781,0.001982651796778191
