LIMIT_BAL,SEX,EDUCATION,MARRIAGE,AGE,PAY_0,PAY_2,PAY_3,PAY_4,PAY_5,PAY_6,BILL_AMT1,BILL_AMT2,BILL_AMT3,BILL_AMT4,BILL_AMT5,BILL_AMT6,PAY_AMT1,PAY_AMT2,PAY_AMT3,PAY_AMT4,PAY_AMT5,PAY_AMT6
0.025316455696202535,1.0,0.3333333333333333,0.6666666666666666,0.33333333333333337,0.2,0.2222222222222222,0.2,0.2,0.2,0.2,0.07074092271178246,0.08208202542067618,0.1260202793151316,0.11984682044551517,0.1812041058420996,0.43164350639382887,0.0030403885211144847,0.0012370811404616806,0.0037820846408990797,0.002542207646120696,0.0026593071886330077,0.003387856257744734
