LIMIT_BAL,SEX,EDUCATION,MARRIAGE,AGE,PAY_0,PAY_2,PAY_3,PAY_4,PAY_5,PAY_6,BILL_AMT1,BILL_AMT2,BILL_AMT3,BILL_AMT4,BILL_AMT5,BILL_AMT6,PAY_AMT1,PAY_AMT2,PAY_AMT3,PAY_AMT4,PAY_AMT5,PAY_AMT6
0.012658227848101266,1.0,0.16666666666666666,0.6666666666666666,0.018518518518518545,0.2,0.2222222222222222,0.2,0.2,0.2,0.2,0.04350003217922415,0.06052076364946226,0.10051350276228503,0.09908427871966823,0.15947392672620858,0.4175165016211605,0.0030403885211144847,0.0010594239015811495,0.002628272856774899,0.002499712533058698,0.0018321389642616944,0.0024783147459727386
