LIMIT_BAL,SEX,EDUCATION,MARRIAGE,AGE,PAY_0,PAY_2,PAY_3,PAY_4,PAY_5,PAY_6,BILL_AMT1,BILL_AMT2,BILL_AMT3,BILL_AMT4,BILL_AMT5,BILL_AMT6,PAY_AMT1,PAY_AMT2,PAY_AMT3,PAY_AMT4,PAY_AMT5,PAY_AMT6
0.1139240506329114,1.0,0.3333333333333333,0.3333333333333333,0.2222222222222222,0.1,0.1111111111111111,0.1,0.1,0.1,0.2,0.0351224458721904,0.04236607832038286,0.08779725306558343,0.09865128878181502,0.14872893403005855,0.40106819654535203,0.0,0.006097392024330892,0.04025199880150758,0.024259710133334667,0.0,0.011400247831474598
