LIMIT_BAL,SEX,EDUCATION,MARRIAGE,AGE,PAY_0,PAY_2,PAY_3,PAY_4,PAY_5,PAY_6,BILL_AMT1,BILL_AMT2,BILL_AMT3,BILL_AMT4,BILL_AMT5,BILL_AMT6,PAY_AMT1,PAY_AMT2,PAY_AMT3,PAY_AMT4,PAY_AMT5,PAY_AMT6
0.0,0.0,0.16666666666666666,0.3333333333333333,0.537037037037037,0.2,0.2222222222222222,0.2,0.2,0.2,0.2,0.03979392738797313,0.05527453301085782,0.09217795486919793,0.09069116580667973,0.14801162080110328,0.4066833762791466,0.0024201492628071297,0.0008768770139240898,0.0007201467627563223,0.0009248936372317183,0.001216272280072461,0.000929368029739777
