LIMIT_BAL,SEX,EDUCATION,MARRIAGE,AGE,PAY_0,PAY_2,PAY_3,PAY_4,PAY_5,PAY_6,BILL_AMT1,BILL_AMT2,BILL_AMT3,BILL_AMT4,BILL_AMT5,BILL_AMT6,PAY_AMT1,PAY_AMT2,PAY_AMT3,PAY_AMT4,PAY_AMT5,PAY_AMT6
0.3291139240506329,1.0,0.6666666666666666,0.6666666666666666,0.14814814814814814,0.30000000000000004,0.1111111111111111,0.1,0.1,0.0,0.1,0.02401511952619624,0.047104152729892455,0.0862473363385322,0.07583466676255371,0.13289738989487032,0.43304847310935884,0.006636154678752548,0.004994776225223743,0.0,0.0,0.07720494445604026,0.015405204460966543
