LIMIT_BAL,SEX,EDUCATION,MARRIAGE,AGE,PAY_0,PAY_2,PAY_3,PAY_4,PAY_5,PAY_6,BILL_AMT1,BILL_AMT2,BILL_AMT3,BILL_AMT4,BILL_AMT5,BILL_AMT6,PAY_AMT1,PAY_AMT2,PAY_AMT3,PAY_AMT4,PAY_AMT5,PAY_AMT6
0.16455696202531644,1.0,0.3333333333333333,0.6666666666666666,0.05555555555555558,0.2,0.2222222222222222,0.2,0.2,0.2,0.2,0.07867741819020904,0.08896722070704471,0.1369175639072427,0.13019812660685712,0.19283634474171824,0.44147241449213204,0.0038248087595620216,0.002444824388264191,0.00415267111370434,0.0032346280177779556,0.0034916291091063234,0.012391573729863693
