LIMIT_BAL,SEX,EDUCATION,MARRIAGE,AGE,PAY_0,PAY_2,PAY_3,PAY_4,PAY_5,PAY_6,BILL_AMT1,BILL_AMT2,BILL_AMT3,BILL_AMT4,BILL_AMT5,BILL_AMT6,PAY_AMT1,PAY_AMT2,PAY_AMT3,PAY_AMT4,PAY_AMT5,PAY_AMT6
0.12658227848101264,0.0,0.3333333333333333,0.3333333333333333,0.2407407407407407,0.30000000000000004,0.4444444444444444,0.5,0.4,0.2,0.2,0.10804684667149093,0.11835022899192096,0.17047928575083482,0.1582136243505151,0.2267477769825786,0.46731489651406544,0.013377709492903733,0.0,0.0,0.009998850132234793,0.009018968178503417,0.005452292441140025
