LIMIT_BAL,SEX,EDUCATION,MARRIAGE,AGE,PAY_0,PAY_2,PAY_3,PAY_4,PAY_5,PAY_6,BILL_AMT1,BILL_AMT2,BILL_AMT3,BILL_AMT4,BILL_AMT5,BILL_AMT6,PAY_AMT1,PAY_AMT2,PAY_AMT3,PAY_AMT4,PAY_AMT5,PAY_AMT6
0.22784810126582275,1.0,0.16666666666666666,0.3333333333333333,0.16666666666666674,0.2,0.2222222222222222,0.4,0.2,0.2,0.2,0.3013968922718061,0.2856648484536613,0.3805136348105685,0.21200475839461114,0.28011326686339677,0.5037467732050934,0.030403885211144847,0.002444824388264191,0.010775918712777086,0.007999080105787834,0.008410832038467188,0.008049566294919454
