LIMIT_BAL,SEX,EDUCATION,MARRIAGE,AGE,PAY_0,PAY_2,PAY_3,PAY_4,PAY_5,PAY_6,BILL_AMT1,BILL_AMT2,BILL_AMT3,BILL_AMT4,BILL_AMT5,BILL_AMT6,PAY_AMT1,PAY_AMT2,PAY_AMT3,PAY_AMT4,PAY_AMT5,PAY_AMT6
0.2911392405063291,1.0,0.16666666666666666,0.3333333333333333,0.20370370370370372,0.4,0.4444444444444444,0.4,0.4,0.4,0.4,0.352678017822581,0.30598852467452275,0.4444481124523182,0.4151399651210873,0.5082303114675346,0.6731794314747697,0.0,0.01792871218060407,0.02234031928258664,0.021247556530998933,0.02319163245900879,0.0
