LIMIT_BAL,SEX,EDUCATION,MARRIAGE,AGE,PAY_0,PAY_2,PAY_3,PAY_4,PAY_5,PAY_6,BILL_AMT1,BILL_AMT2,BILL_AMT3,BILL_AMT4,BILL_AMT5,BILL_AMT6,PAY_AMT1,PAY_AMT2,PAY_AMT3,PAY_AMT4,PAY_AMT5,PAY_AMT6
0.13924050632911392,0.0,0.3333333333333333,0.6666666666666666,0.11111111111111116,0.2,0.2222222222222222,0.2,0.2,0.2,0.2,0.07657399573350579,0.08024880358153658,0.11991634741243136,0.10662939057789923,0.1645114590379833,0.41837541788678473,0.0036261700428492087,0.0016600357596313858,0.0017320318126146583,0.002004769451513076,0.001649182752640625,0.001271375464684015
