LIMIT_BAL,SEX,EDUCATION,MARRIAGE,AGE,PAY_0,PAY_2,PAY_3,PAY_4,PAY_5,PAY_6,BILL_AMT1,BILL_AMT2,BILL_AMT3,BILL_AMT4,BILL_AMT5,BILL_AMT6,PAY_AMT1,PAY_AMT2,PAY_AMT3,PAY_AMT4,PAY_AMT5,PAY_AMT6
0.012658227848101266,1.0,0.5,1.0,0.5,0.2,0.2222222222222222,0.2,0.2,0.2,0.2,0.05478002753285813,0.06750115782431947,0.10738661591610973,0.10392507626016552,0.16332192821639005,0.41981553806475497,0.0026512187904118305,0.0012982017501682855,0.002102618285419919,0.0017497987731410886,0.0019094444057917237,0.0013159851301115242
