LIMIT_BAL,SEX,EDUCATION,MARRIAGE,AGE,PAY_0,PAY_2,PAY_3,PAY_4,PAY_5,PAY_6,BILL_AMT1,BILL_AMT2,BILL_AMT3,BILL_AMT4,BILL_AMT5,BILL_AMT6,PAY_AMT1,PAY_AMT2,PAY_AMT3,PAY_AMT4,PAY_AMT5,PAY_AMT6
0.10126582278481013,1.0,0.3333333333333333,0.6666666666666666,0.05555555555555558,0.2,0.2222222222222222,0.2,0.2,0.2,0.2,0.1440389164548855,0.10649410796068545,0.15894651879459726,0.150238519024589,0.2028819978889096,0.4301588584967676,0.005067314201857474,0.0016298829255094608,0.005256545713549798,0.008876479204891437,0.0038652720765014648,0.0024783147459727386
