LIMIT_BAL,SEX,EDUCATION,MARRIAGE,AGE,PAY_0,PAY_2,PAY_3,PAY_4,PAY_5,PAY_6,BILL_AMT1,BILL_AMT2,BILL_AMT3,BILL_AMT4,BILL_AMT5,BILL_AMT6,PAY_AMT1,PAY_AMT2,PAY_AMT3,PAY_AMT4,PAY_AMT5,PAY_AMT6
0.06329113924050633,1.0,0.16666666666666666,0.3333333333333333,0.4444444444444444,0.30000000000000004,0.4444444444444444,0.2,0.2,0.4,0.2,0.11563800413463787,0.11601914269541502,0.17240388948218915,0.16540065802484671,0.14625837001598024,0.407030223775224,0.0,0.002444824388264191,0.008147645856002186,0.0,0.0025768480510009765,0.0012391573729863693
