LIMIT_BAL,SEX,EDUCATION,MARRIAGE,AGE,PAY_0,PAY_2,PAY_3,PAY_4,PAY_5,PAY_6,BILL_AMT1,BILL_AMT2,BILL_AMT3,BILL_AMT4,BILL_AMT5,BILL_AMT6,PAY_AMT1,PAY_AMT2,PAY_AMT3,PAY_AMT4,PAY_AMT5,PAY_AMT6
0.06329113924050633,0.0,0.16666666666666666,0.6666666666666666,0.14814814814814814,0.30000000000000004,0.4444444444444444,0.4,0.2,0.2,0.4,0.09220838951616574,0.10018010600524882,0.14747977598008713,0.14113973738935534,0.2089816112913926,0.45344685558137376,0.004256543929560278,0.0,0.004489090039371527,0.009998850132234793,0.005153696102001953,0.004716232961586121
