LIMIT_BAL,SEX,EDUCATION,MARRIAGE,AGE,PAY_0,PAY_2,PAY_3,PAY_4,PAY_5,PAY_6,BILL_AMT1,BILL_AMT2,BILL_AMT3,BILL_AMT4,BILL_AMT5,BILL_AMT6,PAY_AMT1,PAY_AMT2,PAY_AMT3,PAY_AMT4,PAY_AMT5,PAY_AMT6
0.05063291139240507,1.0,0.5,0.3333333333333333,0.2592592592592593,0.5,0.4444444444444444,0.4,0.4,0.2,0.2,0.07809034356423365,0.08512967632377914,0.13341168198151654,0.12208368541857692,0.1817367803583625,0.4327649018456739,0.0,0.002861259475731858,0.0,0.0026121995970463394,0.002746920022367041,0.0028104089219330858
