LIMIT_BAL,SEX,EDUCATION,MARRIAGE,AGE,PAY_0,PAY_2,PAY_3,PAY_4,PAY_5,PAY_6,BILL_AMT1,BILL_AMT2,BILL_AMT3,BILL_AMT4,BILL_AMT5,BILL_AMT6,PAY_AMT1,PAY_AMT2,PAY_AMT3,PAY_AMT4,PAY_AMT5,PAY_AMT6
0.27848101265822783,0.0,0.16666666666666666,0.3333333333333333,0.7407407407407407,0.1,0.1111111111111111,0.1,0.1,0.1,0.1,0.026347720847585066,0.04766248134616374,0.0798545488157745,0.08322396217256073,0.13744473093401047,0.40662478717507944,0.007519894275556492,0.001846657354602219,0.019286266223014208,0.006976697679766827,0.01915371156309026,0.011219330855018588
