LIMIT_BAL,SEX,EDUCATION,MARRIAGE,AGE,PAY_0,PAY_2,PAY_3,PAY_4,PAY_5,PAY_6,BILL_AMT1,BILL_AMT2,BILL_AMT3,BILL_AMT4,BILL_AMT5,BILL_AMT6,PAY_AMT1,PAY_AMT2,PAY_AMT3,PAY_AMT4,PAY_AMT5,PAY_AMT6
0.025316455696202535,1.0,0.5,0.6666666666666666,0.05555555555555558,0.4,0.2222222222222222,0.2,0.4,0.4,0.2,0.0715587459206947,0.08204857716255853,0.12645603865053257,0.1222979330348849,0.18257337346365887,0.4333226701163931,0.0030403885211144847,0.002200341949437772,0.0034167547138073684,0.0,0.002878339272968091,0.003353159851301115
