LIMIT_BAL,SEX,EDUCATION,MARRIAGE,AGE,PAY_0,PAY_2,PAY_3,PAY_4,PAY_5,PAY_6,BILL_AMT1,BILL_AMT2,BILL_AMT3,BILL_AMT4,BILL_AMT5,BILL_AMT6,PAY_AMT1,PAY_AMT2,PAY_AMT3,PAY_AMT4,PAY_AMT5,PAY_AMT6
0.2531645569620253,1.0,0.16666666666666666,0.6666666666666666,0.2222222222222222,0.1,0.1111111111111111,0.1,0.1,0.2,0.2,0.06647756794133021,0.04290382339319714,0.07644770310263949,0.10050160910447492,0.15568638215965203,0.3979407101702482,0.0,0.0001532089949978893,0.043303423588223235,0.0,0.0,0.0
