LIMIT_BAL,SEX,EDUCATION,MARRIAGE,AGE,PAY_0,PAY_2,PAY_3,PAY_4,PAY_5,PAY_6,BILL_AMT1,BILL_AMT2,BILL_AMT3,BILL_AMT4,BILL_AMT5,BILL_AMT6,PAY_AMT1,PAY_AMT2,PAY_AMT3,PAY_AMT4,PAY_AMT5,PAY_AMT6
0.1139240506329114,0.0,0.3333333333333333,0.6666666666666666,0.2962962962962963,0.4,0.4444444444444444,0.4,0.4,0.4,0.4,0.06315761383989188,0.07852493181701231,0.12063766116080346,0.12003859453563702,0.18194919657650416,0.4330883137001245,0.006455758293166422,0.0,0.007884818570324697,0.0032496262929763075,0.001546108830600586,0.004956629491945477
