LIMIT_BAL,SEX,EDUCATION,MARRIAGE,AGE,PAY_0,PAY_2,PAY_3,PAY_4,PAY_5,PAY_6,BILL_AMT1,BILL_AMT2,BILL_AMT3,BILL_AMT4,BILL_AMT5,BILL_AMT6,PAY_AMT1,PAY_AMT2,PAY_AMT3,PAY_AMT4,PAY_AMT5,PAY_AMT6
0.012658227848101266,0.0,0.3333333333333333,0.6666666666666666,0.05555555555555558,0.4,0.4444444444444444,0.4,0.2,0.2,0.4,0.04631139756725065,0.06241444964750682,0.10029892430167091,0.09918016576472916,0.1619967778093679,0.41831214165439223,0.0030403885211144847,0.0,0.003942409285162349,0.006249281332646745,0.0,0.003717472118959108
