LIMIT_BAL,SEX,EDUCATION,MARRIAGE,AGE,PAY_0,PAY_2,PAY_3,PAY_4,PAY_5,PAY_6,BILL_AMT1,BILL_AMT2,BILL_AMT3,BILL_AMT4,BILL_AMT5,BILL_AMT6,PAY_AMT1,PAY_AMT2,PAY_AMT3,PAY_AMT4,PAY_AMT5,PAY_AMT6
0.05063291139240507,1.0,0.3333333333333333,0.6666666666666666,0.05555555555555558,0.2,0.2222222222222222,0.2,0.2,0.2,0.4,0.09550950699858882,0.10285468018319355,0.1541713227441614,0.14808555521595562,0.2125698114070777,0.454633870829774,0.004256543929560278,0.0014342969744483255,0.0044864617665147525,0.006504252011018732,0.0025768480510009765,0.004064436183395291
