LIMIT_BAL,SEX,EDUCATION,MARRIAGE,AGE,PAY_0,PAY_2,PAY_3,PAY_4,PAY_5,PAY_6,BILL_AMT1,BILL_AMT2,BILL_AMT3,BILL_AMT4,BILL_AMT5,BILL_AMT6,PAY_AMT1,PAY_AMT2,PAY_AMT3,PAY_AMT4,PAY_AMT5,PAY_AMT6
0.05063291139240507,0.0,0.3333333333333333,0.3333333333333333,0.07407407407407407,0.2,0.2222222222222222,0.2,0.2,0.2,0.2,0.09844958928321955,0.10556141614778985,0.1533460209725686,0.14807656580548115,0.19995065407855478,0.40882422214175984,0.004256543929560278,0.0016298829255094608,0.006045027570582268,0.005249396319423266,0.001211118583970459,0.0008674101610904586
