LIMIT_BAL,SEX,EDUCATION,MARRIAGE,AGE,PAY_0,PAY_2,PAY_3,PAY_4,PAY_5,PAY_6,BILL_AMT1,BILL_AMT2,BILL_AMT3,BILL_AMT4,BILL_AMT5,BILL_AMT6,PAY_AMT1,PAY_AMT2,PAY_AMT3,PAY_AMT4,PAY_AMT5,PAY_AMT6
0.012658227848101266,1.0,0.3333333333333333,0.3333333333333333,0.5,0.2,0.2222222222222222,0.4,0.4,0.4,0.4,0.04206844913406493,0.06321849431379613,0.10222682924011166,0.12009552746864194,0.15819779544644988,0.4155713433661315,0.009121165563343454,0.0004482178045151017,0.0,0.003612084610269819,0.0,0.0009913258983890955
