LIMIT_BAL,SEX,EDUCATION,MARRIAGE,AGE,PAY_0,PAY_2,PAY_3,PAY_4,PAY_5,PAY_6,BILL_AMT1,BILL_AMT2,BILL_AMT3,BILL_AMT4,BILL_AMT5,BILL_AMT6,PAY_AMT1,PAY_AMT2,PAY_AMT3,PAY_AMT4,PAY_AMT5,PAY_AMT6
0.05063291139240507,1.0,0.16666666666666666,0.6666666666666666,0.09259259259259262,0.2,0.2222222222222222,0.2,0.2,0.2,0.2,0.08839240444732574,0.09697679205475224,0.14661651032700107,0.14118318620664855,0.2056238010738457,0.4511630523048367,0.0035126622047276014,0.0011409180478566224,0.0034167547138073684,0.0031771346295176054,0.0033499024663012694,0.011152416356877325
