LIMIT_BAL,SEX,EDUCATION,MARRIAGE,AGE,PAY_0,PAY_2,PAY_3,PAY_4,PAY_5,PAY_6,BILL_AMT1,BILL_AMT2,BILL_AMT3,BILL_AMT4,BILL_AMT5,BILL_AMT6,PAY_AMT1,PAY_AMT2,PAY_AMT3,PAY_AMT4,PAY_AMT5,PAY_AMT6
0.1139240506329114,0.0,0.3333333333333333,0.6666666666666666,0.40740740740740744,0.2,0.2222222222222222,0.2,0.2,0.2,0.2,0.0989518991236263,0.10404337981783565,0.15401946721818832,0.14600600492619692,0.2089244223095852,0.4530964927390523,0.0036646816307833257,0.0014082188476401741,0.004312995757967609,0.004182019067807202,0.004352296358140649,0.004346964064436184
