LIMIT_BAL,SEX,EDUCATION,MARRIAGE,AGE,PAY_0,PAY_2,PAY_3,PAY_4,PAY_5,PAY_6,BILL_AMT1,BILL_AMT2,BILL_AMT3,BILL_AMT4,BILL_AMT5,BILL_AMT6,PAY_AMT1,PAY_AMT2,PAY_AMT3,PAY_AMT4,PAY_AMT5,PAY_AMT6
0.1139240506329114,0.0,0.16666666666666666,0.3333333333333333,0.6296296296296295,0.2,0.2222222222222222,0.2,0.2,0.2,0.2,0.04084406889807349,0.06623398343024753,0.12812810003977954,0.10154138424935426,0.16354741620180197,0.41805786494274083,0.01621540544594392,0.0016298829255094608,0.010513091427099596,0.004999425066117396,0.0077305441530029296,0.0
