LIMIT_BAL,SEX,EDUCATION,MARRIAGE,AGE,PAY_0,PAY_2,PAY_3,PAY_4,PAY_5,PAY_6,BILL_AMT1,BILL_AMT2,BILL_AMT3,BILL_AMT4,BILL_AMT5,BILL_AMT6,PAY_AMT1,PAY_AMT2,PAY_AMT3,PAY_AMT4,PAY_AMT5,PAY_AMT6
0.1139240506329114,1.0,0.16666666666666666,0.6666666666666666,0.16666666666666674,0.5,0.5555555555555556,0.4,0.4,0.4,0.4,0.1745495301048415,0.1656769412854423,0.2369226807782266,0.2235771261454007,0.2975804158782757,0.5177683175904411,0.00405385136148598,0.0035857424361208138,0.009724609570067126,0.01174864890537588,0.008503598568303223,0.009169764560099132
