LIMIT_BAL,SEX,EDUCATION,MARRIAGE,AGE,PAY_0,PAY_2,PAY_3,PAY_4,PAY_5,PAY_6,BILL_AMT1,BILL_AMT2,BILL_AMT3,BILL_AMT4,BILL_AMT5,BILL_AMT6,PAY_AMT1,PAY_AMT2,PAY_AMT3,PAY_AMT4,PAY_AMT5,PAY_AMT6
0.1772151898734177,0.0,0.16666666666666666,0.6666666666666666,0.2222222222222222,0.2,0.2222222222222222,0.2,0.2,0.2,0.2,0.14652691988315017,0.12417794473318583,0.16330081094152077,0.1270728082319028,0.18528413120132808,0.42569085342060764,0.010134628403714948,0.008243947837226852,0.013141364283874494,0.014998275198352189,0.0077305441530029296,0.01734820322180917
