LIMIT_BAL,SEX,EDUCATION,MARRIAGE,AGE,PAY_0,PAY_2,PAY_3,PAY_4,PAY_5,PAY_6,BILL_AMT1,BILL_AMT2,BILL_AMT3,BILL_AMT4,BILL_AMT5,BILL_AMT6,PAY_AMT1,PAY_AMT2,PAY_AMT3,PAY_AMT4,PAY_AMT5,PAY_AMT6
0.15189873417721517,1.0,0.3333333333333333,0.6666666666666666,0.03703703703703709,0.4,0.4444444444444444,0.4,0.2,0.2,0.2,0.03387295014417862,0.05174316883651521,0.08868032596118772,0.09000647237554162,0.14973219216805064,0.41098030117143053,0.0030403885211144847,0.0008149414627547304,0.005256545713549798,0.002499712533058698,0.0025768480510009765,0.0024783147459727386
