LIMIT_BAL,SEX,EDUCATION,MARRIAGE,AGE,PAY_0,PAY_2,PAY_3,PAY_4,PAY_5,PAY_6,BILL_AMT1,BILL_AMT2,BILL_AMT3,BILL_AMT4,BILL_AMT5,BILL_AMT6,PAY_AMT1,PAY_AMT2,PAY_AMT3,PAY_AMT4,PAY_AMT5,PAY_AMT6
0.35443037974683544,0.0,0.16666666666666666,0.3333333333333333,0.3148148148148149,0.4,0.4444444444444444,0.2,0.2,0.2,0.2,0.5326430758943078,0.42238203056656204,0.5670037749303033,0.4407418061523525,0.527934366656536,0.6749652273667361,0.0,0.009892574416379672,0.2102618285419919,0.02499712533058698,0.021756328094601245,0.024783147459727387
