LIMIT_BAL,SEX,EDUCATION,MARRIAGE,AGE,PAY_0,PAY_2,PAY_3,PAY_4,PAY_5,PAY_6,BILL_AMT1,BILL_AMT2,BILL_AMT3,BILL_AMT4,BILL_AMT5,BILL_AMT6,PAY_AMT1,PAY_AMT2,PAY_AMT3,PAY_AMT4,PAY_AMT5,PAY_AMT6
0.20253164556962022,1.0,0.3333333333333333,0.6666666666666666,0.16666666666666674,0.2,0.2222222222222222,0.2,0.2,0.2,0.4,0.1664450747735289,0.16298950239283694,0.2309838092298449,0.21908541737832832,0.2897128459524907,0.5118730819392056,0.010134628403714948,0.0040747073137736515,0.013141364283874494,0.010998735145458271,0.0077305441530029296,0.008921933085501859
