LIMIT_BAL,SEX,EDUCATION,MARRIAGE,AGE,PAY_0,PAY_2,PAY_3,PAY_4,PAY_5,PAY_6,BILL_AMT1,BILL_AMT2,BILL_AMT3,BILL_AMT4,BILL_AMT5,BILL_AMT6,PAY_AMT1,PAY_AMT2,PAY_AMT3,PAY_AMT4,PAY_AMT5,PAY_AMT6
0.36708860759493667,1.0,0.16666666666666666,0.3333333333333333,0.16666666666666674,0.30000000000000004,0.0,0.1,0.2,0.1,0.1,0.014568555090046887,0.03515025986723615,0.08269523751359685,0.08178715473172603,0.13493004970539504,0.39985188674491823,0.0,0.008149414627547303,0.0,0.0031096423911250205,0.004202839171182593,0.004956629491945477
