LIMIT_BAL,SEX,EDUCATION,MARRIAGE,AGE,PAY_0,PAY_2,PAY_3,PAY_4,PAY_5,PAY_6,BILL_AMT1,BILL_AMT2,BILL_AMT3,BILL_AMT4,BILL_AMT5,BILL_AMT6,PAY_AMT1,PAY_AMT2,PAY_AMT3,PAY_AMT4,PAY_AMT5,PAY_AMT6
0.1139240506329114,1.0,0.3333333333333333,0.6666666666666666,0.16666666666666674,0.2,0.2222222222222222,0.2,0.2,0.2,0.2,0.1587754313978184,0.13882828178870993,0.20546382784865286,0.19424018506199697,0.22442590432119947,0.44037093933566984,0.00810770272297196,0.0040747073137736515,0.007900588207465345,0.005056918454377746,0.0077305441530029296,0.003717472118959108
