LIMIT_BAL,SEX,EDUCATION,MARRIAGE,AGE,PAY_0,PAY_2,PAY_3,PAY_4,PAY_5,PAY_6,BILL_AMT1,BILL_AMT2,BILL_AMT3,BILL_AMT4,BILL_AMT5,BILL_AMT6,PAY_AMT1,PAY_AMT2,PAY_AMT3,PAY_AMT4,PAY_AMT5,PAY_AMT6
0.012658227848101266,0.0,0.3333333333333333,0.6666666666666666,0.2592592592592593,0.30000000000000004,0.4444444444444444,0.4,0.4,0.4,0.4,0.048623592551372954,0.06235398548860187,0.10580863892882433,0.10443297795197257,0.1631258517073362,0.4222106606390196,0.0,0.002532838066241702,0.004468063856517328,0.0,0.009018968178503417,0.0
