LIMIT_BAL,SEX,EDUCATION,MARRIAGE,AGE,PAY_0,PAY_2,PAY_3,PAY_4,PAY_5,PAY_6,BILL_AMT1,BILL_AMT2,BILL_AMT3,BILL_AMT4,BILL_AMT5,BILL_AMT6,PAY_AMT1,PAY_AMT2,PAY_AMT3,PAY_AMT4,PAY_AMT5,PAY_AMT6
0.06329113924050633,1.0,0.8333333333333333,0.6666666666666666,0.2222222222222222,0.2,0.2222222222222222,0.2,0.2,0.2,0.2,0.10593086646877752,0.0932138630165183,0.14141380795888017,0.13509735531543843,0.19860916396244482,0.44602947500647405,0.00405385136148598,0.0016298829255094608,0.003942409285162349,0.004999425066117396,0.005669065712202149,0.004956629491945477
