LIMIT_BAL,SEX,EDUCATION,MARRIAGE,AGE,PAY_0,PAY_2,PAY_3,PAY_4,PAY_5,PAY_6,BILL_AMT1,BILL_AMT2,BILL_AMT3,BILL_AMT4,BILL_AMT5,BILL_AMT6,PAY_AMT1,PAY_AMT2,PAY_AMT3,PAY_AMT4,PAY_AMT5,PAY_AMT6
0.012658227848101266,1.0,0.5,0.6666666666666666,0.018518518518518545,0.4,0.4444444444444444,0.2,0.2,0.2,0.0,0.054470793037357725,0.0670907734266454,0.10762595342987163,0.09380300006592235,0.13289738989487032,0.3979407101702482,0.0,0.0008336851163980891,0.0006307854856259758,0.0,0.0,0.0
