LIMIT_BAL,SEX,EDUCATION,MARRIAGE,AGE,PAY_0,PAY_2,PAY_3,PAY_4,PAY_5,PAY_6,BILL_AMT1,BILL_AMT2,BILL_AMT3,BILL_AMT4,BILL_AMT5,BILL_AMT6,PAY_AMT1,PAY_AMT2,PAY_AMT3,PAY_AMT4,PAY_AMT5,PAY_AMT6
0.0759493670886076,1.0,0.3333333333333333,0.3333333333333333,0.462962962962963,0.2,0.2222222222222222,0.2,0.2,0.2,0.2,0.12748309805872945,0.12944604538671334,0.11793562316060868,0.1145325806200296,0.17634304238847331,0.41759852636685446,0.0070942398826004645,0.0016298829255094608,0.005256545713549798,0.0037495687995880472,0.0025768480510009765,0.0024783147459727386
