LIMIT_BAL,SEX,EDUCATION,MARRIAGE,AGE,PAY_0,PAY_2,PAY_3,PAY_4,PAY_5,PAY_6,BILL_AMT1,BILL_AMT2,BILL_AMT3,BILL_AMT4,BILL_AMT5,BILL_AMT6,PAY_AMT1,PAY_AMT2,PAY_AMT3,PAY_AMT4,PAY_AMT5,PAY_AMT6
0.4936708860759494,0.0,0.3333333333333333,0.6666666666666666,0.09259259259259262,0.30000000000000004,0.1111111111111111,0.1,0.1,0.1,0.1,0.025501642710149954,0.04335151546338702,0.07661936587113079,0.0948277928600109,0.1355934418943605,0.39971713180556384,0.0007094239882600464,0.00023796290712438126,0.033318615005335395,0.0041245256795468515,0.003906501645317481,0.0297819083023544
