LIMIT_BAL,SEX,EDUCATION,MARRIAGE,AGE,PAY_0,PAY_2,PAY_3,PAY_4,PAY_5,PAY_6,BILL_AMT1,BILL_AMT2,BILL_AMT3,BILL_AMT4,BILL_AMT5,BILL_AMT6,PAY_AMT1,PAY_AMT2,PAY_AMT3,PAY_AMT4,PAY_AMT5,PAY_AMT6
0.0759493670886076,1.0,0.5,0.3333333333333333,0.09259259259259262,0.2,0.2222222222222222,0.2,0.2,0.2,0.2,0.12725862834879767,0.09205861163999383,0.12214631279927507,0.11844297417642018,0.1763446763593821,0.4319727771586862,0.006080777042228969,0.0016298829255094608,0.0025100005782200284,0.0074991375991760945,0.0077305441530029296,0.0019578686493184633
