LIMIT_BAL,SEX,EDUCATION,MARRIAGE,AGE,PAY_0,PAY_2,PAY_3,PAY_4,PAY_5,PAY_6,BILL_AMT1,BILL_AMT2,BILL_AMT3,BILL_AMT4,BILL_AMT5,BILL_AMT6,PAY_AMT1,PAY_AMT2,PAY_AMT3,PAY_AMT4,PAY_AMT5,PAY_AMT6
0.05063291139240507,1.0,0.3333333333333333,0.6666666666666666,0.03703703703703709,0.2,0.2222222222222222,0.4,0.2,0.2,0.2,0.05120577907471388,0.06865769567230999,0.10815744777077739,0.10547724780208914,0.16633660454309274,0.42240400468244116,0.006080777042228969,0.0,0.0018634454554534033,0.002499712533058698,0.0019326360382507324,0.0024783147459727386
