LIMIT_BAL,SEX,EDUCATION,MARRIAGE,AGE,PAY_0,PAY_2,PAY_3,PAY_4,PAY_5,PAY_6,BILL_AMT1,BILL_AMT2,BILL_AMT3,BILL_AMT4,BILL_AMT5,BILL_AMT6,PAY_AMT1,PAY_AMT2,PAY_AMT3,PAY_AMT4,PAY_AMT5,PAY_AMT6
0.3291139240506329,0.0,0.3333333333333333,0.6666666666666666,0.18518518518518523,0.2,0.2222222222222222,0.4,0.4,0.4,0.4,0.05719582392156432,0.064279833273298,0.1040507461553317,0.09784673654435075,0.15562102332330077,0.4104319071573621,0.0034396928802208535,0.0020373536568868257,0.0,0.002499712533058698,0.0,0.004956629491945477
