LIMIT_BAL,SEX,EDUCATION,MARRIAGE,AGE,PAY_0,PAY_2,PAY_3,PAY_4,PAY_5,PAY_6,BILL_AMT1,BILL_AMT2,BILL_AMT3,BILL_AMT4,BILL_AMT5,BILL_AMT6,PAY_AMT1,PAY_AMT2,PAY_AMT3,PAY_AMT4,PAY_AMT5,PAY_AMT6
0.05063291139240507,0.0,0.3333333333333333,0.6666666666666666,0.16666666666666674,0.2,0.2222222222222222,0.2,0.2,0.2,0.2,0.07548618098537493,0.08368754181032265,0.12042143209664614,0.10422322504090181,0.16366506210723425,0.4206240677008815,0.003018092338626312,0.0010806123796127725,0.001687351174049485,0.004999425066117396,0.0021233227940248046,0.0024783147459727386
