LIMIT_BAL,SEX,EDUCATION,MARRIAGE,AGE,PAY_0,PAY_2,PAY_3,PAY_4,PAY_5,PAY_6,BILL_AMT1,BILL_AMT2,BILL_AMT3,BILL_AMT4,BILL_AMT5,BILL_AMT6,PAY_AMT1,PAY_AMT2,PAY_AMT3,PAY_AMT4,PAY_AMT5,PAY_AMT6
0.05063291139240507,1.0,0.3333333333333333,0.3333333333333333,0.37037037037037035,0.30000000000000004,0.4444444444444444,0.4,0.4,0.4,0.2,0.04900346436818055,0.06267688982658365,0.10335584206365059,0.10124773017385519,0.15813570455191617,0.41521160626715925,0.0,0.0013854004866830417,0.0026335294024884487,4.999425066117396e-06,0.001762564066884668,0.0010954151177199505
