LIMIT_BAL,SEX,EDUCATION,MARRIAGE,AGE,PAY_0,PAY_2,PAY_3,PAY_4,PAY_5,PAY_6,BILL_AMT1,BILL_AMT2,BILL_AMT3,BILL_AMT4,BILL_AMT5,BILL_AMT6,PAY_AMT1,PAY_AMT2,PAY_AMT3,PAY_AMT4,PAY_AMT5,PAY_AMT6
0.06329113924050633,0.0,0.3333333333333333,0.6666666666666666,0.37037037037037035,0.2,0.1111111111111111,0.1,0.1,0.1,0.1,0.047410200343140405,0.0515875057891216,0.08568448053030592,0.08369440798739085,0.1390411205118904,0.4113119155004505,0.01368174834501518,0.00471362142057336,0.01378791940664112,0.009398919124300706,0.029404413109972143,0.01842627013630731
