LIMIT_BAL,SEX,EDUCATION,MARRIAGE,AGE,PAY_0,PAY_2,PAY_3,PAY_4,PAY_5,PAY_6,BILL_AMT1,BILL_AMT2,BILL_AMT3,BILL_AMT4,BILL_AMT5,BILL_AMT6,PAY_AMT1,PAY_AMT2,PAY_AMT3,PAY_AMT4,PAY_AMT5,PAY_AMT6
0.2151898734177215,1.0,0.3333333333333333,0.6666666666666666,0.2222222222222222,0.0,0.0,0.0,0.0,0.0,0.0,0.04173723858304673,0.047284258735141256,0.11349054781880996,0.08748644097253436,0.13794472603209773,0.40781766133388636,0.006913843497014338,0.018464128721633926,0.020440078007138388,0.007721612014618319,0.021720252221887233,0.016619578686493185
