LIMIT_BAL,SEX,EDUCATION,MARRIAGE,AGE,PAY_0,PAY_2,PAY_3,PAY_4,PAY_5,PAY_6,BILL_AMT1,BILL_AMT2,BILL_AMT3,BILL_AMT4,BILL_AMT5,BILL_AMT6,PAY_AMT1,PAY_AMT2,PAY_AMT3,PAY_AMT4,PAY_AMT5,PAY_AMT6
0.4430379746835443,1.0,0.16666666666666666,0.3333333333333333,0.4444444444444444,0.0,0.0,0.0,0.0,0.0,0.0,0.02936785876303062,0.0463194051355941,0.07789363180647005,0.07662873135446444,0.13424051398188908,0.4005444099549918,0.0053814876823726375,0.0008670977163710331,0.0013929846140906964,0.00205476370217425,0.00572575636932417,0.001952912019826518
