LIMIT_BAL,SEX,EDUCATION,MARRIAGE,AGE,PAY_0,PAY_2,PAY_3,PAY_4,PAY_5,PAY_6,BILL_AMT1,BILL_AMT2,BILL_AMT3,BILL_AMT4,BILL_AMT5,BILL_AMT6,PAY_AMT1,PAY_AMT2,PAY_AMT3,PAY_AMT4,PAY_AMT5,PAY_AMT6
0.05063291139240507,0.0,0.3333333333333333,0.6666666666666666,0.05555555555555558,0.1,0.1111111111111111,0.1,0.1,0.1,0.1,0.02559739552347749,0.043666700972572435,0.0761258354117183,0.07978401443100028,0.13283366502942784,0.41317387722770416,0.001203993854361336,0.0,0.0069465251604560576,0.0,0.03359952173700173,0.00031722428748451055
