LIMIT_BAL,SEX,EDUCATION,MARRIAGE,AGE,PAY_0,PAY_2,PAY_3,PAY_4,PAY_5,PAY_6,BILL_AMT1,BILL_AMT2,BILL_AMT3,BILL_AMT4,BILL_AMT5,BILL_AMT6,PAY_AMT1,PAY_AMT2,PAY_AMT3,PAY_AMT4,PAY_AMT5,PAY_AMT6
0.24050632911392406,1.0,0.3333333333333333,0.3333333333333333,0.5,0.0,0.1111111111111111,0.4,0.4,0.1,0.1,0.02226645339428026,0.046391447537693614,0.08113871837237287,0.07837417522158896,0.15016682842978665,0.40939722357953645,0.008442145460294552,0.0013854004866830417,1.3141364283874494e-05,0.026556945951215608,0.025294340468625585,0.022820322180916976
