LIMIT_BAL,SEX,EDUCATION,MARRIAGE,AGE,PAY_0,PAY_2,PAY_3,PAY_4,PAY_5,PAY_6,BILL_AMT1,BILL_AMT2,BILL_AMT3,BILL_AMT4,BILL_AMT5,BILL_AMT6,PAY_AMT1,PAY_AMT2,PAY_AMT3,PAY_AMT4,PAY_AMT5,PAY_AMT6
0.37974683544303794,0.0,0.16666666666666666,0.3333333333333333,0.2777777777777778,0.1,0.1111111111111111,0.1,0.1,0.1,0.1,0.03739853733653346,0.051566922245664594,0.08609217960547275,0.09813439767953351,0.14183030885318118,0.41259970400784624,0.013712152230226326,0.0049515843276977415,0.03935050121163378,0.013778415482219544,0.03239098000108227,0.022837670384138788
