LIMIT_BAL,SEX,EDUCATION,MARRIAGE,AGE,PAY_0,PAY_2,PAY_3,PAY_4,PAY_5,PAY_6,BILL_AMT1,BILL_AMT2,BILL_AMT3,BILL_AMT4,BILL_AMT5,BILL_AMT6,PAY_AMT1,PAY_AMT2,PAY_AMT3,PAY_AMT4,PAY_AMT5,PAY_AMT6
0.06329113924050633,1.0,0.16666666666666666,0.3333333333333333,0.2962962962962963,0.2,0.2222222222222222,0.2,0.2,0.2,0.4,0.08357493913417481,0.09310193999897083,0.1422787242155094,0.13740913204245397,0.20403394737960084,0.45028421574382965,0.00405385136148598,0.0016298829255094608,0.005256545713549798,0.007749108852481965,0.005153696102001953,0.0
