LIMIT_BAL,SEX,EDUCATION,MARRIAGE,AGE,PAY_0,PAY_2,PAY_3,PAY_4,PAY_5,PAY_6,BILL_AMT1,BILL_AMT2,BILL_AMT3,BILL_AMT4,BILL_AMT5,BILL_AMT6,PAY_AMT1,PAY_AMT2,PAY_AMT3,PAY_AMT4,PAY_AMT5,PAY_AMT6
0.30379746835443033,1.0,0.3333333333333333,0.3333333333333333,0.20370370370370372,0.2,0.2222222222222222,0.0,0.0,0.0,0.0,0.08671751507321951,0.06434415684660115,0.10419434866358884,0.10205977358671485,0.13289738989487032,0.3979407101702482,0.01756533794931875,0.013852374983904906,0.04600528808498783,0.0,0.0,0.0
