LIMIT_BAL,SEX,EDUCATION,MARRIAGE,AGE,PAY_0,PAY_2,PAY_3,PAY_4,PAY_5,PAY_6,BILL_AMT1,BILL_AMT2,BILL_AMT3,BILL_AMT4,BILL_AMT5,BILL_AMT6,PAY_AMT1,PAY_AMT2,PAY_AMT3,PAY_AMT4,PAY_AMT5,PAY_AMT6
0.012658227848101266,1.0,0.5,0.6666666666666666,0.5925925925925926,0.1,0.1111111111111111,0.0,0.0,0.1,0.1,0.030936007296050432,0.04262079967066331,0.07577425685701977,0.07492074336431684,0.1335346385492953,0.3979407101702482,0.0,0.0,0.0,0.0034746004209515904,0.0,0.0019330855018587362
