LIMIT_BAL,SEX,EDUCATION,MARRIAGE,AGE,PAY_0,PAY_2,PAY_3,PAY_4,PAY_5,PAY_6,BILL_AMT1,BILL_AMT2,BILL_AMT3,BILL_AMT4,BILL_AMT5,BILL_AMT6,PAY_AMT1,PAY_AMT2,PAY_AMT3,PAY_AMT4,PAY_AMT5,PAY_AMT6
0.025316455696202535,1.0,0.3333333333333333,0.6666666666666666,0.18518518518518523,0.2,0.2222222222222222,0.2,0.2,0.2,0.4,0.07204535857858872,0.0834881387330829,0.12356583184641465,0.11711254142619994,0.18001457502050633,0.41167165259942273,0.003016065412945569,0.0011409180478566224,0.0034167547138073684,0.0074991375991760945,0.0,0.0012391573729863693
