LIMIT_BAL,SEX,EDUCATION,MARRIAGE,AGE,PAY_0,PAY_2,PAY_3,PAY_4,PAY_5,PAY_6,BILL_AMT1,BILL_AMT2,BILL_AMT3,BILL_AMT4,BILL_AMT5,BILL_AMT6,PAY_AMT1,PAY_AMT2,PAY_AMT3,PAY_AMT4,PAY_AMT5,PAY_AMT6
0.06329113924050633,1.0,0.16666666666666666,0.6666666666666666,0.14814814814814814,0.1,0.1111111111111111,0.1,0.1,0.2,0.1,0.03275217131277107,0.052664282406216234,0.08778734944432433,0.08801082325021126,0.1403433953261896,0.40144668215762574,0.015378285139797063,0.006542350062994975,0.021359973507009602,3.7495687995880474e-05,0.007709929368594922,0.019070631970260224
