LIMIT_BAL,SEX,EDUCATION,MARRIAGE,AGE,PAY_0,PAY_2,PAY_3,PAY_4,PAY_5,PAY_6,BILL_AMT1,BILL_AMT2,BILL_AMT3,BILL_AMT4,BILL_AMT5,BILL_AMT6,PAY_AMT1,PAY_AMT2,PAY_AMT3,PAY_AMT4,PAY_AMT5,PAY_AMT6
0.05063291139240507,1.0,0.3333333333333333,0.6666666666666666,0.018518518518518545,0.2,0.2222222222222222,0.2,0.2,0.4,0.2,0.042818774458172504,0.06148690372047548,0.10319243231287521,0.10250924411043791,0.15065538573151244,0.41217903424064417,0.006080777042228969,0.0020373536568868257,0.005387959356388543,0.0,0.005153696102001953,0.007434944237918216
