LIMIT_BAL,SEX,EDUCATION,MARRIAGE,AGE,PAY_0,PAY_2,PAY_3,PAY_4,PAY_5,PAY_6,BILL_AMT1,BILL_AMT2,BILL_AMT3,BILL_AMT4,BILL_AMT5,BILL_AMT6,PAY_AMT1,PAY_AMT2,PAY_AMT3,PAY_AMT4,PAY_AMT5,PAY_AMT6
0.3164556962025316,1.0,0.3333333333333333,0.3333333333333333,0.33333333333333337,0.4,0.2222222222222222,0.2,0.4,0.2,0.2,0.38262039346557686,0.3438841146503371,0.4931046036983423,0.35517010961087836,0.4439155825269687,0.6249605988275148,0.021684050932588506,0.020209733334854558,0.0,0.01758547767006794,0.018238930504984912,0.017895910780669145
