LIMIT_BAL,SEX,EDUCATION,MARRIAGE,AGE,PAY_0,PAY_2,PAY_3,PAY_4,PAY_5,PAY_6,BILL_AMT1,BILL_AMT2,BILL_AMT3,BILL_AMT4,BILL_AMT5,BILL_AMT6,PAY_AMT1,PAY_AMT2,PAY_AMT3,PAY_AMT4,PAY_AMT5,PAY_AMT6
0.08860759493670886,1.0,0.3333333333333333,0.6666666666666666,0.09259259259259262,0.2,0.2222222222222222,0.2,0.2,0.2,0.2,0.0793147238002251,0.0920663304687902,0.13984738519639706,0.13660308156991063,0.19983791008584884,0.4475316996347555,0.00810770272297196,0.004392534484247997,0.007884818570324697,0.0036320823105342884,0.005153696102001953,0.0041561338289962824
