LIMIT_BAL,SEX,EDUCATION,MARRIAGE,AGE,PAY_0,PAY_2,PAY_3,PAY_4,PAY_5,PAY_6,BILL_AMT1,BILL_AMT2,BILL_AMT3,BILL_AMT4,BILL_AMT5,BILL_AMT6,PAY_AMT1,PAY_AMT2,PAY_AMT3,PAY_AMT4,PAY_AMT5,PAY_AMT6
0.0379746835443038,0.0,0.5,0.6666666666666666,0.38888888888888884,0.1,0.4444444444444444,0.1,0.2,0.2,0.1,0.027134149691471876,0.04472418051767612,0.07902264463000896,0.07708119834834565,0.1335771217929236,0.4001096788028136,6.08077704222897e-06,0.0014253326183580235,0.0,0.0,0.004769745742402807,0.0
