LIMIT_BAL,SEX,EDUCATION,MARRIAGE,AGE,PAY_0,PAY_2,PAY_3,PAY_4,PAY_5,PAY_6,BILL_AMT1,BILL_AMT2,BILL_AMT3,BILL_AMT4,BILL_AMT5,BILL_AMT6,PAY_AMT1,PAY_AMT2,PAY_AMT3,PAY_AMT4,PAY_AMT5,PAY_AMT6
0.24050632911392406,1.0,0.3333333333333333,0.3333333333333333,0.42592592592592593,0.2,0.2222222222222222,0.2,0.4,0.2,0.2,0.21320384204239182,0.1937966345906448,0.11676204404140375,0.10509070315168731,0.15981052473341767,0.413651964316892,0.006141584812651259,0.0036281193921840595,0.0,0.0017697964734055584,0.0016904123214566407,0.0024783147459727386
