LIMIT_BAL,SEX,EDUCATION,MARRIAGE,AGE,PAY_0,PAY_2,PAY_3,PAY_4,PAY_5,PAY_6,BILL_AMT1,BILL_AMT2,BILL_AMT3,BILL_AMT4,BILL_AMT5,BILL_AMT6,PAY_AMT1,PAY_AMT2,PAY_AMT3,PAY_AMT4,PAY_AMT5,PAY_AMT6
0.0759493670886076,0.0,0.3333333333333333,0.3333333333333333,0.2592592592592593,0.2,0.2222222222222222,0.2,0.2,0.2,0.2,0.13466298934004337,0.12864200072042403,0.1910870709875066,0.14543967206630587,0.21570540158103024,0.45660129294434854,0.006561158428565058,0.004024180943082859,0.0044496659465199035,0.01249856266529349,0.005669065712202149,0.004257744733581165
