LIMIT_BAL,SEX,EDUCATION,MARRIAGE,AGE,PAY_0,PAY_2,PAY_3,PAY_4,PAY_5,PAY_6,BILL_AMT1,BILL_AMT2,BILL_AMT3,BILL_AMT4,BILL_AMT5,BILL_AMT6,PAY_AMT1,PAY_AMT2,PAY_AMT3,PAY_AMT4,PAY_AMT5,PAY_AMT6
0.12658227848101264,1.0,0.16666666666666666,0.6666666666666666,0.20370370370370372,0.30000000000000004,0.1111111111111111,0.2,0.2,0.2,0.0,0.024029246990457682,0.045052230741522155,0.09543789686698942,0.08767521859249804,0.13286797841851225,0.39791961809278403,0.003384965886840793,0.00831240292009825,0.0,0.0,0.0,0.0
