LIMIT_BAL,SEX,EDUCATION,MARRIAGE,AGE,PAY_0,PAY_2,PAY_3,PAY_4,PAY_5,PAY_6,BILL_AMT1,BILL_AMT2,BILL_AMT3,BILL_AMT4,BILL_AMT5,BILL_AMT6,PAY_AMT1,PAY_AMT2,PAY_AMT3,PAY_AMT4,PAY_AMT5,PAY_AMT6
0.1139240506329114,1.0,0.16666666666666666,0.6666666666666666,0.12962962962962965,0.2,0.2222222222222222,0.2,0.2,0.2,0.2,0.0555303528569657,0.07021046673184789,0.11339646341684838,0.111187021688451,0.17222380172743407,0.4268591201557064,0.0036484662253373815,0.0016298829255094608,0.0036795819994848585,0.0021572519160296564,0.0025768480510009765,0.004956629491945477
