LIMIT_BAL,SEX,EDUCATION,MARRIAGE,AGE,PAY_0,PAY_2,PAY_3,PAY_4,PAY_5,PAY_6,BILL_AMT1,BILL_AMT2,BILL_AMT3,BILL_AMT4,BILL_AMT5,BILL_AMT6,PAY_AMT1,PAY_AMT2,PAY_AMT3,PAY_AMT4,PAY_AMT5,PAY_AMT6
0.06329113924050633,0.0,0.5,0.3333333333333333,0.6666666666666667,0.2,0.2222222222222222,0.2,0.2,0.2,0.2,0.05678141830322875,0.06424638501518037,0.09399031755961568,0.08625638997261226,0.13696434348682857,0.3979407101702482,0.002557980209097653,0.0008173862871429945,0.0,0.002624698159711633,0.0,0.0
