LIMIT_BAL,SEX,EDUCATION,MARRIAGE,AGE,PAY_0,PAY_2,PAY_3,PAY_4,PAY_5,PAY_6,BILL_AMT1,BILL_AMT2,BILL_AMT3,BILL_AMT4,BILL_AMT5,BILL_AMT6,PAY_AMT1,PAY_AMT2,PAY_AMT3,PAY_AMT4,PAY_AMT5,PAY_AMT6
0.24050632911392406,1.0,0.5,0.3333333333333333,0.5925925925925926,0.2,0.2222222222222222,0.2,0.2,0.2,0.2,0.22185612904339802,0.20886893428703754,0.2913364771828819,0.27541006694114334,0.35537723486371053,0.5605149279178252,0.013175016924829433,0.0040747073137736515,0.013141364283874494,0.012748533918599361,0.012884240255004883,0.013382899628252789
