LIMIT_BAL,SEX,EDUCATION,MARRIAGE,AGE,PAY_0,PAY_2,PAY_3,PAY_4,PAY_5,PAY_6,BILL_AMT1,BILL_AMT2,BILL_AMT3,BILL_AMT4,BILL_AMT5,BILL_AMT6,PAY_AMT1,PAY_AMT2,PAY_AMT3,PAY_AMT4,PAY_AMT5,PAY_AMT6
0.05063291139240507,1.0,0.16666666666666666,0.6666666666666666,0.0,0.2,0.2222222222222222,0.2,0.2,0.2,0.2,0.08180900610149484,0.08551304482066588,0.1251140979699227,0.10934269430610741,0.15365208837821853,0.4027848572945192,0.010424478776061197,0.0040747073137736515,0.0026834665867671715,0.0,0.0077305441530029296,0.0
