LIMIT_BAL,SEX,EDUCATION,MARRIAGE,AGE,PAY_0,PAY_2,PAY_3,PAY_4,PAY_5,PAY_6,BILL_AMT1,BILL_AMT2,BILL_AMT3,BILL_AMT4,BILL_AMT5,BILL_AMT6,PAY_AMT1,PAY_AMT2,PAY_AMT3,PAY_AMT4,PAY_AMT5,PAY_AMT6
0.012658227848101266,1.0,0.16666666666666666,0.6666666666666666,0.03703703703703709,0.2,0.2222222222222222,0.4,0.2,0.2,0.2,0.04235099841929372,0.05394689445788093,0.0898027363705539,0.08848576377027861,0.14698385309947942,0.40833207366759583,0.004913267850121007,0.0,0.0007464294913240713,0.0007349154847192573,0.0009560106269213623,0.0012391573729863693
