LIMIT_BAL,SEX,EDUCATION,MARRIAGE,AGE,PAY_0,PAY_2,PAY_3,PAY_4,PAY_5,PAY_6,BILL_AMT1,BILL_AMT2,BILL_AMT3,BILL_AMT4,BILL_AMT5,BILL_AMT6,PAY_AMT1,PAY_AMT2,PAY_AMT3,PAY_AMT4,PAY_AMT5,PAY_AMT6
0.24050632911392406,0.0,0.16666666666666666,0.6666666666666666,0.18518518518518523,0.0,0.0,0.0,0.0,0.0,0.0,0.02418621881558479,0.04303247053980343,0.07630244999083916,0.07598449027046139,0.13306078698574852,0.39805788837838246,0.00020269256807429898,8.149414627547303e-05,0.0002628272856774899,0.0002499712533058698,0.00025768480510009764,0.00024783147459727387
