LIMIT_BAL,SEX,EDUCATION,MARRIAGE,AGE,PAY_0,PAY_2,PAY_3,PAY_4,PAY_5,PAY_6,BILL_AMT1,BILL_AMT2,BILL_AMT3,BILL_AMT4,BILL_AMT5,BILL_AMT6,PAY_AMT1,PAY_AMT2,PAY_AMT3,PAY_AMT4,PAY_AMT5,PAY_AMT6
0.24050632911392406,0.0,0.16666666666666666,0.6666666666666666,0.12962962962962965,0.1,0.1111111111111111,0.1,0.1,0.1,0.1,0.033193262141378244,0.04580610302063501,0.09190395468102913,0.08214972762086262,0.1384528909847289,0.4017911860895405,0.004572744335756185,0.007813658744892355,0.013496181119539106,0.00871649760277568,0.008490714328048219,0.019308550185873605
