LIMIT_BAL,SEX,EDUCATION,MARRIAGE,AGE,PAY_0,PAY_2,PAY_3,PAY_4,PAY_5,PAY_6,BILL_AMT1,BILL_AMT2,BILL_AMT3,BILL_AMT4,BILL_AMT5,BILL_AMT6,PAY_AMT1,PAY_AMT2,PAY_AMT3,PAY_AMT4,PAY_AMT5,PAY_AMT6
0.2911392405063291,1.0,0.3333333333333333,0.3333333333333333,0.2407407407407407,0.2,0.2222222222222222,0.2,0.2,0.2,0.2,0.1274469945389502,0.12830751813924768,0.1874606950031279,0.17840533851123375,0.24633255229523893,0.4809532681588139,0.006080777042228969,0.0024757921638488708,0.008034630123160866,0.0074991375991760945,0.0077305441530029296,0.008674101610904586
