LIMIT_BAL,SEX,EDUCATION,MARRIAGE,AGE,PAY_0,PAY_2,PAY_3,PAY_4,PAY_5,PAY_6,BILL_AMT1,BILL_AMT2,BILL_AMT3,BILL_AMT4,BILL_AMT5,BILL_AMT6,PAY_AMT1,PAY_AMT2,PAY_AMT3,PAY_AMT4,PAY_AMT5,PAY_AMT6
0.37974683544303794,0.0,0.16666666666666666,0.3333333333333333,0.2407407407407407,0.1,0.1111111111111111,0.0,0.1,0.1,0.2,0.024803118088334325,0.0428948180929347,0.0761258354117183,0.07658378430209213,0.13409999248373383,0.3988066571283605,0.0,0.0,0.0013325343383848737,0.0018397884243312019,7.73054415300293e-06,0.001975216852540273
