LIMIT_BAL,SEX,EDUCATION,MARRIAGE,AGE,PAY_0,PAY_2,PAY_3,PAY_4,PAY_5,PAY_6,BILL_AMT1,BILL_AMT2,BILL_AMT3,BILL_AMT4,BILL_AMT5,BILL_AMT6,PAY_AMT1,PAY_AMT2,PAY_AMT3,PAY_AMT4,PAY_AMT5,PAY_AMT6
0.13924050632911392,1.0,0.5,0.3333333333333333,0.37037037037037035,0.2,0.2222222222222222,0.2,0.2,0.2,0.2,0.19397322374606982,0.18367853651006022,0.25974722657339655,0.2458319100100082,0.320410257415777,0.5352325577307736,0.007917171708982118,0.0032923635095291107,0.010720724982784813,0.010231323397809251,0.01092583573624414,0.011811648079306073
