LIMIT_BAL,SEX,EDUCATION,MARRIAGE,AGE,PAY_0,PAY_2,PAY_3,PAY_4,PAY_5,PAY_6,BILL_AMT1,BILL_AMT2,BILL_AMT3,BILL_AMT4,BILL_AMT5,BILL_AMT6,PAY_AMT1,PAY_AMT2,PAY_AMT3,PAY_AMT4,PAY_AMT5,PAY_AMT6
0.430379746835443,1.0,0.16666666666666666,0.6666666666666666,0.18518518518518523,0.1,0.4444444444444444,0.1,0.1,0.1,0.1,0.024661843445719926,0.04342227139402048,0.0783673550233643,0.08281044929073551,0.13289738989487032,0.3993351308470461,0.0,0.0011009859161816408,0.012292432151136201,0.0,0.0030664491806911623,0.0003717472118959108
