LIMIT_BAL,SEX,EDUCATION,MARRIAGE,AGE,PAY_0,PAY_2,PAY_3,PAY_4,PAY_5,PAY_6,BILL_AMT1,BILL_AMT2,BILL_AMT3,BILL_AMT4,BILL_AMT5,BILL_AMT6,PAY_AMT1,PAY_AMT2,PAY_AMT3,PAY_AMT4,PAY_AMT5,PAY_AMT6
0.08860759493670886,0.0,0.5,0.3333333333333333,0.5,0.2,0.2222222222222222,0.2,0.2,0.2,0.2,0.1437799129434258,0.13509108217979726,0.18759934570075548,0.17177415005123964,0.23193563461796127,0.4653556768740603,0.006086857819271198,0.001958304334999617,0.007892703388895021,0.007501637311709153,0.0061870121704533446,0.007705080545229244
