LIMIT_BAL,SEX,EDUCATION,MARRIAGE,AGE,PAY_0,PAY_2,PAY_3,PAY_4,PAY_5,PAY_6,BILL_AMT1,BILL_AMT2,BILL_AMT3,BILL_AMT4,BILL_AMT5,BILL_AMT6,PAY_AMT1,PAY_AMT2,PAY_AMT3,PAY_AMT4,PAY_AMT5,PAY_AMT6
0.26582278481012656,0.0,0.3333333333333333,0.3333333333333333,0.5,0.2,0.2222222222222222,0.1,0.2,0.2,0.4,0.028515501752590426,0.045385426851232445,0.09333172674588464,0.08986264180795023,0.14580249213243007,0.40468783139461983,0.00202692568074299,0.008489245217516025,0.002788597501038168,0.0013123490798558166,0.0,0.0007757125154894672
