LIMIT_BAL,SEX,EDUCATION,MARRIAGE,AGE,PAY_0,PAY_2,PAY_3,PAY_4,PAY_5,PAY_6,BILL_AMT1,BILL_AMT2,BILL_AMT3,BILL_AMT4,BILL_AMT5,BILL_AMT6,PAY_AMT1,PAY_AMT2,PAY_AMT3,PAY_AMT4,PAY_AMT5,PAY_AMT6
0.30379746835443033,0.0,0.3333333333333333,0.6666666666666666,0.18518518518518523,0.2,0.2222222222222222,0.2,0.2,0.2,0.2,0.04671324543957605,0.06319662429887306,0.10383451709117439,0.10101550373659829,0.16093306274775085,0.4184468965937466,0.0030484962238374567,0.0012305616087596428,0.0014113825240881206,0.001389840168380636,0.0014404580605095459,0.001630731102850062
