LIMIT_BAL,SEX,EDUCATION,MARRIAGE,AGE,PAY_0,PAY_2,PAY_3,PAY_4,PAY_5,PAY_6,BILL_AMT1,BILL_AMT2,BILL_AMT3,BILL_AMT4,BILL_AMT5,BILL_AMT6,PAY_AMT1,PAY_AMT2,PAY_AMT3,PAY_AMT4,PAY_AMT5,PAY_AMT6
0.08860759493670886,1.0,0.3333333333333333,0.3333333333333333,0.2407407407407407,0.2,0.2222222222222222,0.2,0.2,0.1,0.2,0.14754723674647638,0.14651494879843566,0.20270731993153296,0.12706981176174467,0.1776649248536779,0.4315075796723931,0.00810770272297196,0.001901258432606786,0.007968923301741494,0.07073686526049504,0.005153696102001953,0.004956629491945477
