LIMIT_BAL,SEX,EDUCATION,MARRIAGE,AGE,PAY_0,PAY_2,PAY_3,PAY_4,PAY_5,PAY_6,BILL_AMT1,BILL_AMT2,BILL_AMT3,BILL_AMT4,BILL_AMT5,BILL_AMT6,PAY_AMT1,PAY_AMT2,PAY_AMT3,PAY_AMT4,PAY_AMT5,PAY_AMT6
0.27848101265822783,0.0,0.16666666666666666,0.3333333333333333,0.33333333333333337,0.30000000000000004,0.4444444444444444,0.4,0.4,0.4,0.2,0.45846133077573903,0.40605542119075805,0.5215511051616023,0.4593139281925891,0.517354405022173,0.6360737800869696,0.024323108168915877,0.008149414627547303,0.02181466471123166,0.0,0.02063024549631382,0.015539033457249071
