LIMIT_BAL,SEX,EDUCATION,MARRIAGE,AGE,PAY_0,PAY_2,PAY_3,PAY_4,PAY_5,PAY_6,BILL_AMT1,BILL_AMT2,BILL_AMT3,BILL_AMT4,BILL_AMT5,BILL_AMT6,PAY_AMT1,PAY_AMT2,PAY_AMT3,PAY_AMT4,PAY_AMT5,PAY_AMT6
0.025316455696202535,0.0,0.3333333333333333,0.6666666666666666,0.07407407407407407,0.4,0.2222222222222222,0.2,0.2,0.2,0.2,0.0705054649740918,0.0782444810374106,0.12412868765464093,0.11480525940442159,0.1556095855269393,0.3979407101702482,0.0032430810891887836,0.002444824388264191,0.0031539274281298787,0.000347460042095159,0.0,0.0
