LIMIT_BAL,SEX,EDUCATION,MARRIAGE,AGE,PAY_0,PAY_2,PAY_3,PAY_4,PAY_5,PAY_6,BILL_AMT1,BILL_AMT2,BILL_AMT3,BILL_AMT4,BILL_AMT5,BILL_AMT6,PAY_AMT1,PAY_AMT2,PAY_AMT3,PAY_AMT4,PAY_AMT5,PAY_AMT6
0.2531645569620253,1.0,0.3333333333333333,0.6666666666666666,0.16666666666666674,0.2,0.2222222222222222,0.4,0.4,0.4,0.2,0.16478588258193538,0.16388745947614883,0.21647500408524378,0.21184294900607084,0.2704924461524887,0.4801552845614195,0.015201942605572423,8.393897066373722e-05,0.02628272856774899,0.0,0.0077305441530029296,0.004956629491945477
