LIMIT_BAL,SEX,EDUCATION,MARRIAGE,AGE,PAY_0,PAY_2,PAY_3,PAY_4,PAY_5,PAY_6,BILL_AMT1,BILL_AMT2,BILL_AMT3,BILL_AMT4,BILL_AMT5,BILL_AMT6,PAY_AMT1,PAY_AMT2,PAY_AMT3,PAY_AMT4,PAY_AMT5,PAY_AMT6
0.05063291139240507,1.0,0.3333333333333333,0.6666666666666666,0.018518518518518545,0.5,0.4444444444444444,0.2,0.2,0.2,0.2,0.10401110104747298,0.10640791437245922,0.1574180599136074,0.14532580620029606,0.2101204890148136,0.4544428703505151,1.6215405445943918e-05,0.002453788744354493,0.003322136890963472,0.004999425066117396,0.002986566891110132,0.0030830235439900868
