LIMIT_BAL,SEX,EDUCATION,MARRIAGE,AGE,PAY_0,PAY_2,PAY_3,PAY_4,PAY_5,PAY_6,BILL_AMT1,BILL_AMT2,BILL_AMT3,BILL_AMT4,BILL_AMT5,BILL_AMT6,PAY_AMT1,PAY_AMT2,PAY_AMT3,PAY_AMT4,PAY_AMT5,PAY_AMT6
0.012658227848101266,1.0,0.3333333333333333,0.3333333333333333,0.09259259259259262,0.2,0.2222222222222222,0.2,0.2,0.2,0.2,0.052505505786766334,0.0656975248288993,0.10594398841936555,0.10373629864020184,0.15853766139547654,0.4157693745378784,0.0032430810891887836,0.0013854004866830417,0.0039660637408733225,0.002499712533058698,0.0017264881941706544,0.0018339529120198267
