LIMIT_BAL,SEX,EDUCATION,MARRIAGE,AGE,PAY_0,PAY_2,PAY_3,PAY_4,PAY_5,PAY_6,BILL_AMT1,BILL_AMT2,BILL_AMT3,BILL_AMT4,BILL_AMT5,BILL_AMT6,PAY_AMT1,PAY_AMT2,PAY_AMT3,PAY_AMT4,PAY_AMT5,PAY_AMT6
0.20253164556962022,0.0,0.3333333333333333,0.3333333333333333,0.33333333333333337,0.2,0.2222222222222222,0.2,0.2,0.2,0.2,0.24903109140940294,0.20482426799773584,0.26150016753625965,0.24119637067534444,0.3186553726597452,0.5133483555796161,0.04053851361485979,0.004889648776528382,0.013141364283874494,0.01249856266529349,0.0077305441530029296,0.004956629491945477
