LIMIT_BAL,SEX,EDUCATION,MARRIAGE,AGE,PAY_0,PAY_2,PAY_3,PAY_4,PAY_5,PAY_6,BILL_AMT1,BILL_AMT2,BILL_AMT3,BILL_AMT4,BILL_AMT5,BILL_AMT6,PAY_AMT1,PAY_AMT2,PAY_AMT3,PAY_AMT4,PAY_AMT5,PAY_AMT6
0.012658227848101266,1.0,0.5,0.6666666666666666,0.03703703703703709,0.1,0.1111111111111111,0.1,0.2,0.2,0.1,0.05139257554661514,0.0444025626511604,0.10803530310858166,0.10476708437460672,0.1630114737437215,0.3984094230027853,0.002361368418065583,0.015748743767735163,0.001014513322715111,0.0009223939246986596,0.0010307392204003906,0.012701363073110285
