LIMIT_BAL,SEX,EDUCATION,MARRIAGE,AGE,PAY_0,PAY_2,PAY_3,PAY_4,PAY_5,PAY_6,BILL_AMT1,BILL_AMT2,BILL_AMT3,BILL_AMT4,BILL_AMT5,BILL_AMT6,PAY_AMT1,PAY_AMT2,PAY_AMT3,PAY_AMT4,PAY_AMT5,PAY_AMT6
0.0,0.0,0.5,0.6666666666666666,0.05555555555555558,0.30000000000000004,0.1111111111111111,0.2,0.1,0.2,0.2,0.02344531180098484,0.048375186538362584,0.07907051213276135,0.07700329012423365,0.13417188720372022,0.3979407101702482,0.010647440600942925,0.0012224121941320956,0.002050052828284421,0.0,0.0,0.0
