LIMIT_BAL,SEX,EDUCATION,MARRIAGE,AGE,PAY_0,PAY_2,PAY_3,PAY_4,PAY_5,PAY_6,BILL_AMT1,BILL_AMT2,BILL_AMT3,BILL_AMT4,BILL_AMT5,BILL_AMT6,PAY_AMT1,PAY_AMT2,PAY_AMT3,PAY_AMT4,PAY_AMT5,PAY_AMT6
0.18987341772151897,1.0,0.5,0.3333333333333333,0.5555555555555556,0.4,0.4444444444444444,0.4,0.4,0.4,0.4,0.24702970063903232,0.22931353882570887,0.3180069292336743,0.2975060378873687,0.37062054947173717,0.5796149758437124,0.013377709492903733,0.004482178045151017,0.013956128869474713,0.0,0.030922176612011718,0.0
