LIMIT_BAL,SEX,EDUCATION,MARRIAGE,AGE,PAY_0,PAY_2,PAY_3,PAY_4,PAY_5,PAY_6,BILL_AMT1,BILL_AMT2,BILL_AMT3,BILL_AMT4,BILL_AMT5,BILL_AMT6,PAY_AMT1,PAY_AMT2,PAY_AMT3,PAY_AMT4,PAY_AMT5,PAY_AMT6
0.13924050632911392,1.0,0.16666666666666666,0.6666666666666666,0.2962962962962963,0.4,0.4444444444444444,0.4,0.4,0.4,0.4,0.025197117369403364,0.04386095816394793,0.07736543867265067,0.07694935366138689,0.13483854733450326,0.3986367487265658,0.0008999550022498875,0.0003618340094631003,0.001166953148408055,0.0022197447293561237,0.0,0.002200743494423792
