LIMIT_BAL,SEX,EDUCATION,MARRIAGE,AGE,PAY_0,PAY_2,PAY_3,PAY_4,PAY_5,PAY_6,BILL_AMT1,BILL_AMT2,BILL_AMT3,BILL_AMT4,BILL_AMT5,BILL_AMT6,PAY_AMT1,PAY_AMT2,PAY_AMT3,PAY_AMT4,PAY_AMT5,PAY_AMT6
0.1772151898734177,1.0,0.16666666666666666,0.3333333333333333,0.2777777777777778,0.0,0.0,0.0,0.0,0.0,0.0,0.04950263477208476,0.08074409509597077,0.08434914226386879,0.08176767767569802,0.1376587811230609,0.39919217343312224,0.06231783005444322,0.004054333777204783,0.013186044922439667,0.007284162321333046,0.003221060063751221,0.011732342007434945
