LIMIT_BAL,SEX,EDUCATION,MARRIAGE,AGE,PAY_0,PAY_2,PAY_3,PAY_4,PAY_5,PAY_6,BILL_AMT1,BILL_AMT2,BILL_AMT3,BILL_AMT4,BILL_AMT5,BILL_AMT6,PAY_AMT1,PAY_AMT2,PAY_AMT3,PAY_AMT4,PAY_AMT5,PAY_AMT6
0.1772151898734177,0.0,0.16666666666666666,0.6666666666666666,0.16666666666666674,0.2,0.1111111111111111,0.1,0.1,0.1,0.0,0.0315403488227898,0.04558868934287038,0.07811811388834328,0.08197743058676879,0.13289738989487032,0.3979407101702482,0.0042301938957106195,0.0009877090528587333,0.010775918712777086,0.0,0.0,0.0
