LIMIT_BAL,SEX,EDUCATION,MARRIAGE,AGE,PAY_0,PAY_2,PAY_3,PAY_4,PAY_5,PAY_6,BILL_AMT1,BILL_AMT2,BILL_AMT3,BILL_AMT4,BILL_AMT5,BILL_AMT6,PAY_AMT1,PAY_AMT2,PAY_AMT3,PAY_AMT4,PAY_AMT5,PAY_AMT6
0.012658227848101266,1.0,0.5,0.6666666666666666,0.6481481481481481,0.2,0.2222222222222222,0.2,0.4,0.2,0.2,0.04203548505078823,0.05858333762157156,0.10101858744649982,0.09744820601331632,0.15663245131583678,0.4155479077245046,0.0024606877764219897,0.0025263185345396643,0.0,0.001249856266529349,0.0012884240255004883,0.0
