LIMIT_BAL,SEX,EDUCATION,MARRIAGE,AGE,PAY_0,PAY_2,PAY_3,PAY_4,PAY_5,PAY_6,BILL_AMT1,BILL_AMT2,BILL_AMT3,BILL_AMT4,BILL_AMT5,BILL_AMT6,PAY_AMT1,PAY_AMT2,PAY_AMT3,PAY_AMT4,PAY_AMT5,PAY_AMT6
0.16455696202531644,0.0,0.5,0.3333333333333333,0.6111111111111112,0.1,0.1111111111111111,0.1,0.1,0.1,0.1,0.02566960256303596,0.04540858333762157,0.0777846919726198,0.0772654812630721,0.13612611641062344,0.40016123721439273,0.003956558928810316,0.0008157564042174851,0.002515257123933578,0.004951930527989281,0.004896011296901855,0.00451548946716233
