LIMIT_BAL,SEX,EDUCATION,MARRIAGE,AGE,PAY_0,PAY_2,PAY_3,PAY_4,PAY_5,PAY_6,BILL_AMT1,BILL_AMT2,BILL_AMT3,BILL_AMT4,BILL_AMT5,BILL_AMT6,PAY_AMT1,PAY_AMT2,PAY_AMT3,PAY_AMT4,PAY_AMT5,PAY_AMT6
0.05063291139240507,1.0,0.5,0.3333333333333333,0.18518518518518523,0.2,0.2222222222222222,0.2,0.2,0.2,0.2,0.040015257661402355,0.058603921165028564,0.0979897299447543,0.09868874465879193,0.15968470897344145,0.4191780886125045,0.00446734420035755,0.001009712472353111,0.005924127019170622,0.003484599271083825,0.005153696102001953,0.002525402726146221
