LIMIT_BAL,SEX,EDUCATION,MARRIAGE,AGE,PAY_0,PAY_2,PAY_3,PAY_4,PAY_5,PAY_6,BILL_AMT1,BILL_AMT2,BILL_AMT3,BILL_AMT4,BILL_AMT5,BILL_AMT6,PAY_AMT1,PAY_AMT2,PAY_AMT3,PAY_AMT4,PAY_AMT5,PAY_AMT6
0.1139240506329114,1.0,0.16666666666666666,0.6666666666666666,0.12962962962962965,0.30000000000000004,0.0,0.0,0.0,0.0,0.0,0.016347045868737017,0.036607832038285396,0.06805933589617044,0.06850230428555162,0.1249007362672915,0.39220600866415667,0.0,0.0,0.0,0.0,0.0,0.0
