LIMIT_BAL,SEX,EDUCATION,MARRIAGE,AGE,PAY_0,PAY_2,PAY_3,PAY_4,PAY_5,PAY_6,BILL_AMT1,BILL_AMT2,BILL_AMT3,BILL_AMT4,BILL_AMT5,BILL_AMT6,PAY_AMT1,PAY_AMT2,PAY_AMT3,PAY_AMT4,PAY_AMT5,PAY_AMT6
0.16455696202531644,0.0,0.16666666666666666,0.6666666666666666,0.14814814814814814,0.0,0.0,0.0,0.0,0.0,0.0,0.025128049766347436,0.04380435341944116,0.0772928121167505,0.08048668668308732,0.13495455926902677,0.3987609576271881,0.0014188479765200929,0.0005704590239283112,0.008160787220286061,0.003147138079120901,0.0018037936357006836,0.0017348203221809171
