LIMIT_BAL,SEX,EDUCATION,MARRIAGE,AGE,PAY_0,PAY_2,PAY_3,PAY_4,PAY_5,PAY_6,BILL_AMT1,BILL_AMT2,BILL_AMT3,BILL_AMT4,BILL_AMT5,BILL_AMT6,PAY_AMT1,PAY_AMT2,PAY_AMT3,PAY_AMT4,PAY_AMT5,PAY_AMT6
0.2151898734177215,1.0,0.3333333333333333,0.3333333333333333,0.5925925925925926,0.0,0.0,0.0,0.0,0.0,0.0,0.024029246990457682,0.04358951268460866,0.07998164528859979,0.07849852873315234,0.13699865687591298,0.3981563180732153,0.0010803513878360135,0.001897998666755767,0.00467306913934577,0.006284277308109567,0.0004741400413841797,0.002733581164807931
