LIMIT_BAL,SEX,EDUCATION,MARRIAGE,AGE,PAY_0,PAY_2,PAY_3,PAY_4,PAY_5,PAY_6,BILL_AMT1,BILL_AMT2,BILL_AMT3,BILL_AMT4,BILL_AMT5,BILL_AMT6,PAY_AMT1,PAY_AMT2,PAY_AMT3,PAY_AMT4,PAY_AMT5,PAY_AMT6
0.012658227848101266,1.0,0.3333333333333333,0.3333333333333333,0.20370370370370372,0.2,0.2222222222222222,0.2,0.2,0.2,0.2,0.04835674044865687,0.06401353367982299,0.10467797550174222,0.1021856253333573,0.16236442126384382,0.41980382024394153,0.0032430810891887836,0.0013039063404075685,0.002628272856774899,0.002499712533058698,0.0038652720765014648,0.0017348203221809171
