LIMIT_BAL,SEX,EDUCATION,MARRIAGE,AGE,PAY_0,PAY_2,PAY_3,PAY_4,PAY_5,PAY_6,BILL_AMT1,BILL_AMT2,BILL_AMT3,BILL_AMT4,BILL_AMT5,BILL_AMT6,PAY_AMT1,PAY_AMT2,PAY_AMT3,PAY_AMT4,PAY_AMT5,PAY_AMT6
0.26582278481012656,0.0,0.16666666666666666,0.6666666666666666,0.5,0.2,0.2222222222222222,0.2,0.4,0.2,0.2,0.2050083430525055,0.19463670045798387,0.2913183205439069,0.26578091008791643,0.3446110005457463,0.5544357224798189,0.012161554084457939,0.013039063404075686,0.0,0.01249856266529349,0.016234142721306154,0.007434944237918216
