LIMIT_BAL,SEX,EDUCATION,MARRIAGE,AGE,PAY_0,PAY_2,PAY_3,PAY_4,PAY_5,PAY_6,BILL_AMT1,BILL_AMT2,BILL_AMT3,BILL_AMT4,BILL_AMT5,BILL_AMT6,PAY_AMT1,PAY_AMT2,PAY_AMT3,PAY_AMT4,PAY_AMT5,PAY_AMT6
0.0759493670886076,1.0,0.5,0.6666666666666666,0.03703703703703709,0.2,0.2222222222222222,0.4,0.2,0.2,0.2,0.04930641999067587,0.06501183553748778,0.10350604698608047,0.09696877078801172,0.15647068819586737,0.4116376709190638,0.0056753919060803714,0.0,0.0017083773569036842,0.0016248131464881538,0.0014688033890705567,0.0011152416356877324
