LIMIT_BAL,SEX,EDUCATION,MARRIAGE,AGE,PAY_0,PAY_2,PAY_3,PAY_4,PAY_5,PAY_6,BILL_AMT1,BILL_AMT2,BILL_AMT3,BILL_AMT4,BILL_AMT5,BILL_AMT6,PAY_AMT1,PAY_AMT2,PAY_AMT3,PAY_AMT4,PAY_AMT5,PAY_AMT6
0.0,0.0,0.3333333333333333,0.6666666666666666,0.11111111111111116,0.4,0.4444444444444444,0.4,0.2,0.2,0.4,0.03461385715877857,0.05455925487572686,0.09060988150317165,0.09001546178601608,0.1495835008153515,0.4098905438357817,0.0052700067699317735,0.0,0.002628272856774899,0.0022497412797528285,0.000773054415300293,0.0
