LIMIT_BAL,SEX,EDUCATION,MARRIAGE,AGE,PAY_0,PAY_2,PAY_3,PAY_4,PAY_5,PAY_6,BILL_AMT1,BILL_AMT2,BILL_AMT3,BILL_AMT4,BILL_AMT5,BILL_AMT6,PAY_AMT1,PAY_AMT2,PAY_AMT3,PAY_AMT4,PAY_AMT5,PAY_AMT6
0.24050632911392406,0.0,0.3333333333333333,0.6666666666666666,0.11111111111111116,0.2,0.2222222222222222,0.4,0.2,0.2,0.2,0.0637964891681592,0.07661323521844286,0.11847867172631674,0.11353325782228535,0.1737384927598749,0.42594747369642166,0.00446734420035755,0.0008182012286057493,0.0026387859482019985,0.002532208795988461,0.005200079366919971,9.913258983890955e-06
