LIMIT_BAL,SEX,EDUCATION,MARRIAGE,AGE,PAY_0,PAY_2,PAY_3,PAY_4,PAY_5,PAY_6,BILL_AMT1,BILL_AMT2,BILL_AMT3,BILL_AMT4,BILL_AMT5,BILL_AMT6,PAY_AMT1,PAY_AMT2,PAY_AMT3,PAY_AMT4,PAY_AMT5,PAY_AMT6
0.37974683544303794,1.0,0.3333333333333333,0.3333333333333333,0.462962962962963,0.0,0.0,0.0,0.0,0.0,0.0,0.10796836075892738,0.05822955796840426,0.08707924052429772,0.12728705584821082,0.13600193462155602,0.4047452487166056,0.024158927188775697,0.005402246956601108,0.04513007322368179,0.009498907625623053,0.014963756632162671,0.0034200743494423795
