LIMIT_BAL,SEX,EDUCATION,MARRIAGE,AGE,PAY_0,PAY_2,PAY_3,PAY_4,PAY_5,PAY_6,BILL_AMT1,BILL_AMT2,BILL_AMT3,BILL_AMT4,BILL_AMT5,BILL_AMT6,PAY_AMT1,PAY_AMT2,PAY_AMT3,PAY_AMT4,PAY_AMT5,PAY_AMT6
0.05063291139240507,1.0,0.5,0.3333333333333333,0.7407407407407407,0.4,0.2222222222222222,0.2,0.2,0.4,0.2,0.031902953738833416,0.050706272834868525,0.08766685538567177,0.085354452455008,0.1409169191151721,0.40230442664116867,0.0023005606476432933,0.0008597632432062406,0.0017241469940443336,0.0,0.00034272079078312987,0.00012391573729863693
