LIMIT_BAL,SEX,EDUCATION,MARRIAGE,AGE,PAY_0,PAY_2,PAY_3,PAY_4,PAY_5,PAY_6,BILL_AMT1,BILL_AMT2,BILL_AMT3,BILL_AMT4,BILL_AMT5,BILL_AMT6,PAY_AMT1,PAY_AMT2,PAY_AMT3,PAY_AMT4,PAY_AMT5,PAY_AMT6
0.0379746835443038,1.0,0.3333333333333333,0.6666666666666666,0.09259259259259262,0.1,0.2222222222222222,0.2,0.2,0.1,0.2,0.06953694881305754,0.07428214892193691,0.0985855978238443,0.07583466676255371,0.20483132518308644,0.4198495197451139,0.0026350033849658868,0.0008149414627547304,0.0,0.055926068502122256,0.001752256674680664,0.024783147459727387
