LIMIT_BAL,SEX,EDUCATION,MARRIAGE,AGE,PAY_0,PAY_2,PAY_3,PAY_4,PAY_5,PAY_6,BILL_AMT1,BILL_AMT2,BILL_AMT3,BILL_AMT4,BILL_AMT5,BILL_AMT6,PAY_AMT1,PAY_AMT2,PAY_AMT3,PAY_AMT4,PAY_AMT5,PAY_AMT6
0.620253164556962,1.0,0.3333333333333333,0.3333333333333333,0.3148148148148149,0.1,0.1111111111111111,0.2,0.2,0.2,0.2,0.03955219077727738,0.07495111408428962,0.19473655542148988,0.10303512462319388,0.18551288712855757,0.4444229617729531,0.05051098796411531,0.04098340616193539,0.013146620829588044,0.03749818770841353,0.04387856861244463,0.0019281288723667907
