LIMIT_BAL,SEX,EDUCATION,MARRIAGE,AGE,PAY_0,PAY_2,PAY_3,PAY_4,PAY_5,PAY_6,BILL_AMT1,BILL_AMT2,BILL_AMT3,BILL_AMT4,BILL_AMT5,BILL_AMT6,PAY_AMT1,PAY_AMT2,PAY_AMT3,PAY_AMT4,PAY_AMT5,PAY_AMT6
0.35443037974683544,1.0,0.3333333333333333,0.6666666666666666,0.16666666666666674,0.1,0.1111111111111111,0.4,0.1,0.1,0.0,0.031060015037900846,0.05322775690835178,0.0819128514341269,0.08072490606066055,0.13199870589504026,0.3972962300255097,0.0314153211258356,0.0,0.008678556973070716,0.0,0.0,0.0030978934324659233
