LIMIT_BAL,SEX,EDUCATION,MARRIAGE,AGE,PAY_0,PAY_2,PAY_3,PAY_4,PAY_5,PAY_6,BILL_AMT1,BILL_AMT2,BILL_AMT3,BILL_AMT4,BILL_AMT5,BILL_AMT6,PAY_AMT1,PAY_AMT2,PAY_AMT3,PAY_AMT4,PAY_AMT5,PAY_AMT6
0.22784810126582275,0.0,0.5,0.3333333333333333,0.37037037037037035,0.2,0.2222222222222222,0.2,0.2,0.2,0.2,0.07178792478538028,0.08332347038542685,0.12969947461289222,0.12596261603830688,0.18865174524432768,0.43875739540966086,0.002973499973649966,0.001220782311206586,0.0039581789223029976,0.0029246636636786768,0.0031154092936601808,0.0030111524163568774
