LIMIT_BAL,SEX,EDUCATION,MARRIAGE,AGE,PAY_0,PAY_2,PAY_3,PAY_4,PAY_5,PAY_6,BILL_AMT1,BILL_AMT2,BILL_AMT3,BILL_AMT4,BILL_AMT5,BILL_AMT6,PAY_AMT1,PAY_AMT2,PAY_AMT3,PAY_AMT4,PAY_AMT5,PAY_AMT6
0.16455696202531644,0.0,0.3333333333333333,0.6666666666666666,0.42592592592592593,0.4,0.2222222222222222,0.2,0.2,0.2,0.2,0.15646794556844992,0.15240698811300366,0.21957648814288944,0.21005105985149494,0.2806606471178387,0.5061336933047886,0.0061740156235431465,0.002569510432065665,0.010844253807053233,0.008076571194312654,0.008635017818904273,0.00842627013630731
