LIMIT_BAL,SEX,EDUCATION,MARRIAGE,AGE,PAY_0,PAY_2,PAY_3,PAY_4,PAY_5,PAY_6,BILL_AMT1,BILL_AMT2,BILL_AMT3,BILL_AMT4,BILL_AMT5,BILL_AMT6,PAY_AMT1,PAY_AMT2,PAY_AMT3,PAY_AMT4,PAY_AMT5,PAY_AMT6
0.06329113924050633,1.0,0.3333333333333333,0.3333333333333333,0.5,0.2,0.2222222222222222,0.2,0.1,0.2,0.2,0.11631926185568951,0.1200753872279113,0.13210605457885677,0.10506972786058023,0.16113404116953103,0.41762899270096937,0.014788449766700854,0.001550833603622252,0.0512854882542486,0.0018972818125915518,0.0021928976914018313,0.0009665427509293681
