LIMIT_BAL,SEX,EDUCATION,MARRIAGE,AGE,PAY_0,PAY_2,PAY_3,PAY_4,PAY_5,PAY_6,BILL_AMT1,BILL_AMT2,BILL_AMT3,BILL_AMT4,BILL_AMT5,BILL_AMT6,PAY_AMT1,PAY_AMT2,PAY_AMT3,PAY_AMT4,PAY_AMT5,PAY_AMT6
0.1139240506329114,0.0,0.3333333333333333,0.3333333333333333,0.42592592592592593,0.4,0.4444444444444444,0.4,0.4,0.5,0.4,0.11756247871069621,0.12117532033139505,0.1780605078246861,0.17341471746282877,0.2371708774096986,0.47411943506042287,0.0056753919060803714,0.0020373536568868257,0.013141364283874494,0.0,0.006184435322402344,0.005947955390334572
