LIMIT_BAL,SEX,EDUCATION,MARRIAGE,AGE,PAY_0,PAY_2,PAY_3,PAY_4,PAY_5,PAY_6,BILL_AMT1,BILL_AMT2,BILL_AMT3,BILL_AMT4,BILL_AMT5,BILL_AMT6,PAY_AMT1,PAY_AMT2,PAY_AMT3,PAY_AMT4,PAY_AMT5,PAY_AMT6
0.025316455696202535,0.0,0.3333333333333333,0.6666666666666666,0.07407407407407407,0.2,0.2222222222222222,0.2,0.2,0.2,0.2,0.055352974694572066,0.06908094478464469,0.10640780801500069,0.10399249683872398,0.17134472537850937,0.42551391432632485,0.0027120265608341202,0.0012224121941320956,0.002628272856774899,0.01249856266529349,0.005153696102001953,5.947955390334573e-05
