LIMIT_BAL,SEX,EDUCATION,MARRIAGE,AGE,PAY_0,PAY_2,PAY_3,PAY_4,PAY_5,PAY_6,BILL_AMT1,BILL_AMT2,BILL_AMT3,BILL_AMT4,BILL_AMT5,BILL_AMT6,PAY_AMT1,PAY_AMT2,PAY_AMT3,PAY_AMT4,PAY_AMT5,PAY_AMT6
0.06329113924050633,1.0,0.3333333333333333,0.3333333333333333,0.2777777777777778,0.1,0.1111111111111111,0.1,0.1,0.1,0.1,0.027292691234850255,0.051862810682859056,0.07780945102576758,0.08370639386802346,0.13768819259941897,0.4005748762891067,0.01411551044069418,0.0008255357017705418,0.013808945589495318,0.007329157146928103,0.005792754418650195,0.007434944237918216
