LIMIT_BAL,SEX,EDUCATION,MARRIAGE,AGE,PAY_0,PAY_2,PAY_3,PAY_4,PAY_5,PAY_6,BILL_AMT1,BILL_AMT2,BILL_AMT3,BILL_AMT4,BILL_AMT5,BILL_AMT6,PAY_AMT1,PAY_AMT2,PAY_AMT3,PAY_AMT4,PAY_AMT5,PAY_AMT6
0.22784810126582275,0.0,0.5,0.3333333333333333,0.37037037037037035,0.2,0.1111111111111111,0.1,0.1,0.4,0.4,0.1541997026953632,0.04332321309113364,0.07642789586012126,0.0770392477661315,0.1336784279892681,0.3990562467116865,0.0006607777719222147,0.00014342969744483256,0.0025073723053632537,0.0,0.0024480056484509276,0.0
