LIMIT_BAL,SEX,EDUCATION,MARRIAGE,AGE,PAY_0,PAY_2,PAY_3,PAY_4,PAY_5,PAY_6,BILL_AMT1,BILL_AMT2,BILL_AMT3,BILL_AMT4,BILL_AMT5,BILL_AMT6,PAY_AMT1,PAY_AMT2,PAY_AMT3,PAY_AMT4,PAY_AMT5,PAY_AMT6
0.4936708860759494,1.0,0.16666666666666666,0.6666666666666666,0.09259259259259262,0.1,0.2222222222222222,0.2,0.2,0.2,0.2,0.02853590808985695,0.05095713477075079,0.0871155538022478,0.08563612064987444,0.14448714555086062,0.408643767701233,0.008140133533863846,0.003276064680274016,0.010686557435646738,0.010021347545032321,0.010361506013074926,0.008691449814126395
