LIMIT_BAL,SEX,EDUCATION,MARRIAGE,AGE,PAY_0,PAY_2,PAY_3,PAY_4,PAY_5,PAY_6,BILL_AMT1,BILL_AMT2,BILL_AMT3,BILL_AMT4,BILL_AMT5,BILL_AMT6,PAY_AMT1,PAY_AMT2,PAY_AMT3,PAY_AMT4,PAY_AMT5,PAY_AMT6
0.3291139240506329,1.0,0.3333333333333333,0.6666666666666666,0.2407407407407407,0.2,0.2222222222222222,0.2,0.2,0.2,0.2,0.23014895056486312,0.20208794318942008,0.2674869065873937,0.23517196742237645,0.2936229383372059,0.5032944653216952,0.012161554084457939,0.004645166337701963,0.009987436855744616,0.009248936372317183,0.008503598568303223,0.0076827757125154895
