LIMIT_BAL,SEX,EDUCATION,MARRIAGE,AGE,PAY_0,PAY_2,PAY_3,PAY_4,PAY_5,PAY_6,BILL_AMT1,BILL_AMT2,BILL_AMT3,BILL_AMT4,BILL_AMT5,BILL_AMT6,PAY_AMT1,PAY_AMT2,PAY_AMT3,PAY_AMT4,PAY_AMT5,PAY_AMT6
0.012658227848101266,1.0,0.5,0.3333333333333333,0.6481481481481481,0.4,0.2222222222222222,0.2,0.2,0.2,0.2,0.044222102574808846,0.061107394637986936,0.10144774436772806,0.10013903621533833,0.16165200994761492,0.40959994187960874,0.0030403885211144847,0.0012224121941320956,0.002628272856774899,0.0037495687995880472,0.0038652720765014648,0.003717472118959108
