LIMIT_BAL,SEX,EDUCATION,MARRIAGE,AGE,PAY_0,PAY_2,PAY_3,PAY_4,PAY_5,PAY_6,BILL_AMT1,BILL_AMT2,BILL_AMT3,BILL_AMT4,BILL_AMT5,BILL_AMT6,PAY_AMT1,PAY_AMT2,PAY_AMT3,PAY_AMT4,PAY_AMT5,PAY_AMT6
0.1139240506329114,0.0,0.3333333333333333,0.3333333333333333,0.462962962962963,0.4,0.4444444444444444,0.4,0.2,0.2,0.2,0.051494607232947756,0.0663420470333968,0.10523587949933894,0.10285683464878373,0.163037617278262,0.42001708458274595,0.0026350033849658868,0.0,0.0018397909997424293,0.0017497987731410886,0.0018037936357006836,0.001982651796778191
