LIMIT_BAL,SEX,EDUCATION,MARRIAGE,AGE,PAY_0,PAY_2,PAY_3,PAY_4,PAY_5,PAY_6,BILL_AMT1,BILL_AMT2,BILL_AMT3,BILL_AMT4,BILL_AMT5,BILL_AMT6,PAY_AMT1,PAY_AMT2,PAY_AMT3,PAY_AMT4,PAY_AMT5,PAY_AMT6
0.34177215189873417,1.0,0.16666666666666666,0.6666666666666666,0.16666666666666674,0.1,0.1111111111111111,0.1,0.0,0.0,0.0,0.06590776021611881,0.11008722276539906,0.11754773132796008,0.08995852885301114,0.13751989359581443,0.39817272302235407,0.10585213982544116,0.02045503071514373,0.02477672822081697,0.007094184168820585,0.0005102159140981934,0.010257744733581165
