LIMIT_BAL,SEX,EDUCATION,MARRIAGE,AGE,PAY_0,PAY_2,PAY_3,PAY_4,PAY_5,PAY_6,BILL_AMT1,BILL_AMT2,BILL_AMT3,BILL_AMT4,BILL_AMT5,BILL_AMT6,PAY_AMT1,PAY_AMT2,PAY_AMT3,PAY_AMT4,PAY_AMT5,PAY_AMT6
0.12658227848101264,1.0,0.3333333333333333,0.3333333333333333,0.2777777777777778,0.1,0.1111111111111111,0.1,0.1,0.1,0.1,0.027171822929502383,0.044262337261359544,0.08386221421862905,0.07715311363214133,0.13433528429459843,0.3989718784018298,0.0021404335188645973,0.0038758615968614977,0.002312880113961911,0.002199747029091654,0.0022676262848808594,0.00218091697645601
