LIMIT_BAL,SEX,EDUCATION,MARRIAGE,AGE,PAY_0,PAY_2,PAY_3,PAY_4,PAY_5,PAY_6,BILL_AMT1,BILL_AMT2,BILL_AMT3,BILL_AMT4,BILL_AMT5,BILL_AMT6,PAY_AMT1,PAY_AMT2,PAY_AMT3,PAY_AMT4,PAY_AMT5,PAY_AMT6
0.2531645569620253,0.0,0.16666666666666666,0.6666666666666666,0.12962962962962965,0.1,0.1111111111111111,0.1,0.1,0.1,0.1,0.0269049708267863,0.04428549374774868,0.07779129438679254,0.07689991190377735,0.13358365767655875,0.399782751602119,0.0021769181811179712,0.0008165713456802398,0.0018687020011669531,0.0010498792638846532,0.004050805136173535,0.0
