LIMIT_BAL,SEX,EDUCATION,MARRIAGE,AGE,PAY_0,PAY_2,PAY_3,PAY_4,PAY_5,PAY_6,BILL_AMT1,BILL_AMT2,BILL_AMT3,BILL_AMT4,BILL_AMT5,BILL_AMT6,PAY_AMT1,PAY_AMT2,PAY_AMT3,PAY_AMT4,PAY_AMT5,PAY_AMT6
0.13924050632911392,1.0,0.16666666666666666,0.6666666666666666,0.14814814814814814,0.2,0.2222222222222222,0.2,0.2,0.2,0.2,0.029846622829668303,0.1739090721967787,0.2463278197672979,0.2270859927005987,0.2697244798253612,0.4581984319212187,0.20269256807429897,0.004375420713530147,0.010549887247094445,0.002499712533058698,0.0025768480510009765,0.0024783147459727386
