LIMIT_BAL,SEX,EDUCATION,MARRIAGE,AGE,PAY_0,PAY_2,PAY_3,PAY_4,PAY_5,PAY_6,BILL_AMT1,BILL_AMT2,BILL_AMT3,BILL_AMT4,BILL_AMT5,BILL_AMT6,PAY_AMT1,PAY_AMT2,PAY_AMT3,PAY_AMT4,PAY_AMT5,PAY_AMT6
0.025316455696202535,1.0,0.3333333333333333,0.3333333333333333,0.5,0.4,0.4444444444444444,0.4,0.4,0.4,0.2,0.0690723122106813,0.08127154839705655,0.12411383222275225,0.12263353769259812,0.181620768423839,0.4331621359712491,0.0038511587934116805,0.0,0.007884818570324697,0.0,0.0038652720765014648,0.004956629491945477
