LIMIT_BAL,SEX,EDUCATION,MARRIAGE,AGE,PAY_0,PAY_2,PAY_3,PAY_4,PAY_5,PAY_6,BILL_AMT1,BILL_AMT2,BILL_AMT3,BILL_AMT4,BILL_AMT5,BILL_AMT6,PAY_AMT1,PAY_AMT2,PAY_AMT3,PAY_AMT4,PAY_AMT5,PAY_AMT6
0.16455696202531644,1.0,0.16666666666666666,0.6666666666666666,0.12962962962962965,0.30000000000000004,0.1111111111111111,0.1,0.1,0.1,0.0,0.024029246990457682,0.0433283589769979,0.07668208880577183,0.07593804498301002,0.13247092348767822,0.3972481869601746,0.0006688854746451866,0.000268930682709061,0.000181350827117468,0.0,0.0,0.07423296158612144
