LIMIT_BAL,SEX,EDUCATION,MARRIAGE,AGE,PAY_0,PAY_2,PAY_3,PAY_4,PAY_5,PAY_6,BILL_AMT1,BILL_AMT2,BILL_AMT3,BILL_AMT4,BILL_AMT5,BILL_AMT6,PAY_AMT1,PAY_AMT2,PAY_AMT3,PAY_AMT4,PAY_AMT5,PAY_AMT6
0.13924050632911392,0.0,0.3333333333333333,0.6666666666666666,0.2407407407407407,0.1,0.1111111111111111,0.1,0.1,0.1,0.1,0.025372925813545725,0.04400504296814697,0.07755030626948745,0.07711715599024349,0.13429606899278765,0.3989437556318776,0.0017350483827159992,0.0006975898921180492,0.0022498015653993134,0.0021397539282982454,0.002205781931656836,0.006602230483271376
