LIMIT_BAL,SEX,EDUCATION,MARRIAGE,AGE,PAY_0,PAY_2,PAY_3,PAY_4,PAY_5,PAY_6,BILL_AMT1,BILL_AMT2,BILL_AMT3,BILL_AMT4,BILL_AMT5,BILL_AMT6,PAY_AMT1,PAY_AMT2,PAY_AMT3,PAY_AMT4,PAY_AMT5,PAY_AMT6
0.5569620253164557,0.0,0.16666666666666666,0.3333333333333333,0.5925925925925926,0.1,0.1111111111111111,0.1,0.1,0.1,0.1,0.05154640793523971,0.047886327381258684,0.08128562208771638,0.08927383542187303,0.13505913340718884,0.411990377325548,0.007874606269686515,0.0025491368954967965,0.023675481893828287,0.0033071196812366577,0.030942791396419728,0.000530359355638166
