LIMIT_BAL,SEX,EDUCATION,MARRIAGE,AGE,PAY_0,PAY_2,PAY_3,PAY_4,PAY_5,PAY_6,BILL_AMT1,BILL_AMT2,BILL_AMT3,BILL_AMT4,BILL_AMT5,BILL_AMT6,PAY_AMT1,PAY_AMT2,PAY_AMT3,PAY_AMT4,PAY_AMT5,PAY_AMT6
0.012658227848101266,0.0,0.5,0.3333333333333333,0.3148148148148149,0.4,0.2222222222222222,0.2,0.1,0.1,0.1,0.05521640920671149,0.06838239077857254,0.10898440014591336,0.07641897844339368,0.1335346385492953,0.3979407101702482,0.0030707924063256295,0.0008149414627547304,0.0010250264141422106,0.0009748878878928923,0.0,0.0019330855018587362
