LIMIT_BAL,SEX,EDUCATION,MARRIAGE,AGE,PAY_0,PAY_2,PAY_3,PAY_4,PAY_5,PAY_6,BILL_AMT1,BILL_AMT2,BILL_AMT3,BILL_AMT4,BILL_AMT5,BILL_AMT6,PAY_AMT1,PAY_AMT2,PAY_AMT3,PAY_AMT4,PAY_AMT5,PAY_AMT6
0.18987341772151897,1.0,0.3333333333333333,0.3333333333333333,0.537037037037037,0.0,0.0,0.0,0.0,0.0,0.0,0.029429077774830194,0.04703082385632687,0.08160914038218076,0.07979749854671198,0.13461142537818258,0.3996620580477407,0.006524673766311684,0.002707235539271214,0.006951781706169608,0.002622198447178574,0.0037853897869204347,0.008649318463444858
