LIMIT_BAL,SEX,EDUCATION,MARRIAGE,AGE,PAY_0,PAY_2,PAY_3,PAY_4,PAY_5,PAY_6,BILL_AMT1,BILL_AMT2,BILL_AMT3,BILL_AMT4,BILL_AMT5,BILL_AMT6,PAY_AMT1,PAY_AMT2,PAY_AMT3,PAY_AMT4,PAY_AMT5,PAY_AMT6
0.05063291139240507,0.0,0.3333333333333333,0.6666666666666666,0.03703703703703709,0.2,0.2222222222222222,0.2,0.2,0.2,0.2,0.09506841616998164,0.09643132815314157,0.13647355155412577,0.10485098553903502,0.16509478665241845,0.42102013004437533,0.004380186396085601,0.001321020111125418,0.002628272856774899,0.002499712533058698,0.0025768480510009765,0.0024783147459727386
