LIMIT_BAL,SEX,EDUCATION,MARRIAGE,AGE,PAY_0,PAY_2,PAY_3,PAY_4,PAY_5,PAY_6,BILL_AMT1,BILL_AMT2,BILL_AMT3,BILL_AMT4,BILL_AMT5,BILL_AMT6,PAY_AMT1,PAY_AMT2,PAY_AMT3,PAY_AMT4,PAY_AMT5,PAY_AMT6
0.3164556962025316,0.0,0.16666666666666666,0.3333333333333333,0.537037037037037,0.2,0.2222222222222222,0.2,0.2,0.2,0.1,0.20601767188807282,0.1959386095816395,0.2736304529751304,0.25929055572535553,0.12741868543772447,0.5431702095497896,0.01175616894830934,0.004889648776528382,0.02102618285419919,0.09998850132234792,0.3280121421080163,0.014869888475836432
