LIMIT_BAL,SEX,EDUCATION,MARRIAGE,AGE,PAY_0,PAY_2,PAY_3,PAY_4,PAY_5,PAY_6,BILL_AMT1,BILL_AMT2,BILL_AMT3,BILL_AMT4,BILL_AMT5,BILL_AMT6,PAY_AMT1,PAY_AMT2,PAY_AMT3,PAY_AMT4,PAY_AMT5,PAY_AMT6
0.2151898734177215,1.0,0.3333333333333333,0.3333333333333333,0.5740740740740741,0.2,0.2222222222222222,0.2,0.2,0.2,0.2,0.14417234250624356,0.13538568414552565,0.18479992209151277,0.15317505977957965,0.21654199468632662,0.4564337281067165,0.006486162178377567,0.0017928712180604069,0.004730891142194818,0.004999425066117396,0.004638326491801758,0.003717472118959108
