LIMIT_BAL,SEX,EDUCATION,MARRIAGE,AGE,PAY_0,PAY_2,PAY_3,PAY_4,PAY_5,PAY_6,BILL_AMT1,BILL_AMT2,BILL_AMT3,BILL_AMT4,BILL_AMT5,BILL_AMT6,PAY_AMT1,PAY_AMT2,PAY_AMT3,PAY_AMT4,PAY_AMT5,PAY_AMT6
0.36708860759493667,1.0,0.3333333333333333,0.6666666666666666,0.37037037037037035,0.1,0.1111111111111111,0.1,0.1,0.1,0.1,0.02593645466575204,0.09939149899655227,0.12199940908393155,0.08365695211041393,0.13498560471629364,0.40174314302420544,0.0890691951888892,0.022706713976735054,0.013756380132359821,0.003194632617249016,0.00836187192549817,5.452292441140025e-05
