LIMIT_BAL,SEX,EDUCATION,MARRIAGE,AGE,PAY_0,PAY_2,PAY_3,PAY_4,PAY_5,PAY_6,BILL_AMT1,BILL_AMT2,BILL_AMT3,BILL_AMT4,BILL_AMT5,BILL_AMT6,PAY_AMT1,PAY_AMT2,PAY_AMT3,PAY_AMT4,PAY_AMT5,PAY_AMT6
0.06329113924050633,0.0,0.3333333333333333,0.6666666666666666,0.38888888888888884,0.2,0.2222222222222222,0.2,0.1,0.2,0.2,0.14692405860072175,0.13315494262337263,0.19158060144691907,0.1659834714706076,0.18070901265673867,0.4333671978354841,0.006080777042228969,0.0011449927551703961,0.1601695761647191,0.002639696434909985,0.005411380907102051,0.0027286245353159854
