LIMIT_BAL,SEX,EDUCATION,MARRIAGE,AGE,PAY_0,PAY_2,PAY_3,PAY_4,PAY_5,PAY_6,BILL_AMT1,BILL_AMT2,BILL_AMT3,BILL_AMT4,BILL_AMT5,BILL_AMT6,PAY_AMT1,PAY_AMT2,PAY_AMT3,PAY_AMT4,PAY_AMT5,PAY_AMT6
0.08860759493670886,1.0,0.3333333333333333,0.3333333333333333,0.38888888888888884,0.2,0.2222222222222222,0.2,0.2,0.2,0.4,0.052554167052555736,0.06806591879792107,0.109870774248604,0.11567423575028615,0.17922046515883833,0.43046703718416074,0.00405385136148598,0.0012224121941320956,0.017083773569036842,0.005499367572729136,0.0,0.0027261462205700124
