LIMIT_BAL,SEX,EDUCATION,MARRIAGE,AGE,PAY_0,PAY_2,PAY_3,PAY_4,PAY_5,PAY_6,BILL_AMT1,BILL_AMT2,BILL_AMT3,BILL_AMT4,BILL_AMT5,BILL_AMT6,PAY_AMT1,PAY_AMT2,PAY_AMT3,PAY_AMT4,PAY_AMT5,PAY_AMT6
0.1139240506329114,0.0,0.16666666666666666,0.6666666666666666,0.2777777777777778,0.2,0.2222222222222222,0.2,0.1,0.1,0.4,0.048493305936517454,0.05889466371635878,0.08964923024103764,0.07752317769667331,0.15067499338241783,0.40982609582130786,0.010134628403714948,0.0040747073137736515,0.002962063509585311,0.025354584222814374,0.0,0.01734820322180917
