LIMIT_BAL,SEX,EDUCATION,MARRIAGE,AGE,PAY_0,PAY_2,PAY_3,PAY_4,PAY_5,PAY_6,BILL_AMT1,BILL_AMT2,BILL_AMT3,BILL_AMT4,BILL_AMT5,BILL_AMT6,PAY_AMT1,PAY_AMT2,PAY_AMT3,PAY_AMT4,PAY_AMT5,PAY_AMT6
0.05063291139240507,0.0,0.3333333333333333,0.6666666666666666,0.38888888888888884,0.2,0.2222222222222222,0.2,0.2,0.2,0.2,0.03535790360988106,0.053569958318324506,0.09206406322471812,0.09227779675542211,0.15134818939683597,0.41154510013463774,0.002432310816891588,0.0012224121941320956,0.003942409285162349,0.001249856266529349,0.0012884240255004883,0.0012391573729863693
