LIMIT_BAL,SEX,EDUCATION,MARRIAGE,AGE,PAY_0,PAY_2,PAY_3,PAY_4,PAY_5,PAY_6,BILL_AMT1,BILL_AMT2,BILL_AMT3,BILL_AMT4,BILL_AMT5,BILL_AMT6,PAY_AMT1,PAY_AMT2,PAY_AMT3,PAY_AMT4,PAY_AMT5,PAY_AMT6
0.4430379746835443,1.0,0.16666666666666666,0.6666666666666666,0.2592592592592593,0.0,0.0,0.0,0.0,0.0,0.0,0.02402453783570387,0.04289996397879895,0.07613243782589105,0.07583017205731647,0.13289248798214398,0.39864026407280984,0.0,0.0,0.0,0.0,0.001546108830600586,0.0014622057001239157
