LIMIT_BAL,SEX,EDUCATION,MARRIAGE,AGE,PAY_0,PAY_2,PAY_3,PAY_4,PAY_5,PAY_6,BILL_AMT1,BILL_AMT2,BILL_AMT3,BILL_AMT4,BILL_AMT5,BILL_AMT6,PAY_AMT1,PAY_AMT2,PAY_AMT3,PAY_AMT4,PAY_AMT5,PAY_AMT6
0.15189873417721517,0.0,0.16666666666666666,0.6666666666666666,0.14814814814814814,0.2,0.2222222222222222,0.2,0.2,0.2,0.2,0.14699626564028023,0.14714531981680648,0.21319030303430447,0.20073053942455787,0.2711182570105522,0.4987456072819225,0.00810770272297196,0.0034227541435698674,0.0076535305589285054,0.006249281332646745,0.005926750517302246,0.006195786864931847
