LIMIT_BAL,SEX,EDUCATION,MARRIAGE,AGE,PAY_0,PAY_2,PAY_3,PAY_4,PAY_5,PAY_6,BILL_AMT1,BILL_AMT2,BILL_AMT3,BILL_AMT4,BILL_AMT5,BILL_AMT6,PAY_AMT1,PAY_AMT2,PAY_AMT3,PAY_AMT4,PAY_AMT5,PAY_AMT6
0.4177215189873417,1.0,0.16666666666666666,0.6666666666666666,0.2592592592592593,0.0,0.0,0.0,0.0,0.0,0.0,0.02517828075038811,0.04496732362476201,0.07400150865163847,0.09500758106950014,0.13435162400368625,0.400651042124394,0.0032795657514421575,2.200341949437772e-05,0.05275469278118577,0.0022572404173520043,0.005960249541965259,0.38807930607187113
