LIMIT_BAL,SEX,EDUCATION,MARRIAGE,AGE,PAY_0,PAY_2,PAY_3,PAY_4,PAY_5,PAY_6,BILL_AMT1,BILL_AMT2,BILL_AMT3,BILL_AMT4,BILL_AMT5,BILL_AMT6,PAY_AMT1,PAY_AMT2,PAY_AMT3,PAY_AMT4,PAY_AMT5,PAY_AMT6
0.18987341772151897,1.0,0.3333333333333333,0.3333333333333333,0.2407407407407407,0.30000000000000004,0.4444444444444444,0.4,0.4,0.2,0.2,0.14917817400954703,0.14233520300519736,0.1961049057587907,0.17550625363322006,0.24219860589602063,0.47602475272468625,0.0,0.0036672365823962865,0.006570682141937247,0.0074991375991760945,0.0077305441530029296,0.009913258983890954
