LIMIT_BAL,SEX,EDUCATION,MARRIAGE,AGE,PAY_0,PAY_2,PAY_3,PAY_4,PAY_5,PAY_6,BILL_AMT1,BILL_AMT2,BILL_AMT3,BILL_AMT4,BILL_AMT5,BILL_AMT6,PAY_AMT1,PAY_AMT2,PAY_AMT3,PAY_AMT4,PAY_AMT5,PAY_AMT6
0.05063291139240507,1.0,0.3333333333333333,0.3333333333333333,0.537037037037037,0.4,0.4444444444444444,0.4,0.4,0.4,0.4,0.06723574185669415,0.07978567385375393,0.12329348226178903,0.12092704793752959,0.1816844932892815,0.4345342927885015,0.0038511587934116805,0.0005297119507905747,0.006045027570582268,0.001374841893182284,0.005153696102001953,0.0
