LIMIT_BAL,SEX,EDUCATION,MARRIAGE,AGE,PAY_0,PAY_2,PAY_3,PAY_4,PAY_5,PAY_6,BILL_AMT1,BILL_AMT2,BILL_AMT3,BILL_AMT4,BILL_AMT5,BILL_AMT6,PAY_AMT1,PAY_AMT2,PAY_AMT3,PAY_AMT4,PAY_AMT5,PAY_AMT6
0.3164556962025316,1.0,0.16666666666666666,0.6666666666666666,0.2222222222222222,0.2,0.2222222222222222,0.2,0.2,0.2,0.2,0.053006245908921806,0.06904621005506098,0.11351200566487137,0.10709384345241305,0.17473358104332312,0.4316271014446901,0.006080777042228969,0.002444824388264191,0.005256545713549798,0.014083380411252705,0.009658026495151661,0.0024783147459727386
