LIMIT_BAL,SEX,EDUCATION,MARRIAGE,AGE,PAY_0,PAY_2,PAY_3,PAY_4,PAY_5,PAY_6,BILL_AMT1,BILL_AMT2,BILL_AMT3,BILL_AMT4,BILL_AMT5,BILL_AMT6,PAY_AMT1,PAY_AMT2,PAY_AMT3,PAY_AMT4,PAY_AMT5,PAY_AMT6
0.025316455696202535,1.0,0.16666666666666666,0.6666666666666666,0.12962962962962965,0.2,0.2222222222222222,0.2,0.2,0.2,0.2,0.034011085350290474,0.05250218700149231,0.08467431116187635,0.08472069901655849,0.1454217769106839,0.40911365231585145,0.0024931185873138775,0.0010113423552786205,0.002628272856774899,0.004999425066117396,0.005153696102001953,0.0
