LIMIT_BAL,SEX,EDUCATION,MARRIAGE,AGE,PAY_0,PAY_2,PAY_3,PAY_4,PAY_5,PAY_6,BILL_AMT1,BILL_AMT2,BILL_AMT3,BILL_AMT4,BILL_AMT5,BILL_AMT6,PAY_AMT1,PAY_AMT2,PAY_AMT3,PAY_AMT4,PAY_AMT5,PAY_AMT6
0.2531645569620253,1.0,0.16666666666666666,0.6666666666666666,0.09259259259259262,0.1,0.1111111111111111,0.1,0.0,0.1,0.1,0.0243918519065013,0.04497246951062626,0.0761373896365206,0.07583466676255371,0.1334071888184103,0.3979407101702482,0.0032917273055266152,0.0,0.0,0.0007799103103143138,0.0,0.0
