LIMIT_BAL,SEX,EDUCATION,MARRIAGE,AGE,PAY_0,PAY_2,PAY_3,PAY_4,PAY_5,PAY_6,BILL_AMT1,BILL_AMT2,BILL_AMT3,BILL_AMT4,BILL_AMT5,BILL_AMT6,PAY_AMT1,PAY_AMT2,PAY_AMT3,PAY_AMT4,PAY_AMT5,PAY_AMT6
0.0,0.0,0.16666666666666666,0.6666666666666666,0.03703703703703709,0.2,0.2222222222222222,0.4,0.4,0.6000000000000001,0.7,0.028793341883065406,0.05036793083929399,0.08531639594017554,0.08850224435614845,0.1487959268373186,0.40848557712025174,0.006080777042228969,0.0,0.007884818570324697,0.004999425066117396,0.0,0.0
