LIMIT_BAL,SEX,EDUCATION,MARRIAGE,AGE,PAY_0,PAY_2,PAY_3,PAY_4,PAY_5,PAY_6,BILL_AMT1,BILL_AMT2,BILL_AMT3,BILL_AMT4,BILL_AMT5,BILL_AMT6,PAY_AMT1,PAY_AMT2,PAY_AMT3,PAY_AMT4,PAY_AMT5,PAY_AMT6
0.012658227848101266,1.0,0.3333333333333333,0.3333333333333333,0.14814814814814814,0.30000000000000004,0.4444444444444444,0.4,0.4,0.4,0.4,0.04315783360044706,0.05795553954613287,0.09837762177740292,0.09532071220102718,0.15535305209426054,0.41102600067260286,0.0,0.0016298829255094608,0.0,0.0026371967223769266,0.0,0.0005328376703841388
