LIMIT_BAL,SEX,EDUCATION,MARRIAGE,AGE,PAY_0,PAY_2,PAY_3,PAY_4,PAY_5,PAY_6,BILL_AMT1,BILL_AMT2,BILL_AMT3,BILL_AMT4,BILL_AMT5,BILL_AMT6,PAY_AMT1,PAY_AMT2,PAY_AMT3,PAY_AMT4,PAY_AMT5,PAY_AMT6
0.4430379746835443,1.0,0.16666666666666666,0.6666666666666666,0.2222222222222222,0.1,0.1111111111111111,0.0,0.1,0.1,0.0,0.036321710616161504,0.04290382339319714,0.0761373896365206,0.07697931836296842,0.13289738989487032,0.401273258409587,0.0,0.0,0.002008000462576023,0.0,0.007328555857046778,0.005499380421313507
