LIMIT_BAL,SEX,EDUCATION,MARRIAGE,AGE,PAY_0,PAY_2,PAY_3,PAY_4,PAY_5,PAY_6,BILL_AMT1,BILL_AMT2,BILL_AMT3,BILL_AMT4,BILL_AMT5,BILL_AMT6,PAY_AMT1,PAY_AMT2,PAY_AMT3,PAY_AMT4,PAY_AMT5,PAY_AMT6
0.430379746835443,1.0,0.0,0.6666666666666666,0.5925925925925926,0.1,0.1111111111111111,0.1,0.1,0.1,0.1,0.03202696148068383,0.04909818350228992,0.17689683232674028,0.10971126013556032,0.1351604396035333,0.4050217892878025,0.00981032029479607,0.049995843798539955,0.05962762630165213,0.003472100708418532,0.015610545492963916,0.0028574969021065676
