LIMIT_BAL,SEX,EDUCATION,MARRIAGE,AGE,PAY_0,PAY_2,PAY_3,PAY_4,PAY_5,PAY_6,BILL_AMT1,BILL_AMT2,BILL_AMT3,BILL_AMT4,BILL_AMT5,BILL_AMT6,PAY_AMT1,PAY_AMT2,PAY_AMT3,PAY_AMT4,PAY_AMT5,PAY_AMT6
0.5189873417721519,0.0,0.3333333333333333,0.3333333333333333,0.40740740740740744,0.2,0.2222222222222222,0.2,0.2,0.2,0.2,0.08146523780446648,0.10037050378222612,0.17579422915989232,0.12093004440768775,0.24081953444900867,0.4694698037616548,0.08525857490909237,0.024654424072718856,0.05260750950120638,0.1000259970103438,0.07731574892223331,0.007434944237918216
