LIMIT_BAL,SEX,EDUCATION,MARRIAGE,AGE,PAY_0,PAY_2,PAY_3,PAY_4,PAY_5,PAY_6,BILL_AMT1,BILL_AMT2,BILL_AMT3,BILL_AMT4,BILL_AMT5,BILL_AMT6,PAY_AMT1,PAY_AMT2,PAY_AMT3,PAY_AMT4,PAY_AMT5,PAY_AMT6
0.1139240506329114,1.0,0.3333333333333333,0.6666666666666666,0.14814814814814814,0.2,0.2222222222222222,0.4,0.2,0.2,0.4,0.1734742731027208,0.17417408531878764,0.24037904459765713,0.21734746468659918,0.29582226318042637,0.5127097343452843,0.018850408830909805,0.0,0.008936127713034656,0.016998045224799148,0.0,0.008674101610904586
