LIMIT_BAL,SEX,EDUCATION,MARRIAGE,AGE,PAY_0,PAY_2,PAY_3,PAY_4,PAY_5,PAY_6,BILL_AMT1,BILL_AMT2,BILL_AMT3,BILL_AMT4,BILL_AMT5,BILL_AMT6,PAY_AMT1,PAY_AMT2,PAY_AMT3,PAY_AMT4,PAY_AMT5,PAY_AMT6
0.025316455696202535,1.0,0.3333333333333333,0.6666666666666666,0.018518518518518545,0.4,0.2222222222222222,0.2,0.2,0.2,0.5,0.05353367124134889,0.06926233726135955,0.1126850532897354,0.11394677070411055,0.17938876416244287,0.4303979020413615,0.00405385136148598,0.0016298829255094608,0.010513091427099596,0.008998965119011314,0.0,0.005452292441140025
