LIMIT_BAL,SEX,EDUCATION,MARRIAGE,AGE,PAY_0,PAY_2,PAY_3,PAY_4,PAY_5,PAY_6,BILL_AMT1,BILL_AMT2,BILL_AMT3,BILL_AMT4,BILL_AMT5,BILL_AMT6,PAY_AMT1,PAY_AMT2,PAY_AMT3,PAY_AMT4,PAY_AMT5,PAY_AMT6
0.1772151898734177,1.0,0.3333333333333333,0.3333333333333333,0.20370370370370372,0.1,0.1111111111111111,0.1,0.1,0.1,0.1,0.0291575165173603,0.047769258477846965,0.07665898035616724,0.08402851441002498,0.13838753214837765,0.4007518153833895,0.0076658329245699874,0.0002575215022304948,0.014374024253701921,0.008399034111077225,0.006181858474351343,0.010800495662949196
