LIMIT_BAL,SEX,EDUCATION,MARRIAGE,AGE,PAY_0,PAY_2,PAY_3,PAY_4,PAY_5,PAY_6,BILL_AMT1,BILL_AMT2,BILL_AMT3,BILL_AMT4,BILL_AMT5,BILL_AMT6,PAY_AMT1,PAY_AMT2,PAY_AMT3,PAY_AMT4,PAY_AMT5,PAY_AMT6
0.012658227848101266,0.0,0.3333333333333333,0.6666666666666666,0.03703703703703709,0.4,0.2222222222222222,0.2,0.4,0.4,0.0,0.047607984842800564,0.06535532341892658,0.10890682177938363,0.1049558619945704,0.13289738989487032,0.3979407101702482,0.012161554084457939,0.002444824388264191,0.0007753404927485952,0.0,0.0,0.0
