LIMIT_BAL,SEX,EDUCATION,MARRIAGE,AGE,PAY_0,PAY_2,PAY_3,PAY_4,PAY_5,PAY_6,BILL_AMT1,BILL_AMT2,BILL_AMT3,BILL_AMT4,BILL_AMT5,BILL_AMT6,PAY_AMT1,PAY_AMT2,PAY_AMT3,PAY_AMT4,PAY_AMT5,PAY_AMT6
0.012658227848101266,1.0,0.3333333333333333,0.3333333333333333,0.40740740740740744,0.2,0.2222222222222222,0.2,0.2,0.2,0.2,0.034168057175417585,0.05251376524468688,0.09015431492525243,0.09013831706250038,0.1668284297866361,0.4122329362163859,0.0022762375394743775,0.0009331079748541662,0.0031539274281298787,0.004999425066117396,0.0077305441530029296,0.0024783147459727386
