LIMIT_BAL,SEX,EDUCATION,MARRIAGE,AGE,PAY_0,PAY_2,PAY_3,PAY_4,PAY_5,PAY_6,BILL_AMT1,BILL_AMT2,BILL_AMT3,BILL_AMT4,BILL_AMT5,BILL_AMT6,PAY_AMT1,PAY_AMT2,PAY_AMT3,PAY_AMT4,PAY_AMT5,PAY_AMT6
0.15189873417721517,1.0,0.16666666666666666,0.6666666666666666,0.14814814814814814,0.2,0.2222222222222222,0.4,0.2,0.2,0.2,0.17120759994788537,0.17177224309164824,0.2374459221014164,0.22354266673858195,0.29160335029395135,0.512794102655141,0.01804166548429335,0.0,0.00893875598589143,0.008771491278502972,0.009459609195224586,0.008029739776951672
