LIMIT_BAL,SEX,EDUCATION,MARRIAGE,AGE,PAY_0,PAY_2,PAY_3,PAY_4,PAY_5,PAY_6,BILL_AMT1,BILL_AMT2,BILL_AMT3,BILL_AMT4,BILL_AMT5,BILL_AMT6,PAY_AMT1,PAY_AMT2,PAY_AMT3,PAY_AMT4,PAY_AMT5,PAY_AMT6
0.05063291139240507,1.0,0.16666666666666666,0.6666666666666666,0.03703703703703709,0.2,0.2222222222222222,0.2,0.4,0.2,0.2,0.10058597582319949,0.10730715792723719,0.16034457999567542,0.1479492158237596,0.21103714669464024,0.4543338946169503,0.0042687054836447365,0.0034276437923463957,0.0010276546869989855,0.004249511306199787,0.004653787580107763,0.004213135068153655
