LIMIT_BAL,SEX,EDUCATION,MARRIAGE,AGE,PAY_0,PAY_2,PAY_3,PAY_4,PAY_5,PAY_6,BILL_AMT1,BILL_AMT2,BILL_AMT3,BILL_AMT4,BILL_AMT5,BILL_AMT6,PAY_AMT1,PAY_AMT2,PAY_AMT3,PAY_AMT4,PAY_AMT5,PAY_AMT6
0.12658227848101264,1.0,0.3333333333333333,0.3333333333333333,0.33333333333333337,0.4,0.4444444444444444,0.2,0.2,0.4,0.4,0.19686935391966498,0.18011372407759998,0.24847195376989595,0.2386763392723372,0.3066571242765594,0.5286822958960675,0.0,0.004237695606324598,0.02023770099716672,0.0,0.020099414797807618,0.0
