LIMIT_BAL,SEX,EDUCATION,MARRIAGE,AGE,PAY_0,PAY_2,PAY_3,PAY_4,PAY_5,PAY_6,BILL_AMT1,BILL_AMT2,BILL_AMT3,BILL_AMT4,BILL_AMT5,BILL_AMT6,PAY_AMT1,PAY_AMT2,PAY_AMT3,PAY_AMT4,PAY_AMT5,PAY_AMT6
0.1772151898734177,1.0,0.16666666666666666,0.6666666666666666,0.09259259259259262,0.2,0.2222222222222222,0.2,0.2,0.1,0.1,0.08458897712449592,0.09200586630988525,0.13848893848035534,0.1303554412901602,0.1335346385492953,0.3983977051819719,0.00405385136148598,0.0028302917001471785,0.002628272856774899,0.0009748878878928923,0.001004970739890381,0.0009665427509293681
