LIMIT_BAL,SEX,EDUCATION,MARRIAGE,AGE,PAY_0,PAY_2,PAY_3,PAY_4,PAY_5,PAY_6,BILL_AMT1,BILL_AMT2,BILL_AMT3,BILL_AMT4,BILL_AMT5,BILL_AMT6,PAY_AMT1,PAY_AMT2,PAY_AMT3,PAY_AMT4,PAY_AMT5,PAY_AMT6
0.2151898734177215,1.0,0.3333333333333333,0.6666666666666666,0.42592592592592593,0.2,0.2222222222222222,0.2,0.2,0.2,0.2,0.06109186462121914,0.07461663150311326,0.11844400905190984,0.111206498744479,0.17297706231638252,0.427346581501545,0.002910665277546933,0.0011539571112606983,0.005650786642066033,0.0037495687995880472,0.0025768480510009765,0.0024783147459727386
