LIMIT_BAL,SEX,EDUCATION,MARRIAGE,AGE,PAY_0,PAY_2,PAY_3,PAY_4,PAY_5,PAY_6,BILL_AMT1,BILL_AMT2,BILL_AMT3,BILL_AMT4,BILL_AMT5,BILL_AMT6,PAY_AMT1,PAY_AMT2,PAY_AMT3,PAY_AMT4,PAY_AMT5,PAY_AMT6
0.012658227848101266,0.0,0.5,0.6666666666666666,0.05555555555555558,0.30000000000000004,0.5555555555555556,0.4,0.2,0.2,0.5,0.04704916514534806,0.06110224875212268,0.09864171834431261,0.09741075013633939,0.15946085495893833,0.4163529220143871,0.0,0.0,0.0034167547138073684,0.0052518960319563246,0.0,0.0
