LIMIT_BAL,SEX,EDUCATION,MARRIAGE,AGE,PAY_0,PAY_2,PAY_3,PAY_4,PAY_5,PAY_6,BILL_AMT1,BILL_AMT2,BILL_AMT3,BILL_AMT4,BILL_AMT5,BILL_AMT6,PAY_AMT1,PAY_AMT2,PAY_AMT3,PAY_AMT4,PAY_AMT5,PAY_AMT6
0.30379746835443033,1.0,0.16666666666666666,0.6666666666666666,0.37037037037037035,0.30000000000000004,0.5555555555555556,0.4,0.2,0.2,0.1,0.03132686714061693,0.04800339628467041,0.08155301986171244,0.07723401832641148,0.13366045430927148,0.413022717339211,0.0,8.149414627547304e-06,0.0,0.0,0.03316661126443357,0.0
