LIMIT_BAL,SEX,EDUCATION,MARRIAGE,AGE,PAY_0,PAY_2,PAY_3,PAY_4,PAY_5,PAY_6,BILL_AMT1,BILL_AMT2,BILL_AMT3,BILL_AMT4,BILL_AMT5,BILL_AMT6,PAY_AMT1,PAY_AMT2,PAY_AMT3,PAY_AMT4,PAY_AMT5,PAY_AMT6
0.05063291139240507,0.0,0.3333333333333333,0.6666666666666666,0.2407407407407407,0.30000000000000004,0.4444444444444444,0.4,0.4,0.2,0.2,0.1086621762259892,0.11370606699943395,0.1686949833206512,0.15751095209842805,0.21827236987872667,0.4593807600412936,0.0052700067699317735,0.0020373536568868257,0.0,0.004999425066117396,0.010307392204003906,0.0
