LIMIT_BAL,SEX,EDUCATION,MARRIAGE,AGE,PAY_0,PAY_2,PAY_3,PAY_4,PAY_5,PAY_6,BILL_AMT1,BILL_AMT2,BILL_AMT3,BILL_AMT4,BILL_AMT5,BILL_AMT6,PAY_AMT1,PAY_AMT2,PAY_AMT3,PAY_AMT4,PAY_AMT5,PAY_AMT6
0.05063291139240507,0.0,0.3333333333333333,0.3333333333333333,0.3148148148148149,0.2,0.2222222222222222,0.2,0.2,0.2,0.2,0.05953470411595822,0.06741753717902538,0.1094152076706848,0.10662789234282016,0.1638333611108388,0.42003466131396605,0.00405385136148598,0.0016298829255094608,0.002628272856774899,0.002499712533058698,0.0025768480510009765,0.004956629491945477
