LIMIT_BAL,SEX,EDUCATION,MARRIAGE,AGE,PAY_0,PAY_2,PAY_3,PAY_4,PAY_5,PAY_6,BILL_AMT1,BILL_AMT2,BILL_AMT3,BILL_AMT4,BILL_AMT5,BILL_AMT6,PAY_AMT1,PAY_AMT2,PAY_AMT3,PAY_AMT4,PAY_AMT5,PAY_AMT6
0.08860759493670886,0.0,0.3333333333333333,0.3333333333333333,0.37037037037037035,0.2,0.2222222222222222,0.2,0.2,0.2,0.2,0.048868468598571246,0.05934621520094685,0.09263352144711715,0.09187177504899229,0.14793155622657295,0.40529364273067403,0.00405385136148598,0.0016298829255094608,0.010513091427099596,0.002499712533058698,0.0025768480510009765,0.0024783147459727386
