LIMIT_BAL,SEX,EDUCATION,MARRIAGE,AGE,PAY_0,PAY_2,PAY_3,PAY_4,PAY_5,PAY_6,BILL_AMT1,BILL_AMT2,BILL_AMT3,BILL_AMT4,BILL_AMT5,BILL_AMT6,PAY_AMT1,PAY_AMT2,PAY_AMT3,PAY_AMT4,PAY_AMT5,PAY_AMT6
0.10126582278481013,0.0,0.3333333333333333,0.6666666666666666,0.5740740740740741,0.2,0.2222222222222222,0.2,0.2,0.2,0.2,0.16032160387532043,0.15506612463335565,0.22060811535738045,0.2090637229343833,0.2778877984856358,0.5004962497114486,0.00810770272297196,0.00285636982695533,0.01041321705854215,0.007271663758667753,0.008006266894460034,0.007749690210656753
