LIMIT_BAL,SEX,EDUCATION,MARRIAGE,AGE,PAY_0,PAY_2,PAY_3,PAY_4,PAY_5,PAY_6,BILL_AMT1,BILL_AMT2,BILL_AMT3,BILL_AMT4,BILL_AMT5,BILL_AMT6,PAY_AMT1,PAY_AMT2,PAY_AMT3,PAY_AMT4,PAY_AMT5,PAY_AMT6
0.5189873417721519,1.0,0.16666666666666666,0.6666666666666666,0.14814814814814814,0.0,0.0,0.1,0.2,0.2,0.2,0.024644576544955946,0.04341326609375804,0.154674756824833,0.14785482701377778,0.21054858939291446,0.45164817008651265,0.0008107702722971959,0.038775729739332826,0.004507487949368952,0.004249511306199787,0.004767168894351807,0.004956629491945477
