LIMIT_BAL,SEX,EDUCATION,MARRIAGE,AGE,PAY_0,PAY_2,PAY_3,PAY_4,PAY_5,PAY_6,BILL_AMT1,BILL_AMT2,BILL_AMT3,BILL_AMT4,BILL_AMT5,BILL_AMT6,PAY_AMT1,PAY_AMT2,PAY_AMT3,PAY_AMT4,PAY_AMT5,PAY_AMT6
0.06329113924050633,0.0,0.16666666666666666,0.6666666666666666,0.16666666666666674,0.30000000000000004,0.1111111111111111,0.1,0.2,0.2,0.2,0.024029246990457682,0.04334765604898884,0.0955088728193464,0.09289506960800177,0.149609644349892,0.4102409066781032,0.0006992893598563314,0.01119485087386173,0.0,0.009998850132234793,0.015461088306005859,0.0
