LIMIT_BAL,SEX,EDUCATION,MARRIAGE,AGE,PAY_0,PAY_2,PAY_3,PAY_4,PAY_5,PAY_6,BILL_AMT1,BILL_AMT2,BILL_AMT3,BILL_AMT4,BILL_AMT5,BILL_AMT6,PAY_AMT1,PAY_AMT2,PAY_AMT3,PAY_AMT4,PAY_AMT5,PAY_AMT6
0.025316455696202535,1.0,0.3333333333333333,0.6666666666666666,0.018518518518518545,0.2,0.2222222222222222,0.4,0.2,0.2,0.2,0.061532955449826315,0.07951551484588072,0.11822612938420934,0.11445617063099668,0.17980542674418226,0.4337034992928295,0.010742706107937846,0.0,0.002628272856774899,0.008379036410812757,0.005926750517302246,0.0
