LIMIT_BAL,SEX,EDUCATION,MARRIAGE,AGE,PAY_0,PAY_2,PAY_3,PAY_4,PAY_5,PAY_6,BILL_AMT1,BILL_AMT2,BILL_AMT3,BILL_AMT4,BILL_AMT5,BILL_AMT6,PAY_AMT1,PAY_AMT2,PAY_AMT3,PAY_AMT4,PAY_AMT5,PAY_AMT6
0.025316455696202535,1.0,0.3333333333333333,0.6666666666666666,0.05555555555555558,0.2,0.2222222222222222,0.2,0.2,0.2,0.2,0.06575392782749424,0.07774147069418,0.12030588984862316,0.11656568562233688,0.17735447038100935,0.42985302337353715,0.0030403885211144847,0.0011775904136805853,0.0037452888209042307,0.002499712533058698,0.0025768480510009765,0.004956629491945477
