LIMIT_BAL,SEX,EDUCATION,MARRIAGE,AGE,PAY_0,PAY_2,PAY_3,PAY_4,PAY_5,PAY_6,BILL_AMT1,BILL_AMT2,BILL_AMT3,BILL_AMT4,BILL_AMT5,BILL_AMT6,PAY_AMT1,PAY_AMT2,PAY_AMT3,PAY_AMT4,PAY_AMT5,PAY_AMT6
0.05063291139240507,0.0,0.3333333333333333,0.3333333333333333,0.3148148148148149,0.1,0.1111111111111111,0.1,0.1,0.2,0.1,0.027058803215410866,0.043296197190346324,0.0864866738522941,0.08541737832832923,0.143675062009196,0.40202788606997175,0.0006182123326266118,0.00510968297147216,0.016810433191932254,0.005499367572729136,0.008988046001891407,0.0
