LIMIT_BAL,SEX,EDUCATION,MARRIAGE,AGE,PAY_0,PAY_2,PAY_3,PAY_4,PAY_5,PAY_6,BILL_AMT1,BILL_AMT2,BILL_AMT3,BILL_AMT4,BILL_AMT5,BILL_AMT6,PAY_AMT1,PAY_AMT2,PAY_AMT3,PAY_AMT4,PAY_AMT5,PAY_AMT6
0.025316455696202535,1.0,0.3333333333333333,0.6666666666666666,0.018518518518518545,0.2,0.2222222222222222,0.2,0.2,0.2,0.2,0.07025587977213969,0.081894200586631,0.11936009401837783,0.11733278198282424,0.18026130462773243,0.43258796275139116,0.0028417498044016718,0.0016298829255094608,0.005256545713549798,0.004999425066117396,0.006442120127502442,0.004956629491945477
