LIMIT_BAL,SEX,EDUCATION,MARRIAGE,AGE,PAY_0,PAY_2,PAY_3,PAY_4,PAY_5,PAY_6,BILL_AMT1,BILL_AMT2,BILL_AMT3,BILL_AMT4,BILL_AMT5,BILL_AMT6,PAY_AMT1,PAY_AMT2,PAY_AMT3,PAY_AMT4,PAY_AMT5,PAY_AMT6
0.1772151898734177,1.0,0.16666666666666666,0.6666666666666666,0.35185185185185186,0.2,0.2222222222222222,0.2,0.2,0.2,0.1,0.2517545525753582,0.2386777646271806,0.322593956480187,0.27025763650419804,0.35525468704555185,0.4334597686199102,0.02229618248817289,0.004889648776528382,0.10513091427099595,0.10498792638846532,0.08988046001891406,0.4988277571251549
