LIMIT_BAL,SEX,EDUCATION,MARRIAGE,AGE,PAY_0,PAY_2,PAY_3,PAY_4,PAY_5,PAY_6,BILL_AMT1,BILL_AMT2,BILL_AMT3,BILL_AMT4,BILL_AMT5,BILL_AMT6,PAY_AMT1,PAY_AMT2,PAY_AMT3,PAY_AMT4,PAY_AMT5,PAY_AMT6
0.025316455696202535,1.0,0.5,0.6666666666666666,0.03703703703703709,0.5,0.4444444444444444,0.2,0.2,0.2,0.2,0.07120085015940489,0.08056398909072197,0.12647749649659398,0.12035172566716408,0.181620768423839,0.43349492208235046,0.0,0.0016298829255094608,0.003942409285162349,0.004999425066117396,0.0028345328561010744,0.004956629491945477
