LIMIT_BAL,SEX,EDUCATION,MARRIAGE,AGE,PAY_0,PAY_2,PAY_3,PAY_4,PAY_5,PAY_6,BILL_AMT1,BILL_AMT2,BILL_AMT3,BILL_AMT4,BILL_AMT5,BILL_AMT6,PAY_AMT1,PAY_AMT2,PAY_AMT3,PAY_AMT4,PAY_AMT5,PAY_AMT6
0.34177215189873417,1.0,0.16666666666666666,0.6666666666666666,0.33333333333333337,0.1,0.1111111111111111,0.1,0.2,0.2,0.0,0.03583980711302128,0.04290382339319714,0.08268698449588092,0.08162984004842296,0.13289738989487032,0.3979407101702482,0.0,0.00323368772421077,0.0,0.0,0.0,0.0
