LIMIT_BAL,SEX,EDUCATION,MARRIAGE,AGE,PAY_0,PAY_2,PAY_3,PAY_4,PAY_5,PAY_6,BILL_AMT1,BILL_AMT2,BILL_AMT3,BILL_AMT4,BILL_AMT5,BILL_AMT6,PAY_AMT1,PAY_AMT2,PAY_AMT3,PAY_AMT4,PAY_AMT5,PAY_AMT6
0.06329113924050633,0.0,0.8333333333333333,0.6666666666666666,0.20370370370370372,0.2,0.2222222222222222,0.2,0.2,0.2,0.2,0.1142958950298011,0.1097154325117069,0.1435727973933669,0.1323810551170721,0.18101783315849845,0.4083109815901317,0.0036484662253373815,0.0016298829255094608,0.005256545713549798,0.003499597546282177,0.0005153696102001953,0.001486988847583643
