LIMIT_BAL,SEX,EDUCATION,MARRIAGE,AGE,PAY_0,PAY_2,PAY_3,PAY_4,PAY_5,PAY_6,BILL_AMT1,BILL_AMT2,BILL_AMT3,BILL_AMT4,BILL_AMT5,BILL_AMT6,PAY_AMT1,PAY_AMT2,PAY_AMT3,PAY_AMT4,PAY_AMT5,PAY_AMT6
0.35443037974683544,1.0,0.16666666666666666,0.6666666666666666,0.09259259259259262,0.1,0.1111111111111111,0.0,0.1,0.1,0.1,0.07445801553079237,0.056827304070395726,0.08479975703115845,0.12423814746228942,0.17945248902788535,0.4000487461345838,0.0220610591092067,0.004298816216031203,0.08558444903516103,0.07284912235092963,0.0046615181242607665,0.028213135068153657
