LIMIT_BAL,SEX,EDUCATION,MARRIAGE,AGE,PAY_0,PAY_2,PAY_3,PAY_4,PAY_5,PAY_6,BILL_AMT1,BILL_AMT2,BILL_AMT3,BILL_AMT4,BILL_AMT5,BILL_AMT6,PAY_AMT1,PAY_AMT2,PAY_AMT3,PAY_AMT4,PAY_AMT5,PAY_AMT6
0.05063291139240507,0.0,0.3333333333333333,0.6666666666666666,0.2777777777777778,0.2,0.2222222222222222,0.2,0.2,0.2,0.2,0.03218707274231348,0.050641949261565386,0.08705613207469312,0.08651858111145071,0.14431394463452973,0.4061197490980207,0.0026350033849658868,0.0008964356090302034,0.002628272856774899,0.001249856266529349,0.0012884240255004883,0.0024783147459727386
