LIMIT_BAL,SEX,EDUCATION,MARRIAGE,AGE,PAY_0,PAY_2,PAY_3,PAY_4,PAY_5,PAY_6,BILL_AMT1,BILL_AMT2,BILL_AMT3,BILL_AMT4,BILL_AMT5,BILL_AMT6,PAY_AMT1,PAY_AMT2,PAY_AMT3,PAY_AMT4,PAY_AMT5,PAY_AMT6
0.025316455696202535,0.0,0.3333333333333333,0.3333333333333333,0.537037037037037,0.2,0.2222222222222222,0.2,0.2,0.2,0.2,0.06923085375405968,0.07619899140637061,0.12343378356295981,0.11935689757465706,0.17743290098463088,0.43059124608478305,0.0032613234203154704,0.0040747073137736515,0.007884818570324697,0.0074991375991760945,0.008240760067101123,0.004956629491945477
