LIMIT_BAL,SEX,EDUCATION,MARRIAGE,AGE,PAY_0,PAY_2,PAY_3,PAY_4,PAY_5,PAY_6,BILL_AMT1,BILL_AMT2,BILL_AMT3,BILL_AMT4,BILL_AMT5,BILL_AMT6,PAY_AMT1,PAY_AMT2,PAY_AMT3,PAY_AMT4,PAY_AMT5,PAY_AMT6
0.2151898734177215,1.0,0.3333333333333333,0.6666666666666666,0.12962962962962965,0.0,0.0,0.0,0.0,0.0,0.0,0.02744652362347482,0.04441542736582103,0.0761373896365206,0.07962520151261814,0.13289738989487032,0.3979407101702482,0.002381637674873013,0.0,0.0066495303276404944,0.0,0.0,0.0
