LIMIT_BAL,SEX,EDUCATION,MARRIAGE,AGE,PAY_0,PAY_2,PAY_3,PAY_4,PAY_5,PAY_6,BILL_AMT1,BILL_AMT2,BILL_AMT3,BILL_AMT4,BILL_AMT5,BILL_AMT6,PAY_AMT1,PAY_AMT2,PAY_AMT3,PAY_AMT4,PAY_AMT5,PAY_AMT6
0.620253164556962,1.0,0.3333333333333333,0.3333333333333333,0.5740740740740741,0.2,0.2222222222222222,0.2,0.2,0.2,0.2,0.9470235787378524,0.3999755570421448,0.5528894640325235,0.4980522943972001,0.5801152276284873,0.7137969137603541,0.035590788028166155,0.029745363390547657,0.05256545713549798,0.08998965119011314,0.051536961020019534,0.19829739776951674
