LIMIT_BAL,SEX,EDUCATION,MARRIAGE,AGE,PAY_0,PAY_2,PAY_3,PAY_4,PAY_5,PAY_6,BILL_AMT1,BILL_AMT2,BILL_AMT3,BILL_AMT4,BILL_AMT5,BILL_AMT6,PAY_AMT1,PAY_AMT2,PAY_AMT3,PAY_AMT4,PAY_AMT5,PAY_AMT6
0.24050632911392406,1.0,0.16666666666666666,0.6666666666666666,0.18518518518518523,0.30000000000000004,0.1111111111111111,0.1,0.1,0.1,0.1,0.024029246990457682,0.05110121957494983,0.07973570536066513,0.08573050945985629,0.1344823416763888,0.3979407101702482,0.012915570437694332,0.0017782022717308216,0.017359742218998206,0.002424721157066937,0.0,0.0
