LIMIT_BAL,SEX,EDUCATION,MARRIAGE,AGE,PAY_0,PAY_2,PAY_3,PAY_4,PAY_5,PAY_6,BILL_AMT1,BILL_AMT2,BILL_AMT3,BILL_AMT4,BILL_AMT5,BILL_AMT6,PAY_AMT1,PAY_AMT2,PAY_AMT3,PAY_AMT4,PAY_AMT5,PAY_AMT6
0.10126582278481013,1.0,0.5,1.0,0.5555555555555556,0.2,0.2222222222222222,0.2,0.2,0.4,0.2,0.04179060900358994,0.058778881284413116,0.09817129633450472,0.09722347075145478,0.1556161214105744,0.41456126721201403,0.0024566339250605036,0.0009950435260235259,0.003017257239577584,0.0,0.001314192506010498,0.0013011152416356878
