LIMIT_BAL,SEX,EDUCATION,MARRIAGE,AGE,PAY_0,PAY_2,PAY_3,PAY_4,PAY_5,PAY_6,BILL_AMT1,BILL_AMT2,BILL_AMT3,BILL_AMT4,BILL_AMT5,BILL_AMT6,PAY_AMT1,PAY_AMT2,PAY_AMT3,PAY_AMT4,PAY_AMT5,PAY_AMT6
0.620253164556962,1.0,0.3333333333333333,0.6666666666666666,0.2222222222222222,0.0,0.0,0.0,0.1,0.2,0.2,0.0448813842403427,0.06511089384037462,0.21016309613610218,0.13583748344450236,0.22155338346356082,0.46774259697375553,0.0350881104593419,0.06677467357519709,0.10528861064240246,0.07499137599176095,0.051536961020019534,0.024783147459727387
