LIMIT_BAL,SEX,EDUCATION,MARRIAGE,AGE,PAY_0,PAY_2,PAY_3,PAY_4,PAY_5,PAY_6,BILL_AMT1,BILL_AMT2,BILL_AMT3,BILL_AMT4,BILL_AMT5,BILL_AMT6,PAY_AMT1,PAY_AMT2,PAY_AMT3,PAY_AMT4,PAY_AMT5,PAY_AMT6
0.05063291139240507,0.0,0.16666666666666666,0.6666666666666666,0.6666666666666667,0.2,0.2222222222222222,0.2,0.2,0.2,0.2,0.10424498906691237,0.1078500488859157,0.1573058188726708,0.10871193733781605,0.16580883193955614,0.41988584498963555,0.005067314201857474,0.0017586436766247081,0.0024364089382303313,0.0017397999230088538,0.0025768480510009765,0.0009268897149938043
