LIMIT_BAL,SEX,EDUCATION,MARRIAGE,AGE,PAY_0,PAY_2,PAY_3,PAY_4,PAY_5,PAY_6,BILL_AMT1,BILL_AMT2,BILL_AMT3,BILL_AMT4,BILL_AMT5,BILL_AMT6,PAY_AMT1,PAY_AMT2,PAY_AMT3,PAY_AMT4,PAY_AMT5,PAY_AMT6
0.12658227848101264,1.0,0.16666666666666666,0.6666666666666666,0.07407407407407407,0.30000000000000004,0.4444444444444444,0.1,0.1,0.2,0.2,0.030907752367527554,0.045440745124273145,0.07849115028910322,0.08431467731012866,0.1421456652385761,0.3979407101702482,1.0134628403714948e-05,0.0011621065258882455,0.014876024369345927,0.0,0.0,0.0
