LIMIT_BAL,SEX,EDUCATION,MARRIAGE,AGE,PAY_0,PAY_2,PAY_3,PAY_4,PAY_5,PAY_6,BILL_AMT1,BILL_AMT2,BILL_AMT3,BILL_AMT4,BILL_AMT5,BILL_AMT6,PAY_AMT1,PAY_AMT2,PAY_AMT3,PAY_AMT4,PAY_AMT5,PAY_AMT6
0.620253164556962,1.0,0.16666666666666666,0.3333333333333333,0.2962962962962963,0.0,0.0,0.0,0.0,0.0,0.0,0.05040208333006309,0.061920444604538674,0.11425807846639124,0.14981601673228936,0.19059780459668696,0.4249198208110841,0.030008634703399963,0.018834112145724575,0.1298287943061097,0.0882723486799018,0.061473287104679294,0.06874845105328377
