LIMIT_BAL,SEX,EDUCATION,MARRIAGE,AGE,PAY_0,PAY_2,PAY_3,PAY_4,PAY_5,PAY_6,BILL_AMT1,BILL_AMT2,BILL_AMT3,BILL_AMT4,BILL_AMT5,BILL_AMT6,PAY_AMT1,PAY_AMT2,PAY_AMT3,PAY_AMT4,PAY_AMT5,PAY_AMT6
0.1139240506329114,1.0,0.5,0.3333333333333333,0.2592592592592593,0.2,0.2222222222222222,0.2,0.2,0.2,0.2,0.16768672191028433,0.14147455359440128,0.20532187594393891,0.1999005171907493,0.26993689604350285,0.49776599746191996,0.006080777042228969,0.0032597658510189215,0.02102618285419919,0.009998850132234793,0.009018968178503417,0.008921933085501859
