LIMIT_BAL,SEX,EDUCATION,MARRIAGE,AGE,PAY_0,PAY_2,PAY_3,PAY_4,PAY_5,PAY_6,BILL_AMT1,BILL_AMT2,BILL_AMT3,BILL_AMT4,BILL_AMT5,BILL_AMT6,PAY_AMT1,PAY_AMT2,PAY_AMT3,PAY_AMT4,PAY_AMT5,PAY_AMT6
0.4430379746835443,0.0,0.16666666666666666,0.6666666666666666,0.09259259259259262,0.30000000000000004,0.0,0.0,0.0,0.1,0.1,0.02401668924444751,0.04289353162146864,0.07612418480817512,0.0758226808819211,0.13563755910889763,0.4009873435817394,0.0,0.0,0.0,0.004212015618203906,0.006733303957265552,0.0
