LIMIT_BAL,SEX,EDUCATION,MARRIAGE,AGE,PAY_0,PAY_2,PAY_3,PAY_4,PAY_5,PAY_6,BILL_AMT1,BILL_AMT2,BILL_AMT3,BILL_AMT4,BILL_AMT5,BILL_AMT6,PAY_AMT1,PAY_AMT2,PAY_AMT3,PAY_AMT4,PAY_AMT5,PAY_AMT6
0.24050632911392406,0.0,0.16666666666666666,0.6666666666666666,0.2407407407407407,0.0,0.0,0.0,0.0,0.0,0.0,0.026760556747669362,0.05590747697216076,0.0766177152675876,0.07960272798643198,0.13474867893452025,0.39751535327472076,0.02048816478095014,0.00023714796566162653,0.006610106234788871,0.002832174299955505,0.0,0.0
