LIMIT_BAL,SEX,EDUCATION,MARRIAGE,AGE,PAY_0,PAY_2,PAY_3,PAY_4,PAY_5,PAY_6,BILL_AMT1,BILL_AMT2,BILL_AMT3,BILL_AMT4,BILL_AMT5,BILL_AMT6,PAY_AMT1,PAY_AMT2,PAY_AMT3,PAY_AMT4,PAY_AMT5,PAY_AMT6
0.18987341772151897,1.0,0.16666666666666666,0.3333333333333333,0.40740740740740744,0.1,0.1111111111111111,0.1,0.1,0.1,0.1,0.0287070073792455,0.04652781351309628,0.0761373896365206,0.07650887254813829,0.13411960013463922,0.40386289680935455,0.005709849642653002,0.0,0.0011827227855487044,0.0018697849747279062,0.013023390049758936,0.011675340768277571
