LIMIT_BAL,SEX,EDUCATION,MARRIAGE,AGE,PAY_0,PAY_2,PAY_3,PAY_4,PAY_5,PAY_6,BILL_AMT1,BILL_AMT2,BILL_AMT3,BILL_AMT4,BILL_AMT5,BILL_AMT6,PAY_AMT1,PAY_AMT2,PAY_AMT3,PAY_AMT4,PAY_AMT5,PAY_AMT6
0.0759493670886076,0.0,0.3333333333333333,0.3333333333333333,0.14814814814814814,0.2,0.2222222222222222,0.2,0.2,0.2,0.2,0.14685028184291202,0.06770056090155921,0.09467531803003769,0.09185679269820152,0.1784982500171567,0.41105529522463646,0.004072093692612667,0.0011441778137076413,0.007926870936033096,0.04999675037370702,0.005153696102001953,0.012396530359355638
