LIMIT_BAL,SEX,EDUCATION,MARRIAGE,AGE,PAY_0,PAY_2,PAY_3,PAY_4,PAY_5,PAY_6,BILL_AMT1,BILL_AMT2,BILL_AMT3,BILL_AMT4,BILL_AMT5,BILL_AMT6,PAY_AMT1,PAY_AMT2,PAY_AMT3,PAY_AMT4,PAY_AMT5,PAY_AMT6
0.36708860759493667,1.0,0.16666666666666666,0.3333333333333333,0.2777777777777778,0.2,0.2222222222222222,0.2,0.2,0.2,0.1,0.06843971575541906,0.079807543868677,0.12409072377314766,0.10079825965013214,0.14790868063385001,0.402179045958465,0.0032086233526161527,0.0011115801551974521,0.0027386603167594446,0.0010048844382895966,0.009356535273184545,0.01932094175960347
