LIMIT_BAL,SEX,EDUCATION,MARRIAGE,AGE,PAY_0,PAY_2,PAY_3,PAY_4,PAY_5,PAY_6,BILL_AMT1,BILL_AMT2,BILL_AMT3,BILL_AMT4,BILL_AMT5,BILL_AMT6,PAY_AMT1,PAY_AMT2,PAY_AMT3,PAY_AMT4,PAY_AMT5,PAY_AMT6
0.025316455696202535,0.0,0.3333333333333333,0.6666666666666666,0.2962962962962963,0.2,0.2222222222222222,0.2,0.2,0.2,0.2,0.0607951878717289,0.07432588895178305,0.11816670765665466,0.11546747930937357,0.17699336281016853,0.4316411628296662,0.0028316151759979567,0.001169440999053038,0.0037452888209042307,0.0023972243192032913,0.00567164256025315,0.002973977695167286
