LIMIT_BAL,SEX,EDUCATION,MARRIAGE,AGE,PAY_0,PAY_2,PAY_3,PAY_4,PAY_5,PAY_6,BILL_AMT1,BILL_AMT2,BILL_AMT3,BILL_AMT4,BILL_AMT5,BILL_AMT6,PAY_AMT1,PAY_AMT2,PAY_AMT3,PAY_AMT4,PAY_AMT5,PAY_AMT6
0.10126582278481013,1.0,0.3333333333333333,0.6666666666666666,0.33333333333333337,0.1,0.2222222222222222,0.2,0.0,0.1,0.2,0.028138769372285367,0.053824679668604956,0.07674976355104245,0.07641148726799829,0.154585085767133,0.42251415219808736,0.015483685275195698,0.009238176421787623,0.003945037558019123,0.03319118301395339,0.02582517116713179,0.034807930607187114
