LIMIT_BAL,SEX,EDUCATION,MARRIAGE,AGE,PAY_0,PAY_2,PAY_3,PAY_4,PAY_5,PAY_6,BILL_AMT1,BILL_AMT2,BILL_AMT3,BILL_AMT4,BILL_AMT5,BILL_AMT6,PAY_AMT1,PAY_AMT2,PAY_AMT3,PAY_AMT4,PAY_AMT5,PAY_AMT6
0.1139240506329114,1.0,0.16666666666666666,0.6666666666666666,0.14814814814814814,0.2,0.2222222222222222,0.2,0.1,0.2,0.2,0.15787598283984008,0.12688339422631606,0.13073440303446957,0.1411472285647507,0.1995339914968154,0.4424086683751249,0.010134628403714948,0.004094265908879765,0.11457429864538816,0.004249511306199787,0.0038652720765014648,0.003717472118959108
