LIMIT_BAL,SEX,EDUCATION,MARRIAGE,AGE,PAY_0,PAY_2,PAY_3,PAY_4,PAY_5,PAY_6,BILL_AMT1,BILL_AMT2,BILL_AMT3,BILL_AMT4,BILL_AMT5,BILL_AMT6,PAY_AMT1,PAY_AMT2,PAY_AMT3,PAY_AMT4,PAY_AMT5,PAY_AMT6
0.24050632911392406,1.0,0.16666666666666666,0.6666666666666666,0.07407407407407407,0.0,0.0,0.0,0.0,0.0,0.0,0.02402453783570387,0.04389826583646375,0.0761373896365206,0.07749321299509178,0.13385489684741653,0.3979407101702482,0.00157289432825656,0.0,0.002909498052449813,0.0014648315443723972,0.0,0.0
