LIMIT_BAL,SEX,EDUCATION,MARRIAGE,AGE,PAY_0,PAY_2,PAY_3,PAY_4,PAY_5,PAY_6,BILL_AMT1,BILL_AMT2,BILL_AMT3,BILL_AMT4,BILL_AMT5,BILL_AMT6,PAY_AMT1,PAY_AMT2,PAY_AMT3,PAY_AMT4,PAY_AMT5,PAY_AMT6
0.20253164556962022,0.0,0.3333333333333333,0.6666666666666666,0.09259259259259262,0.2,0.2222222222222222,0.2,0.2,0.2,0.1,0.1588900208301612,0.14377733751865385,0.17032247841423218,0.15034789018536165,0.15623866432682032,0.5577647553729137,0.020370603091467047,0.0041154543869113885,0.015769637140649394,0.008901476330222024,0.3604958886389346,0.014869888475836432
