LIMIT_BAL,SEX,EDUCATION,MARRIAGE,AGE,PAY_0,PAY_2,PAY_3,PAY_4,PAY_5,PAY_6,BILL_AMT1,BILL_AMT2,BILL_AMT3,BILL_AMT4,BILL_AMT5,BILL_AMT6,PAY_AMT1,PAY_AMT2,PAY_AMT3,PAY_AMT4,PAY_AMT5,PAY_AMT6
0.16455696202531644,1.0,0.3333333333333333,0.6666666666666666,0.3148148148148149,0.2,0.2222222222222222,0.2,0.2,0.2,0.4,0.24607060278750567,0.21325194257191377,0.2912192843313158,0.19535637019590923,0.25456613170459114,0.48577046429521403,0.01621540544594392,0.0025263185345396643,0.007884818570324697,0.013540942791578968,0.0,0.0012391573729863693
