LIMIT_BAL,SEX,EDUCATION,MARRIAGE,AGE,PAY_0,PAY_2,PAY_3,PAY_4,PAY_5,PAY_6,BILL_AMT1,BILL_AMT2,BILL_AMT3,BILL_AMT4,BILL_AMT5,BILL_AMT6,PAY_AMT1,PAY_AMT2,PAY_AMT3,PAY_AMT4,PAY_AMT5,PAY_AMT6
0.0759493670886076,1.0,0.16666666666666666,0.3333333333333333,0.7592592592592593,0.2,0.2222222222222222,0.2,0.2,0.2,0.2,0.13379336542883918,0.13228014202644986,0.17678294068226047,0.1335856361206499,0.19473175099590528,0.443208995536682,0.00810770272297196,0.002444824388264191,0.0035245139009351394,0.0033971093324267707,0.00361531781555437,0.0033506815365551426
