LIMIT_BAL,SEX,EDUCATION,MARRIAGE,AGE,PAY_0,PAY_2,PAY_3,PAY_4,PAY_5,PAY_6,BILL_AMT1,BILL_AMT2,BILL_AMT3,BILL_AMT4,BILL_AMT5,BILL_AMT6,PAY_AMT1,PAY_AMT2,PAY_AMT3,PAY_AMT4,PAY_AMT5,PAY_AMT6
0.08860759493670886,0.0,0.3333333333333333,0.3333333333333333,0.20370370370370372,0.2,0.2222222222222222,0.2,0.2,0.2,0.2,0.10054830258516899,0.10202361961611692,0.15039639244089603,0.13779867316301397,0.20214344303814016,0.4425293619295032,0.004347755585193713,0.0015027520573197227,0.005280200169260772,0.012541057778355489,0.005153696102001953,0.012396530359355638
