LIMIT_BAL,SEX,EDUCATION,MARRIAGE,AGE,PAY_0,PAY_2,PAY_3,PAY_4,PAY_5,PAY_6,BILL_AMT1,BILL_AMT2,BILL_AMT3,BILL_AMT4,BILL_AMT5,BILL_AMT6,PAY_AMT1,PAY_AMT2,PAY_AMT3,PAY_AMT4,PAY_AMT5,PAY_AMT6
0.012658227848101266,1.0,0.5,0.6666666666666666,0.12962962962962965,0.1,0.4444444444444444,0.4,0.4,0.1,0.1,0.033040999471004945,0.04953558380075131,0.08563496242401035,0.08355057741979947,0.13429933693460522,0.3979407101702482,0.0,0.0018694757155593514,0.0,0.002639696434909985,0.0,0.0023172242874845107
