LIMIT_BAL,SEX,EDUCATION,MARRIAGE,AGE,PAY_0,PAY_2,PAY_3,PAY_4,PAY_5,PAY_6,BILL_AMT1,BILL_AMT2,BILL_AMT3,BILL_AMT4,BILL_AMT5,BILL_AMT6,PAY_AMT1,PAY_AMT2,PAY_AMT3,PAY_AMT4,PAY_AMT5,PAY_AMT6
0.012658227848101266,0.0,0.3333333333333333,0.6666666666666666,0.42592592592592593,0.30000000000000004,0.4444444444444444,0.4,0.4,0.2,0.2,0.05280218253625657,0.06572968661555087,0.10972056932617412,0.10519557960722269,0.16408335865988244,0.41757391894314627,0.0,0.002614332212517175,0.0,0.001499827519835219,0.0011673121671034424,0.00034200743494423793
