LIMIT_BAL,SEX,EDUCATION,MARRIAGE,AGE,PAY_0,PAY_2,PAY_3,PAY_4,PAY_5,PAY_6,BILL_AMT1,BILL_AMT2,BILL_AMT3,BILL_AMT4,BILL_AMT5,BILL_AMT6,PAY_AMT1,PAY_AMT2,PAY_AMT3,PAY_AMT4,PAY_AMT5,PAY_AMT6
0.1772151898734177,1.0,0.5,0.3333333333333333,0.35185185185185186,0.2,0.2222222222222222,0.2,0.2,0.2,0.2,0.11301657465501516,0.11851618381104309,0.1797441234387354,0.17207080059689683,0.2402558144854789,0.4797721118208204,0.007309094004759221,0.00456367219142649,0.006570682141937247,0.006249281332646745,0.013914979475405273,0.006443618339529121
