LIMIT_BAL,SEX,EDUCATION,MARRIAGE,AGE,PAY_0,PAY_2,PAY_3,PAY_4,PAY_5,PAY_6,BILL_AMT1,BILL_AMT2,BILL_AMT3,BILL_AMT4,BILL_AMT5,BILL_AMT6,PAY_AMT1,PAY_AMT2,PAY_AMT3,PAY_AMT4,PAY_AMT5,PAY_AMT6
0.05063291139240507,0.0,0.3333333333333333,0.3333333333333333,0.4814814814814815,0.2,0.2222222222222222,0.2,0.2,0.2,0.2,0.04587501589339729,0.06438146451911697,0.11132825717723686,0.10372281452449014,0.16394773907445354,0.4207189820494703,0.006080777042228969,0.0040747073137736515,0.005256545713549798,0.0015448223454302755,0.001749679826629663,0.0012391573729863693
