LIMIT_BAL,SEX,EDUCATION,MARRIAGE,AGE,PAY_0,PAY_2,PAY_3,PAY_4,PAY_5,PAY_6,BILL_AMT1,BILL_AMT2,BILL_AMT3,BILL_AMT4,BILL_AMT5,BILL_AMT6,PAY_AMT1,PAY_AMT2,PAY_AMT3,PAY_AMT4,PAY_AMT5,PAY_AMT6
0.10126582278481013,0.0,0.3333333333333333,1.0,0.35185185185185186,0.2,0.2222222222222222,0.2,0.2,0.1,0.1,0.19190590480914582,0.1343860958163948,0.11787455082951082,0.08897868311129489,0.13908360375551876,0.3983977051819719,0.003982908962659975,0.004126863567389954,0.013159762193871919,0.009468911075226348,0.001004970739890381,0.0009665427509293681
