LIMIT_BAL,SEX,EDUCATION,MARRIAGE,AGE,PAY_0,PAY_2,PAY_3,PAY_4,PAY_5,PAY_6,BILL_AMT1,BILL_AMT2,BILL_AMT3,BILL_AMT4,BILL_AMT5,BILL_AMT6,PAY_AMT1,PAY_AMT2,PAY_AMT3,PAY_AMT4,PAY_AMT5,PAY_AMT6
0.012658227848101266,0.0,0.3333333333333333,0.6666666666666666,0.018518518518518545,0.30000000000000004,0.5555555555555556,0.4,0.4,0.2,0.2,0.034690773353090856,0.0513173467812484,0.08815048222382516,0.08634178937211964,0.1449855066780391,0.408223097934031,0.0,0.0008149414627547304,0.0,0.001249856266529349,0.0038652720765014648,0.0
