LIMIT_BAL,SEX,EDUCATION,MARRIAGE,AGE,PAY_0,PAY_2,PAY_3,PAY_4,PAY_5,PAY_6,BILL_AMT1,BILL_AMT2,BILL_AMT3,BILL_AMT4,BILL_AMT5,BILL_AMT6,PAY_AMT1,PAY_AMT2,PAY_AMT3,PAY_AMT4,PAY_AMT5,PAY_AMT6
0.08860759493670886,1.0,0.16666666666666666,0.6666666666666666,0.018518518518518545,0.2,0.1111111111111111,0.2,0.2,0.2,0.2,0.03426067055224258,0.12671100704986366,0.16470052274614214,0.15116442830345853,0.20016143632578764,0.43152046927528787,0.13204407347200206,0.0019444503301327867,0.005256545713549798,0.004999425066117396,0.0077305441530029296,0.0024783147459727386
