LIMIT_BAL,SEX,EDUCATION,MARRIAGE,AGE,PAY_0,PAY_2,PAY_3,PAY_4,PAY_5,PAY_6,BILL_AMT1,BILL_AMT2,BILL_AMT3,BILL_AMT4,BILL_AMT5,BILL_AMT6,PAY_AMT1,PAY_AMT2,PAY_AMT3,PAY_AMT4,PAY_AMT5,PAY_AMT6
0.05063291139240507,1.0,0.16666666666666666,0.3333333333333333,0.2777777777777778,0.4,0.2222222222222222,0.2,0.4,0.4,0.4,0.08273200043324223,0.09473833170380282,0.14723383605215246,0.14185739199223313,0.20635255209916242,0.44959403609791876,0.0070942398826004645,0.002813177929429329,0.005256545713549798,0.004344500382456018,0.0,0.009913258983890954
