LIMIT_BAL,SEX,EDUCATION,MARRIAGE,AGE,PAY_0,PAY_2,PAY_3,PAY_4,PAY_5,PAY_6,BILL_AMT1,BILL_AMT2,BILL_AMT3,BILL_AMT4,BILL_AMT5,BILL_AMT6,PAY_AMT1,PAY_AMT2,PAY_AMT3,PAY_AMT4,PAY_AMT5,PAY_AMT6
0.05063291139240507,1.0,0.3333333333333333,0.6666666666666666,0.5,0.1,0.1111111111111111,0.2,0.2,0.2,0.2,0.02540902933332496,0.05327406988113004,0.08982089300952895,0.08757783331235804,0.14596588922330828,0.4075036237360865,0.01633904791246924,0.001139288164931113,0.002628272856774899,0.0003999540052893917,0.0004200262323131592,0.022842627013630733
