LIMIT_BAL,SEX,EDUCATION,MARRIAGE,AGE,PAY_0,PAY_2,PAY_3,PAY_4,PAY_5,PAY_6,BILL_AMT1,BILL_AMT2,BILL_AMT3,BILL_AMT4,BILL_AMT5,BILL_AMT6,PAY_AMT1,PAY_AMT2,PAY_AMT3,PAY_AMT4,PAY_AMT5,PAY_AMT6
0.12658227848101264,1.0,0.3333333333333333,0.3333333333333333,0.35185185185185186,0.2,0.2222222222222222,0.2,0.2,0.2,0.2,0.1707445330637604,0.15578912159728298,0.2569065378755742,0.23674960896064437,0.2665464064077803,0.48988224761864585,0.00899549617113739,0.06193555116935951,0.013141364283874494,0.009998850132234793,0.0077305441530029296,0.012391573729863693
