LIMIT_BAL,SEX,EDUCATION,MARRIAGE,AGE,PAY_0,PAY_2,PAY_3,PAY_4,PAY_5,PAY_6,BILL_AMT1,BILL_AMT2,BILL_AMT3,BILL_AMT4,BILL_AMT5,BILL_AMT6,PAY_AMT1,PAY_AMT2,PAY_AMT3,PAY_AMT4,PAY_AMT5,PAY_AMT6
0.15189873417721517,0.0,0.3333333333333333,0.3333333333333333,0.18518518518518523,0.1,0.1111111111111111,0.1,0.1,0.1,0.4,0.026008661705310514,0.04452606391190244,0.07821880070447759,0.07794867645913114,0.13441698284003753,0.3983977051819719,0.0025559532834169103,0.001027641184533715,0.003708493000909382,0.002324732655744589,0.0,0.0019330855018587362
