LIMIT_BAL,SEX,EDUCATION,MARRIAGE,AGE,PAY_0,PAY_2,PAY_3,PAY_4,PAY_5,PAY_6,BILL_AMT1,BILL_AMT2,BILL_AMT3,BILL_AMT4,BILL_AMT5,BILL_AMT6,PAY_AMT1,PAY_AMT2,PAY_AMT3,PAY_AMT4,PAY_AMT5,PAY_AMT6
0.5569620253164557,1.0,0.16666666666666666,0.3333333333333333,0.35185185185185186,0.0,0.0,0.0,0.0,0.0,0.0,0.03268153399146387,0.06788709926413833,0.07856872865563294,0.07667367840683674,0.13289738989487032,0.3979407101702482,0.039379112125474805,0.001200408774637718,0.0014718327997939433,0.0,0.0,0.0027955390334572492
