LIMIT_BAL,SEX,EDUCATION,MARRIAGE,AGE,PAY_0,PAY_2,PAY_3,PAY_4,PAY_5,PAY_6,BILL_AMT1,BILL_AMT2,BILL_AMT3,BILL_AMT4,BILL_AMT5,BILL_AMT6,PAY_AMT1,PAY_AMT2,PAY_AMT3,PAY_AMT4,PAY_AMT5,PAY_AMT6
0.4430379746835443,1.0,0.16666666666666666,0.6666666666666666,0.14814814814814814,0.1,0.1111111111111111,0.1,0.2,0.2,0.2,0.024589636406161457,0.046827561364688935,0.09118759274328658,0.10457531028448487,0.19309614611621456,0.4103862076561897,0.006182123326266119,0.007430636257397632,0.028911001424523887,0.07499137599176095,0.001102890965828418,0.00784634448574969
