LIMIT_BAL,SEX,EDUCATION,MARRIAGE,AGE,PAY_0,PAY_2,PAY_3,PAY_4,PAY_5,PAY_6,BILL_AMT1,BILL_AMT2,BILL_AMT3,BILL_AMT4,BILL_AMT5,BILL_AMT6,PAY_AMT1,PAY_AMT2,PAY_AMT3,PAY_AMT4,PAY_AMT5,PAY_AMT6
0.24050632911392406,1.0,0.16666666666666666,0.6666666666666666,0.11111111111111116,0.2,0.2222222222222222,0.2,0.2,0.2,0.2,0.03763242535597286,0.05543019605825143,0.10256850417355107,0.11886397823364077,0.1714705411384856,0.4262216707034559,0.0024809570332294194,0.005297119507905747,0.03942409285162348,0.009016463106742725,0.001762564066884668,0.012391573729863693
