LIMIT_BAL,SEX,EDUCATION,MARRIAGE,AGE,PAY_0,PAY_2,PAY_3,PAY_4,PAY_5,PAY_6,BILL_AMT1,BILL_AMT2,BILL_AMT3,BILL_AMT4,BILL_AMT5,BILL_AMT6,PAY_AMT1,PAY_AMT2,PAY_AMT3,PAY_AMT4,PAY_AMT5,PAY_AMT6
0.3291139240506329,1.0,0.16666666666666666,0.3333333333333333,0.2962962962962963,0.1,0.1111111111111111,0.1,0.1,0.1,0.1,0.024443652608793248,0.043243451860237744,0.0781032584564546,0.08136465243942635,0.1385264196756241,0.4638698571949177,0.0005351083797161493,0.0009705952821408839,0.009700955114356152,0.008611509676387215,0.14498377874151894,0.00236183395291202
