LIMIT_BAL,SEX,EDUCATION,MARRIAGE,AGE,PAY_0,PAY_2,PAY_3,PAY_4,PAY_5,PAY_6,BILL_AMT1,BILL_AMT2,BILL_AMT3,BILL_AMT4,BILL_AMT5,BILL_AMT6,PAY_AMT1,PAY_AMT2,PAY_AMT3,PAY_AMT4,PAY_AMT5,PAY_AMT6
0.06329113924050633,0.0,0.3333333333333333,0.3333333333333333,0.20370370370370372,0.2,0.2222222222222222,0.2,0.2,0.2,0.2,0.05912343793412521,0.07334559769464313,0.11703769483311574,0.11377297543493764,0.1643480619471051,0.4191042663413799,0.0034133428463711947,0.0014668946329585146,0.003382587166669295,0.0020322662893767214,0.0018037936357006836,0.001687732342007435
