LIMIT_BAL,SEX,EDUCATION,MARRIAGE,AGE,PAY_0,PAY_2,PAY_3,PAY_4,PAY_5,PAY_6,BILL_AMT1,BILL_AMT2,BILL_AMT3,BILL_AMT4,BILL_AMT5,BILL_AMT6,PAY_AMT1,PAY_AMT2,PAY_AMT3,PAY_AMT4,PAY_AMT5,PAY_AMT6
0.05063291139240507,1.0,0.16666666666666666,0.3333333333333333,0.2592592592592593,0.2,0.2222222222222222,0.2,0.2,0.2,0.1,0.09707137665860355,0.102884269026913,0.15113751343178633,0.13505540473322425,0.1459642552523995,0.3984820734918285,0.006080777042228969,0.0009779297553056765,2.365445571097409e-05,0.001249856266529349,0.0011905037995624513,0.003717472118959108
