LIMIT_BAL,SEX,EDUCATION,MARRIAGE,AGE,PAY_0,PAY_2,PAY_3,PAY_4,PAY_5,PAY_6,BILL_AMT1,BILL_AMT2,BILL_AMT3,BILL_AMT4,BILL_AMT5,BILL_AMT6,PAY_AMT1,PAY_AMT2,PAY_AMT3,PAY_AMT4,PAY_AMT5,PAY_AMT6
0.30379746835443033,1.0,0.16666666666666666,0.6666666666666666,0.18518518518518523,0.1,0.2222222222222222,0.2,0.2,0.2,0.1,0.08122821034852454,0.08170508928111975,0.11628997142805267,0.09560837333620995,0.14382211939098638,0.4089824127227411,0.010134628403714948,0.00105779401865564,0.002628272856774899,0.00033496147942986554,0.0242816391845822,0.047945477075588605
