LIMIT_BAL,SEX,EDUCATION,MARRIAGE,AGE,PAY_0,PAY_2,PAY_3,PAY_4,PAY_5,PAY_6,BILL_AMT1,BILL_AMT2,BILL_AMT3,BILL_AMT4,BILL_AMT5,BILL_AMT6,PAY_AMT1,PAY_AMT2,PAY_AMT3,PAY_AMT4,PAY_AMT5,PAY_AMT6
0.025316455696202535,1.0,0.16666666666666666,0.6666666666666666,0.09259259259259262,0.30000000000000004,0.0,0.1,0.1,0.1,0.1,0.024029246990457682,0.04290382339319714,0.07769720998483096,0.07583466676255371,0.13321928216390036,0.4014501975038698,0.0,0.0007701196823032202,0.0,0.0004924433690125635,0.007717659912747925,0.0
