LIMIT_BAL,SEX,EDUCATION,MARRIAGE,AGE,PAY_0,PAY_2,PAY_3,PAY_4,PAY_5,PAY_6,BILL_AMT1,BILL_AMT2,BILL_AMT3,BILL_AMT4,BILL_AMT5,BILL_AMT6,PAY_AMT1,PAY_AMT2,PAY_AMT3,PAY_AMT4,PAY_AMT5,PAY_AMT6
0.4683544303797468,1.0,0.5,0.3333333333333333,0.6111111111111112,0.1,0.1111111111111111,0.2,0.2,0.1,0.1,0.026587887740029542,0.12749832758709412,0.18375839125576268,0.13468683890377137,0.2645317202772522,0.4205584479043263,0.13328455198861677,0.001326724701364701,0.0005151414799278802,0.20238172610149832,0.04997796794916394,0.03333828996282528
