LIMIT_BAL,SEX,EDUCATION,MARRIAGE,AGE,PAY_0,PAY_2,PAY_3,PAY_4,PAY_5,PAY_6,BILL_AMT1,BILL_AMT2,BILL_AMT3,BILL_AMT4,BILL_AMT5,BILL_AMT6,PAY_AMT1,PAY_AMT2,PAY_AMT3,PAY_AMT4,PAY_AMT5,PAY_AMT6
0.36708860759493667,0.0,0.16666666666666666,0.6666666666666666,0.18518518518518523,0.30000000000000004,0.1111111111111111,0.1,0.1,0.1,0.1,0.02383774136380261,0.07243220295373849,0.08202179126797714,0.1056030995487316,0.17578749227948748,0.39950152390259674,0.04677131008314449,0.002919935261050199,0.05248398067693796,0.06594241662208845,0.003447822692239307,0.0
