LIMIT_BAL,SEX,EDUCATION,MARRIAGE,AGE,PAY_0,PAY_2,PAY_3,PAY_4,PAY_5,PAY_6,BILL_AMT1,BILL_AMT2,BILL_AMT3,BILL_AMT4,BILL_AMT5,BILL_AMT6,PAY_AMT1,PAY_AMT2,PAY_AMT3,PAY_AMT4,PAY_AMT5,PAY_AMT6
0.05063291139240507,0.0,0.5,0.6666666666666666,0.018518518518518545,0.4,0.2222222222222222,0.2,0.1,0.2,0.2,0.0978389688834751,0.10519863119436013,0.14950671713111902,0.07726697949815117,0.1344921455018415,0.4002561515629815,0.005154472006129423,0.0017521241449226703,0.0025126288510768035,4.999425066117396e-05,0.0025768480510009765,0.0024783147459727386
