LIMIT_BAL,SEX,EDUCATION,MARRIAGE,AGE,PAY_0,PAY_2,PAY_3,PAY_4,PAY_5,PAY_6,BILL_AMT1,BILL_AMT2,BILL_AMT3,BILL_AMT4,BILL_AMT5,BILL_AMT6,PAY_AMT1,PAY_AMT2,PAY_AMT3,PAY_AMT4,PAY_AMT5,PAY_AMT6
0.05063291139240507,1.0,0.3333333333333333,0.3333333333333333,0.38888888888888884,0.2,0.2222222222222222,0.2,0.2,0.2,0.2,0.09916695052405043,0.09556810579941338,0.12378701272120152,0.1428821847863217,0.17792472622817423,0.43206886328935634,0.0042220861929876475,0.0014994922914687038,0.08147645856002186,0.002442219144798348,0.005161426646154956,0.003008674101610905
