LIMIT_BAL,SEX,EDUCATION,MARRIAGE,AGE,PAY_0,PAY_2,PAY_3,PAY_4,PAY_5,PAY_6,BILL_AMT1,BILL_AMT2,BILL_AMT3,BILL_AMT4,BILL_AMT5,BILL_AMT6,PAY_AMT1,PAY_AMT2,PAY_AMT3,PAY_AMT4,PAY_AMT5,PAY_AMT6
0.30379746835443033,1.0,0.16666666666666666,0.3333333333333333,0.2407407407407407,0.2,0.2222222222222222,0.4,0.2,0.2,0.2,0.24570956758971332,0.2446971646168888,0.3267666822373601,0.30476948155073325,0.3877919497521266,0.5856836352429866,0.03647250069928936,0.0,0.014374024253701921,0.014138374086979997,0.01755091207536765,0.009714993804213135
