LIMIT_BAL,SEX,EDUCATION,MARRIAGE,AGE,PAY_0,PAY_2,PAY_3,PAY_4,PAY_5,PAY_6,BILL_AMT1,BILL_AMT2,BILL_AMT3,BILL_AMT4,BILL_AMT5,BILL_AMT6,PAY_AMT1,PAY_AMT2,PAY_AMT3,PAY_AMT4,PAY_AMT5,PAY_AMT6
0.620253164556962,1.0,0.5,0.3333333333333333,0.42592592592592593,0.4,0.1111111111111111,0.2,0.2,0.2,0.1,0.026027498324325767,0.1446740081304997,0.6204635224869974,0.5686790960248826,0.6820308951219433,0.39941364024649606,0.16035617138062014,0.20781414770977003,0.017819689968933815,0.021000084990226122,0.0032519822403632324,0.005254027261462206
