LIMIT_BAL,SEX,EDUCATION,MARRIAGE,AGE,PAY_0,PAY_2,PAY_3,PAY_4,PAY_5,PAY_6,BILL_AMT1,BILL_AMT2,BILL_AMT3,BILL_AMT4,BILL_AMT5,BILL_AMT6,PAY_AMT1,PAY_AMT2,PAY_AMT3,PAY_AMT4,PAY_AMT5,PAY_AMT6
0.08860759493670886,1.0,0.16666666666666666,0.3333333333333333,0.38888888888888884,0.4,0.4444444444444444,0.4,0.4,0.4,0.4,0.05287752901231758,0.06783178099109763,0.10992689476907232,0.10675524232454169,0.1672156808920174,0.4219962245181339,0.0032430810891887836,0.0013854004866830417,0.002102618285419919,0.002499712533058698,0.0,0.004956629491945477
