LIMIT_BAL,SEX,EDUCATION,MARRIAGE,AGE,PAY_0,PAY_2,PAY_3,PAY_4,PAY_5,PAY_6,BILL_AMT1,BILL_AMT2,BILL_AMT3,BILL_AMT4,BILL_AMT5,BILL_AMT6,PAY_AMT1,PAY_AMT2,PAY_AMT3,PAY_AMT4,PAY_AMT5,PAY_AMT6
0.05063291139240507,0.0,0.3333333333333333,0.3333333333333333,0.5185185185185185,0.2,0.2222222222222222,0.2,0.2,0.2,0.2,0.040903718191621787,0.05416688107857768,0.09047123080554405,0.08479860724067048,0.13984503419901112,0.4038394611677277,0.003054577000879686,0.0025336530077044567,0.005805854740615752,0.004999425066117396,0.006442120127502442,0.007434944237918216
