LIMIT_BAL,SEX,EDUCATION,MARRIAGE,AGE,PAY_0,PAY_2,PAY_3,PAY_4,PAY_5,PAY_6,BILL_AMT1,BILL_AMT2,BILL_AMT3,BILL_AMT4,BILL_AMT5,BILL_AMT6,PAY_AMT1,PAY_AMT2,PAY_AMT3,PAY_AMT4,PAY_AMT5,PAY_AMT6
0.3164556962025316,0.0,0.3333333333333333,0.6666666666666666,0.2407407407407407,0.2,0.2222222222222222,0.2,0.2,0.2,0.2,0.10949726633566541,0.11437889157618486,0.17457113193439183,0.17115837543373907,0.24329336640490454,0.47974516083294955,0.004088309098058611,0.0040747073137736515,0.013141364283874494,0.01249856266529349,0.012884240255004883,0.024783147459727387
