LIMIT_BAL,SEX,EDUCATION,MARRIAGE,AGE,PAY_0,PAY_2,PAY_3,PAY_4,PAY_5,PAY_6,BILL_AMT1,BILL_AMT2,BILL_AMT3,BILL_AMT4,BILL_AMT5,BILL_AMT6,PAY_AMT1,PAY_AMT2,PAY_AMT3,PAY_AMT4,PAY_AMT5,PAY_AMT6
0.36708860759493667,1.0,0.16666666666666666,0.3333333333333333,0.2962962962962963,0.1,0.1111111111111111,0.1,0.1,0.1,0.1,0.024996193433240665,0.04466628930170329,0.07764934248207858,0.076308109047542,0.1343646957709565,0.39881720316709257,0.002776888182617896,0.000746486379883333,0.000830534222740868,0.002244741854686711,0.0019274823421487305,0.0018537794299876085
