LIMIT_BAL,SEX,EDUCATION,MARRIAGE,AGE,PAY_0,PAY_2,PAY_3,PAY_4,PAY_5,PAY_6,BILL_AMT1,BILL_AMT2,BILL_AMT3,BILL_AMT4,BILL_AMT5,BILL_AMT6,PAY_AMT1,PAY_AMT2,PAY_AMT3,PAY_AMT4,PAY_AMT5,PAY_AMT6
0.30379746835443033,1.0,0.16666666666666666,0.3333333333333333,0.35185185185185186,0.4,0.4444444444444444,0.4,0.2,0.2,0.2,0.2916489419314127,0.27665568877682295,0.3691690366582541,0.34723545663208744,0.4348290703032323,0.6271108189467788,0.028226967030026875,0.0,0.01684197246621355,0.016193137789154245,0.03511986208709231,0.0
