LIMIT_BAL,SEX,EDUCATION,MARRIAGE,AGE,PAY_0,PAY_2,PAY_3,PAY_4,PAY_5,PAY_6,BILL_AMT1,BILL_AMT2,BILL_AMT3,BILL_AMT4,BILL_AMT5,BILL_AMT6,PAY_AMT1,PAY_AMT2,PAY_AMT3,PAY_AMT4,PAY_AMT5,PAY_AMT6
0.5316455696202532,0.0,0.5,0.6666666666666666,0.09259259259259262,0.2,0.2222222222222222,0.2,0.2,0.2,0.2,0.712813767056951,0.6072672773117892,0.7979199094148776,0.7288134577467743,0.6974327049081218,0.6660655424589378,0.036484662253373816,0.014668946329585146,0.04355048123676007,0.029504107027691812,0.027219245962723317,0.024783147459727387
