LIMIT_BAL,SEX,EDUCATION,MARRIAGE,AGE,PAY_0,PAY_2,PAY_3,PAY_4,PAY_5,PAY_6,BILL_AMT1,BILL_AMT2,BILL_AMT3,BILL_AMT4,BILL_AMT5,BILL_AMT6,PAY_AMT1,PAY_AMT2,PAY_AMT3,PAY_AMT4,PAY_AMT5,PAY_AMT6
0.0379746835443038,0.0,0.5,0.3333333333333333,0.537037037037037,0.30000000000000004,0.4444444444444444,0.2,0.1,0.1,0.0,0.08034916812781273,0.08744789790562446,0.13680862407339245,0.10677322114549061,0.13289738989487032,0.3979407101702482,0.0,0.00250838982235906,0.05690210734917656,0.0,0.0,0.0
