LIMIT_BAL,SEX,EDUCATION,MARRIAGE,AGE,PAY_0,PAY_2,PAY_3,PAY_4,PAY_5,PAY_6,BILL_AMT1,BILL_AMT2,BILL_AMT3,BILL_AMT4,BILL_AMT5,BILL_AMT6,PAY_AMT1,PAY_AMT2,PAY_AMT3,PAY_AMT4,PAY_AMT5,PAY_AMT6
0.18987341772151897,1.0,0.3333333333333333,0.3333333333333333,0.37037037037037035,0.1,0.1111111111111111,0.1,0.1,0.1,0.1,0.036729837361491983,0.04977872690783719,0.08458352796700114,0.0829213186865872,0.1437371529037297,0.402014996467077,0.010831890837890537,0.004175760055155239,0.012431730612545272,0.01658559265684446,0.008959700673330396,0.007382899628252788
