LIMIT_BAL,SEX,EDUCATION,MARRIAGE,AGE,PAY_0,PAY_2,PAY_3,PAY_4,PAY_5,PAY_6,BILL_AMT1,BILL_AMT2,BILL_AMT3,BILL_AMT4,BILL_AMT5,BILL_AMT6,PAY_AMT1,PAY_AMT2,PAY_AMT3,PAY_AMT4,PAY_AMT5,PAY_AMT6
0.10126582278481013,1.0,0.3333333333333333,0.3333333333333333,0.20370370370370372,0.2,0.2222222222222222,0.2,0.2,0.2,0.2,0.1633087777074893,0.15679900169814234,0.22634396266995027,0.2116661572667398,0.21724296820619407,0.4596561288304091,0.0070942398826004645,0.003184791236445486,0.011375164924121762,0.005249396319423266,0.006442120127502442,0.003241635687732342
