LIMIT_BAL,SEX,EDUCATION,MARRIAGE,AGE,PAY_0,PAY_2,PAY_3,PAY_4,PAY_5,PAY_6,BILL_AMT1,BILL_AMT2,BILL_AMT3,BILL_AMT4,BILL_AMT5,BILL_AMT6,PAY_AMT1,PAY_AMT2,PAY_AMT3,PAY_AMT4,PAY_AMT5,PAY_AMT6
0.4430379746835443,0.0,0.16666666666666666,0.3333333333333333,0.35185185185185186,0.0,0.0,0.0,0.0,0.0,0.1,0.025796749741388916,0.04734086347964803,0.08136650166133247,0.0780355740937176,0.13589245857066762,0.39963862240611386,0.00700302822696703,0.0025817345540069857,0.0038609328266023266,0.0045819730730965935,0.003733852825900415,0.0
