LIMIT_BAL,SEX,EDUCATION,MARRIAGE,AGE,PAY_0,PAY_2,PAY_3,PAY_4,PAY_5,PAY_6,BILL_AMT1,BILL_AMT2,BILL_AMT3,BILL_AMT4,BILL_AMT5,BILL_AMT6,PAY_AMT1,PAY_AMT2,PAY_AMT3,PAY_AMT4,PAY_AMT5,PAY_AMT6
0.2531645569620253,1.0,0.5,0.3333333333333333,0.5925925925925926,0.2,0.2222222222222222,0.2,0.2,0.2,0.2,0.11380457321715325,0.11812638295682604,0.17460909581588507,0.16642694905401437,0.23353856007947635,0.47429754593678697,0.0056753919060803714,0.002243533846963773,0.0063078548562597574,0.0056368517620473645,0.012283834659121655,0.0
