LIMIT_BAL,SEX,EDUCATION,MARRIAGE,AGE,PAY_0,PAY_2,PAY_3,PAY_4,PAY_5,PAY_6,BILL_AMT1,BILL_AMT2,BILL_AMT3,BILL_AMT4,BILL_AMT5,BILL_AMT6,PAY_AMT1,PAY_AMT2,PAY_AMT3,PAY_AMT4,PAY_AMT5,PAY_AMT6
0.4050632911392405,1.0,0.16666666666666666,0.6666666666666666,0.2407407407407407,0.2,0.2222222222222222,0.2,0.2,0.2,0.2,0.4352546161489474,0.3592240004116709,0.45292891345720565,0.41739331068001895,0.43588624948121424,0.5238990814400264,0.030403885211144847,0.008155934159249341,0.02628272856774899,0.04999425066117396,0.06442120127502442,0.008674101610904586
