LIMIT_BAL,SEX,EDUCATION,MARRIAGE,AGE,PAY_0,PAY_2,PAY_3,PAY_4,PAY_5,PAY_6,BILL_AMT1,BILL_AMT2,BILL_AMT3,BILL_AMT4,BILL_AMT5,BILL_AMT6,PAY_AMT1,PAY_AMT2,PAY_AMT3,PAY_AMT4,PAY_AMT5,PAY_AMT6
0.05063291139240507,1.0,0.3333333333333333,0.6666666666666666,0.462962962962963,0.2,0.2222222222222222,0.2,0.2,0.2,0.2,0.06345899974413592,0.07668399114907631,0.1210321554076248,0.10401646859998921,0.16310461008552204,0.42005692517351156,0.003159977136278321,0.0012224121941320956,0.0036795819994848585,0.002499712533058698,0.001762564066884668,0.0017744733581164808
