LIMIT_BAL,SEX,EDUCATION,MARRIAGE,AGE,PAY_0,PAY_2,PAY_3,PAY_4,PAY_5,PAY_6,BILL_AMT1,BILL_AMT2,BILL_AMT3,BILL_AMT4,BILL_AMT5,BILL_AMT6,PAY_AMT1,PAY_AMT2,PAY_AMT3,PAY_AMT4,PAY_AMT5,PAY_AMT6
0.08860759493670886,1.0,0.16666666666666666,0.6666666666666666,0.05555555555555558,0.2,0.2222222222222222,0.2,0.2,0.2,0.2,0.09930037657540848,0.10171229352132971,0.1533064064875322,0.1453153185547425,0.20951918772038183,0.45403626196828917,0.0035106352790468583,0.0014432613305386274,0.004504859676512177,0.004079530853951795,0.004347142662038648,0.00433457249070632
