LIMIT_BAL,SEX,EDUCATION,MARRIAGE,AGE,PAY_0,PAY_2,PAY_3,PAY_4,PAY_5,PAY_6,BILL_AMT1,BILL_AMT2,BILL_AMT3,BILL_AMT4,BILL_AMT5,BILL_AMT6,PAY_AMT1,PAY_AMT2,PAY_AMT3,PAY_AMT4,PAY_AMT5,PAY_AMT6
0.012658227848101266,0.0,0.5,1.0,0.6666666666666667,0.30000000000000004,0.4444444444444444,0.2,0.2,0.2,0.2,0.05611742748294109,0.06881464519116967,0.10896459290339514,0.10627580709923709,0.16617157348130573,0.4215333705960035,0.002432310816891588,0.0010594239015811495,0.002628272856774899,0.002499712533058698,0.0025768480510009765,0.0024783147459727386
