LIMIT_BAL,SEX,EDUCATION,MARRIAGE,AGE,PAY_0,PAY_2,PAY_3,PAY_4,PAY_5,PAY_6,BILL_AMT1,BILL_AMT2,BILL_AMT3,BILL_AMT4,BILL_AMT5,BILL_AMT6,PAY_AMT1,PAY_AMT2,PAY_AMT3,PAY_AMT4,PAY_AMT5,PAY_AMT6
0.025316455696202535,1.0,0.5,0.3333333333333333,0.03703703703703709,0.30000000000000004,0.4444444444444444,0.2,0.2,0.2,0.4,0.07171728746407308,0.07614495960479598,0.11899200942824745,0.1163319609500009,0.18041162995134036,0.43293598202954997,2.0269256807429898e-06,0.0011678111161275285,0.003942409285162349,0.006249281332646745,0.0036075872714013673,0.0034696406443618343
