LIMIT_BAL,SEX,EDUCATION,MARRIAGE,AGE,PAY_0,PAY_2,PAY_3,PAY_4,PAY_5,PAY_6,BILL_AMT1,BILL_AMT2,BILL_AMT3,BILL_AMT4,BILL_AMT5,BILL_AMT6,PAY_AMT1,PAY_AMT2,PAY_AMT3,PAY_AMT4,PAY_AMT5,PAY_AMT6
0.025316455696202535,1.0,0.3333333333333333,0.6666666666666666,0.018518518518518545,0.5,0.4444444444444444,0.2,0.2,0.4,0.4,0.0712432325521892,0.07974707970977205,0.11908114201957946,0.1174706196100993,0.17735610435191812,0.43368943790785336,0.0001763425342246401,0.0016315128084349701,0.008410473141679677,0.0,0.010116705448229834,0.0
