LIMIT_BAL,SEX,EDUCATION,MARRIAGE,AGE,PAY_0,PAY_2,PAY_3,PAY_4,PAY_5,PAY_6,BILL_AMT1,BILL_AMT2,BILL_AMT3,BILL_AMT4,BILL_AMT5,BILL_AMT6,PAY_AMT1,PAY_AMT2,PAY_AMT3,PAY_AMT4,PAY_AMT5,PAY_AMT6
0.4683544303797468,0.0,0.3333333333333333,0.3333333333333333,0.6851851851851851,0.2,0.2222222222222222,0.2,0.2,0.2,0.2,0.6043525147671245,0.4696971646168888,0.576296672878438,0.5103513061613419,0.6144106430329115,0.7512224616563608,0.02467173938600367,0.009041775529263734,0.02892939933452131,0.02749683786364568,0.030937637700317724,0.027261462205700124
