LIMIT_BAL,SEX,EDUCATION,MARRIAGE,AGE,PAY_0,PAY_2,PAY_3,PAY_4,PAY_5,PAY_6,BILL_AMT1,BILL_AMT2,BILL_AMT3,BILL_AMT4,BILL_AMT5,BILL_AMT6,PAY_AMT1,PAY_AMT2,PAY_AMT3,PAY_AMT4,PAY_AMT5,PAY_AMT6
0.24050632911392406,1.0,0.16666666666666666,0.3333333333333333,0.6851851851851851,0.1,0.1111111111111111,0.1,0.1,0.1,0.0,0.024473477255567398,0.04980059692276026,0.08655104739047834,0.07641148726799829,0.13289738989487032,0.3979407101702482,0.010866348574463168,0.005141465688519594,0.0010118850498583361,0.0,0.0,0.008401486988847583
