LIMIT_BAL,SEX,EDUCATION,MARRIAGE,AGE,PAY_0,PAY_2,PAY_3,PAY_4,PAY_5,PAY_6,BILL_AMT1,BILL_AMT2,BILL_AMT3,BILL_AMT4,BILL_AMT5,BILL_AMT6,PAY_AMT1,PAY_AMT2,PAY_AMT3,PAY_AMT4,PAY_AMT5,PAY_AMT6
0.05063291139240507,0.0,0.3333333333333333,0.6666666666666666,0.05555555555555558,0.1,0.1111111111111111,0.1,0.1,0.2,0.1,0.02741198982194686,0.04290382339319714,0.07940228344494164,0.09712009253099849,0.14695280765221258,0.40637871293799743,0.0,0.02469272632146833,0.03733987247620099,0.0015048269449013363,0.018555882815258034,0.0009491945477075589
