LIMIT_BAL,SEX,EDUCATION,MARRIAGE,AGE,PAY_0,PAY_2,PAY_3,PAY_4,PAY_5,PAY_6,BILL_AMT1,BILL_AMT2,BILL_AMT3,BILL_AMT4,BILL_AMT5,BILL_AMT6,PAY_AMT1,PAY_AMT2,PAY_AMT3,PAY_AMT4,PAY_AMT5,PAY_AMT6
0.08860759493670886,0.0,0.3333333333333333,0.6666666666666666,0.20370370370370372,0.30000000000000004,0.4444444444444444,0.2,0.2,0.2,0.0,0.15307892386395566,0.14541244275201978,0.12275373490316735,0.10789689745479825,0.13289738989487032,0.3979407101702482,1.4188479765200929e-05,0.0009779297553056765,0.0037006081823390577,0.0,0.0,0.0
