LIMIT_BAL,SEX,EDUCATION,MARRIAGE,AGE,PAY_0,PAY_2,PAY_3,PAY_4,PAY_5,PAY_6,BILL_AMT1,BILL_AMT2,BILL_AMT3,BILL_AMT4,BILL_AMT5,BILL_AMT6,PAY_AMT1,PAY_AMT2,PAY_AMT3,PAY_AMT4,PAY_AMT5,PAY_AMT6
0.2531645569620253,1.0,0.3333333333333333,0.3333333333333333,0.35185185185185186,0.1,0.1111111111111111,0.4,0.1,0.1,0.1,0.027507742635274394,0.05080533113775537,0.0779662583623702,0.0780805211460899,0.13689571670865974,0.39898125265848056,0.01065757522934664,0.0,0.003942409285162349,0.006249281332646745,0.0025768480510009765,0.003717472118959108
