LIMIT_BAL,SEX,EDUCATION,MARRIAGE,AGE,PAY_0,PAY_2,PAY_3,PAY_4,PAY_5,PAY_6,BILL_AMT1,BILL_AMT2,BILL_AMT3,BILL_AMT4,BILL_AMT5,BILL_AMT6,PAY_AMT1,PAY_AMT2,PAY_AMT3,PAY_AMT4,PAY_AMT5,PAY_AMT6
0.05063291139240507,0.0,0.16666666666666666,0.6666666666666666,0.12962962962962965,0.2,0.2222222222222222,0.2,0.2,0.2,0.2,0.09406850564392197,0.10033834199557454,0.15015210311650456,0.143180333567058,0.20573491109564285,0.45045529592770567,0.004357890213597428,0.0018743653643358798,0.0059136139277435225,0.004249511306199787,0.005153696102001953,0.004213135068153655
