LIMIT_BAL,SEX,EDUCATION,MARRIAGE,AGE,PAY_0,PAY_2,PAY_3,PAY_4,PAY_5,PAY_6,BILL_AMT1,BILL_AMT2,BILL_AMT3,BILL_AMT4,BILL_AMT5,BILL_AMT6,PAY_AMT1,PAY_AMT2,PAY_AMT3,PAY_AMT4,PAY_AMT5,PAY_AMT6
0.27848101265822783,1.0,0.8333333333333333,0.3333333333333333,0.20370370370370372,0.1,0.1111111111111111,0.1,0.1,0.0,0.0,0.04129614775443956,0.04290382339319714,0.08950727833632369,0.07148978503323085,0.1281588742594027,0.39454254213435414,0.0,0.006601025848313316,0.0,0.0,0.0,0.2732490706319703
