LIMIT_BAL,SEX,EDUCATION,MARRIAGE,AGE,PAY_0,PAY_2,PAY_3,PAY_4,PAY_5,PAY_6,BILL_AMT1,BILL_AMT2,BILL_AMT3,BILL_AMT4,BILL_AMT5,BILL_AMT6,PAY_AMT1,PAY_AMT2,PAY_AMT3,PAY_AMT4,PAY_AMT5,PAY_AMT6
0.3924050632911392,1.0,0.16666666666666666,0.6666666666666666,0.18518518518518523,0.2,0.2222222222222222,0.2,0.2,0.2,0.2,0.1449791776873969,0.12711238614727527,0.17959721972339188,0.16961968800752714,0.23106636209448927,0.46275666421764206,0.006080777042228969,0.002444824388264191,0.00792949920888987,0.005249396319423266,0.0077305441530029296,0.007434944237918216
