LIMIT_BAL,SEX,EDUCATION,MARRIAGE,AGE,PAY_0,PAY_2,PAY_3,PAY_4,PAY_5,PAY_6,BILL_AMT1,BILL_AMT2,BILL_AMT3,BILL_AMT4,BILL_AMT5,BILL_AMT6,PAY_AMT1,PAY_AMT2,PAY_AMT3,PAY_AMT4,PAY_AMT5,PAY_AMT6
0.06329113924050633,1.0,0.16666666666666666,0.6666666666666666,0.16666666666666674,0.4,0.4444444444444444,0.4,0.4,0.4,0.4,0.07855341044835862,0.08650877373539856,0.13643393706908932,0.13146862995391428,0.19481344954134439,0.4414501506325865,0.0,0.002607812680815137,0.003942409285162349,0.0037495687995880472,0.0,0.004213135068153655
