LIMIT_BAL,SEX,EDUCATION,MARRIAGE,AGE,PAY_0,PAY_2,PAY_3,PAY_4,PAY_5,PAY_6,BILL_AMT1,BILL_AMT2,BILL_AMT3,BILL_AMT4,BILL_AMT5,BILL_AMT6,PAY_AMT1,PAY_AMT2,PAY_AMT3,PAY_AMT4,PAY_AMT5,PAY_AMT6
0.620253164556962,0.0,0.3333333333333333,0.6666666666666666,0.20370370370370372,0.2,0.2222222222222222,0.2,0.2,0.2,0.1,0.5447848465678896,0.3707559306334586,0.3451345984659291,0.2896852507745875,0.25869517619108306,0.5227073790633008,0.021400281337284485,0.006038716239012552,0.00806354112458539,0.00023497297810751763,0.27437247307838,0.0003767038413878563
