LIMIT_BAL,SEX,EDUCATION,MARRIAGE,AGE,PAY_0,PAY_2,PAY_3,PAY_4,PAY_5,PAY_6,BILL_AMT1,BILL_AMT2,BILL_AMT3,BILL_AMT4,BILL_AMT5,BILL_AMT6,PAY_AMT1,PAY_AMT2,PAY_AMT3,PAY_AMT4,PAY_AMT5,PAY_AMT6
0.34177215189873417,0.0,0.3333333333333333,0.6666666666666666,0.20370370370370372,0.2,0.2222222222222222,0.2,0.2,0.2,0.2,0.07902903507849376,0.08993464724952402,0.14062647006878065,0.1365806080437245,0.20314996911794983,0.45216844133062883,0.00405385136148598,0.002444824388264191,0.005256545713549798,0.0074991375991760945,0.010307392204003906,0.017843866171003718
