LIMIT_BAL,SEX,EDUCATION,MARRIAGE,AGE,PAY_0,PAY_2,PAY_3,PAY_4,PAY_5,PAY_6,BILL_AMT1,BILL_AMT2,BILL_AMT3,BILL_AMT4,BILL_AMT5,BILL_AMT6,PAY_AMT1,PAY_AMT2,PAY_AMT3,PAY_AMT4,PAY_AMT5,PAY_AMT6
0.13924050632911392,0.0,0.3333333333333333,0.6666666666666666,0.2777777777777778,0.1,0.1111111111111111,0.4,0.4,0.0,0.0,0.024132848395041574,0.04365512272937787,0.07656489595420567,0.07573578324733464,0.13225850726953658,0.3971017142000068,0.0017086983488663404,0.0,0.00017346600854714332,0.0008124065732440769,0.0008374756165753173,0.0008054522924411401
