LIMIT_BAL,SEX,EDUCATION,MARRIAGE,AGE,PAY_0,PAY_2,PAY_3,PAY_4,PAY_5,PAY_6,BILL_AMT1,BILL_AMT2,BILL_AMT3,BILL_AMT4,BILL_AMT5,BILL_AMT6,PAY_AMT1,PAY_AMT2,PAY_AMT3,PAY_AMT4,PAY_AMT5,PAY_AMT6
0.16455696202531644,0.0,0.16666666666666666,0.6666666666666666,0.20370370370370372,0.30000000000000004,0.0,0.1,0.2,0.2,0.2,0.0240229681174526,0.04202902279627438,0.07914809049929107,0.0780940052618016,0.1333875811675049,0.3976993230614916,0.0,0.002444824388264191,0.0,0.0,0.0,0.004956629491945477
