LIMIT_BAL,SEX,EDUCATION,MARRIAGE,AGE,PAY_0,PAY_2,PAY_3,PAY_4,PAY_5,PAY_6,BILL_AMT1,BILL_AMT2,BILL_AMT3,BILL_AMT4,BILL_AMT5,BILL_AMT6,PAY_AMT1,PAY_AMT2,PAY_AMT3,PAY_AMT4,PAY_AMT5,PAY_AMT6
0.1139240506329114,1.0,0.16666666666666666,0.6666666666666666,0.07407407407407407,0.2,0.2222222222222222,0.2,0.2,0.2,0.2,0.08694826365615635,0.1000038594143982,0.15060766969442377,0.11455655238129483,0.14456557615448215,0.4086519701758024,0.010134628403714948,0.0016298829255094608,0.005335393899253044,0.0074991375991760945,0.005153696102001953,0.004956629491945477
