LIMIT_BAL,SEX,EDUCATION,MARRIAGE,AGE,PAY_0,PAY_2,PAY_3,PAY_4,PAY_5,PAY_6,BILL_AMT1,BILL_AMT2,BILL_AMT3,BILL_AMT4,BILL_AMT5,BILL_AMT6,PAY_AMT1,PAY_AMT2,PAY_AMT3,PAY_AMT4,PAY_AMT5,PAY_AMT6
0.05063291139240507,0.0,0.3333333333333333,0.6666666666666666,0.05555555555555558,0.2,0.2222222222222222,0.2,0.2,0.2,0.2,0.04103557452472856,0.05804687902022333,0.0972023920546548,0.09496563048728597,0.1549756048143319,0.41525027507584356,0.0030586308522411714,0.0012224121941320956,0.0015901050783488138,0.0037495687995880472,0.0038652720765014648,0.007434944237918216
