LIMIT_BAL,SEX,EDUCATION,MARRIAGE,AGE,PAY_0,PAY_2,PAY_3,PAY_4,PAY_5,PAY_6,BILL_AMT1,BILL_AMT2,BILL_AMT3,BILL_AMT4,BILL_AMT5,BILL_AMT6,PAY_AMT1,PAY_AMT2,PAY_AMT3,PAY_AMT4,PAY_AMT5,PAY_AMT6
0.05063291139240507,0.0,0.16666666666666666,0.6666666666666666,0.14814814814814814,0.4,0.4444444444444444,0.4,0.4,0.2,0.2,0.0958093231845816,0.10564760973601606,0.15968103737131484,0.14926166975303093,0.20782475988797497,0.4540585258278347,0.007702317586823361,0.002444824388264191,1.3141364283874494e-05,0.004499482559505657,0.009276652983603516,0.0
