LIMIT_BAL,SEX,EDUCATION,MARRIAGE,AGE,PAY_0,PAY_2,PAY_3,PAY_4,PAY_5,PAY_6,BILL_AMT1,BILL_AMT2,BILL_AMT3,BILL_AMT4,BILL_AMT5,BILL_AMT6,PAY_AMT1,PAY_AMT2,PAY_AMT3,PAY_AMT4,PAY_AMT5,PAY_AMT6
0.05063291139240507,1.0,0.16666666666666666,0.6666666666666666,0.07407407407407407,0.2,0.2222222222222222,0.1,0.1,0.0,0.0,0.04679016163388833,0.04290382339319714,0.07744136643563719,0.08137214361482174,0.1438384591000742,0.40464799080385416,0.0,0.000643803755576237,0.009714096478640027,0.0074991375991760945,0.01474987824392959,0.005628252788104089
