LIMIT_BAL,SEX,EDUCATION,MARRIAGE,AGE,PAY_0,PAY_2,PAY_3,PAY_4,PAY_5,PAY_6,BILL_AMT1,BILL_AMT2,BILL_AMT3,BILL_AMT4,BILL_AMT5,BILL_AMT6,PAY_AMT1,PAY_AMT2,PAY_AMT3,PAY_AMT4,PAY_AMT5,PAY_AMT6
0.24050632911392406,0.0,0.5,0.3333333333333333,0.2407407407407407,0.2,0.2222222222222222,0.2,0.2,0.2,0.2,0.32684359484316156,0.29935419132403646,0.3845988785799528,0.28670076649706644,0.34499661768021883,0.5404563622493997,0.020269256807429897,0.008149414627547303,0.015769637140649394,0.02499712533058698,0.025768480510009767,0.012391573729863693
