LIMIT_BAL,SEX,EDUCATION,MARRIAGE,AGE,PAY_0,PAY_2,PAY_3,PAY_4,PAY_5,PAY_6,BILL_AMT1,BILL_AMT2,BILL_AMT3,BILL_AMT4,BILL_AMT5,BILL_AMT6,PAY_AMT1,PAY_AMT2,PAY_AMT3,PAY_AMT4,PAY_AMT5,PAY_AMT6
0.26582278481012656,0.0,0.3333333333333333,0.6666666666666666,0.16666666666666674,0.1,0.1111111111111111,0.4,0.1,0.4,0.4,0.02524734835344404,0.044900427108526736,0.0774182579860326,0.40825707316780835,0.49888399786930193,0.638105650216018,0.00314578865651312,0.0,0.5831506683697875,0.018747843997940238,1.0307392204003906e-05,0.024783147459727387
