LIMIT_BAL,SEX,EDUCATION,MARRIAGE,AGE,PAY_0,PAY_2,PAY_3,PAY_4,PAY_5,PAY_6,BILL_AMT1,BILL_AMT2,BILL_AMT3,BILL_AMT4,BILL_AMT5,BILL_AMT6,PAY_AMT1,PAY_AMT2,PAY_AMT3,PAY_AMT4,PAY_AMT5,PAY_AMT6
0.05063291139240507,1.0,0.3333333333333333,0.3333333333333333,0.03703703703703709,0.2,0.2222222222222222,0.2,0.2,0.1,0.2,0.10352448838957895,0.1074834045180878,0.11572876622336958,0.049990111648478094,0.16578759031774198,0.4219645864019376,0.005555803290916535,0.0016942633010670843,0.005721750009198955,0.1040080390755063,0.0018372926603636964,0.0020743494423791824
