LIMIT_BAL,SEX,EDUCATION,MARRIAGE,AGE,PAY_0,PAY_2,PAY_3,PAY_4,PAY_5,PAY_6,BILL_AMT1,BILL_AMT2,BILL_AMT3,BILL_AMT4,BILL_AMT5,BILL_AMT6,PAY_AMT1,PAY_AMT2,PAY_AMT3,PAY_AMT4,PAY_AMT5,PAY_AMT6
0.012658227848101266,1.0,0.3333333333333333,0.3333333333333333,0.16666666666666674,0.2,0.2222222222222222,0.0,0.0,0.1,0.2,0.029312918624236135,0.04290382339319714,0.0761373896365206,0.07583466676255371,0.1363368986578563,0.40040731145147473,0.0,0.0,0.0,0.00526189488208856,0.0,0.0
