LIMIT_BAL,SEX,EDUCATION,MARRIAGE,AGE,PAY_0,PAY_2,PAY_3,PAY_4,PAY_5,PAY_6,BILL_AMT1,BILL_AMT2,BILL_AMT3,BILL_AMT4,BILL_AMT5,BILL_AMT6,PAY_AMT1,PAY_AMT2,PAY_AMT3,PAY_AMT4,PAY_AMT5,PAY_AMT6
0.1772151898734177,1.0,0.5,0.3333333333333333,0.2592592592592593,0.2,0.2222222222222222,0.2,0.2,0.2,0.2,0.16468228117735148,0.16785751042041888,0.2392087666855386,0.22404757196023084,0.2963222582785136,0.5146584079465573,0.020269256807429897,0.003483874753276472,0.009330368641550891,0.009373921998970119,0.009276652983603516,0.0076827757125154895
