LIMIT_BAL,SEX,EDUCATION,MARRIAGE,AGE,PAY_0,PAY_2,PAY_3,PAY_4,PAY_5,PAY_6,BILL_AMT1,BILL_AMT2,BILL_AMT3,BILL_AMT4,BILL_AMT5,BILL_AMT6,PAY_AMT1,PAY_AMT2,PAY_AMT3,PAY_AMT4,PAY_AMT5,PAY_AMT6
0.012658227848101266,1.0,0.3333333333333333,0.6666666666666666,0.09259259259259262,0.1,0.1111111111111111,0.1,0.1,0.1,0.0,0.0252332208891826,0.04338753666443679,0.07776653533364475,0.0775111918160407,0.13253464835312073,0.39768057454819006,0.0007621240559593642,0.0008043472237389188,0.0031539274281298787,0.0,0.0,0.0
