LIMIT_BAL,SEX,EDUCATION,MARRIAGE,AGE,PAY_0,PAY_2,PAY_3,PAY_4,PAY_5,PAY_6,BILL_AMT1,BILL_AMT2,BILL_AMT3,BILL_AMT4,BILL_AMT5,BILL_AMT6,PAY_AMT1,PAY_AMT2,PAY_AMT3,PAY_AMT4,PAY_AMT5,PAY_AMT6
0.24050632911392406,0.0,0.3333333333333333,0.3333333333333333,0.462962962962963,0.1,0.4444444444444444,0.1,0.1,0.4,0.1,0.035550978954787406,0.05059692276025318,0.08354199713125104,0.09050238818671605,0.14097574206788824,0.4034433988242338,0.0,0.0036558274019177204,0.02628272856774899,0.0,0.012100878447500586,0.011638166047087981
