LIMIT_BAL,SEX,EDUCATION,MARRIAGE,AGE,PAY_0,PAY_2,PAY_3,PAY_4,PAY_5,PAY_6,BILL_AMT1,BILL_AMT2,BILL_AMT3,BILL_AMT4,BILL_AMT5,BILL_AMT6,PAY_AMT1,PAY_AMT2,PAY_AMT3,PAY_AMT4,PAY_AMT5,PAY_AMT6
0.3291139240506329,1.0,0.3333333333333333,0.6666666666666666,0.4444444444444444,0.2,0.2222222222222222,0.2,0.1,0.1,0.1,0.03515540995546709,0.05337441465548295,0.09093670100472238,0.08826102850841708,0.13927314438093746,0.3984891041843166,0.002377583823511527,0.0008149414627547304,0.02179889507409101,0.00975387830399504,0.001205964887868457,0.0007211895910780669
