LIMIT_BAL,SEX,EDUCATION,MARRIAGE,AGE,PAY_0,PAY_2,PAY_3,PAY_4,PAY_5,PAY_6,BILL_AMT1,BILL_AMT2,BILL_AMT3,BILL_AMT4,BILL_AMT5,BILL_AMT6,PAY_AMT1,PAY_AMT2,PAY_AMT3,PAY_AMT4,PAY_AMT5,PAY_AMT6
0.20253164556962022,1.0,0.16666666666666666,0.6666666666666666,0.11111111111111116,0.2,0.2222222222222222,0.2,0.2,0.1,0.2,0.16516104524398917,0.12238846292389235,0.10559736167529658,0.09680995786962958,0.33584964853285754,0.5420171759817483,0.01812274251152307,0.0031358947486802027,0.010513091427099596,0.31048429430615476,0.012884240255004883,0.012391573729863693
