LIMIT_BAL,SEX,EDUCATION,MARRIAGE,AGE,PAY_0,PAY_2,PAY_3,PAY_4,PAY_5,PAY_6,BILL_AMT1,BILL_AMT2,BILL_AMT3,BILL_AMT4,BILL_AMT5,BILL_AMT6,PAY_AMT1,PAY_AMT2,PAY_AMT3,PAY_AMT4,PAY_AMT5,PAY_AMT6
0.05063291139240507,0.0,0.3333333333333333,0.6666666666666666,0.14814814814814814,0.4,0.4444444444444444,0.4,0.2,0.2,0.2,0.09677940906386712,0.10672824576750889,0.15626758924400708,0.1494834085447343,0.2144161985340013,0.4552888970132446,0.00882726133963572,0.0,0.004993718427872308,0.0033321168065672444,0.0,0.002475836431226766
