LIMIT_BAL,SEX,EDUCATION,MARRIAGE,AGE,PAY_0,PAY_2,PAY_3,PAY_4,PAY_5,PAY_6,BILL_AMT1,BILL_AMT2,BILL_AMT3,BILL_AMT4,BILL_AMT5,BILL_AMT6,PAY_AMT1,PAY_AMT2,PAY_AMT3,PAY_AMT4,PAY_AMT5,PAY_AMT6
0.0,0.0,0.3333333333333333,0.3333333333333333,0.2962962962962963,0.30000000000000004,0.0,0.1,0.5,0.4,0.2,0.023613271653870845,0.042562908454690476,0.08477829918509704,0.08333632980349148,0.1407061368679392,0.40693999655496066,0.0,0.004482178045151017,0.0,0.0,0.0077305441530029296,0.004956629491945477
