LIMIT_BAL,SEX,EDUCATION,MARRIAGE,AGE,PAY_0,PAY_2,PAY_3,PAY_4,PAY_5,PAY_6,BILL_AMT1,BILL_AMT2,BILL_AMT3,BILL_AMT4,BILL_AMT5,BILL_AMT6,PAY_AMT1,PAY_AMT2,PAY_AMT3,PAY_AMT4,PAY_AMT5,PAY_AMT6
0.1139240506329114,1.0,0.16666666666666666,0.3333333333333333,0.2962962962962963,0.2,0.2222222222222222,0.2,0.2,0.2,0.2,0.1319630739478571,0.13310219729326406,0.19426613341168197,0.18432186883850823,0.25355960562478147,0.4864758771081824,0.006273334981899553,0.0025923287930227972,0.006907101067604434,0.006599241087274963,0.007465128803749829,0.008921933085501859
