LIMIT_BAL,SEX,EDUCATION,MARRIAGE,AGE,PAY_0,PAY_2,PAY_3,PAY_4,PAY_5,PAY_6,BILL_AMT1,BILL_AMT2,BILL_AMT3,BILL_AMT4,BILL_AMT5,BILL_AMT6,PAY_AMT1,PAY_AMT2,PAY_AMT3,PAY_AMT4,PAY_AMT5,PAY_AMT6
0.0759493670886076,1.0,0.3333333333333333,0.6666666666666666,0.018518518518518545,0.2,0.2222222222222222,0.2,0.2,0.2,0.2,0.12842335929124082,0.12975865795296662,0.1900917570509657,0.18060175113716043,0.21554200449015207,0.4559240029013324,0.005069341127538218,0.0024456393297269457,0.006854535610468936,0.0044419891712453065,0.00461771170739375,0.00444361833952912
