LIMIT_BAL,SEX,EDUCATION,MARRIAGE,AGE,PAY_0,PAY_2,PAY_3,PAY_4,PAY_5,PAY_6,BILL_AMT1,BILL_AMT2,BILL_AMT3,BILL_AMT4,BILL_AMT5,BILL_AMT6,PAY_AMT1,PAY_AMT2,PAY_AMT3,PAY_AMT4,PAY_AMT5,PAY_AMT6
0.05063291139240507,1.0,0.3333333333333333,0.3333333333333333,0.6111111111111112,0.2,0.2222222222222222,0.2,0.2,0.2,0.1,0.041847118860635704,0.05763263520815109,0.08689107172037457,0.07930308097061661,0.13586631503612712,0.4003791886815225,0.002330964532854438,0.0008247207603077871,0.00012090055141164535,8.998965119011313e-05,0.0053624207941330325,0.005625774473358117
