LIMIT_BAL,SEX,EDUCATION,MARRIAGE,AGE,PAY_0,PAY_2,PAY_3,PAY_4,PAY_5,PAY_6,BILL_AMT1,BILL_AMT2,BILL_AMT3,BILL_AMT4,BILL_AMT5,BILL_AMT6,PAY_AMT1,PAY_AMT2,PAY_AMT3,PAY_AMT4,PAY_AMT5,PAY_AMT6
0.012658227848101266,0.0,0.3333333333333333,0.3333333333333333,0.20370370370370372,0.2,0.2222222222222222,0.4,0.2,0.2,0.2,0.05458852190620306,0.06971903463181187,0.10809637543967952,0.1049034237668027,0.1649346575033578,0.4211666028045432,0.006080777042228969,0.0,0.002234031928258664,0.0022997355304140025,0.0019326360382507324,0.0007434944237918215
