LIMIT_BAL,SEX,EDUCATION,MARRIAGE,AGE,PAY_0,PAY_2,PAY_3,PAY_4,PAY_5,PAY_6,BILL_AMT1,BILL_AMT2,BILL_AMT3,BILL_AMT4,BILL_AMT5,BILL_AMT6,PAY_AMT1,PAY_AMT2,PAY_AMT3,PAY_AMT4,PAY_AMT5,PAY_AMT6
0.16455696202531644,0.0,0.5,0.3333333333333333,0.4444444444444444,0.4,0.4444444444444444,0.4,0.4,0.4,0.4,0.2344860820931251,0.21081536561519068,0.30281147301510797,0.2800141433391465,0.35552102430368326,0.5550637976754187,0.0,0.008725578241714898,0.013178160103869343,0.012726036505801832,0.0118741158190125,0.00010408921933085502
