LIMIT_BAL,SEX,EDUCATION,MARRIAGE,AGE,PAY_0,PAY_2,PAY_3,PAY_4,PAY_5,PAY_6,BILL_AMT1,BILL_AMT2,BILL_AMT3,BILL_AMT4,BILL_AMT5,BILL_AMT6,PAY_AMT1,PAY_AMT2,PAY_AMT3,PAY_AMT4,PAY_AMT5,PAY_AMT6
0.1139240506329114,1.0,0.3333333333333333,0.6666666666666666,0.18518518518518523,0.4,0.4444444444444444,0.4,0.4,0.4,0.4,0.08846932064163802,0.09703982915658932,0.1440283639712861,0.1412131509082301,0.20256173959078833,0.4511864879464636,0.00405385136148598,0.0,0.009198954998712146,0.0,0.009018968178503417,0.004956629491945477
