LIMIT_BAL,SEX,EDUCATION,MARRIAGE,AGE,PAY_0,PAY_2,PAY_3,PAY_4,PAY_5,PAY_6,BILL_AMT1,BILL_AMT2,BILL_AMT3,BILL_AMT4,BILL_AMT5,BILL_AMT6,PAY_AMT1,PAY_AMT2,PAY_AMT3,PAY_AMT4,PAY_AMT5,PAY_AMT6
0.10126582278481013,1.0,0.3333333333333333,0.3333333333333333,0.33333333333333337,0.30000000000000004,0.4444444444444444,0.4,0.4,0.2,0.2,0.16668524166597337,0.15547264961663151,0.22707187883249513,0.21038216980397093,0.27540089476246965,0.5039178533889695,0.0,0.005949072678109532,0.0030067441481504845,0.00816156142043665,0.017491644570194628,0.0
