LIMIT_BAL,SEX,EDUCATION,MARRIAGE,AGE,PAY_0,PAY_2,PAY_3,PAY_4,PAY_5,PAY_6,BILL_AMT1,BILL_AMT2,BILL_AMT3,BILL_AMT4,BILL_AMT5,BILL_AMT6,PAY_AMT1,PAY_AMT2,PAY_AMT3,PAY_AMT4,PAY_AMT5,PAY_AMT6
0.1139240506329114,1.0,0.5,0.6666666666666666,0.12962962962962965,0.4,0.2222222222222222,0.2,0.2,0.2,0.2,0.1804155672098415,0.17293907271136727,0.1916317701567578,0.16696331721232388,0.23251896223239643,0.4678375113223443,0.007694209884100389,0.002478236988237135,0.006570682141937247,0.006499252585952615,0.00559433711872312,0.006443618339529121
