LIMIT_BAL,SEX,EDUCATION,MARRIAGE,AGE,PAY_0,PAY_2,PAY_3,PAY_4,PAY_5,PAY_6,BILL_AMT1,BILL_AMT2,BILL_AMT3,BILL_AMT4,BILL_AMT5,BILL_AMT6,PAY_AMT1,PAY_AMT2,PAY_AMT3,PAY_AMT4,PAY_AMT5,PAY_AMT6
0.012658227848101266,0.0,0.3333333333333333,0.6666666666666666,0.09259259259259262,0.2,0.2222222222222222,0.2,0.4,0.2,0.2,0.052222956501537535,0.06489090721967787,0.09944391166630079,0.09421201824251033,0.150516498204266,0.4039531240296179,0.0030667385549641435,0.0040192912943063305,2.365445571097409e-05,0.0007149177844547876,0.0025768480510009765,0.03717472118959108
