LIMIT_BAL,SEX,EDUCATION,MARRIAGE,AGE,PAY_0,PAY_2,PAY_3,PAY_4,PAY_5,PAY_6,BILL_AMT1,BILL_AMT2,BILL_AMT3,BILL_AMT4,BILL_AMT5,BILL_AMT6,PAY_AMT1,PAY_AMT2,PAY_AMT3,PAY_AMT4,PAY_AMT5,PAY_AMT6
0.2531645569620253,1.0,0.3333333333333333,0.6666666666666666,0.20370370370370372,0.2,0.2222222222222222,0.2,0.2,0.2,0.2,0.09663656470300146,0.10785262182884783,0.1653013424358617,0.16286864074120685,0.2335990170031013,0.4747814919363816,0.010134628403714948,0.0040747073137736515,0.013141364283874494,0.011248706398764142,0.012884240255004883,0.012391573729863693
