LIMIT_BAL,SEX,EDUCATION,MARRIAGE,AGE,PAY_0,PAY_2,PAY_3,PAY_4,PAY_5,PAY_6,BILL_AMT1,BILL_AMT2,BILL_AMT3,BILL_AMT4,BILL_AMT5,BILL_AMT6,PAY_AMT1,PAY_AMT2,PAY_AMT3,PAY_AMT4,PAY_AMT5,PAY_AMT6
0.22784810126582275,0.0,0.16666666666666666,0.3333333333333333,0.2777777777777778,0.1,0.1111111111111111,0.1,0.1,0.1,0.1,0.02682177575946893,0.044560798641486134,0.07886913850049271,0.07765202591347392,0.1334594758874913,0.39819967401022494,0.002610680276796971,0.0013487281208590788,0.003188094975267952,0.0008599011113721921,0.0005694834192712158,0.06978934324659232
