LIMIT_BAL,SEX,EDUCATION,MARRIAGE,AGE,PAY_0,PAY_2,PAY_3,PAY_4,PAY_5,PAY_6,BILL_AMT1,BILL_AMT2,BILL_AMT3,BILL_AMT4,BILL_AMT5,BILL_AMT6,PAY_AMT1,PAY_AMT2,PAY_AMT3,PAY_AMT4,PAY_AMT5,PAY_AMT6
0.1139240506329114,1.0,0.5,0.3333333333333333,0.8333333333333333,0.2,0.2222222222222222,0.2,0.2,0.2,0.2,0.1810575819746114,0.171603715329594,0.24186128657943778,0.22137472057915775,0.2916262258866743,0.512226960127771,0.009530604550853538,0.00376258473353859,0.009461782284389635,0.009661388940271869,0.00992086499635376,0.009182156133828997
