LIMIT_BAL,SEX,EDUCATION,MARRIAGE,AGE,PAY_0,PAY_2,PAY_3,PAY_4,PAY_5,PAY_6,BILL_AMT1,BILL_AMT2,BILL_AMT3,BILL_AMT4,BILL_AMT5,BILL_AMT6,PAY_AMT1,PAY_AMT2,PAY_AMT3,PAY_AMT4,PAY_AMT5,PAY_AMT6
0.620253164556962,1.0,0.16666666666666666,0.3333333333333333,0.42592592592592593,0.0,0.0,0.0,0.0,0.0,0.0,0.02736960742916254,0.04372073277414707,0.09802109141207482,0.08266961519330229,0.1343565259164126,0.400319427795374,0.0012870978072717985,0.01086887428875984,0.011990180772607089,0.0022322432920214175,0.005231001543531982,0.0
