LIMIT_BAL,SEX,EDUCATION,MARRIAGE,AGE,PAY_0,PAY_2,PAY_3,PAY_4,PAY_5,PAY_6,BILL_AMT1,BILL_AMT2,BILL_AMT3,BILL_AMT4,BILL_AMT5,BILL_AMT6,PAY_AMT1,PAY_AMT2,PAY_AMT3,PAY_AMT4,PAY_AMT5,PAY_AMT6
0.1139240506329114,1.0,0.16666666666666666,0.6666666666666666,0.14814814814814814,0.30000000000000004,0.4444444444444444,0.2,0.1,0.2,0.2,0.029975339726272532,0.04452863685483456,0.08008893451890685,0.08008815615205288,0.18671058780469474,0.4343315744884292,0.0,0.0016298829255094608,0.007884818570324697,0.07749108852481965,0.005153696102001953,0.012391573729863693
