LIMIT_BAL,SEX,EDUCATION,MARRIAGE,AGE,PAY_0,PAY_2,PAY_3,PAY_4,PAY_5,PAY_6,BILL_AMT1,BILL_AMT2,BILL_AMT3,BILL_AMT4,BILL_AMT5,BILL_AMT6,PAY_AMT1,PAY_AMT2,PAY_AMT3,PAY_AMT4,PAY_AMT5,PAY_AMT6
0.27848101265822783,0.0,0.5,0.3333333333333333,0.6851851851851851,0.0,0.0,0.0,0.0,0.0,0.0,0.0240119800896937,0.04288967220707045,0.07970764510043098,0.07577473735939064,0.13283203105851904,0.4074122247337418,0.0,0.0017716827400287838,0.0,0.0,0.020931736718280934,0.010242874845105329
