LIMIT_BAL,SEX,EDUCATION,MARRIAGE,AGE,PAY_0,PAY_2,PAY_3,PAY_4,PAY_5,PAY_6,BILL_AMT1,BILL_AMT2,BILL_AMT3,BILL_AMT4,BILL_AMT5,BILL_AMT6,PAY_AMT1,PAY_AMT2,PAY_AMT3,PAY_AMT4,PAY_AMT5,PAY_AMT6
0.025316455696202535,1.0,0.5,0.3333333333333333,0.3148148148148149,0.4,0.4444444444444444,0.2,0.2,0.4,0.4,0.032953095248933764,0.04991251994030773,0.08826437386830495,0.08785650503706634,0.14556229840883914,0.40919802062570815,0.0,0.0016298829255094608,0.002102618285419919,0.0,0.005153696102001953,0.0
