LIMIT_BAL,SEX,EDUCATION,MARRIAGE,AGE,PAY_0,PAY_2,PAY_3,PAY_4,PAY_5,PAY_6,BILL_AMT1,BILL_AMT2,BILL_AMT3,BILL_AMT4,BILL_AMT5,BILL_AMT6,PAY_AMT1,PAY_AMT2,PAY_AMT3,PAY_AMT4,PAY_AMT5,PAY_AMT6
0.4683544303797468,1.0,0.16666666666666666,0.6666666666666666,0.20370370370370372,0.1,0.2222222222222222,0.2,0.2,0.2,0.2,0.16813880076665041,0.17192533319610973,0.2548069701686422,0.23915127979240455,0.32439061054956975,0.5400146004047335,0.020269256807429897,0.008149414627547303,0.02628272856774899,0.02499962504312004,0.015461088306005859,0.09417596034696407
