LIMIT_BAL,SEX,EDUCATION,MARRIAGE,AGE,PAY_0,PAY_2,PAY_3,PAY_4,PAY_5,PAY_6,BILL_AMT1,BILL_AMT2,BILL_AMT3,BILL_AMT4,BILL_AMT5,BILL_AMT6,PAY_AMT1,PAY_AMT2,PAY_AMT3,PAY_AMT4,PAY_AMT5,PAY_AMT6
0.05063291139240507,0.0,0.3333333333333333,0.3333333333333333,0.2962962962962963,0.2,0.2222222222222222,0.2,0.2,0.2,0.2,0.0672216143924327,0.08004554108989864,0.12483019416049479,0.11915463583898167,0.18114691686029222,0.4322961890131368,0.00405385136148598,0.001169440999053038,0.0030198855124343588,0.0029921559020712617,0.0026000396834599854,0.0024535315985130114
