LIMIT_BAL,SEX,EDUCATION,MARRIAGE,AGE,PAY_0,PAY_2,PAY_3,PAY_4,PAY_5,PAY_6,BILL_AMT1,BILL_AMT2,BILL_AMT3,BILL_AMT4,BILL_AMT5,BILL_AMT6,PAY_AMT1,PAY_AMT2,PAY_AMT3,PAY_AMT4,PAY_AMT5,PAY_AMT6
0.15189873417721517,1.0,0.5,0.3333333333333333,0.5185185185185185,0.2,0.2222222222222222,0.2,0.2,0.2,0.2,0.06380433775941556,0.0767920547522256,0.12132431223476865,0.11840701653452233,0.18024986683137095,0.4327871657052194,0.0028924229464202464,0.001190629477084661,0.003942409285162349,0.00259220189678187,0.003156638862476196,0.0026765799256505576
