LIMIT_BAL,SEX,EDUCATION,MARRIAGE,AGE,PAY_0,PAY_2,PAY_3,PAY_4,PAY_5,PAY_6,BILL_AMT1,BILL_AMT2,BILL_AMT3,BILL_AMT4,BILL_AMT5,BILL_AMT6,PAY_AMT1,PAY_AMT2,PAY_AMT3,PAY_AMT4,PAY_AMT5,PAY_AMT6
0.025316455696202535,1.0,0.5,0.3333333333333333,0.5740740740740741,0.30000000000000004,0.0,0.0,0.0,0.1,0.2,0.023731000522716178,0.04192610507898935,0.07488293094369956,0.0746960081024553,0.13413920778554458,0.3988312645520687,0.0,0.0,0.0,0.003799563050249221,0.0,0.0
