LIMIT_BAL,SEX,EDUCATION,MARRIAGE,AGE,PAY_0,PAY_2,PAY_3,PAY_4,PAY_5,PAY_6,BILL_AMT1,BILL_AMT2,BILL_AMT3,BILL_AMT4,BILL_AMT5,BILL_AMT6,PAY_AMT1,PAY_AMT2,PAY_AMT3,PAY_AMT4,PAY_AMT5,PAY_AMT6
0.2151898734177215,1.0,0.3333333333333333,0.3333333333333333,0.5555555555555556,0.4,0.4444444444444444,0.2,0.2,0.2,0.2,0.04773199258465098,0.06172104152729893,0.10193962422359737,0.0994873039559399,0.15923209903170885,0.4180508342502528,0.0,0.0012183374868183219,0.0017083773569036842,0.0016773071096823865,0.003610164119452368,0.0017496902106567535
