LIMIT_BAL,SEX,EDUCATION,MARRIAGE,AGE,PAY_0,PAY_2,PAY_3,PAY_4,PAY_5,PAY_6,BILL_AMT1,BILL_AMT2,BILL_AMT3,BILL_AMT4,BILL_AMT5,BILL_AMT6,PAY_AMT1,PAY_AMT2,PAY_AMT3,PAY_AMT4,PAY_AMT5,PAY_AMT6
0.5822784810126582,0.0,0.3333333333333333,0.3333333333333333,0.4444444444444444,0.2,0.2222222222222222,0.2,0.2,0.2,0.2,0.4843663910764657,0.401963155457212,0.4404718085167842,0.37312196232837713,0.4316297552638373,0.5509590450444749,0.036484662253373816,0.00816408357387689,0.02628272856774899,0.02499712533058698,0.01229414205132566,0.014869888475836432
