LIMIT_BAL,SEX,EDUCATION,MARRIAGE,AGE,PAY_0,PAY_2,PAY_3,PAY_4,PAY_5,PAY_6,BILL_AMT1,BILL_AMT2,BILL_AMT3,BILL_AMT4,BILL_AMT5,BILL_AMT6,PAY_AMT1,PAY_AMT2,PAY_AMT3,PAY_AMT4,PAY_AMT5,PAY_AMT6
0.430379746835443,1.0,0.3333333333333333,0.3333333333333333,0.2222222222222222,0.0,0.0,0.1,0.2,0.2,0.2,0.012353682637503393,0.2288787114701796,0.31949742423317085,0.27816082654632845,0.3583526958886024,0.5607106155254095,0.30809270347293444,0.004889648776528382,0.013141364283874494,0.009998850132234793,0.010351198620870923,0.012391573729863693
