LIMIT_BAL,SEX,EDUCATION,MARRIAGE,AGE,PAY_0,PAY_2,PAY_3,PAY_4,PAY_5,PAY_6,BILL_AMT1,BILL_AMT2,BILL_AMT3,BILL_AMT4,BILL_AMT5,BILL_AMT6,PAY_AMT1,PAY_AMT2,PAY_AMT3,PAY_AMT4,PAY_AMT5,PAY_AMT6
0.2151898734177215,0.0,0.16666666666666666,0.6666666666666666,0.16666666666666674,0.30000000000000004,0.0,0.0,0.0,0.1,0.1,0.023710594185449654,0.04200586630988525,0.07581882315268579,0.07480388102814883,0.13423234412734517,0.3992964620383618,0.0,0.0008149414627547304,0.0,0.004999425066117396,0.0025768480510009765,0.004956629491945477
