LIMIT_BAL,SEX,EDUCATION,MARRIAGE,AGE,PAY_0,PAY_2,PAY_3,PAY_4,PAY_5,PAY_6,BILL_AMT1,BILL_AMT2,BILL_AMT3,BILL_AMT4,BILL_AMT5,BILL_AMT6,PAY_AMT1,PAY_AMT2,PAY_AMT3,PAY_AMT4,PAY_AMT5,PAY_AMT6
0.34177215189873417,0.0,0.3333333333333333,0.3333333333333333,0.33333333333333337,0.0,0.0,0.0,0.0,0.0,0.0,0.026423067323646077,0.052412133998867905,0.08477664858155386,0.08080281428477254,0.13775028349395269,0.40260205928982973,0.015060057807920415,0.004265403616058258,0.008715352793065565,0.007424146223184333,0.010250701546881884,0.008074349442379182
