LIMIT_BAL,SEX,EDUCATION,MARRIAGE,AGE,PAY_0,PAY_2,PAY_3,PAY_4,PAY_5,PAY_6,BILL_AMT1,BILL_AMT2,BILL_AMT3,BILL_AMT4,BILL_AMT5,BILL_AMT6,PAY_AMT1,PAY_AMT2,PAY_AMT3,PAY_AMT4,PAY_AMT5,PAY_AMT6
0.08860759493670886,1.0,0.5,0.3333333333333333,0.12962962962962965,0.2,0.2222222222222222,0.2,0.2,0.2,0.2,0.12433424324667965,0.12696572840014408,0.18535947669265268,0.16375559590802036,0.20384604072509094,0.44981198756504853,0.006080777042228969,0.002012905413004184,0.005855791924894474,0.0037895642001169864,0.005153696102001953,0.0038562577447335813
