LIMIT_BAL,SEX,EDUCATION,MARRIAGE,AGE,PAY_0,PAY_2,PAY_3,PAY_4,PAY_5,PAY_6,BILL_AMT1,BILL_AMT2,BILL_AMT3,BILL_AMT4,BILL_AMT5,BILL_AMT6,PAY_AMT1,PAY_AMT2,PAY_AMT3,PAY_AMT4,PAY_AMT5,PAY_AMT6
0.012658227848101266,1.0,0.3333333333333333,0.6666666666666666,0.03703703703703709,0.2,0.2222222222222222,0.2,0.2,0.2,0.2,0.05030633051673555,0.0653540369474605,0.10608098851344995,0.10316097636983633,0.1628023254673974,0.41942767819583054,0.0032430810891887836,0.0013039063404075685,0.002628272856774899,0.001657309409417917,0.0016852586253546388,0.0016133828996282528
