LIMIT_BAL,SEX,EDUCATION,MARRIAGE,AGE,PAY_0,PAY_2,PAY_3,PAY_4,PAY_5,PAY_6,BILL_AMT1,BILL_AMT2,BILL_AMT3,BILL_AMT4,BILL_AMT5,BILL_AMT6,PAY_AMT1,PAY_AMT2,PAY_AMT3,PAY_AMT4,PAY_AMT5,PAY_AMT6
0.15189873417721517,0.0,0.3333333333333333,0.3333333333333333,0.18518518518518523,0.4,0.4444444444444444,0.2,0.2,0.2,0.2,0.23065910899652622,0.20570421448052284,0.28699869107139026,0.2260941610782498,0.2857586363532384,0.5098705063621908,0.0,0.004156201460049125,0.010775918712777086,0.008479024912135103,0.009073081987574439,0.009229244114002479
