LIMIT_BAL,SEX,EDUCATION,MARRIAGE,AGE,PAY_0,PAY_2,PAY_3,PAY_4,PAY_5,PAY_6,BILL_AMT1,BILL_AMT2,BILL_AMT3,BILL_AMT4,BILL_AMT5,BILL_AMT6,PAY_AMT1,PAY_AMT2,PAY_AMT3,PAY_AMT4,PAY_AMT5,PAY_AMT6
0.30379746835443033,0.0,0.16666666666666666,0.3333333333333333,0.2592592592592593,0.2,0.2222222222222222,0.2,0.2,0.1,0.2,0.13511349847815815,0.14441414089435498,0.2149168343404766,0.181470727483025,0.13753950124671982,0.4127121950876551,0.020269256807429897,0.008149414627547303,0.02628272856774899,0.0074991375991760945,0.025768480510009767,0.012391573729863693
