LIMIT_BAL,SEX,EDUCATION,MARRIAGE,AGE,PAY_0,PAY_2,PAY_3,PAY_4,PAY_5,PAY_6,BILL_AMT1,BILL_AMT2,BILL_AMT3,BILL_AMT4,BILL_AMT5,BILL_AMT6,PAY_AMT1,PAY_AMT2,PAY_AMT3,PAY_AMT4,PAY_AMT5,PAY_AMT6
0.1139240506329114,0.0,0.3333333333333333,0.6666666666666666,0.09259259259259262,0.4,0.4444444444444444,0.4,0.4,0.0,0.0,0.16419880795596,0.17380872742242578,0.22582072134676046,0.1102940735813212,0.17374666261441882,0.3979407101702482,0.028381013381763343,0.000456367219142649,0.0,0.004999425066117396,0.0,0.13265923172242874
