LIMIT_BAL,SEX,EDUCATION,MARRIAGE,AGE,PAY_0,PAY_2,PAY_3,PAY_4,PAY_5,PAY_6,BILL_AMT1,BILL_AMT2,BILL_AMT3,BILL_AMT4,BILL_AMT5,BILL_AMT6,PAY_AMT1,PAY_AMT2,PAY_AMT3,PAY_AMT4,PAY_AMT5,PAY_AMT6
0.12658227848101264,0.0,0.16666666666666666,0.3333333333333333,0.37037037037037035,0.2,0.2222222222222222,0.2,0.2,0.2,0.2,0.151112066895113,0.14676452426285186,0.20980986697786047,0.19675122705452974,0.2645627657245191,0.48933151004041475,0.007065862923070062,0.0024105968468284924,0.007367048817540042,0.007349154847192572,0.007269288351873755,0.006954151177199505
