LIMIT_BAL,SEX,EDUCATION,MARRIAGE,AGE,PAY_0,PAY_2,PAY_3,PAY_4,PAY_5,PAY_6,BILL_AMT1,BILL_AMT2,BILL_AMT3,BILL_AMT4,BILL_AMT5,BILL_AMT6,PAY_AMT1,PAY_AMT2,PAY_AMT3,PAY_AMT4,PAY_AMT5,PAY_AMT6
0.27848101265822783,1.0,0.8333333333333333,0.6666666666666666,0.5740740740740741,0.2,0.2222222222222222,0.2,0.2,0.2,0.2,0.2675412090283915,0.24447717799619206,0.329727864993835,0.18745767485901607,0.20847508030967016,0.5642353360260886,0.013460813445814195,0.004901872898469703,0.0069990906175915555,0.012536058353289371,0.2579296056649428,0.012458488228004957
