LIMIT_BAL,SEX,EDUCATION,MARRIAGE,AGE,PAY_0,PAY_2,PAY_3,PAY_4,PAY_5,PAY_6,BILL_AMT1,BILL_AMT2,BILL_AMT3,BILL_AMT4,BILL_AMT5,BILL_AMT6,PAY_AMT1,PAY_AMT2,PAY_AMT3,PAY_AMT4,PAY_AMT5,PAY_AMT6
0.16455696202531644,1.0,0.3333333333333333,0.3333333333333333,0.16666666666666674,0.2,0.2222222222222222,0.2,0.2,0.2,0.2,0.057924173190154096,0.06559203416868215,0.10551813270522367,0.09811192415334735,0.15396744476361343,0.41297818962011995,0.00405385136148598,0.0016298829255094608,0.005256545713549798,0.002499712533058698,0.0025768480510009765,0.001486988847583643
