LIMIT_BAL,SEX,EDUCATION,MARRIAGE,AGE,PAY_0,PAY_2,PAY_3,PAY_4,PAY_5,PAY_6,BILL_AMT1,BILL_AMT2,BILL_AMT3,BILL_AMT4,BILL_AMT5,BILL_AMT6,PAY_AMT1,PAY_AMT2,PAY_AMT3,PAY_AMT4,PAY_AMT5,PAY_AMT6
0.2911392405063291,1.0,0.16666666666666666,0.6666666666666666,0.11111111111111116,0.0,0.0,0.0,0.0,0.0,0.0,0.029198329191893347,0.054547676632532294,0.08076568197161292,0.08176468120553987,0.15276157423293235,0.4024801939533701,0.018402458255465604,0.002285095861564264,0.01040270396711505,0.030389005264394593,0.009982709349577783,0.002322180916976456
