LIMIT_BAL,SEX,EDUCATION,MARRIAGE,AGE,PAY_0,PAY_2,PAY_3,PAY_4,PAY_5,PAY_6,BILL_AMT1,BILL_AMT2,BILL_AMT3,BILL_AMT4,BILL_AMT5,BILL_AMT6,PAY_AMT1,PAY_AMT2,PAY_AMT3,PAY_AMT4,PAY_AMT5,PAY_AMT6
0.05063291139240507,1.0,0.3333333333333333,0.3333333333333333,0.09259259259259262,0.2,0.2222222222222222,0.2,0.2,0.1,0.2,0.10211331168168625,0.09546776102506047,0.11031478660172092,0.0740877246603501,0.16416015529259517,0.4203533860400913,0.0030403885211144847,0.0009828194040822048,0.0,0.05171655259645141,0.0017960630915476808,0.0015885997521685254
