LIMIT_BAL,SEX,EDUCATION,MARRIAGE,AGE,PAY_0,PAY_2,PAY_3,PAY_4,PAY_5,PAY_6,BILL_AMT1,BILL_AMT2,BILL_AMT3,BILL_AMT4,BILL_AMT5,BILL_AMT6,PAY_AMT1,PAY_AMT2,PAY_AMT3,PAY_AMT4,PAY_AMT5,PAY_AMT6
0.025316455696202535,0.0,0.3333333333333333,0.6666666666666666,0.05555555555555558,0.2,0.2222222222222222,0.2,0.2,0.2,0.2,0.06630332921543912,0.07865615190655072,0.12366156685191941,0.11946477050035059,0.18088384754397835,0.4133777673098578,0.0032390272378272976,0.0013030913989448137,0.0024390372110871064,0.001499827519835219,0.0016156837279776124,0.003717472118959108
