LIMIT_BAL,SEX,EDUCATION,MARRIAGE,AGE,PAY_0,PAY_2,PAY_3,PAY_4,PAY_5,PAY_6,BILL_AMT1,BILL_AMT2,BILL_AMT3,BILL_AMT4,BILL_AMT5,BILL_AMT6,PAY_AMT1,PAY_AMT2,PAY_AMT3,PAY_AMT4,PAY_AMT5,PAY_AMT6
0.18987341772151897,0.0,0.6666666666666666,0.3333333333333333,0.4444444444444444,0.30000000000000004,0.1111111111111111,0.1,0.0,0.1,0.2,0.024029246990457682,0.05631786136983482,0.0761373896365206,0.07583466676255371,0.13586631503612712,0.400069838212048,0.021134754073107154,0.0,0.0,0.004541977672567654,0.0,0.011648079306071871
