LIMIT_BAL,SEX,EDUCATION,MARRIAGE,AGE,PAY_0,PAY_2,PAY_3,PAY_4,PAY_5,PAY_6,BILL_AMT1,BILL_AMT2,BILL_AMT3,BILL_AMT4,BILL_AMT5,BILL_AMT6,PAY_AMT1,PAY_AMT2,PAY_AMT3,PAY_AMT4,PAY_AMT5,PAY_AMT6
0.4683544303797468,0.0,0.3333333333333333,0.3333333333333333,0.537037037037037,0.2,0.2222222222222222,0.2,0.2,0.2,0.2,0.6294099272121647,0.4221890598466526,0.4393064824152952,0.306986869467767,0.19052754384760934,0.7872887423380098,0.024363646682530736,0.007341807637957365,0.016056118882037857,0.0074991375991760945,0.8555135529323242,0.029739776951672865
