LIMIT_BAL,SEX,EDUCATION,MARRIAGE,AGE,PAY_0,PAY_2,PAY_3,PAY_4,PAY_5,PAY_6,BILL_AMT1,BILL_AMT2,BILL_AMT3,BILL_AMT4,BILL_AMT5,BILL_AMT6,PAY_AMT1,PAY_AMT2,PAY_AMT3,PAY_AMT4,PAY_AMT5,PAY_AMT6
0.05063291139240507,0.0,0.3333333333333333,0.3333333333333333,0.6666666666666667,0.1,0.2222222222222222,0.1,0.2,0.2,0.2,0.037555509161660575,0.05019811660577369,0.13528676760657535,0.1072077093184229,0.16418139691440936,0.42035807316841667,0.00405385136148598,0.029892867795306265,0.02628272856774899,0.022497412797528284,0.0017754483071396729,0.0016827757125154896
