LIMIT_BAL,SEX,EDUCATION,MARRIAGE,AGE,PAY_0,PAY_2,PAY_3,PAY_4,PAY_5,PAY_6,BILL_AMT1,BILL_AMT2,BILL_AMT3,BILL_AMT4,BILL_AMT5,BILL_AMT6,PAY_AMT1,PAY_AMT2,PAY_AMT3,PAY_AMT4,PAY_AMT5,PAY_AMT6
0.06329113924050633,1.0,0.3333333333333333,0.3333333333333333,0.2222222222222222,0.2,0.2222222222222222,0.2,0.2,0.2,0.2,0.11199311835518642,0.11322235372819431,0.15851406066628265,0.14184240964144237,0.1778479295954615,0.4308513817068412,0.0038734549758998532,0.0015312750085161384,0.003942409285162349,0.002499712533058698,0.002625808163969995,0.003717472118959108
