LIMIT_BAL,SEX,EDUCATION,MARRIAGE,AGE,PAY_0,PAY_2,PAY_3,PAY_4,PAY_5,PAY_6,BILL_AMT1,BILL_AMT2,BILL_AMT3,BILL_AMT4,BILL_AMT5,BILL_AMT6,PAY_AMT1,PAY_AMT2,PAY_AMT3,PAY_AMT4,PAY_AMT5,PAY_AMT6
0.12658227848101264,1.0,0.3333333333333333,0.6666666666666666,0.18518518518518523,0.4,0.2222222222222222,0.2,0.2,0.2,0.4,0.026339872256328712,0.04648664642618227,0.08520910670986848,0.08706543691531377,0.1480900514047248,0.401854462321933,0.0030403885211144847,0.002444824388264191,0.005256545713549798,0.004999425066117396,0.0,0.23213135068153656
