LIMIT_BAL,SEX,EDUCATION,MARRIAGE,AGE,PAY_0,PAY_2,PAY_3,PAY_4,PAY_5,PAY_6,BILL_AMT1,BILL_AMT2,BILL_AMT3,BILL_AMT4,BILL_AMT5,BILL_AMT6,PAY_AMT1,PAY_AMT2,PAY_AMT3,PAY_AMT4,PAY_AMT5,PAY_AMT6
0.1772151898734177,0.0,0.3333333333333333,0.6666666666666666,0.5185185185185185,0.2,0.2222222222222222,0.2,0.2,0.2,0.2,0.159079956738565,0.1540729686615551,0.22114621211245894,0.20871613239603748,0.28029953954699793,0.5052091572426092,0.0062632003534958385,0.0026224816271447223,0.008399960050252576,0.008399034111077225,0.008529367048813232,0.008855018587360595
