LIMIT_BAL,SEX,EDUCATION,MARRIAGE,AGE,PAY_0,PAY_2,PAY_3,PAY_4,PAY_5,PAY_6,BILL_AMT1,BILL_AMT2,BILL_AMT3,BILL_AMT4,BILL_AMT5,BILL_AMT6,PAY_AMT1,PAY_AMT2,PAY_AMT3,PAY_AMT4,PAY_AMT5,PAY_AMT6
0.37974683544303794,0.0,0.16666666666666666,0.3333333333333333,0.40740740740740744,0.1,0.4444444444444444,0.1,0.1,0.1,0.1,0.027846801777548946,0.04323959244583955,0.08066829636256498,0.07489677160305161,0.13307712669483635,0.3977602557297214,0.0,0.0032597658510189215,0.0,0.002499712533058698,0.0,0.0
