LIMIT_BAL,SEX,EDUCATION,MARRIAGE,AGE,PAY_0,PAY_2,PAY_3,PAY_4,PAY_5,PAY_6,BILL_AMT1,BILL_AMT2,BILL_AMT3,BILL_AMT4,BILL_AMT5,BILL_AMT6,PAY_AMT1,PAY_AMT2,PAY_AMT3,PAY_AMT4,PAY_AMT5,PAY_AMT6
0.0759493670886076,0.0,0.3333333333333333,0.3333333333333333,0.09259259259259262,0.2,0.2222222222222222,0.2,0.2,0.2,0.2,0.12557589038343508,0.1268576647969948,0.18618807967133183,0.1691417510173016,0.23790943226046804,0.4744158959270026,0.005067314201857474,0.0020373536568868257,0.006570682141937247,0.0074991375991760945,0.0077305441530029296,0.006195786864931847
