LIMIT_BAL,SEX,EDUCATION,MARRIAGE,AGE,PAY_0,PAY_2,PAY_3,PAY_4,PAY_5,PAY_6,BILL_AMT1,BILL_AMT2,BILL_AMT3,BILL_AMT4,BILL_AMT5,BILL_AMT6,PAY_AMT1,PAY_AMT2,PAY_AMT3,PAY_AMT4,PAY_AMT5,PAY_AMT6
0.012658227848101266,1.0,0.16666666666666666,0.6666666666666666,0.018518518518518545,0.30000000000000004,0.4444444444444444,0.4,0.2,0.2,0.4,0.041432713242300134,0.05797097720372563,0.09456472759264425,0.09290705548863439,0.1523857609239125,0.4087047003694628,0.002229618248817289,0.0,0.0007595708556079458,0.0014848292446368668,0.0,0.00012391573729863693
