LIMIT_BAL,SEX,EDUCATION,MARRIAGE,AGE,PAY_0,PAY_2,PAY_3,PAY_4,PAY_5,PAY_6,BILL_AMT1,BILL_AMT2,BILL_AMT3,BILL_AMT4,BILL_AMT5,BILL_AMT6,PAY_AMT1,PAY_AMT2,PAY_AMT3,PAY_AMT4,PAY_AMT5,PAY_AMT6
0.025316455696202535,1.0,0.3333333333333333,0.6666666666666666,0.07407407407407407,0.2,0.2222222222222222,0.2,0.2,0.2,0.2,0.07194175717400483,0.08221067256728246,0.12663430383319663,0.1217091266488077,0.18052110600222876,0.4328867671821336,0.00405385136148598,0.0016298829255094608,0.004468063856517328,0.002999655039670438,0.0033499024663012694,0.0032218091697645604
