LIMIT_BAL,SEX,EDUCATION,MARRIAGE,AGE,PAY_0,PAY_2,PAY_3,PAY_4,PAY_5,PAY_6,BILL_AMT1,BILL_AMT2,BILL_AMT3,BILL_AMT4,BILL_AMT5,BILL_AMT6,PAY_AMT1,PAY_AMT2,PAY_AMT3,PAY_AMT4,PAY_AMT5,PAY_AMT6
0.27848101265822783,1.0,0.8333333333333333,0.3333333333333333,0.33333333333333337,0.1,0.1111111111111111,0.2,0.2,0.0,0.0,0.03576916979171409,0.08314465085164412,0.2742098148187885,0.07583466676255371,0.13289738989487032,0.3979407101702482,0.06340223529364072,0.07334473164792574,0.0,0.0,0.0,0.0
