LIMIT_BAL,SEX,EDUCATION,MARRIAGE,AGE,PAY_0,PAY_2,PAY_3,PAY_4,PAY_5,PAY_6,BILL_AMT1,BILL_AMT2,BILL_AMT3,BILL_AMT4,BILL_AMT5,BILL_AMT6,PAY_AMT1,PAY_AMT2,PAY_AMT3,PAY_AMT4,PAY_AMT5,PAY_AMT6
0.30379746835443033,1.0,0.3333333333333333,0.3333333333333333,0.35185185185185186,0.1,0.1111111111111111,0.1,0.1,0.1,0.1,0.03163139248136352,0.04668862244635414,0.07787712577103818,0.07839365227761697,0.13782217821393908,0.40149941235128617,0.005963215352745876,0.00086139312613175,0.004489090039371527,0.0075341335746389165,0.007825887530889966,0.012327137546468402
