LIMIT_BAL,SEX,EDUCATION,MARRIAGE,AGE,PAY_0,PAY_2,PAY_3,PAY_4,PAY_5,PAY_6,BILL_AMT1,BILL_AMT2,BILL_AMT3,BILL_AMT4,BILL_AMT5,BILL_AMT6,PAY_AMT1,PAY_AMT2,PAY_AMT3,PAY_AMT4,PAY_AMT5,PAY_AMT6
0.08860759493670886,0.0,0.16666666666666666,0.6666666666666666,0.09259259259259262,0.1,0.1111111111111111,0.1,0.1,0.1,0.1,0.03566399866887892,0.044119538928626564,0.07794645111985198,0.07607738084536415,0.14368159789283114,0.4000264822750383,0.0019154447683021253,0.0008931758431791845,0.0004284084756543085,0.016498102718187406,0.004586789530781738,0.0
