LIMIT_BAL,SEX,EDUCATION,MARRIAGE,AGE,PAY_0,PAY_2,PAY_3,PAY_4,PAY_5,PAY_6,BILL_AMT1,BILL_AMT2,BILL_AMT3,BILL_AMT4,BILL_AMT5,BILL_AMT6,PAY_AMT1,PAY_AMT2,PAY_AMT3,PAY_AMT4,PAY_AMT5,PAY_AMT6
0.24050632911392406,1.0,0.3333333333333333,0.6666666666666666,0.11111111111111116,0.1,0.1111111111111111,0.1,0.1,0.1,0.1,0.03402678253280318,0.05040395204034375,0.08811086773878869,0.08656802286906025,0.14037444077345648,0.4047276719853855,0.01181697671873163,0.005911585370822814,0.018828946745935375,0.011686156092049415,0.014925103911397656,0.01287732342007435
