LIMIT_BAL,SEX,EDUCATION,MARRIAGE,AGE,PAY_0,PAY_2,PAY_3,PAY_4,PAY_5,PAY_6,BILL_AMT1,BILL_AMT2,BILL_AMT3,BILL_AMT4,BILL_AMT5,BILL_AMT6,PAY_AMT1,PAY_AMT2,PAY_AMT3,PAY_AMT4,PAY_AMT5,PAY_AMT6
0.1772151898734177,0.0,0.16666666666666666,0.6666666666666666,0.16666666666666674,0.2,0.2222222222222222,0.2,0.1,0.2,0.1,0.027771455301487936,0.04827612823547574,0.08583798665982217,0.07824682523986744,0.134825475567233,0.40143262077264963,0.00405385136148598,0.0016298829255094608,0.005256545713549798,0.002499712533058698,0.0077305441530029296,0.0
