LIMIT_BAL,SEX,EDUCATION,MARRIAGE,AGE,PAY_0,PAY_2,PAY_3,PAY_4,PAY_5,PAY_6,BILL_AMT1,BILL_AMT2,BILL_AMT3,BILL_AMT4,BILL_AMT5,BILL_AMT6,PAY_AMT1,PAY_AMT2,PAY_AMT3,PAY_AMT4,PAY_AMT5,PAY_AMT6
0.27848101265822783,1.0,0.3333333333333333,0.6666666666666666,0.07407407407407407,0.2,0.2222222222222222,0.2,0.2,0.2,0.2,0.3183074669927495,0.2849405650182679,0.3703096037065953,0.3104987324931231,0.3422254030189247,0.5403321533487774,0.018647716262835505,0.005465812390695977,0.007884818570324697,0.006811716652584952,0.00913234949274746,0.005990086741016109
