LIMIT_BAL,SEX,EDUCATION,MARRIAGE,AGE,PAY_0,PAY_2,PAY_3,PAY_4,PAY_5,PAY_6,BILL_AMT1,BILL_AMT2,BILL_AMT3,BILL_AMT4,BILL_AMT5,BILL_AMT6,PAY_AMT1,PAY_AMT2,PAY_AMT3,PAY_AMT4,PAY_AMT5,PAY_AMT6
0.012658227848101266,0.0,0.5,0.3333333333333333,0.5740740740740741,0.4,0.2222222222222222,0.2,0.2,0.2,0.2,0.04959995730366357,0.06516106622755108,0.10751866419956457,0.10573794070584851,0.1655147171759754,0.4213622904121274,0.002612707202477714,0.0016298829255094608,0.0034167547138073684,0.0016448108467526233,0.001752256674680664,0.0024783147459727386
