LIMIT_BAL,SEX,EDUCATION,MARRIAGE,AGE,PAY_0,PAY_2,PAY_3,PAY_4,PAY_5,PAY_6,BILL_AMT1,BILL_AMT2,BILL_AMT3,BILL_AMT4,BILL_AMT5,BILL_AMT6,PAY_AMT1,PAY_AMT2,PAY_AMT3,PAY_AMT4,PAY_AMT5,PAY_AMT6
0.05063291139240507,1.0,0.16666666666666666,0.6666666666666666,0.14814814814814814,0.1,0.1111111111111111,0.0,0.1,0.1,0.1,0.02789546304333835,0.04290382339319714,0.0761373896365206,0.0766377207649389,0.13343006441113323,0.39870471208728364,0.0,0.0,0.0014087542512313457,0.0008149062857771356,0.0016801049292526368,0.0
