LIMIT_BAL,SEX,EDUCATION,MARRIAGE,AGE,PAY_0,PAY_2,PAY_3,PAY_4,PAY_5,PAY_6,BILL_AMT1,BILL_AMT2,BILL_AMT3,BILL_AMT4,BILL_AMT5,BILL_AMT6,PAY_AMT1,PAY_AMT2,PAY_AMT3,PAY_AMT4,PAY_AMT5,PAY_AMT6
0.06329113924050633,1.0,0.3333333333333333,0.3333333333333333,0.38888888888888884,0.4,0.4444444444444444,0.2,0.2,0.2,0.2,0.1144418788271693,0.1082835897699789,0.10855194201759874,0.10417977622360859,0.16043470162057236,0.43272154590866424,0.0,0.0016298829255094608,0.005256545713549798,0.002499712533058698,0.051536961020019534,0.024783147459727387
