LIMIT_BAL,SEX,EDUCATION,MARRIAGE,AGE,PAY_0,PAY_2,PAY_3,PAY_4,PAY_5,PAY_6,BILL_AMT1,BILL_AMT2,BILL_AMT3,BILL_AMT4,BILL_AMT5,BILL_AMT6,PAY_AMT1,PAY_AMT2,PAY_AMT3,PAY_AMT4,PAY_AMT5,PAY_AMT6
0.05063291139240507,0.0,0.16666666666666666,0.6666666666666666,0.2592592592592593,0.4,0.2222222222222222,0.2,0.2,0.2,0.2,0.10327019403287303,0.10499408223125611,0.1077332426601787,0.1030845663808034,0.16295755270373166,0.4192214445495142,0.006451704441804936,0.001275383389211153,0.019028695483050268,0.001987271463781665,0.0025768480510009765,0.001667905824039653
