LIMIT_BAL,SEX,EDUCATION,MARRIAGE,AGE,PAY_0,PAY_2,PAY_3,PAY_4,PAY_5,PAY_6,BILL_AMT1,BILL_AMT2,BILL_AMT3,BILL_AMT4,BILL_AMT5,BILL_AMT6,PAY_AMT1,PAY_AMT2,PAY_AMT3,PAY_AMT4,PAY_AMT5,PAY_AMT6
0.24050632911392406,1.0,0.16666666666666666,0.3333333333333333,0.4814814814814815,0.30000000000000004,0.4444444444444444,0.4,0.0,0.0,0.0,0.031097688275931352,0.0472135028045078,0.07249120640962368,0.07252506547287295,0.12700365682689385,0.3991933452152036,0.0,0.0005134131215354801,0.0,0.0004999425066117396,0.025768480510009767,0.0069392812887236685
