LIMIT_BAL,SEX,EDUCATION,MARRIAGE,AGE,PAY_0,PAY_2,PAY_3,PAY_4,PAY_5,PAY_6,BILL_AMT1,BILL_AMT2,BILL_AMT3,BILL_AMT4,BILL_AMT5,BILL_AMT6,PAY_AMT1,PAY_AMT2,PAY_AMT3,PAY_AMT4,PAY_AMT5,PAY_AMT6
0.2911392405063291,1.0,0.16666666666666666,0.3333333333333333,0.2222222222222222,0.1,0.2222222222222222,0.2,0.2,0.2,0.2,0.07264813038707682,0.08408120207893789,0.13042408956835067,0.1258907007545112,0.18898670928062797,0.4383671919765737,0.003115384771301975,0.0011555869941862076,0.00246794821251163,0.002982157051939027,0.0017780251551906738,0.0
