LIMIT_BAL,SEX,EDUCATION,MARRIAGE,AGE,PAY_0,PAY_2,PAY_3,PAY_4,PAY_5,PAY_6,BILL_AMT1,BILL_AMT2,BILL_AMT3,BILL_AMT4,BILL_AMT5,BILL_AMT6,PAY_AMT1,PAY_AMT2,PAY_AMT3,PAY_AMT4,PAY_AMT5,PAY_AMT6
0.025316455696202535,1.0,0.3333333333333333,0.6666666666666666,0.2222222222222222,0.4,0.2222222222222222,0.2,0.2,0.2,0.1,0.05073172416283001,0.06312715483970566,0.10657947078349199,0.08652906875700425,0.14537765969614677,0.404835475936869,0.00405385136148598,0.002444824388264191,0.002628272856774899,0.001249856266529349,0.015162173932089747,0.0
