LIMIT_BAL,SEX,EDUCATION,MARRIAGE,AGE,PAY_0,PAY_2,PAY_3,PAY_4,PAY_5,PAY_6,BILL_AMT1,BILL_AMT2,BILL_AMT3,BILL_AMT4,BILL_AMT5,BILL_AMT6,PAY_AMT1,PAY_AMT2,PAY_AMT3,PAY_AMT4,PAY_AMT5,PAY_AMT6
0.16455696202531644,0.0,0.3333333333333333,0.3333333333333333,0.2777777777777778,0.30000000000000004,0.1111111111111111,0.2,0.2,0.2,0.2,0.21126367028382076,0.05161452168990892,0.09822246504434347,0.10342466574375386,0.1657973941431947,0.4300358213782266,0.020269256807429897,0.008149414627547303,0.02102618285419919,0.01249856266529349,0.05669065712202148,0.10408921933085502
