LIMIT_BAL,SEX,EDUCATION,MARRIAGE,AGE,PAY_0,PAY_2,PAY_3,PAY_4,PAY_5,PAY_6,BILL_AMT1,BILL_AMT2,BILL_AMT3,BILL_AMT4,BILL_AMT5,BILL_AMT6,PAY_AMT1,PAY_AMT2,PAY_AMT3,PAY_AMT4,PAY_AMT5,PAY_AMT6
0.6329113924050633,0.0,0.16666666666666666,0.3333333333333333,0.2592592592592593,0.0,0.1111111111111111,0.2,0.2,0.0,0.1,0.024029246990457682,0.04644676581073432,0.0822446227463072,0.07583466676255371,0.13289738989487032,0.5175761453291008,0.005582153324766194,0.0008149414627547304,0.0,0.0,0.2630884554630467,0.00869640644361834
