LIMIT_BAL,SEX,EDUCATION,MARRIAGE,AGE,PAY_0,PAY_2,PAY_3,PAY_4,PAY_5,PAY_6,BILL_AMT1,BILL_AMT2,BILL_AMT3,BILL_AMT4,BILL_AMT5,BILL_AMT6,PAY_AMT1,PAY_AMT2,PAY_AMT3,PAY_AMT4,PAY_AMT5,PAY_AMT6
0.4177215189873417,0.0,0.3333333333333333,0.3333333333333333,0.18518518518518523,0.2,0.2222222222222222,0.2,0.2,0.2,0.2,0.12307532920916024,0.12577445582256985,0.18466787380805794,0.1801702594343863,0.2637081989392261,0.4960341035456953,0.00473895224157711,0.0019607491593878813,0.013141364283874494,0.029021662508811486,0.012884240255004883,0.007363073110285006
