LIMIT_BAL,SEX,EDUCATION,MARRIAGE,AGE,PAY_0,PAY_2,PAY_3,PAY_4,PAY_5,PAY_6,BILL_AMT1,BILL_AMT2,BILL_AMT3,BILL_AMT4,BILL_AMT5,BILL_AMT6,PAY_AMT1,PAY_AMT2,PAY_AMT3,PAY_AMT4,PAY_AMT5,PAY_AMT6
0.08860759493670886,1.0,0.16666666666666666,0.6666666666666666,0.05555555555555558,0.1,0.1111111111111111,0.1,0.1,0.2,0.1,0.030213936900465733,0.048197653476045904,0.07627604033414818,0.08888129783115489,0.1471586879867191,0.40121349752343854,0.008344853027618889,6.845508287139735e-05,0.02288700003679582,4.999425066117396e-05,0.00720229030254773,0.0
