LIMIT_BAL,SEX,EDUCATION,MARRIAGE,AGE,PAY_0,PAY_2,PAY_3,PAY_4,PAY_5,PAY_6,BILL_AMT1,BILL_AMT2,BILL_AMT3,BILL_AMT4,BILL_AMT5,BILL_AMT6,PAY_AMT1,PAY_AMT2,PAY_AMT3,PAY_AMT4,PAY_AMT5,PAY_AMT6
0.05063291139240507,1.0,0.3333333333333333,0.6666666666666666,0.03703703703703709,0.2,0.2222222222222222,0.2,0.2,0.2,0.2,0.09868347730265895,0.10536072659908405,0.158793012665081,0.15105355890760686,0.1655522985068774,0.4221380101499764,0.0036160354144454936,0.0022011568909005266,0.005834765742040275,0.002499712533058698,0.0027056904535510255,0.03705328376703842
