LIMIT_BAL,SEX,EDUCATION,MARRIAGE,AGE,PAY_0,PAY_2,PAY_3,PAY_4,PAY_5,PAY_6,BILL_AMT1,BILL_AMT2,BILL_AMT3,BILL_AMT4,BILL_AMT5,BILL_AMT6,PAY_AMT1,PAY_AMT2,PAY_AMT3,PAY_AMT4,PAY_AMT5,PAY_AMT6
0.025316455696202535,1.0,0.3333333333333333,0.3333333333333333,0.0,0.2,0.2222222222222222,0.2,0.2,0.2,0.2,0.06898597770686139,0.08038259661400711,0.12569180921003764,0.12088359912023636,0.18000313722414488,0.4271590963685301,0.0028376959530401857,0.0014823785207508545,0.0034903463537970655,0.001772296185938617,0.002837109704152075,0.002731102850061958
