LIMIT_BAL,SEX,EDUCATION,MARRIAGE,AGE,PAY_0,PAY_2,PAY_3,PAY_4,PAY_5,PAY_6,BILL_AMT1,BILL_AMT2,BILL_AMT3,BILL_AMT4,BILL_AMT5,BILL_AMT6,PAY_AMT1,PAY_AMT2,PAY_AMT3,PAY_AMT4,PAY_AMT5,PAY_AMT6
0.012658227848101266,1.0,0.5,0.6666666666666666,0.018518518518518545,0.2,0.2222222222222222,0.2,0.2,0.1,0.1,0.04688748416546714,0.05061107394637987,0.08747703597820544,0.07583466676255371,0.13736466635948014,0.3979407101702482,0.0022721836881128914,0.0008149414627547304,0.0,0.0034171070326912403,0.0,0.0
