LIMIT_BAL,SEX,EDUCATION,MARRIAGE,AGE,PAY_0,PAY_2,PAY_3,PAY_4,PAY_5,PAY_6,BILL_AMT1,BILL_AMT2,BILL_AMT3,BILL_AMT4,BILL_AMT5,BILL_AMT6,PAY_AMT1,PAY_AMT2,PAY_AMT3,PAY_AMT4,PAY_AMT5,PAY_AMT6
0.24050632911392406,1.0,0.3333333333333333,0.3333333333333333,0.5185185185185185,0.1,0.1111111111111111,0.4,0.2,0.2,0.2,0.028776074982301426,0.05715792723717388,0.0905570621897897,0.11536260285383818,0.1785815825335046,0.42179819334638696,0.020269256807429897,0.0,0.05256545713549798,0.02499712533058698,0.012884240255004883,0.003767038413878563
