LIMIT_BAL,SEX,EDUCATION,MARRIAGE,AGE,PAY_0,PAY_2,PAY_3,PAY_4,PAY_5,PAY_6,BILL_AMT1,BILL_AMT2,BILL_AMT3,BILL_AMT4,BILL_AMT5,BILL_AMT6,PAY_AMT1,PAY_AMT2,PAY_AMT3,PAY_AMT4,PAY_AMT5,PAY_AMT6
0.16455696202531644,0.0,0.16666666666666666,0.6666666666666666,0.20370370370370372,0.2,0.2222222222222222,0.2,0.2,0.2,0.2,0.22830296190136834,0.21204265939381467,0.3026596174891349,0.2584904981931285,0.24925245830923226,0.4832206664862122,0.010134628403714948,0.006519531702037843,0.01441607661941032,0.01249856266529349,0.0077305441530029296,0.004956629491945477
