LIMIT_BAL,SEX,EDUCATION,MARRIAGE,AGE,PAY_0,PAY_2,PAY_3,PAY_4,PAY_5,PAY_6,BILL_AMT1,BILL_AMT2,BILL_AMT3,BILL_AMT4,BILL_AMT5,BILL_AMT6,PAY_AMT1,PAY_AMT2,PAY_AMT3,PAY_AMT4,PAY_AMT5,PAY_AMT6
0.012658227848101266,0.0,0.3333333333333333,0.3333333333333333,0.35185185185185186,0.2,0.2222222222222222,0.2,0.4,0.2,0.2,0.04306835966012461,0.05952374826326352,0.10058282811109884,0.09870822171481994,0.15857360875546972,0.41705013235278604,0.0026350033849658868,0.0017113770717849337,0.002628272856774899,0.002499712533058698,0.0025768480510009765,0.0024783147459727386
