LIMIT_BAL,SEX,EDUCATION,MARRIAGE,AGE,PAY_0,PAY_2,PAY_3,PAY_4,PAY_5,PAY_6,BILL_AMT1,BILL_AMT2,BILL_AMT3,BILL_AMT4,BILL_AMT5,BILL_AMT6,PAY_AMT1,PAY_AMT2,PAY_AMT3,PAY_AMT4,PAY_AMT5,PAY_AMT6
0.05063291139240507,0.0,0.5,0.3333333333333333,0.5740740740740741,0.2,0.2222222222222222,0.2,0.2,0.2,0.2,0.08592166791982507,0.09378119693305204,0.14131972355691858,0.13396768606581447,0.19186249808008418,0.4274567290171912,0.003609954637403265,0.0014424463890758727,0.003017257239577584,0.0029346625138109116,0.002445428800399927,0.0014622057001239157
