LIMIT_BAL,SEX,EDUCATION,MARRIAGE,AGE,PAY_0,PAY_2,PAY_3,PAY_4,PAY_5,PAY_6,BILL_AMT1,BILL_AMT2,BILL_AMT3,BILL_AMT4,BILL_AMT5,BILL_AMT6,PAY_AMT1,PAY_AMT2,PAY_AMT3,PAY_AMT4,PAY_AMT5,PAY_AMT6
0.5822784810126582,0.0,0.16666666666666666,0.3333333333333333,0.35185185185185186,0.4,0.2222222222222222,0.2,0.2,0.2,0.2,0.4025715124392323,0.3056308856069573,0.325796127353967,0.2827214541270383,0.31115381221752725,0.5221542979209071,0.020269256807429897,0.004249104786803164,0.011827227855487045,0.01249856266529349,0.010822761814204102,0.012391573729863693
