LIMIT_BAL,SEX,EDUCATION,MARRIAGE,AGE,PAY_0,PAY_2,PAY_3,PAY_4,PAY_5,PAY_6,BILL_AMT1,BILL_AMT2,BILL_AMT3,BILL_AMT4,BILL_AMT5,BILL_AMT6,PAY_AMT1,PAY_AMT2,PAY_AMT3,PAY_AMT4,PAY_AMT5,PAY_AMT6
0.012658227848101266,1.0,0.3333333333333333,0.3333333333333333,0.40740740740740744,0.2,0.2222222222222222,0.2,0.2,0.2,0.2,0.049945295318943206,0.06576442134513458,0.10326010705814581,0.10006712093154264,0.15985627591886356,0.4130356069421057,0.003157950210597578,0.0010480147211025834,0.0031644405195569783,0.0013223479299880514,0.001203388039817456,0.0013482032218091698
