LIMIT_BAL,SEX,EDUCATION,MARRIAGE,AGE,PAY_0,PAY_2,PAY_3,PAY_4,PAY_5,PAY_6,BILL_AMT1,BILL_AMT2,BILL_AMT3,BILL_AMT4,BILL_AMT5,BILL_AMT6,PAY_AMT1,PAY_AMT2,PAY_AMT3,PAY_AMT4,PAY_AMT5,PAY_AMT6
0.27848101265822783,1.0,0.3333333333333333,0.6666666666666666,0.14814814814814814,0.4,0.4444444444444444,0.4,0.2,0.2,0.2,0.388272948888404,0.34698065146915047,0.4550383847853968,0.3612859052036701,0.4482112920461564,0.6163690926071096,0.019255793967058402,0.0,0.017948475338915783,0.018247901491328496,0.018037936357006835,0.01734820322180917
