LIMIT_BAL,SEX,EDUCATION,MARRIAGE,AGE,PAY_0,PAY_2,PAY_3,PAY_4,PAY_5,PAY_6,BILL_AMT1,BILL_AMT2,BILL_AMT3,BILL_AMT4,BILL_AMT5,BILL_AMT6,PAY_AMT1,PAY_AMT2,PAY_AMT3,PAY_AMT4,PAY_AMT5,PAY_AMT6
0.2531645569620253,1.0,0.3333333333333333,0.3333333333333333,0.3148148148148149,0.0,0.0,0.0,0.0,0.0,0.0,0.0246414371084534,0.04390727113672619,0.0761373896365206,0.07583466676255371,0.14082705071518908,0.40402225917241713,0.001581002030979532,0.0,0.0,0.012131104922933861,0.013373841384695068,0.0
