LIMIT_BAL,SEX,EDUCATION,MARRIAGE,AGE,PAY_0,PAY_2,PAY_3,PAY_4,PAY_5,PAY_6,BILL_AMT1,BILL_AMT2,BILL_AMT3,BILL_AMT4,BILL_AMT5,BILL_AMT6,PAY_AMT1,PAY_AMT2,PAY_AMT3,PAY_AMT4,PAY_AMT5,PAY_AMT6
0.05063291139240507,1.0,0.3333333333333333,0.3333333333333333,0.16666666666666674,0.1,0.4444444444444444,0.1,0.1,0.1,0.1,0.031813479798510964,0.04344800082334174,0.0813186341585801,0.07952631799739907,0.1429789904020549,0.3979407101702482,0.0,0.004909207371634495,0.014266265066574151,0.015423226328972167,0.0,0.0
