LIMIT_BAL,SEX,EDUCATION,MARRIAGE,AGE,PAY_0,PAY_2,PAY_3,PAY_4,PAY_5,PAY_6,BILL_AMT1,BILL_AMT2,BILL_AMT3,BILL_AMT4,BILL_AMT5,BILL_AMT6,PAY_AMT1,PAY_AMT2,PAY_AMT3,PAY_AMT4,PAY_AMT5,PAY_AMT6
0.1772151898734177,1.0,0.5,0.6666666666666666,0.07407407407407407,0.0,0.0,0.0,0.0,0.0,0.0,0.024029246990457682,0.04437683322183914,0.08039594677793936,0.07583466676255371,0.13289738989487032,0.3979407101702482,0.0023208299044507235,0.0021025489739072045,0.0,0.0,0.0,0.0
