LIMIT_BAL,SEX,EDUCATION,MARRIAGE,AGE,PAY_0,PAY_2,PAY_3,PAY_4,PAY_5,PAY_6,BILL_AMT1,BILL_AMT2,BILL_AMT3,BILL_AMT4,BILL_AMT5,BILL_AMT6,PAY_AMT1,PAY_AMT2,PAY_AMT3,PAY_AMT4,PAY_AMT5,PAY_AMT6
0.05063291139240507,0.0,0.3333333333333333,0.6666666666666666,0.07407407407407407,0.2,0.2222222222222222,0.2,0.2,0.2,0.4,0.07021820653410919,0.08269695878145424,0.12916798027198645,0.12615738659858686,0.19516148534491493,0.4417231758575394,0.00405385136148598,0.0016298829255094608,0.005256545713549798,0.012748533918599361,0.0,0.009913258983890954
