LIMIT_BAL,SEX,EDUCATION,MARRIAGE,AGE,PAY_0,PAY_2,PAY_3,PAY_4,PAY_5,PAY_6,BILL_AMT1,BILL_AMT2,BILL_AMT3,BILL_AMT4,BILL_AMT5,BILL_AMT6,PAY_AMT1,PAY_AMT2,PAY_AMT3,PAY_AMT4,PAY_AMT5,PAY_AMT6
0.08860759493670886,0.0,0.16666666666666666,0.3333333333333333,0.4444444444444444,0.30000000000000004,0.0,0.1,0.1,0.1,0.1,0.023950761077894126,0.04233777594812947,0.07641799223886214,0.0755050550451568,0.1335346385492953,0.3979407101702482,0.0,0.0008149414627547304,0.0,0.002499712533058698,0.0,0.0019330855018587362
