LIMIT_BAL,SEX,EDUCATION,MARRIAGE,AGE,PAY_0,PAY_2,PAY_3,PAY_4,PAY_5,PAY_6,BILL_AMT1,BILL_AMT2,BILL_AMT3,BILL_AMT4,BILL_AMT5,BILL_AMT6,PAY_AMT1,PAY_AMT2,PAY_AMT3,PAY_AMT4,PAY_AMT5,PAY_AMT6
0.12658227848101264,0.0,0.5,0.3333333333333333,0.37037037037037035,0.2,0.2222222222222222,0.2,0.2,0.2,0.2,0.10800446427870661,0.10865538002367109,0.1570087102348974,0.145910117881136,0.18717790348460636,0.43527134371766607,0.005087583458664904,0.0020446881300516186,0.00533802217210982,0.0037670667873194582,0.005236155239633985,0.0037695167286245354
