LIMIT_BAL,SEX,EDUCATION,MARRIAGE,AGE,PAY_0,PAY_2,PAY_3,PAY_4,PAY_5,PAY_6,BILL_AMT1,BILL_AMT2,BILL_AMT3,BILL_AMT4,BILL_AMT5,BILL_AMT6,PAY_AMT1,PAY_AMT2,PAY_AMT3,PAY_AMT4,PAY_AMT5,PAY_AMT6
0.6708860759493671,1.0,0.16666666666666666,0.6666666666666666,0.2962962962962963,0.2,0.2222222222222222,0.1,0.1,0.1,0.2,0.03140064389842667,0.051367519168424844,0.07855387322374427,0.07163960854113853,0.1556357290614798,0.41260790648241563,0.004120739908950498,0.0012101880721907747,4.205236570839838e-05,0.050034246061702904,0.005194925670817968,0.005003717472118959
