LIMIT_BAL,SEX,EDUCATION,MARRIAGE,AGE,PAY_0,PAY_2,PAY_3,PAY_4,PAY_5,PAY_6,BILL_AMT1,BILL_AMT2,BILL_AMT3,BILL_AMT4,BILL_AMT5,BILL_AMT6,PAY_AMT1,PAY_AMT2,PAY_AMT3,PAY_AMT4,PAY_AMT5,PAY_AMT6
0.18987341772151897,1.0,0.3333333333333333,0.6666666666666666,0.05555555555555558,0.1,0.4444444444444444,0.1,0.4,0.1,0.1,0.027525009536038376,0.04331034837647301,0.07718057107581387,0.076308109047542,0.1334137247020454,0.3986812764456568,0.0,0.0005150430044609896,0.0,0.0007899091604465486,0.0016285679682326172,0.0
