LIMIT_BAL,SEX,EDUCATION,MARRIAGE,AGE,PAY_0,PAY_2,PAY_3,PAY_4,PAY_5,PAY_6,BILL_AMT1,BILL_AMT2,BILL_AMT3,BILL_AMT4,BILL_AMT5,BILL_AMT6,PAY_AMT1,PAY_AMT2,PAY_AMT3,PAY_AMT4,PAY_AMT5,PAY_AMT6
0.10126582278481013,1.0,0.3333333333333333,0.3333333333333333,0.03703703703703709,0.2,0.2222222222222222,0.2,0.2,0.2,0.2,0.044074549059189366,0.061224463541398655,0.1007231294122696,0.11358269957989489,0.17173524442570826,0.4005994837128149,0.005067314201857474,0.0009779297553056765,0.02759686499613644,0.017497987731410886,0.0025768480510009765,0.0
