LIMIT_BAL,SEX,EDUCATION,MARRIAGE,AGE,PAY_0,PAY_2,PAY_3,PAY_4,PAY_5,PAY_6,BILL_AMT1,BILL_AMT2,BILL_AMT3,BILL_AMT4,BILL_AMT5,BILL_AMT6,PAY_AMT1,PAY_AMT2,PAY_AMT3,PAY_AMT4,PAY_AMT5,PAY_AMT6
0.2151898734177215,1.0,0.16666666666666666,0.6666666666666666,0.09259259259259262,0.1,0.1111111111111111,0.1,0.1,0.1,0.1,0.025399611023817333,0.05220887150722997,0.08059566980666481,0.07868131341279971,0.2072708437498979,0.4090152226210187,0.014660753448814045,0.0022011568909005266,0.004993718427872308,0.11377941536723277,0.02435379093001023,0.014361833952912021
