LIMIT_BAL,SEX,EDUCATION,MARRIAGE,AGE,PAY_0,PAY_2,PAY_3,PAY_4,PAY_5,PAY_6,BILL_AMT1,BILL_AMT2,BILL_AMT3,BILL_AMT4,BILL_AMT5,BILL_AMT6,PAY_AMT1,PAY_AMT2,PAY_AMT3,PAY_AMT4,PAY_AMT5,PAY_AMT6
0.20253164556962022,1.0,0.5,0.6666666666666666,0.42592592592592593,0.30000000000000004,0.1111111111111111,0.1,0.1,0.1,0.0,0.024029246990457682,0.048232388205629605,0.07986775364411998,0.08340524861712902,0.13289738989487032,0.3979407101702482,0.008395526169637464,0.0018417677058256907,0.013280662745283564,0.0,0.0,0.0
