LIMIT_BAL,SEX,EDUCATION,MARRIAGE,AGE,PAY_0,PAY_2,PAY_3,PAY_4,PAY_5,PAY_6,BILL_AMT1,BILL_AMT2,BILL_AMT3,BILL_AMT4,BILL_AMT5,BILL_AMT6,PAY_AMT1,PAY_AMT2,PAY_AMT3,PAY_AMT4,PAY_AMT5,PAY_AMT6
0.012658227848101266,0.0,0.16666666666666666,0.6666666666666666,0.03703703703703709,0.2,0.2222222222222222,0.2,0.2,0.2,0.1,0.05237051001715702,0.045552668141820615,0.08038934436376662,0.07858242989758064,0.1346816861272602,0.39904452889087305,0.002229618248817289,0.0012224121941320956,0.0005256545713549798,0.0004999425066117396,0.00242739086404292,0.04916976456009913
