LIMIT_BAL,SEX,EDUCATION,MARRIAGE,AGE,PAY_0,PAY_2,PAY_3,PAY_4,PAY_5,PAY_6,BILL_AMT1,BILL_AMT2,BILL_AMT3,BILL_AMT4,BILL_AMT5,BILL_AMT6,PAY_AMT1,PAY_AMT2,PAY_AMT3,PAY_AMT4,PAY_AMT5,PAY_AMT6
0.10126582278481013,1.0,0.3333333333333333,0.6666666666666666,0.07407407407407407,0.30000000000000004,0.1111111111111111,0.1,0.1,0.1,0.4,0.024029246990457682,0.04398445942468997,0.07683064312465854,0.07583466676255371,0.13476011673088173,0.3981164774824496,0.0017026175718241115,0.0003422754143569868,0.0,0.0028496722876869157,0.0,0.001412639405204461
