LIMIT_BAL,SEX,EDUCATION,MARRIAGE,AGE,PAY_0,PAY_2,PAY_3,PAY_4,PAY_5,PAY_6,BILL_AMT1,BILL_AMT2,BILL_AMT3,BILL_AMT4,BILL_AMT5,BILL_AMT6,PAY_AMT1,PAY_AMT2,PAY_AMT3,PAY_AMT4,PAY_AMT5,PAY_AMT6
0.12658227848101264,0.0,0.16666666666666666,0.3333333333333333,0.5740740740740741,0.2,0.2222222222222222,0.2,0.2,0.2,0.2,0.15335833371268193,0.1509983018576648,0.21558862998255313,0.19727710756728573,0.2033427776851861,0.44575527799943987,0.00810770272297196,0.003271989972960242,0.010544630701380894,0.0074991375991760945,0.005576299182366113,0.004956629491945477
