LIMIT_BAL,SEX,EDUCATION,MARRIAGE,AGE,PAY_0,PAY_2,PAY_3,PAY_4,PAY_5,PAY_6,BILL_AMT1,BILL_AMT2,BILL_AMT3,BILL_AMT4,BILL_AMT5,BILL_AMT6,PAY_AMT1,PAY_AMT2,PAY_AMT3,PAY_AMT4,PAY_AMT5,PAY_AMT6
0.24050632911392406,0.0,0.5,0.6666666666666666,0.18518518518518523,0.2,0.2222222222222222,0.2,0.0,0.1,0.2,0.03421985787770953,0.05071141872073278,0.07580396772079712,0.077634047092525,0.13485815498540865,0.3979407101702482,0.002128271964780139,0.0,0.003422011259520918,0.0002499712533058698,0.0,0.0
