LIMIT_BAL,SEX,EDUCATION,MARRIAGE,AGE,PAY_0,PAY_2,PAY_3,PAY_4,PAY_5,PAY_6,BILL_AMT1,BILL_AMT2,BILL_AMT3,BILL_AMT4,BILL_AMT5,BILL_AMT6,PAY_AMT1,PAY_AMT2,PAY_AMT3,PAY_AMT4,PAY_AMT5,PAY_AMT6
0.26582278481012656,0.0,0.3333333333333333,0.6666666666666666,0.16666666666666674,0.0,0.0,0.0,0.0,0.0,0.0,0.04894381507463225,0.06741496423609325,0.10799898983063158,0.10560010307857344,0.1538547007709075,0.4211970691386581,0.04067229070978883,0.016350170567248155,0.05271526868833415,0.032153802312734035,0.05169414875113059,0.032691449814126396
