LIMIT_BAL,SEX,EDUCATION,MARRIAGE,AGE,PAY_0,PAY_2,PAY_3,PAY_4,PAY_5,PAY_6,BILL_AMT1,BILL_AMT2,BILL_AMT3,BILL_AMT4,BILL_AMT5,BILL_AMT6,PAY_AMT1,PAY_AMT2,PAY_AMT3,PAY_AMT4,PAY_AMT5,PAY_AMT6
0.13924050632911392,0.0,0.3333333333333333,0.3333333333333333,0.4814814814814815,0.1,0.1111111111111111,0.1,0.2,0.2,0.1,0.027931566563117585,0.04309808058457264,0.08084656154522901,0.08017355555156026,0.13477482246906078,0.4000007030692488,0.0005270006769931774,0.004688358235227964,0.0030303986038614584,7.499137599176094e-06,0.004532675721710718,0.010121437422552665
