LIMIT_BAL,SEX,EDUCATION,MARRIAGE,AGE,PAY_0,PAY_2,PAY_3,PAY_4,PAY_5,PAY_6,BILL_AMT1,BILL_AMT2,BILL_AMT3,BILL_AMT4,BILL_AMT5,BILL_AMT6,PAY_AMT1,PAY_AMT2,PAY_AMT3,PAY_AMT4,PAY_AMT5,PAY_AMT6
0.2151898734177215,0.0,0.16666666666666666,0.3333333333333333,0.3148148148148149,0.30000000000000004,0.0,0.1,0.1,0.0,0.1,0.023955470232647942,0.04284335923429219,0.07691317330181782,0.07583466676255371,0.13289738989487032,0.3988781358353224,0.0,0.0004213247362441956,0.0,0.0,0.002061478440800781,0.0
