LIMIT_BAL,SEX,EDUCATION,MARRIAGE,AGE,PAY_0,PAY_2,PAY_3,PAY_4,PAY_5,PAY_6,BILL_AMT1,BILL_AMT2,BILL_AMT3,BILL_AMT4,BILL_AMT5,BILL_AMT6,PAY_AMT1,PAY_AMT2,PAY_AMT3,PAY_AMT4,PAY_AMT5,PAY_AMT6
0.27848101265822783,0.0,0.3333333333333333,0.6666666666666666,0.462962962962963,0.30000000000000004,0.1111111111111111,0.1,0.1,0.1,0.1,0.02462260048943815,0.044070653012916176,0.07877670470207432,0.07640099962244476,0.13413267190190947,0.3979407101702482,0.0018384215924338917,0.0013030913989448137,0.0009934871398609118,0.0018897826749923758,0.0,0.0018686493184634449
