LIMIT_BAL,SEX,EDUCATION,MARRIAGE,AGE,PAY_0,PAY_2,PAY_3,PAY_4,PAY_5,PAY_6,BILL_AMT1,BILL_AMT2,BILL_AMT3,BILL_AMT4,BILL_AMT5,BILL_AMT6,PAY_AMT1,PAY_AMT2,PAY_AMT3,PAY_AMT4,PAY_AMT5,PAY_AMT6
0.6962025316455697,1.0,0.3333333333333333,0.3333333333333333,0.4444444444444444,0.2,0.2222222222222222,0.2,0.2,0.2,0.2,0.6121445961664341,0.534348788143879,0.7027923260140071,0.6567093963311219,0.6801273190132123,0.7985542552680392,0.02674528435740375,0.011009859161816408,0.037563275669026855,0.02887917889442714,0.03125716685864185,0.02900371747211896
