LIMIT_BAL,SEX,EDUCATION,MARRIAGE,AGE,PAY_0,PAY_2,PAY_3,PAY_4,PAY_5,PAY_6,BILL_AMT1,BILL_AMT2,BILL_AMT3,BILL_AMT4,BILL_AMT5,BILL_AMT6,PAY_AMT1,PAY_AMT2,PAY_AMT3,PAY_AMT4,PAY_AMT5,PAY_AMT6
0.1772151898734177,1.0,0.3333333333333333,0.3333333333333333,0.2777777777777778,0.2,0.2222222222222222,0.2,0.2,0.2,0.2,0.4784046011581381,0.4247877322080997,0.5740155387817556,0.5465816268435782,0.2703715323052388,0.5039869885317687,0.01671200223772595,0.005821126868457039,0.03600733813781611,0.037495687995880475,0.019326360382507325,0.0
