LIMIT_BAL,SEX,EDUCATION,MARRIAGE,AGE,PAY_0,PAY_2,PAY_3,PAY_4,PAY_5,PAY_6,BILL_AMT1,BILL_AMT2,BILL_AMT3,BILL_AMT4,BILL_AMT5,BILL_AMT6,PAY_AMT1,PAY_AMT2,PAY_AMT3,PAY_AMT4,PAY_AMT5,PAY_AMT6
0.24050632911392406,0.0,0.16666666666666666,0.6666666666666666,0.11111111111111116,0.2,0.2222222222222222,0.4,0.2,0.2,0.2,0.31721808252636735,0.3086656717953996,0.4090872327466538,0.34172494801124276,0.4343682905069558,0.6223709604277473,0.046619290657088766,0.00012794580965249267,0.02628272856774899,0.02499712533058698,0.025768480510009767,0.042131350681536554
