LIMIT_BAL,SEX,EDUCATION,MARRIAGE,AGE,PAY_0,PAY_2,PAY_3,PAY_4,PAY_5,PAY_6,BILL_AMT1,BILL_AMT2,BILL_AMT3,BILL_AMT4,BILL_AMT5,BILL_AMT6,PAY_AMT1,PAY_AMT2,PAY_AMT3,PAY_AMT4,PAY_AMT5,PAY_AMT6
0.05063291139240507,0.0,0.3333333333333333,0.6666666666666666,0.03703703703703709,0.2,0.2222222222222222,0.2,0.2,0.2,0.4,0.04954030801011526,0.06512761796943345,0.10649529000278952,0.10455583322845688,0.1664836619248831,0.4214958735694005,0.0032430810891887836,0.0013854004866830417,0.0036795819994848585,0.004222014468336141,0.0,0.0022304832713754648
