LIMIT_BAL,SEX,EDUCATION,MARRIAGE,AGE,PAY_0,PAY_2,PAY_3,PAY_4,PAY_5,PAY_6,BILL_AMT1,BILL_AMT2,BILL_AMT3,BILL_AMT4,BILL_AMT5,BILL_AMT6,PAY_AMT1,PAY_AMT2,PAY_AMT3,PAY_AMT4,PAY_AMT5,PAY_AMT6
0.18987341772151897,0.0,0.16666666666666666,0.6666666666666666,0.18518518518518523,0.2,0.2222222222222222,0.2,0.2,0.2,0.2,0.1938397976947118,0.1846948489682499,0.2534452222455141,0.24232304345481023,0.3155671676421473,0.5316832298063864,0.007836094681752398,0.003177456763280694,0.01442658971083742,0.010011348694900085,0.010681035171399048,0.010312267657992565
