LIMIT_BAL,SEX,EDUCATION,MARRIAGE,AGE,PAY_0,PAY_2,PAY_3,PAY_4,PAY_5,PAY_6,BILL_AMT1,BILL_AMT2,BILL_AMT3,BILL_AMT4,BILL_AMT5,BILL_AMT6,PAY_AMT1,PAY_AMT2,PAY_AMT3,PAY_AMT4,PAY_AMT5,PAY_AMT6
0.5443037974683544,1.0,0.16666666666666666,0.6666666666666666,0.12962962962962965,0.2,0.2222222222222222,0.2,0.2,0.2,0.2,0.130132782466875,0.1252920290227963,0.1785094719884326,0.1650470745461846,0.2116956369708794,0.4448694107459447,0.006080777042228969,0.002444824388264191,0.013141364283874494,0.0074991375991760945,0.0077305441530029296,0.007434944237918216
