LIMIT_BAL,SEX,EDUCATION,MARRIAGE,AGE,PAY_0,PAY_2,PAY_3,PAY_4,PAY_5,PAY_6,BILL_AMT1,BILL_AMT2,BILL_AMT3,BILL_AMT4,BILL_AMT5,BILL_AMT6,PAY_AMT1,PAY_AMT2,PAY_AMT3,PAY_AMT4,PAY_AMT5,PAY_AMT6
0.08860759493670886,1.0,0.3333333333333333,0.6666666666666666,0.05555555555555558,0.4,0.4444444444444444,0.5,0.4,0.5,0.4,0.14245507073935298,0.14585370246487933,0.20509739386206566,0.19956041782779885,0.2653356339643729,0.49066734161314546,0.012972324356755134,0.0,0.016558118997681864,0.0,0.0,0.012391573729863693
