LIMIT_BAL,SEX,EDUCATION,MARRIAGE,AGE,PAY_0,PAY_2,PAY_3,PAY_4,PAY_5,PAY_6,BILL_AMT1,BILL_AMT2,BILL_AMT3,BILL_AMT4,BILL_AMT5,BILL_AMT6,PAY_AMT1,PAY_AMT2,PAY_AMT3,PAY_AMT4,PAY_AMT5,PAY_AMT6
0.34177215189873417,1.0,0.3333333333333333,0.6666666666666666,0.2222222222222222,0.1,0.1111111111111111,0.1,0.1,0.1,0.1,0.024470337819064856,0.05014794421859724,0.08525697421262085,0.07583466676255371,0.16776469511736813,0.3986519818936232,0.011413618508263775,0.0045221101768259985,0.0,0.05334136574293956,0.0015641467669575927,0.0
