LIMIT_BAL,SEX,EDUCATION,MARRIAGE,AGE,PAY_0,PAY_2,PAY_3,PAY_4,PAY_5,PAY_6,BILL_AMT1,BILL_AMT2,BILL_AMT3,BILL_AMT4,BILL_AMT5,BILL_AMT6,PAY_AMT1,PAY_AMT2,PAY_AMT3,PAY_AMT4,PAY_AMT5,PAY_AMT6
0.2151898734177215,0.0,0.3333333333333333,0.6666666666666666,0.3148148148148149,0.1,0.1111111111111111,0.1,0.1,0.1,0.1,0.03879872601666727,0.05627669428292081,0.08502093790594531,0.08056159843704117,0.135964353290654,0.40341644783636293,0.021126646370384184,0.004394979308636261,0.008302713954551906,0.004701959274683411,0.012054495182582569,0.003353159851301115
