LIMIT_BAL,SEX,EDUCATION,MARRIAGE,AGE,PAY_0,PAY_2,PAY_3,PAY_4,PAY_5,PAY_6,BILL_AMT1,BILL_AMT2,BILL_AMT3,BILL_AMT4,BILL_AMT5,BILL_AMT6,PAY_AMT1,PAY_AMT2,PAY_AMT3,PAY_AMT4,PAY_AMT5,PAY_AMT6
0.2151898734177215,1.0,0.16666666666666666,0.6666666666666666,0.20370370370370372,0.30000000000000004,0.4444444444444444,0.4,0.2,0.2,0.0,0.051995347355103236,0.06637806823444656,0.13098694537657696,0.08357754565122286,0.13289738989487032,0.3979407101702482,0.00202692568074299,0.0,0.0002707121042478146,0.0,0.0,0.0
