LIMIT_BAL,SEX,EDUCATION,MARRIAGE,AGE,PAY_0,PAY_2,PAY_3,PAY_4,PAY_5,PAY_6,BILL_AMT1,BILL_AMT2,BILL_AMT3,BILL_AMT4,BILL_AMT5,BILL_AMT6,PAY_AMT1,PAY_AMT2,PAY_AMT3,PAY_AMT4,PAY_AMT5,PAY_AMT6
0.36708860759493667,1.0,0.3333333333333333,0.3333333333333333,0.3148148148148149,0.2,0.1111111111111111,0.2,0.2,0.2,0.2,0.02599139480454653,0.04411310657129625,0.09469017346192636,0.09401874591730941,0.1589379842681281,0.4172012922412793,0.0019053101398984105,0.008393897066373723,0.0031539274281298787,0.009998850132234793,0.0012884240255004883,0.014869888475836432
