LIMIT_BAL,SEX,EDUCATION,MARRIAGE,AGE,PAY_0,PAY_2,PAY_3,PAY_4,PAY_5,PAY_6,BILL_AMT1,BILL_AMT2,BILL_AMT3,BILL_AMT4,BILL_AMT5,BILL_AMT6,PAY_AMT1,PAY_AMT2,PAY_AMT3,PAY_AMT4,PAY_AMT5,PAY_AMT6
0.2531645569620253,0.0,0.3333333333333333,0.6666666666666666,0.09259259259259262,0.2,0.2222222222222222,0.2,0.2,0.2,0.2,0.316167941016267,0.2592857510420419,0.23661401791565084,0.37867891623667316,0.30094149403764014,0.4448061345135522,0.012017642361125186,0.0026664884661334776,0.01146452620125211,0.012598551166615839,0.00823302952294812,0.00026022304832713756
