LIMIT_BAL,SEX,EDUCATION,MARRIAGE,AGE,PAY_0,PAY_2,PAY_3,PAY_4,PAY_5,PAY_6,BILL_AMT1,BILL_AMT2,BILL_AMT3,BILL_AMT4,BILL_AMT5,BILL_AMT6,PAY_AMT1,PAY_AMT2,PAY_AMT3,PAY_AMT4,PAY_AMT5,PAY_AMT6
0.620253164556962,1.0,0.3333333333333333,0.6666666666666666,0.20370370370370372,0.2,0.1111111111111111,0.1,0.1,0.2,0.2,0.045426076473533764,0.047843873822878615,0.08856148250607836,0.19144747487459773,0.25445992359552033,0.4882323784481152,0.007783394614053081,0.006134064390154855,0.20281330326589184,0.008491523474800398,0.01044911884680896,0.005615861214374226
