LIMIT_BAL,SEX,EDUCATION,MARRIAGE,AGE,PAY_0,PAY_2,PAY_3,PAY_4,PAY_5,PAY_6,BILL_AMT1,BILL_AMT2,BILL_AMT3,BILL_AMT4,BILL_AMT5,BILL_AMT6,PAY_AMT1,PAY_AMT2,PAY_AMT3,PAY_AMT4,PAY_AMT5,PAY_AMT6
0.4936708860759494,0.0,0.3333333333333333,0.3333333333333333,0.2407407407407407,0.2,0.2222222222222222,0.2,0.2,0.2,0.4,0.10607998970264827,0.11595996500797612,0.17525448180127062,0.16704122543643588,0.2393963457874596,0.45176417651256556,0.012161554084457939,0.0040747073137736515,0.0049989749735858575,0.01249856266529349,0.0,0.012391573729863693
