LIMIT_BAL,SEX,EDUCATION,MARRIAGE,AGE,PAY_0,PAY_2,PAY_3,PAY_4,PAY_5,PAY_6,BILL_AMT1,BILL_AMT2,BILL_AMT3,BILL_AMT4,BILL_AMT5,BILL_AMT6,PAY_AMT1,PAY_AMT2,PAY_AMT3,PAY_AMT4,PAY_AMT5,PAY_AMT6
0.24050632911392406,1.0,0.16666666666666666,0.6666666666666666,0.12962962962962965,0.1,0.1111111111111111,0.1,0.1,0.1,0.1,0.05249451775900743,0.06658776308341481,0.0781395717344047,0.08946111480675764,0.16295101682009655,0.39865784080402994,0.03731570178247844,0.0010569790771928853,0.023951450543789655,0.04597721262054864,0.0015770310072125977,0.13595043370508056
