LIMIT_BAL,SEX,EDUCATION,MARRIAGE,AGE,PAY_0,PAY_2,PAY_3,PAY_4,PAY_5,PAY_6,BILL_AMT1,BILL_AMT2,BILL_AMT3,BILL_AMT4,BILL_AMT5,BILL_AMT6,PAY_AMT1,PAY_AMT2,PAY_AMT3,PAY_AMT4,PAY_AMT5,PAY_AMT6
0.2151898734177215,1.0,0.3333333333333333,0.3333333333333333,0.2407407407407407,0.2,0.1111111111111111,0.1,0.1,0.1,0.1,0.02930193059647724,0.048126897545412446,0.07580726892788349,0.07883113692070741,0.13289738989487032,0.42105528350681565,0.00822931826381654,0.0,0.005782200284904777,0.0,0.050830904654045266,0.0
