LIMIT_BAL,SEX,EDUCATION,MARRIAGE,AGE,PAY_0,PAY_2,PAY_3,PAY_4,PAY_5,PAY_6,BILL_AMT1,BILL_AMT2,BILL_AMT3,BILL_AMT4,BILL_AMT5,BILL_AMT6,PAY_AMT1,PAY_AMT2,PAY_AMT3,PAY_AMT4,PAY_AMT5,PAY_AMT6
0.27848101265822783,1.0,0.5,0.6666666666666666,0.6111111111111112,0.2,0.2222222222222222,0.2,0.2,0.2,0.2,0.1278001811454862,0.10079503936602688,0.1313946444517438,0.12814404631344276,0.19229550037091142,0.44216962483053096,0.01386417165628205,0.002444824388264191,0.005256545713549798,0.004999425066117396,0.005153696102001953,0.004956629491945477
