LIMIT_BAL,SEX,EDUCATION,MARRIAGE,AGE,PAY_0,PAY_2,PAY_3,PAY_4,PAY_5,PAY_6,BILL_AMT1,BILL_AMT2,BILL_AMT3,BILL_AMT4,BILL_AMT5,BILL_AMT6,PAY_AMT1,PAY_AMT2,PAY_AMT3,PAY_AMT4,PAY_AMT5,PAY_AMT6
0.0759493670886076,1.0,0.3333333333333333,0.3333333333333333,0.14814814814814814,0.1,0.2222222222222222,0.2,0.2,0.2,0.2,0.1358434174649992,0.1345803530077703,0.19417039840617722,0.18175239567789145,0.24921814492014785,0.48061462313730585,0.005576072547723965,0.0029337892659170293,0.0070805670761515775,0.006999195092564354,0.007068294203895679,0.006691449814126394
