LIMIT_BAL,SEX,EDUCATION,MARRIAGE,AGE,PAY_0,PAY_2,PAY_3,PAY_4,PAY_5,PAY_6,BILL_AMT1,BILL_AMT2,BILL_AMT3,BILL_AMT4,BILL_AMT5,BILL_AMT6,PAY_AMT1,PAY_AMT2,PAY_AMT3,PAY_AMT4,PAY_AMT5,PAY_AMT6
0.12658227848101264,1.0,0.3333333333333333,0.6666666666666666,0.14814814814814814,0.5,0.4444444444444444,0.4,0.6000000000000001,0.6000000000000001,0.5,0.02497107794122033,0.043675706272834874,0.07712775176243195,0.07673360780999981,0.1338777724401395,0.39829224479465103,0.0,0.0,0.0,0.0,0.0,0.0
