LIMIT_BAL,SEX,EDUCATION,MARRIAGE,AGE,PAY_0,PAY_2,PAY_3,PAY_4,PAY_5,PAY_6,BILL_AMT1,BILL_AMT2,BILL_AMT3,BILL_AMT4,BILL_AMT5,BILL_AMT6,PAY_AMT1,PAY_AMT2,PAY_AMT3,PAY_AMT4,PAY_AMT5,PAY_AMT6
0.06329113924050633,0.0,0.5,0.6666666666666666,0.2407407407407407,0.2,0.2222222222222222,0.2,0.2,0.2,0.2,0.07926292309793315,0.08952040343745177,0.13757285351388737,0.13271216506954808,0.19641800897376824,0.4438558192455832,0.0032755119000806715,0.0013039063404075685,0.003511372536651265,0.0037495687995880472,0.003731275977849414,0.0028674101610904586
