LIMIT_BAL,SEX,EDUCATION,MARRIAGE,AGE,PAY_0,PAY_2,PAY_3,PAY_4,PAY_5,PAY_6,BILL_AMT1,BILL_AMT2,BILL_AMT3,BILL_AMT4,BILL_AMT5,BILL_AMT6,PAY_AMT1,PAY_AMT2,PAY_AMT3,PAY_AMT4,PAY_AMT5,PAY_AMT6
0.2911392405063291,0.0,0.5,0.3333333333333333,0.5,0.2,0.2222222222222222,0.2,0.2,0.2,0.2,0.19982199395030587,0.20385298204085836,0.2890883551570632,0.2733979372299431,0.35306516602778404,0.560237215564547,0.030403885211144847,0.004889648776528382,0.013141364283874494,0.01249856266529349,0.015461088306005859,0.014869888475836432
