LIMIT_BAL,SEX,EDUCATION,MARRIAGE,AGE,PAY_0,PAY_2,PAY_3,PAY_4,PAY_5,PAY_6,BILL_AMT1,BILL_AMT2,BILL_AMT3,BILL_AMT4,BILL_AMT5,BILL_AMT6,PAY_AMT1,PAY_AMT2,PAY_AMT3,PAY_AMT4,PAY_AMT5,PAY_AMT6
0.0759493670886076,0.0,0.16666666666666666,0.6666666666666666,0.09259259259259262,0.4,0.2222222222222222,0.2,0.2,0.2,0.2,0.10343658416750777,0.10893711727473884,0.15556773334169638,0.14162516555497623,0.20615484161919984,0.4515345072246224,0.004487613457164979,0.0028604445342691035,0.004520629313652826,0.004449488308844483,0.004638326491801758,0.004708798017348204
