LIMIT_BAL,SEX,EDUCATION,MARRIAGE,AGE,PAY_0,PAY_2,PAY_3,PAY_4,PAY_5,PAY_6,BILL_AMT1,BILL_AMT2,BILL_AMT3,BILL_AMT4,BILL_AMT5,BILL_AMT6,PAY_AMT1,PAY_AMT2,PAY_AMT3,PAY_AMT4,PAY_AMT5,PAY_AMT6
0.24050632911392406,1.0,0.16666666666666666,0.3333333333333333,0.7037037037037037,0.2,0.2222222222222222,0.2,0.2,0.2,0.2,0.16878081553142027,0.16394149127772348,0.23488253479884919,0.2228354997812577,0.2954611556095855,0.516773474603381,0.008715780427194855,0.0036672365823962865,0.011664274938367001,0.009748878878928923,0.00979202259380371,0.008674101610904586
