LIMIT_BAL,SEX,EDUCATION,MARRIAGE,AGE,PAY_0,PAY_2,PAY_3,PAY_4,PAY_5,PAY_6,BILL_AMT1,BILL_AMT2,BILL_AMT3,BILL_AMT4,BILL_AMT5,BILL_AMT6,PAY_AMT1,PAY_AMT2,PAY_AMT3,PAY_AMT4,PAY_AMT5,PAY_AMT6
0.012658227848101266,0.0,0.3333333333333333,0.3333333333333333,0.5740740740740741,0.2,0.1111111111111111,0.1,0.1,0.1,0.1,0.027030548286887987,0.046454484639530697,0.08014835624646152,0.07710816657976903,0.13686793920321044,0.4009053188360454,0.005610530284296596,0.001980307754493995,0.002234031928258664,0.006074301455332636,0.006519425569032471,0.0038909541511771995
