LIMIT_BAL,SEX,EDUCATION,MARRIAGE,AGE,PAY_0,PAY_2,PAY_3,PAY_4,PAY_5,PAY_6,BILL_AMT1,BILL_AMT2,BILL_AMT3,BILL_AMT4,BILL_AMT5,BILL_AMT6,PAY_AMT1,PAY_AMT2,PAY_AMT3,PAY_AMT4,PAY_AMT5,PAY_AMT6
0.4430379746835443,1.0,0.5,0.3333333333333333,0.33333333333333337,0.1,0.1111111111111111,0.1,0.1,0.1,0.0,0.03182132838976732,0.043131528842690274,0.07945675336186678,0.07750669711080348,0.13289738989487032,0.3979407101702482,0.0003587658454915092,0.0016388472815997627,0.002933152508160787,0.0,0.0,0.0
