LIMIT_BAL,SEX,EDUCATION,MARRIAGE,AGE,PAY_0,PAY_2,PAY_3,PAY_4,PAY_5,PAY_6,BILL_AMT1,BILL_AMT2,BILL_AMT3,BILL_AMT4,BILL_AMT5,BILL_AMT6,PAY_AMT1,PAY_AMT2,PAY_AMT3,PAY_AMT4,PAY_AMT5,PAY_AMT6
0.012658227848101266,1.0,0.3333333333333333,0.6666666666666666,0.09259259259259262,0.2,0.2222222222222222,0.2,0.2,0.2,0.2,0.04974908053753432,0.06544023053568672,0.1079973392270884,0.10402845448062183,0.16402780364898384,0.40860041176422335,0.0034457736572630826,0.00202431459348275,0.002628272856774899,0.0011873634532028816,0.0009353958425133545,0.009913258983890954
