LIMIT_BAL,SEX,EDUCATION,MARRIAGE,AGE,PAY_0,PAY_2,PAY_3,PAY_4,PAY_5,PAY_6,BILL_AMT1,BILL_AMT2,BILL_AMT3,BILL_AMT4,BILL_AMT5,BILL_AMT6,PAY_AMT1,PAY_AMT2,PAY_AMT3,PAY_AMT4,PAY_AMT5,PAY_AMT6
0.025316455696202535,0.0,0.16666666666666666,0.6666666666666666,0.3148148148148149,0.4,0.2222222222222222,0.2,0.2,0.2,0.2,0.13344959713181082,0.13540626768898267,0.1795146895462326,0.1618423497120392,0.20843749897876818,0.4837878090135821,0.00810770272297196,0.0040747073137736515,0.02102618285419919,0.0036495802982656994,0.10307392204003907,0.024783147459727387
