LIMIT_BAL,SEX,EDUCATION,MARRIAGE,AGE,PAY_0,PAY_2,PAY_3,PAY_4,PAY_5,PAY_6,BILL_AMT1,BILL_AMT2,BILL_AMT3,BILL_AMT4,BILL_AMT5,BILL_AMT6,PAY_AMT1,PAY_AMT2,PAY_AMT3,PAY_AMT4,PAY_AMT5,PAY_AMT6
0.3164556962025316,0.0,0.16666666666666666,0.3333333333333333,0.5555555555555556,0.1,0.1111111111111111,0.4,0.1,0.1,0.1,0.02438871246999876,0.04377090516132352,0.07692307692307693,0.08011362614839719,0.13422744221461883,0.39864963832946054,0.0013661479088207752,0.0,0.007569425827511709,0.0020347660019097804,0.0015589930708555908,0.004401486988847584
