LIMIT_BAL,SEX,EDUCATION,MARRIAGE,AGE,PAY_0,PAY_2,PAY_3,PAY_4,PAY_5,PAY_6,BILL_AMT1,BILL_AMT2,BILL_AMT3,BILL_AMT4,BILL_AMT5,BILL_AMT6,PAY_AMT1,PAY_AMT2,PAY_AMT3,PAY_AMT4,PAY_AMT5,PAY_AMT6
0.05063291139240507,1.0,0.3333333333333333,0.3333333333333333,0.33333333333333337,0.2,0.2222222222222222,0.2,0.2,0.2,0.2,0.10039760963304696,0.10586245047084855,0.15735368637542319,0.14537524795790557,0.17938876416244287,0.43203253804483466,0.004459236497634578,0.001417183203730476,0.02496859213936154,0.0037495687995880472,0.0031179861417111815,0.0024783147459727386
