LIMIT_BAL,SEX,EDUCATION,MARRIAGE,AGE,PAY_0,PAY_2,PAY_3,PAY_4,PAY_5,PAY_6,BILL_AMT1,BILL_AMT2,BILL_AMT3,BILL_AMT4,BILL_AMT5,BILL_AMT6,PAY_AMT1,PAY_AMT2,PAY_AMT3,PAY_AMT4,PAY_AMT5,PAY_AMT6
0.620253164556962,0.0,0.16666666666666666,0.3333333333333333,0.33333333333333337,0.1,0.1111111111111111,0.1,0.1,0.1,0.1,0.03353703043840661,0.05501981166057737,0.08879256700212433,0.08515668542456986,0.14831390541922793,0.4064185535287631,0.01908958606123748,0.006248156194940518,0.016353113714853422,0.023584787749408816,0.018643495648992064,0.02190830235439901
