LIMIT_BAL,SEX,EDUCATION,MARRIAGE,AGE,PAY_0,PAY_2,PAY_3,PAY_4,PAY_5,PAY_6,BILL_AMT1,BILL_AMT2,BILL_AMT3,BILL_AMT4,BILL_AMT5,BILL_AMT6,PAY_AMT1,PAY_AMT2,PAY_AMT3,PAY_AMT4,PAY_AMT5,PAY_AMT6
0.1139240506329114,0.0,0.5,0.6666666666666666,0.4814814814814815,0.2,0.2222222222222222,0.2,0.2,0.2,0.2,0.1730347519923649,0.16528585395975917,0.1751785540382841,0.13351671730701234,0.1405460077188786,0.4878492057075161,0.007882713972409488,0.0019656388081644095,0.004462807310803779,0.001697304809946856,0.18761772974533011,0.006810408921933086
