LIMIT_BAL,SEX,EDUCATION,MARRIAGE,AGE,PAY_0,PAY_2,PAY_3,PAY_4,PAY_5,PAY_6,BILL_AMT1,BILL_AMT2,BILL_AMT3,BILL_AMT4,BILL_AMT5,BILL_AMT6,PAY_AMT1,PAY_AMT2,PAY_AMT3,PAY_AMT4,PAY_AMT5,PAY_AMT6
0.025316455696202535,0.0,0.3333333333333333,0.6666666666666666,0.18518518518518523,0.4,0.2222222222222222,0.2,0.2,0.2,0.1,0.061010239272153044,0.0729828127412134,0.07702871554984081,0.07605940202441523,0.13284837076760686,0.3981399131240764,0.00202692568074299,0.0004074707313773652,0.0,0.001499827519835219,0.0005153696102001953,0.012845105328376705
