LIMIT_BAL,SEX,EDUCATION,MARRIAGE,AGE,PAY_0,PAY_2,PAY_3,PAY_4,PAY_5,PAY_6,BILL_AMT1,BILL_AMT2,BILL_AMT3,BILL_AMT4,BILL_AMT5,BILL_AMT6,PAY_AMT1,PAY_AMT2,PAY_AMT3,PAY_AMT4,PAY_AMT5,PAY_AMT6
0.08860759493670886,1.0,0.16666666666666666,0.6666666666666666,0.07407407407407407,0.1,0.1111111111111111,0.4,0.1,0.1,0.0,0.02520025680590591,0.04910976174548449,0.07727630608131864,0.08496940603968525,0.13289738989487032,0.3979407101702482,0.009790051037988641,0.0,0.016024579607756557,0.0,0.0,0.00537546468401487
