LIMIT_BAL,SEX,EDUCATION,MARRIAGE,AGE,PAY_0,PAY_2,PAY_3,PAY_4,PAY_5,PAY_6,BILL_AMT1,BILL_AMT2,BILL_AMT3,BILL_AMT4,BILL_AMT5,BILL_AMT6,PAY_AMT1,PAY_AMT2,PAY_AMT3,PAY_AMT4,PAY_AMT5,PAY_AMT6
0.012658227848101266,1.0,0.3333333333333333,0.6666666666666666,0.05555555555555558,0.5,0.4444444444444444,0.5,0.4,0.5,0.4,0.051797562855443076,0.06747800133793033,0.10832745993572551,0.10711931344875736,0.16601144433224513,0.4219751324406697,0.00405385136148598,0.0008149414627547304,0.005256545713549798,0.0,0.0018037936357006836,0.0
