LIMIT_BAL,SEX,EDUCATION,MARRIAGE,AGE,PAY_0,PAY_2,PAY_3,PAY_4,PAY_5,PAY_6,BILL_AMT1,BILL_AMT2,BILL_AMT3,BILL_AMT4,BILL_AMT5,BILL_AMT6,PAY_AMT1,PAY_AMT2,PAY_AMT3,PAY_AMT4,PAY_AMT5,PAY_AMT6
0.05063291139240507,1.0,0.16666666666666666,0.6666666666666666,0.09259259259259262,0.2,0.2222222222222222,0.2,0.2,0.2,0.2,0.09961118078916015,0.10424792878093964,0.15458727483704415,0.14853652397475775,0.20771691780799534,0.4527379274221614,0.0036423854482951525,0.0017219713108007453,0.006570682141937247,0.004354499232588252,0.004682132908668774,0.004956629491945477
