LIMIT_BAL,SEX,EDUCATION,MARRIAGE,AGE,PAY_0,PAY_2,PAY_3,PAY_4,PAY_5,PAY_6,BILL_AMT1,BILL_AMT2,BILL_AMT3,BILL_AMT4,BILL_AMT5,BILL_AMT6,PAY_AMT1,PAY_AMT2,PAY_AMT3,PAY_AMT4,PAY_AMT5,PAY_AMT6
0.012658227848101266,0.0,0.3333333333333333,0.3333333333333333,0.14814814814814814,0.4,0.4444444444444444,0.4,0.2,0.2,0.2,0.036624666238656824,0.057978696032522,0.09468687225483999,0.09491469049459736,0.1563595781740702,0.4202936251539428,0.00810770272297196,0.0,0.005256545713549798,0.004999425066117396,0.012884240255004883,0.0
