LIMIT_BAL,SEX,EDUCATION,MARRIAGE,AGE,PAY_0,PAY_2,PAY_3,PAY_4,PAY_5,PAY_6,BILL_AMT1,BILL_AMT2,BILL_AMT3,BILL_AMT4,BILL_AMT5,BILL_AMT6,PAY_AMT1,PAY_AMT2,PAY_AMT3,PAY_AMT4,PAY_AMT5,PAY_AMT6
0.05063291139240507,0.0,0.3333333333333333,0.6666666666666666,0.2592592592592593,0.2,0.2222222222222222,0.2,0.2,0.2,0.2,0.0990868948932356,0.10683373642772603,0.15626263743337754,0.14530183443903083,0.14772730986297522,0.40943823595238343,0.006080777042228969,0.002444824388264191,0.00793475575460342,0.0074991375991760945,0.0025768480510009765,0.004956629491945477
