LIMIT_BAL,SEX,EDUCATION,MARRIAGE,AGE,PAY_0,PAY_2,PAY_3,PAY_4,PAY_5,PAY_6,BILL_AMT1,BILL_AMT2,BILL_AMT3,BILL_AMT4,BILL_AMT5,BILL_AMT6,PAY_AMT1,PAY_AMT2,PAY_AMT3,PAY_AMT4,PAY_AMT5,PAY_AMT6
0.05063291139240507,1.0,0.3333333333333333,0.3333333333333333,0.4814814814814815,0.2,0.2222222222222222,0.2,0.2,0.2,0.2,0.10184175042421635,0.09137806823444657,0.12884446197752208,0.11374001426319795,0.16378270801266656,0.42011082714925335,0.00405385136148598,0.0014766739305115714,0.005256545713549798,0.0016598091219509755,0.0018037936357006836,0.0017571251548946717
