LIMIT_BAL,SEX,EDUCATION,MARRIAGE,AGE,PAY_0,PAY_2,PAY_3,PAY_4,PAY_5,PAY_6,BILL_AMT1,BILL_AMT2,BILL_AMT3,BILL_AMT4,BILL_AMT5,BILL_AMT6,PAY_AMT1,PAY_AMT2,PAY_AMT3,PAY_AMT4,PAY_AMT5,PAY_AMT6
0.5063291139240507,1.0,0.16666666666666666,0.6666666666666666,0.12962962962962965,0.2,0.2222222222222222,0.2,0.2,0.0,0.1,0.35502945576298506,0.1835408840631915,0.09519525814614115,0.07712015246040164,0.13289738989487032,0.3992495907551081,0.004953806363735867,0.002490461110178456,0.0025441681253581022,0.0,0.002878339272968091,0.0
