LIMIT_BAL,SEX,EDUCATION,MARRIAGE,AGE,PAY_0,PAY_2,PAY_3,PAY_4,PAY_5,PAY_6,BILL_AMT1,BILL_AMT2,BILL_AMT3,BILL_AMT4,BILL_AMT5,BILL_AMT6,PAY_AMT1,PAY_AMT2,PAY_AMT3,PAY_AMT4,PAY_AMT5,PAY_AMT6
0.08860759493670886,1.0,0.5,0.6666666666666666,0.20370370370370372,0.30000000000000004,0.1111111111111111,0.1,0.1,0.2,0.2,0.023814195590033543,0.09677224309164822,0.09437160697809155,0.08970532712464717,0.13796269971209432,0.3988945407844612,0.085151147848013,0.009002658339051506,0.02444293756800656,0.0,0.0,0.009992565055762083
