LIMIT_BAL,SEX,EDUCATION,MARRIAGE,AGE,PAY_0,PAY_2,PAY_3,PAY_4,PAY_5,PAY_6,BILL_AMT1,BILL_AMT2,BILL_AMT3,BILL_AMT4,BILL_AMT5,BILL_AMT6,PAY_AMT1,PAY_AMT2,PAY_AMT3,PAY_AMT4,PAY_AMT5,PAY_AMT6
0.1139240506329114,0.0,0.5,0.3333333333333333,0.5555555555555556,0.1,0.1111111111111111,0.1,0.2,0.2,0.2,0.10962598323226963,0.09088277672001235,0.2350096312716745,0.1301022395617962,0.1924131462763437,0.44222352680627275,0.11148091244086444,0.08153000369983425,0.005256545713549798,0.004999425066117396,0.005153696102001953,0.007434944237918216
