LIMIT_BAL,SEX,EDUCATION,MARRIAGE,AGE,PAY_0,PAY_2,PAY_3,PAY_4,PAY_5,PAY_6,BILL_AMT1,BILL_AMT2,BILL_AMT3,BILL_AMT4,BILL_AMT5,BILL_AMT6,PAY_AMT1,PAY_AMT2,PAY_AMT3,PAY_AMT4,PAY_AMT5,PAY_AMT6
0.2151898734177215,1.0,0.3333333333333333,0.6666666666666666,0.07407407407407407,0.2,0.2222222222222222,0.2,0.4,0.2,0.2,0.28966481806180605,0.2653193022178768,0.3774270061848115,0.3396723659529075,0.4243830942833894,0.6111886440254932,0.01581002030979532,0.011417329893193773,1.0513091427099596e-05,0.016075651300100486,0.017007197136606447,0.01654275092936803
