LIMIT_BAL,SEX,EDUCATION,MARRIAGE,AGE,PAY_0,PAY_2,PAY_3,PAY_4,PAY_5,PAY_6,BILL_AMT1,BILL_AMT2,BILL_AMT3,BILL_AMT4,BILL_AMT5,BILL_AMT6,PAY_AMT1,PAY_AMT2,PAY_AMT3,PAY_AMT4,PAY_AMT5,PAY_AMT6
0.3291139240506329,0.0,0.16666666666666666,0.3333333333333333,0.2962962962962963,0.4,0.2222222222222222,0.2,0.2,0.2,0.2,0.27529247775316806,0.24403849122626461,0.33895143759315594,0.3237626076481904,0.2573144707731624,0.4892740927184289,0.012161554084457939,0.005704590239283112,0.02365445571097409,0.01249856266529349,0.0077305441530029296,0.007434944237918216
