LIMIT_BAL,SEX,EDUCATION,MARRIAGE,AGE,PAY_0,PAY_2,PAY_3,PAY_4,PAY_5,PAY_6,BILL_AMT1,BILL_AMT2,BILL_AMT3,BILL_AMT4,BILL_AMT5,BILL_AMT6,PAY_AMT1,PAY_AMT2,PAY_AMT3,PAY_AMT4,PAY_AMT5,PAY_AMT6
0.30379746835443033,1.0,0.3333333333333333,0.3333333333333333,0.2777777777777778,0.30000000000000004,0.1111111111111111,0.1,0.2,0.2,0.1,0.023988434315924633,0.05443832655791695,0.0836624911899036,0.0804941778584827,0.13289738989487032,0.39871877347225976,0.018226115721240964,0.0037185778945498346,6.307854856259758e-05,0.0,0.0017110271058646484,0.0017298636926889716
