LIMIT_BAL,SEX,EDUCATION,MARRIAGE,AGE,PAY_0,PAY_2,PAY_3,PAY_4,PAY_5,PAY_6,BILL_AMT1,BILL_AMT2,BILL_AMT3,BILL_AMT4,BILL_AMT5,BILL_AMT6,PAY_AMT1,PAY_AMT2,PAY_AMT3,PAY_AMT4,PAY_AMT5,PAY_AMT6
0.620253164556962,1.0,0.5,0.3333333333333333,0.37037037037037035,0.2,0.2222222222222222,0.2,0.2,0.2,0.2,0.21153994069604448,0.19792234858230848,0.2821921335536339,0.13176977520480873,0.18999486933134643,0.4264794627613513,0.014212802873369844,0.008574814071105273,0.016119197430600456,0.061012983506896705,0.0003143754622221191,0.04311771995043371
