LIMIT_BAL,SEX,EDUCATION,MARRIAGE,AGE,PAY_0,PAY_2,PAY_3,PAY_4,PAY_5,PAY_6,BILL_AMT1,BILL_AMT2,BILL_AMT3,BILL_AMT4,BILL_AMT5,BILL_AMT6,PAY_AMT1,PAY_AMT2,PAY_AMT3,PAY_AMT4,PAY_AMT5,PAY_AMT6
0.05063291139240507,0.0,0.3333333333333333,0.6666666666666666,0.03703703703703709,0.4,0.2222222222222222,0.2,0.2,0.2,0.2,0.10213528773720404,0.10524108475274019,0.14895541554769504,0.10766766748769949,0.16568465015048872,0.4200381766602101,0.004866648559463918,0.0018368780570491622,0.0052670588049768974,0.0017597976232733236,0.0018218315720576904,0.0024882280049566296
