LIMIT_BAL,SEX,EDUCATION,MARRIAGE,AGE,PAY_0,PAY_2,PAY_3,PAY_4,PAY_5,PAY_6,BILL_AMT1,BILL_AMT2,BILL_AMT3,BILL_AMT4,BILL_AMT5,BILL_AMT6,PAY_AMT1,PAY_AMT2,PAY_AMT3,PAY_AMT4,PAY_AMT5,PAY_AMT6
0.06329113924050633,0.0,0.16666666666666666,0.3333333333333333,0.5185185185185185,0.4,0.2222222222222222,0.2,0.2,0.2,0.2,0.11866599064133979,0.11678073380332424,0.1187559731215719,0.11447864415718284,0.1790145848243318,0.4318848935025855,0.0032025425755739237,0.0012224121941320956,0.0028911001424523886,0.0074991375991760945,0.003092217661201172,0.0027261462205700124
