LIMIT_BAL,SEX,EDUCATION,MARRIAGE,AGE,PAY_0,PAY_2,PAY_3,PAY_4,PAY_5,PAY_6,BILL_AMT1,BILL_AMT2,BILL_AMT3,BILL_AMT4,BILL_AMT5,BILL_AMT6,PAY_AMT1,PAY_AMT2,PAY_AMT3,PAY_AMT4,PAY_AMT5,PAY_AMT6
0.012658227848101266,0.0,0.3333333333333333,0.3333333333333333,0.18518518518518523,0.30000000000000004,0.4444444444444444,0.2,0.2,0.2,0.2,0.057990101356707485,0.06831034837647301,0.10827299001880038,0.10558362249270359,0.16418303088531813,0.42180873938511904,0.0,0.0010618687259694136,0.0018135082711746803,0.002127255365632952,0.00438064168670166,0.0
