LIMIT_BAL,SEX,EDUCATION,MARRIAGE,AGE,PAY_0,PAY_2,PAY_3,PAY_4,PAY_5,PAY_6,BILL_AMT1,BILL_AMT2,BILL_AMT3,BILL_AMT4,BILL_AMT5,BILL_AMT6,PAY_AMT1,PAY_AMT2,PAY_AMT3,PAY_AMT4,PAY_AMT5,PAY_AMT6
0.18987341772151897,0.0,0.5,0.3333333333333333,0.38888888888888884,0.4,0.2222222222222222,0.2,0.2,0.2,0.2,0.24376311695813718,0.20478438738228788,0.2871092815087837,0.27063968644936265,0.29401345738440476,0.5170523587387406,0.012161554084457939,0.004482178045151017,0.013141364283874494,0.0074991375991760945,0.010307392204003906,0.007434944237918216
