LIMIT_BAL,SEX,EDUCATION,MARRIAGE,AGE,PAY_0,PAY_2,PAY_3,PAY_4,PAY_5,PAY_6,BILL_AMT1,BILL_AMT2,BILL_AMT3,BILL_AMT4,BILL_AMT5,BILL_AMT6,PAY_AMT1,PAY_AMT2,PAY_AMT3,PAY_AMT4,PAY_AMT5,PAY_AMT6
0.0379746835443038,1.0,0.3333333333333333,0.3333333333333333,0.2962962962962963,0.4,0.4444444444444444,0.4,0.4,0.4,0.2,0.06415281521119774,0.07679334122369166,0.11845061146608257,0.11793507248461313,0.17758976219187395,0.4305889025206204,0.0030403885211144847,0.0,0.007621991284647207,0.0,0.0028345328561010744,0.005947955390334572
