LIMIT_BAL,SEX,EDUCATION,MARRIAGE,AGE,PAY_0,PAY_2,PAY_3,PAY_4,PAY_5,PAY_6,BILL_AMT1,BILL_AMT2,BILL_AMT3,BILL_AMT4,BILL_AMT5,BILL_AMT6,PAY_AMT1,PAY_AMT2,PAY_AMT3,PAY_AMT4,PAY_AMT5,PAY_AMT6
0.08860759493670886,0.0,0.3333333333333333,0.6666666666666666,0.11111111111111116,0.2,0.2222222222222222,0.2,0.2,0.4,0.2,0.09611070908882564,0.10360726599084033,0.1535209849481463,0.1495028856007623,0.2117675316908658,0.4554998177878863,0.010160978437564607,0.0040747073137736515,0.010513091427099596,0.0,0.005158849798103955,0.004193308550185874
