LIMIT_BAL,SEX,EDUCATION,MARRIAGE,AGE,PAY_0,PAY_2,PAY_3,PAY_4,PAY_5,PAY_6,BILL_AMT1,BILL_AMT2,BILL_AMT3,BILL_AMT4,BILL_AMT5,BILL_AMT6,PAY_AMT1,PAY_AMT2,PAY_AMT3,PAY_AMT4,PAY_AMT5,PAY_AMT6
0.012658227848101266,1.0,0.16666666666666666,0.6666666666666666,0.09259259259259262,0.0,0.0,0.0,0.0,0.0,0.0,0.02559896524172876,0.054392013585138684,0.0761373896365206,0.07583466676255371,0.13289738989487032,0.39886641801450895,0.0181004463290349,0.0,0.0,0.0,0.0020357099602907715,0.0
