LIMIT_BAL,SEX,EDUCATION,MARRIAGE,AGE,PAY_0,PAY_2,PAY_3,PAY_4,PAY_5,PAY_6,BILL_AMT1,BILL_AMT2,BILL_AMT3,BILL_AMT4,BILL_AMT5,BILL_AMT6,PAY_AMT1,PAY_AMT2,PAY_AMT3,PAY_AMT4,PAY_AMT5,PAY_AMT6
0.0,1.0,0.8333333333333333,0.6666666666666666,0.05555555555555558,0.1,0.2222222222222222,0.2,0.2,0.2,0.0,0.033042569189256216,0.04879071682190089,0.08296923770176566,0.07970460797180921,0.13289738989487032,0.3979407101702482,0.0030403885211144847,0.0016298829255094608,0.0015322830754997661,0.0,0.0,0.0
