LIMIT_BAL,SEX,EDUCATION,MARRIAGE,AGE,PAY_0,PAY_2,PAY_3,PAY_4,PAY_5,PAY_6,BILL_AMT1,BILL_AMT2,BILL_AMT3,BILL_AMT4,BILL_AMT5,BILL_AMT6,PAY_AMT1,PAY_AMT2,PAY_AMT3,PAY_AMT4,PAY_AMT5,PAY_AMT6
0.05063291139240507,1.0,0.3333333333333333,0.6666666666666666,0.05555555555555558,0.2,0.2222222222222222,0.1,0.1,0.2,0.2,0.17635941524855706,0.0941529871867442,0.0875727709837102,0.10131365251733458,0.16126802678405114,0.4186894554845846,0.00405385136148598,0.005658138575906093,0.04469640820231393,0.0015748188958269798,0.0016311448162836181,0.0016282527881040893
