LIMIT_BAL,SEX,EDUCATION,MARRIAGE,AGE,PAY_0,PAY_2,PAY_3,PAY_4,PAY_5,PAY_6,BILL_AMT1,BILL_AMT2,BILL_AMT3,BILL_AMT4,BILL_AMT5,BILL_AMT6,PAY_AMT1,PAY_AMT2,PAY_AMT3,PAY_AMT4,PAY_AMT5,PAY_AMT6
0.26582278481012656,1.0,0.16666666666666666,0.3333333333333333,0.4814814814814815,0.1,0.1111111111111111,0.1,0.1,0.1,0.1,0.028970720045459038,0.04831472237945763,0.12692646066034047,0.07725649185259764,0.13838589817746885,0.39866604327859934,0.008525249413205016,0.025079823516276828,0.002494230941079379,0.008396534398544167,0.0015950689435696044,0.01645848822800496
