LIMIT_BAL,SEX,EDUCATION,MARRIAGE,AGE,PAY_0,PAY_2,PAY_3,PAY_4,PAY_5,PAY_6,BILL_AMT1,BILL_AMT2,BILL_AMT3,BILL_AMT4,BILL_AMT5,BILL_AMT6,PAY_AMT1,PAY_AMT2,PAY_AMT3,PAY_AMT4,PAY_AMT5,PAY_AMT6
0.1139240506329114,0.0,0.3333333333333333,0.6666666666666666,0.537037037037037,0.2,0.2222222222222222,0.2,0.2,0.2,0.2,0.18801143382774227,0.16688107857767714,0.2103199034727048,0.17536991424102408,0.23906464969297686,0.4763926922982279,0.00810770272297196,0.002444824388264191,0.007884818570324697,0.0074991375991760945,0.0077305441530029296,0.007434944237918216
