LIMIT_BAL,SEX,EDUCATION,MARRIAGE,AGE,PAY_0,PAY_2,PAY_3,PAY_4,PAY_5,PAY_6,BILL_AMT1,BILL_AMT2,BILL_AMT3,BILL_AMT4,BILL_AMT5,BILL_AMT6,PAY_AMT1,PAY_AMT2,PAY_AMT3,PAY_AMT4,PAY_AMT5,PAY_AMT6
0.2531645569620253,1.0,0.5,0.3333333333333333,0.12962962962962965,0.2,0.2222222222222222,0.2,0.2,0.2,0.2,0.08306321098426044,0.09307749704111563,0.14224901335173207,0.1373881567513469,0.20220389996176508,0.44915578959949654,0.00405385136148598,0.0016298829255094608,0.005256545713549798,0.004999425066117396,0.005153696102001953,0.004956629491945477
