LIMIT_BAL,SEX,EDUCATION,MARRIAGE,AGE,PAY_0,PAY_2,PAY_3,PAY_4,PAY_5,PAY_6,BILL_AMT1,BILL_AMT2,BILL_AMT3,BILL_AMT4,BILL_AMT5,BILL_AMT6,PAY_AMT1,PAY_AMT2,PAY_AMT3,PAY_AMT4,PAY_AMT5,PAY_AMT6
0.025316455696202535,1.0,0.3333333333333333,0.6666666666666666,0.018518518518518545,0.2,0.2222222222222222,0.2,0.4,0.2,0.2,0.06710859467834118,0.08021149590902074,0.1254673271281644,0.11837255712770356,0.16984474008424755,0.42459875252079615,0.00405385136148598,0.0014668946329585146,0.0,0.002499712533058698,0.0025768480510009765,0.0
