LIMIT_BAL,SEX,EDUCATION,MARRIAGE,AGE,PAY_0,PAY_2,PAY_3,PAY_4,PAY_5,PAY_6,BILL_AMT1,BILL_AMT2,BILL_AMT3,BILL_AMT4,BILL_AMT5,BILL_AMT6,PAY_AMT1,PAY_AMT2,PAY_AMT3,PAY_AMT4,PAY_AMT5,PAY_AMT6
0.08860759493670886,0.0,0.3333333333333333,0.6666666666666666,0.09259259259259262,0.2,0.2222222222222222,0.2,0.2,0.2,0.2,0.07659911122552612,0.08909844079658313,0.12564724291437165,0.11673198971611441,0.16806697973549278,0.4248975569515386,0.010134628403714948,0.0010740928479107347,0.0031539274281298787,0.004999425066117396,0.005153696102001953,0.004956629491945477
