LIMIT_BAL,SEX,EDUCATION,MARRIAGE,AGE,PAY_0,PAY_2,PAY_3,PAY_4,PAY_5,PAY_6,BILL_AMT1,BILL_AMT2,BILL_AMT3,BILL_AMT4,BILL_AMT5,BILL_AMT6,PAY_AMT1,PAY_AMT2,PAY_AMT3,PAY_AMT4,PAY_AMT5,PAY_AMT6
0.35443037974683544,1.0,0.5,0.3333333333333333,0.5185185185185185,0.2,0.2222222222222222,0.2,0.1,0.1,0.2,0.28931791032827514,0.25764164050841354,0.32883158726988526,0.08153395300336204,0.38654359597781723,0.571367973555222,0.015404635173646722,0.006129174741378327,0.009997949947171715,0.40219624743154536,0.013394456169103076,0.014869888475836432
