LIMIT_BAL,SEX,EDUCATION,MARRIAGE,AGE,PAY_0,PAY_2,PAY_3,PAY_4,PAY_5,PAY_6,BILL_AMT1,BILL_AMT2,BILL_AMT3,BILL_AMT4,BILL_AMT5,BILL_AMT6,PAY_AMT1,PAY_AMT2,PAY_AMT3,PAY_AMT4,PAY_AMT5,PAY_AMT6
0.1772151898734177,1.0,0.16666666666666666,0.6666666666666666,0.12962962962962965,0.1,0.4444444444444444,0.1,0.4,0.2,0.1,0.025661753971779604,0.043094221170174446,0.0912783759381618,0.07627814434596046,0.13313921758937006,0.39846332497852704,0.0,0.007475458037849141,0.0,0.0,0.0011492742307464355,0.0
