LIMIT_BAL,SEX,EDUCATION,MARRIAGE,AGE,PAY_0,PAY_2,PAY_3,PAY_4,PAY_5,PAY_6,BILL_AMT1,BILL_AMT2,BILL_AMT3,BILL_AMT4,BILL_AMT5,BILL_AMT6,PAY_AMT1,PAY_AMT2,PAY_AMT3,PAY_AMT4,PAY_AMT5,PAY_AMT6
0.012658227848101266,0.0,0.3333333333333333,0.3333333333333333,0.2962962962962963,0.2,0.2222222222222222,0.1,0.1,0.0,0.1,0.051058225559094395,0.061737765656357746,0.10815909837432058,0.07583466676255371,0.13289738989487032,0.4186414124192495,0.00405385136148598,0.01580986437744177,0.0,0.0,0.045522597668983256,0.0
