LIMIT_BAL,SEX,EDUCATION,MARRIAGE,AGE,PAY_0,PAY_2,PAY_3,PAY_4,PAY_5,PAY_6,BILL_AMT1,BILL_AMT2,BILL_AMT3,BILL_AMT4,BILL_AMT5,BILL_AMT6,PAY_AMT1,PAY_AMT2,PAY_AMT3,PAY_AMT4,PAY_AMT5,PAY_AMT6
0.2911392405063291,1.0,0.16666666666666666,0.3333333333333333,0.2592592592592593,0.1,0.1111111111111111,0.1,0.2,0.1,0.2,0.029780694663114917,0.050326763752379974,0.09332347372816871,0.08269358695456752,0.14258356944212966,0.4045249536853132,0.01169536117788705,0.00849169004190429,0.003022513785291134,0.014818295895971962,0.009325613096572535,0.032780669144981414
