LIMIT_BAL,SEX,EDUCATION,MARRIAGE,AGE,PAY_0,PAY_2,PAY_3,PAY_4,PAY_5,PAY_6,BILL_AMT1,BILL_AMT2,BILL_AMT3,BILL_AMT4,BILL_AMT5,BILL_AMT6,PAY_AMT1,PAY_AMT2,PAY_AMT3,PAY_AMT4,PAY_AMT5,PAY_AMT6
0.06329113924050633,1.0,0.3333333333333333,0.6666666666666666,0.5555555555555556,0.2,0.2222222222222222,0.2,0.2,0.2,0.2,0.08491547852076031,0.06638321412031081,0.10797588138102698,0.10435057502262335,0.1668725470011732,0.42551274254424354,0.004185601530734274,0.0016298829255094608,0.005256545713549798,0.004999425066117396,0.0077305441530029296,0.007434944237918216
