LIMIT_BAL,SEX,EDUCATION,MARRIAGE,AGE,PAY_0,PAY_2,PAY_3,PAY_4,PAY_5,PAY_6,BILL_AMT1,BILL_AMT2,BILL_AMT3,BILL_AMT4,BILL_AMT5,BILL_AMT6,PAY_AMT1,PAY_AMT2,PAY_AMT3,PAY_AMT4,PAY_AMT5,PAY_AMT6
0.05063291139240507,0.0,0.16666666666666666,0.6666666666666666,0.11111111111111116,0.2,0.2222222222222222,0.2,0.2,0.2,0.2,0.09810268154968864,0.10488859157103897,0.1578076023497992,0.15030294313298934,0.1645637461070643,0.41979796133353486,0.003603873860361036,0.0016910035352160654,0.0034167547138073684,0.0017497987731410886,0.001744526130527661,0.0017125154894671625
