LIMIT_BAL,SEX,EDUCATION,MARRIAGE,AGE,PAY_0,PAY_2,PAY_3,PAY_4,PAY_5,PAY_6,BILL_AMT1,BILL_AMT2,BILL_AMT3,BILL_AMT4,BILL_AMT5,BILL_AMT6,PAY_AMT1,PAY_AMT2,PAY_AMT3,PAY_AMT4,PAY_AMT5,PAY_AMT6
0.24050632911392406,0.0,0.5,0.6666666666666666,0.12962962962962965,0.2,0.2222222222222222,0.2,0.2,0.2,0.2,0.1098347557596887,0.10227062213760099,0.14892075287328813,0.11397074246537578,0.16173861040578036,0.4201975390232727,0.02229618248817289,0.002444824388264191,0.007884818570324697,0.004999425066117396,0.0077305441530029296,0.024783147459727387
