LIMIT_BAL,SEX,EDUCATION,MARRIAGE,AGE,PAY_0,PAY_2,PAY_3,PAY_4,PAY_5,PAY_6,BILL_AMT1,BILL_AMT2,BILL_AMT3,BILL_AMT4,BILL_AMT5,BILL_AMT6,PAY_AMT1,PAY_AMT2,PAY_AMT3,PAY_AMT4,PAY_AMT5,PAY_AMT6
0.05063291139240507,1.0,0.16666666666666666,0.3333333333333333,0.20370370370370372,0.4,0.2222222222222222,0.2,0.1,0.2,0.1,0.099152823059789,0.10622780836721044,0.14643494393725065,0.07679203897808382,0.14047738094070975,0.40064987034231264,0.005067314201857474,0.002444824388264191,0.018397909997424293,0.009998850132234793,0.006217934347065356,0.004956629491945477
