LIMIT_BAL,SEX,EDUCATION,MARRIAGE,AGE,PAY_0,PAY_2,PAY_3,PAY_4,PAY_5,PAY_6,BILL_AMT1,BILL_AMT2,BILL_AMT3,BILL_AMT4,BILL_AMT5,BILL_AMT6,PAY_AMT1,PAY_AMT2,PAY_AMT3,PAY_AMT4,PAY_AMT5,PAY_AMT6
0.05063291139240507,0.0,0.3333333333333333,0.3333333333333333,0.40740740740740744,0.2,0.2222222222222222,0.2,0.2,0.2,0.2,0.03692291270639833,0.053239335151546344,0.09106544808109085,0.08965588536703763,0.14828449394286985,0.4092097384465216,0.0023106952760470084,0.0009371826821679399,0.0008699583155924915,0.000852401973773016,0.0009173579061563477,0.0008178438661710038
