LIMIT_BAL,SEX,EDUCATION,MARRIAGE,AGE,PAY_0,PAY_2,PAY_3,PAY_4,PAY_5,PAY_6,BILL_AMT1,BILL_AMT2,BILL_AMT3,BILL_AMT4,BILL_AMT5,BILL_AMT6,PAY_AMT1,PAY_AMT2,PAY_AMT3,PAY_AMT4,PAY_AMT5,PAY_AMT6
0.05063291139240507,0.0,0.5,0.6666666666666666,0.33333333333333337,0.1,0.1111111111111111,0.1,0.2,0.2,0.2,0.0244028399342602,0.04270827973035558,0.15579056482002646,0.14843164751922236,0.21164661784361594,0.4551564856380529,0.0,0.03976832844096809,0.004659927775061896,0.004277008144063433,0.0045996737710367434,0.004324659231722429
