LIMIT_BAL,SEX,EDUCATION,MARRIAGE,AGE,PAY_0,PAY_2,PAY_3,PAY_4,PAY_5,PAY_6,BILL_AMT1,BILL_AMT2,BILL_AMT3,BILL_AMT4,BILL_AMT5,BILL_AMT6,PAY_AMT1,PAY_AMT2,PAY_AMT3,PAY_AMT4,PAY_AMT5,PAY_AMT6
0.1772151898734177,1.0,0.3333333333333333,0.3333333333333333,0.16666666666666674,0.1,0.1111111111111111,0.4,0.1,0.1,0.1,0.025121770893342353,0.044694591673956674,0.07728620970257775,0.0768774383775912,0.13432384649823695,0.3995718308274773,0.0028214805475942416,0.0,0.0018292779083153297,0.0021822490413602436,0.0035869724869933596,0.001724907063197026
