LIMIT_BAL,SEX,EDUCATION,MARRIAGE,AGE,PAY_0,PAY_2,PAY_3,PAY_4,PAY_5,PAY_6,BILL_AMT1,BILL_AMT2,BILL_AMT3,BILL_AMT4,BILL_AMT5,BILL_AMT6,PAY_AMT1,PAY_AMT2,PAY_AMT3,PAY_AMT4,PAY_AMT5,PAY_AMT6
0.36708860759493667,0.0,0.16666666666666666,0.6666666666666666,0.4444444444444444,0.2,0.2222222222222222,0.2,0.2,0.2,0.2,0.12181641517164084,0.12582977409561058,0.16929580301037075,0.1561955016989986,0.22436871533939212,0.4662204520500913,0.006080777042228969,0.002444824388264191,0.007884818570324697,0.0074991375991760945,0.0077305441530029296,0.007434944237918216
