LIMIT_BAL,SEX,EDUCATION,MARRIAGE,AGE,PAY_0,PAY_2,PAY_3,PAY_4,PAY_5,PAY_6,BILL_AMT1,BILL_AMT2,BILL_AMT3,BILL_AMT4,BILL_AMT5,BILL_AMT6,PAY_AMT1,PAY_AMT2,PAY_AMT3,PAY_AMT4,PAY_AMT5,PAY_AMT6
0.025316455696202535,0.0,0.3333333333333333,0.6666666666666666,0.07407407407407407,0.2,0.2222222222222222,0.2,0.2,0.2,0.2,0.03363906212473923,0.052114959090207386,0.08964757963749445,0.08974727770686132,0.14839233602284946,0.40940073892578044,0.0026350033849658868,0.0010594239015811495,0.0036795819994848585,0.001249856266529349,0.001546108830600586,0.001486988847583643
