LIMIT_BAL,SEX,EDUCATION,MARRIAGE,AGE,PAY_0,PAY_2,PAY_3,PAY_4,PAY_5,PAY_6,BILL_AMT1,BILL_AMT2,BILL_AMT3,BILL_AMT4,BILL_AMT5,BILL_AMT6,PAY_AMT1,PAY_AMT2,PAY_AMT3,PAY_AMT4,PAY_AMT5,PAY_AMT6
0.1139240506329114,1.0,0.5,0.3333333333333333,0.33333333333333337,0.1,0.1111111111111111,0.2,0.1,0.1,0.1,0.024625739925940693,0.04464956517264448,0.07940063284139846,0.07640399609260291,0.13351829884020747,0.39940895311817065,0.002750538148768237,0.0008149414627547304,0.0009987436855744616,0.0009498907625623053,0.0032287906079042235,0.006032218091697646
