LIMIT_BAL,SEX,EDUCATION,MARRIAGE,AGE,PAY_0,PAY_2,PAY_3,PAY_4,PAY_5,PAY_6,BILL_AMT1,BILL_AMT2,BILL_AMT3,BILL_AMT4,BILL_AMT5,BILL_AMT6,PAY_AMT1,PAY_AMT2,PAY_AMT3,PAY_AMT4,PAY_AMT5,PAY_AMT6
0.0379746835443038,1.0,0.3333333333333333,0.3333333333333333,0.37037037037037035,0.2,0.2222222222222222,0.2,0.2,0.2,0.2,0.05850025978837059,0.07054237637009211,0.08793095195258147,0.07946638859423599,0.13424051398188908,0.3979407101702482,0.0023836646005537558,0.0008548735944297122,0.002628272856774899,0.0,0.0,0.0
