LIMIT_BAL,SEX,EDUCATION,MARRIAGE,AGE,PAY_0,PAY_2,PAY_3,PAY_4,PAY_5,PAY_6,BILL_AMT1,BILL_AMT2,BILL_AMT3,BILL_AMT4,BILL_AMT5,BILL_AMT6,PAY_AMT1,PAY_AMT2,PAY_AMT3,PAY_AMT4,PAY_AMT5,PAY_AMT6
0.025316455696202535,0.0,0.3333333333333333,0.3333333333333333,0.38888888888888884,0.2,0.2222222222222222,0.2,0.4,0.2,0.2,0.06220008570661652,0.07944089950084908,0.12715754515638644,0.12101394557211605,0.1825521318418447,0.4335839775205325,0.009102923232216767,0.002444824388264191,0.0,0.0026696929853066895,0.005815946051109204,0.0
