LIMIT_BAL,SEX,EDUCATION,MARRIAGE,AGE,PAY_0,PAY_2,PAY_3,PAY_4,PAY_5,PAY_6,BILL_AMT1,BILL_AMT2,BILL_AMT3,BILL_AMT4,BILL_AMT5,BILL_AMT6,PAY_AMT1,PAY_AMT2,PAY_AMT3,PAY_AMT4,PAY_AMT5,PAY_AMT6
0.08860759493670886,0.0,0.3333333333333333,0.6666666666666666,0.11111111111111116,0.2,0.2222222222222222,0.2,0.2,0.2,0.2,0.08402387855403834,0.08659496732362476,0.12779632872759925,0.11730431551632177,0.14546099221249464,0.4082547360502272,0.006080777042228969,0.0008149414627547304,0.0019186391854456762,0.0050369207541132765,0.0025768480510009765,0.004956629491945477
