LIMIT_BAL,SEX,EDUCATION,MARRIAGE,AGE,PAY_0,PAY_2,PAY_3,PAY_4,PAY_5,PAY_6,BILL_AMT1,BILL_AMT2,BILL_AMT3,BILL_AMT4,BILL_AMT5,BILL_AMT6,PAY_AMT1,PAY_AMT2,PAY_AMT3,PAY_AMT4,PAY_AMT5,PAY_AMT6
0.2531645569620253,1.0,0.3333333333333333,0.3333333333333333,0.2222222222222222,0.2,0.2222222222222222,0.2,0.2,0.2,0.2,0.03527784797906624,0.05319173570730201,0.0906494959882081,0.08960194890419086,0.140093397777146,0.4046292422905527,0.0030403885211144847,0.0012224121941320956,0.002628272856774899,0.001249856266529349,0.005153696102001953,0.0013531598513011154
