LIMIT_BAL,SEX,EDUCATION,MARRIAGE,AGE,PAY_0,PAY_2,PAY_3,PAY_4,PAY_5,PAY_6,BILL_AMT1,BILL_AMT2,BILL_AMT3,BILL_AMT4,BILL_AMT5,BILL_AMT6,PAY_AMT1,PAY_AMT2,PAY_AMT3,PAY_AMT4,PAY_AMT5,PAY_AMT6
0.0759493670886076,0.0,0.16666666666666666,0.6666666666666666,0.12962962962962965,0.2,0.2222222222222222,0.2,0.2,0.2,0.2,0.13054561836695933,0.13258503576390676,0.18333913795579354,0.11482173999029144,0.17958810861331426,0.42308715363586397,0.006080777042228969,0.0012224121941320956,0.036688060807720815,0.0074991375991760945,0.0038652720765014648,0.009913258983890954
