LIMIT_BAL,SEX,EDUCATION,MARRIAGE,AGE,PAY_0,PAY_2,PAY_3,PAY_4,PAY_5,PAY_6,BILL_AMT1,BILL_AMT2,BILL_AMT3,BILL_AMT4,BILL_AMT5,BILL_AMT6,PAY_AMT1,PAY_AMT2,PAY_AMT3,PAY_AMT4,PAY_AMT5,PAY_AMT6
0.22784810126582275,0.0,0.3333333333333333,0.6666666666666666,0.2777777777777778,0.2,0.2222222222222222,0.2,0.2,0.2,0.2,0.26648164920878353,0.2261089384037462,0.27303788630312675,0.22530908589681356,0.2991719035434293,0.5211535960234402,0.012518293004268705,0.0040747073137736515,0.01002686094859624,0.009033961094474135,0.012884240255004883,0.012391573729863693
