LIMIT_BAL,SEX,EDUCATION,MARRIAGE,AGE,PAY_0,PAY_2,PAY_3,PAY_4,PAY_5,PAY_6,BILL_AMT1,BILL_AMT2,BILL_AMT3,BILL_AMT4,BILL_AMT5,BILL_AMT6,PAY_AMT1,PAY_AMT2,PAY_AMT3,PAY_AMT4,PAY_AMT5,PAY_AMT6
0.26582278481012656,1.0,0.5,0.6666666666666666,0.462962962962963,0.2,0.2222222222222222,0.2,0.2,0.2,0.2,0.3603790555633169,0.3184750167241291,0.42562462964583003,0.1971392699400107,0.2619680199213733,0.48879717741132245,0.02229618248817289,0.008149414627547303,0.02628272856774899,0.014998275198352189,0.015461088306005859,0.012391573729863693
