LIMIT_BAL,SEX,EDUCATION,MARRIAGE,AGE,PAY_0,PAY_2,PAY_3,PAY_4,PAY_5,PAY_6,BILL_AMT1,BILL_AMT2,BILL_AMT3,BILL_AMT4,BILL_AMT5,BILL_AMT6,PAY_AMT1,PAY_AMT2,PAY_AMT3,PAY_AMT4,PAY_AMT5,PAY_AMT6
0.34177215189873417,0.0,0.16666666666666666,0.6666666666666666,0.20370370370370372,0.0,0.0,0.0,0.0,0.0,0.0,0.030278295348767848,0.04464055987238203,0.0823023938703187,0.09674403552615018,0.14255579193668036,0.399529646672549,0.002746484297406751,0.0030592902511812578,0.036861526816267955,0.03204631467381251,0.0035096670454633303,0.013070631970260224
