LIMIT_BAL,SEX,EDUCATION,MARRIAGE,AGE,PAY_0,PAY_2,PAY_3,PAY_4,PAY_5,PAY_6,BILL_AMT1,BILL_AMT2,BILL_AMT3,BILL_AMT4,BILL_AMT5,BILL_AMT6,PAY_AMT1,PAY_AMT2,PAY_AMT3,PAY_AMT4,PAY_AMT5,PAY_AMT6
0.08860759493670886,0.0,0.16666666666666666,0.3333333333333333,0.462962962962963,0.4,0.4444444444444444,0.4,0.4,0.4,0.4,0.08761696363119784,0.09507152781351311,0.14643989574788022,0.1407022527462649,0.20461564102312724,0.4483976465928678,0.00202692568074299,0.002444824388264191,0.004468063856517328,0.003999540052893917,0.0,0.008674101610904586
