LIMIT_BAL,SEX,EDUCATION,MARRIAGE,AGE,PAY_0,PAY_2,PAY_3,PAY_4,PAY_5,PAY_6,BILL_AMT1,BILL_AMT2,BILL_AMT3,BILL_AMT4,BILL_AMT5,BILL_AMT6,PAY_AMT1,PAY_AMT2,PAY_AMT3,PAY_AMT4,PAY_AMT5,PAY_AMT6
0.05063291139240507,0.0,0.16666666666666666,0.6666666666666666,0.12962962962962965,0.2,0.2222222222222222,0.2,0.2,0.2,0.2,0.09002962058340148,0.10382596614007103,0.15445027474295978,0.1502984484277521,0.21307307444698254,0.3979407101702482,0.02229618248817289,0.0040747073137736515,0.013141364283874494,0.0787584427790804,0.0,0.0
