LIMIT_BAL,SEX,EDUCATION,MARRIAGE,AGE,PAY_0,PAY_2,PAY_3,PAY_4,PAY_5,PAY_6,BILL_AMT1,BILL_AMT2,BILL_AMT3,BILL_AMT4,BILL_AMT5,BILL_AMT6,PAY_AMT1,PAY_AMT2,PAY_AMT3,PAY_AMT4,PAY_AMT5,PAY_AMT6
0.0,0.0,0.3333333333333333,0.6666666666666666,0.03703703703703709,0.1,0.2222222222222222,0.1,0.1,0.1,0.2,0.03158273121557412,0.04685586373694232,0.0803117659972369,0.07641897844339368,0.14838416616830555,0.4075141697748186,0.0024242031141686157,0.0020658766080832417,0.0010250264141422106,0.023692275388330342,0.0,0.00236183395291202
