LIMIT_BAL,SEX,EDUCATION,MARRIAGE,AGE,PAY_0,PAY_2,PAY_3,PAY_4,PAY_5,PAY_6,BILL_AMT1,BILL_AMT2,BILL_AMT3,BILL_AMT4,BILL_AMT5,BILL_AMT6,PAY_AMT1,PAY_AMT2,PAY_AMT3,PAY_AMT4,PAY_AMT5,PAY_AMT6
0.18987341772151897,1.0,0.16666666666666666,0.6666666666666666,0.11111111111111116,0.2,0.2222222222222222,0.2,0.2,0.2,0.1,0.27433651933814396,0.23419055215355325,0.2710439572229586,0.24483858015258025,0.23286046215233186,0.5139002649399286,0.020269256807429897,0.008149414627547303,0.013199186286723542,0.019997700264469585,0.2572261261470195,0.012391573729863693
