LIMIT_BAL,SEX,EDUCATION,MARRIAGE,AGE,PAY_0,PAY_2,PAY_3,PAY_4,PAY_5,PAY_6,BILL_AMT1,BILL_AMT2,BILL_AMT3,BILL_AMT4,BILL_AMT5,BILL_AMT6,PAY_AMT1,PAY_AMT2,PAY_AMT3,PAY_AMT4,PAY_AMT5,PAY_AMT6
0.012658227848101266,0.0,0.3333333333333333,0.3333333333333333,0.37037037037037035,0.4,0.4444444444444444,0.5,0.4,0.4,0.4,0.05104880724958677,0.0673995265785005,0.10658937440475111,0.10258865056962897,0.16350983487089996,0.42052915335229274,0.004864621633783176,0.0,0.0,0.0032996205436374815,0.0025768480510009765,0.0
