LIMIT_BAL,SEX,EDUCATION,MARRIAGE,AGE,PAY_0,PAY_2,PAY_3,PAY_4,PAY_5,PAY_6,BILL_AMT1,BILL_AMT2,BILL_AMT3,BILL_AMT4,BILL_AMT5,BILL_AMT6,PAY_AMT1,PAY_AMT2,PAY_AMT3,PAY_AMT4,PAY_AMT5,PAY_AMT6
0.34177215189873417,0.0,0.3333333333333333,0.3333333333333333,0.33333333333333337,0.4,0.2222222222222222,0.2,0.2,0.2,0.2,0.22895439497564582,0.21266016569752486,0.2988203136476853,0.28450884857637704,0.360326532746411,0.7159483056616994,0.010134628403714948,0.0040747073137736515,0.01730717676186271,0.016020657624373196,0.015579623316351904,0.007566294919454771
