LIMIT_BAL,SEX,EDUCATION,MARRIAGE,AGE,PAY_0,PAY_2,PAY_3,PAY_4,PAY_5,PAY_6,BILL_AMT1,BILL_AMT2,BILL_AMT3,BILL_AMT4,BILL_AMT5,BILL_AMT6,PAY_AMT1,PAY_AMT2,PAY_AMT3,PAY_AMT4,PAY_AMT5,PAY_AMT6
0.13924050632911392,0.0,0.16666666666666666,0.3333333333333333,0.6111111111111112,0.1,0.1111111111111111,0.1,0.1,0.2,0.1,0.0246414371084534,0.043405547264961666,0.07678112501836297,0.07864835224106002,0.1335346385492953,0.39903046750589694,0.000790501015489766,0.00031782717047434484,0.00493589642502326,0.0,0.0023964686874309083,0.0
