LIMIT_BAL,SEX,EDUCATION,MARRIAGE,AGE,PAY_0,PAY_2,PAY_3,PAY_4,PAY_5,PAY_6,BILL_AMT1,BILL_AMT2,BILL_AMT3,BILL_AMT4,BILL_AMT5,BILL_AMT6,PAY_AMT1,PAY_AMT2,PAY_AMT3,PAY_AMT4,PAY_AMT5,PAY_AMT6
0.20253164556962022,1.0,0.5,0.3333333333333333,0.35185185185185186,0.2,0.2222222222222222,0.2,0.2,0.2,0.2,0.2850812407680945,0.26130036535789636,0.35416670105424053,0.3330276933772016,0.3161145478965892,0.5321812371909571,0.01581002030979532,0.006601025848313316,0.02102618285419919,0.010748763892152402,0.011338131424404298,0.011152416356877325
