LIMIT_BAL,SEX,EDUCATION,MARRIAGE,AGE,PAY_0,PAY_2,PAY_3,PAY_4,PAY_5,PAY_6,BILL_AMT1,BILL_AMT2,BILL_AMT3,BILL_AMT4,BILL_AMT5,BILL_AMT6,PAY_AMT1,PAY_AMT2,PAY_AMT3,PAY_AMT4,PAY_AMT5,PAY_AMT6
0.4430379746835443,0.0,0.16666666666666666,0.6666666666666666,0.12962962962962965,0.1,0.1111111111111111,0.1,0.2,0.2,0.1,0.025928606074495687,0.043958729995368706,0.18283900508220832,0.26458831496497126,0.3070525452364846,0.5450661529574021,0.000790501015489766,0.06170736755978818,0.16431961900556669,0.042495113061997866,0.3406593123423291,0.4138785625774474
