LIMIT_BAL,SEX,EDUCATION,MARRIAGE,AGE,PAY_0,PAY_2,PAY_3,PAY_4,PAY_5,PAY_6,BILL_AMT1,BILL_AMT2,BILL_AMT3,BILL_AMT4,BILL_AMT5,BILL_AMT6,PAY_AMT1,PAY_AMT2,PAY_AMT3,PAY_AMT4,PAY_AMT5,PAY_AMT6
0.08860759493670886,1.0,0.16666666666666666,0.6666666666666666,0.07407407407407407,0.0,0.0,0.0,0.0,0.0,0.0,0.031771097405726645,0.04629753512067103,0.08099016405348616,0.0802484673055141,0.14859331444462964,0.40139278018188396,0.005347029945800007,0.002395927900498907,0.007742891836058852,0.024012238592561855,0.007591394358248877,0.00828996282527881
