LIMIT_BAL,SEX,EDUCATION,MARRIAGE,AGE,PAY_0,PAY_2,PAY_3,PAY_4,PAY_5,PAY_6,BILL_AMT1,BILL_AMT2,BILL_AMT3,BILL_AMT4,BILL_AMT5,BILL_AMT6,PAY_AMT1,PAY_AMT2,PAY_AMT3,PAY_AMT4,PAY_AMT5,PAY_AMT6
0.025316455696202535,1.0,0.3333333333333333,0.3333333333333333,0.2592592592592593,0.30000000000000004,0.0,0.1,0.2,0.1,0.2,0.024029246990457682,0.04290382339319714,0.09660982538265117,0.10257666468899636,0.1409610363297092,0.40554674766024407,0.0,0.01010771896254692,0.02196973280978138,0.012336081350644675,0.0077305441530029296,0.0024783147459727386
