LIMIT_BAL,SEX,EDUCATION,MARRIAGE,AGE,PAY_0,PAY_2,PAY_3,PAY_4,PAY_5,PAY_6,BILL_AMT1,BILL_AMT2,BILL_AMT3,BILL_AMT4,BILL_AMT5,BILL_AMT6,PAY_AMT1,PAY_AMT2,PAY_AMT3,PAY_AMT4,PAY_AMT5,PAY_AMT6
0.012658227848101266,0.0,0.3333333333333333,0.3333333333333333,0.20370370370370372,0.2,0.2222222222222222,0.2,0.2,0.2,0.2,0.06021910127351242,0.07386919158133073,0.11770453866456271,0.11473034765046775,0.17781688414819463,0.44493620232458125,0.0028376959530401857,0.0012224121941320956,0.003351047892387996,0.00451198112217095,0.005153696102001953,0.006760842627013631
