LIMIT_BAL,SEX,EDUCATION,MARRIAGE,AGE,PAY_0,PAY_2,PAY_3,PAY_4,PAY_5,PAY_6,BILL_AMT1,BILL_AMT2,BILL_AMT3,BILL_AMT4,BILL_AMT5,BILL_AMT6,PAY_AMT1,PAY_AMT2,PAY_AMT3,PAY_AMT4,PAY_AMT5,PAY_AMT6
0.36708860759493667,1.0,0.5,0.6666666666666666,0.14814814814814814,0.0,0.0,0.0,0.0,0.0,0.0,0.02380948643527973,0.07904337981783564,0.08203334549277944,0.0761268226029737,0.13323888981480575,0.3991007744307775,0.057224165818736086,0.0029248249098267273,0.0005125132070711053,0.0005249396319423266,0.0025613869626949707,0.0
