LIMIT_BAL,SEX,EDUCATION,MARRIAGE,AGE,PAY_0,PAY_2,PAY_3,PAY_4,PAY_5,PAY_6,BILL_AMT1,BILL_AMT2,BILL_AMT3,BILL_AMT4,BILL_AMT5,BILL_AMT6,PAY_AMT1,PAY_AMT2,PAY_AMT3,PAY_AMT4,PAY_AMT5,PAY_AMT6
0.13924050632911392,1.0,0.3333333333333333,0.6666666666666666,0.16666666666666674,0.0,0.0,0.0,0.0,0.0,0.0,0.028236091903864176,0.06190500694694592,0.08904015753360217,0.07645793255544968,0.13333856204024144,0.3979407101702482,0.029937692304573958,0.006382621536295048,0.001093361508418358,0.0006749223839258485,0.0,0.0
