LIMIT_BAL,SEX,EDUCATION,MARRIAGE,AGE,PAY_0,PAY_2,PAY_3,PAY_4,PAY_5,PAY_6,BILL_AMT1,BILL_AMT2,BILL_AMT3,BILL_AMT4,BILL_AMT5,BILL_AMT6,PAY_AMT1,PAY_AMT2,PAY_AMT3,PAY_AMT4,PAY_AMT5,PAY_AMT6
0.06329113924050633,1.0,0.3333333333333333,0.6666666666666666,0.05555555555555558,0.2,0.2222222222222222,0.2,0.2,0.2,0.2,0.06841616998165,0.07801806205938353,0.12136887853043465,0.11154809634250852,0.17060617052773994,0.42444407728605893,0.002939042237077335,0.0014049590817891552,0.004205236570839838,0.002499712533058698,0.0025768480510009765,0.006195786864931847
