LIMIT_BAL,SEX,EDUCATION,MARRIAGE,AGE,PAY_0,PAY_2,PAY_3,PAY_4,PAY_5,PAY_6,BILL_AMT1,BILL_AMT2,BILL_AMT3,BILL_AMT4,BILL_AMT5,BILL_AMT6,PAY_AMT1,PAY_AMT2,PAY_AMT3,PAY_AMT4,PAY_AMT5,PAY_AMT6
0.36708860759493667,0.0,0.3333333333333333,0.6666666666666666,0.2222222222222222,0.2,0.2222222222222222,0.2,0.2,0.2,0.2,0.5053409663499498,0.4240904646734936,0.5644767009056861,0.3782414315935828,0.4618304395708539,0.6331115149853351,0.024323108168915877,0.009375086587530418,0.02234031928258664,0.019997700264469585,0.020614784408007812,0.027261462205700124
