LIMIT_BAL,SEX,EDUCATION,MARRIAGE,AGE,PAY_0,PAY_2,PAY_3,PAY_4,PAY_5,PAY_6,BILL_AMT1,BILL_AMT2,BILL_AMT3,BILL_AMT4,BILL_AMT5,BILL_AMT6,PAY_AMT1,PAY_AMT2,PAY_AMT3,PAY_AMT4,PAY_AMT5,PAY_AMT6
0.012658227848101266,1.0,0.3333333333333333,0.6666666666666666,0.05555555555555558,0.30000000000000004,0.4444444444444444,0.2,0.2,0.4,0.2,0.03348679945436593,0.05034734729583698,0.09342085933721667,0.09312729604525868,0.15122400760776855,0.4153229255648868,0.0,0.0040747073137736515,0.004073822928001093,0.0,0.010307392204003906,0.009977695167286246
