LIMIT_BAL,SEX,EDUCATION,MARRIAGE,AGE,PAY_0,PAY_2,PAY_3,PAY_4,PAY_5,PAY_6,BILL_AMT1,BILL_AMT2,BILL_AMT3,BILL_AMT4,BILL_AMT5,BILL_AMT6,PAY_AMT1,PAY_AMT2,PAY_AMT3,PAY_AMT4,PAY_AMT5,PAY_AMT6
0.13924050632911392,0.0,0.16666666666666666,0.6666666666666666,0.11111111111111116,0.2,0.2222222222222222,0.2,0.2,0.2,0.2,0.118383441356111,0.09977358102197294,0.13899732437165652,0.13086184474688817,0.19327588291618059,0.4395096795058829,0.0048950255189943205,0.0014799336963625903,0.0036296448152061352,0.0031596366417861945,0.0031643694066291993,0.003016109045848823
