LIMIT_BAL,SEX,EDUCATION,MARRIAGE,AGE,PAY_0,PAY_2,PAY_3,PAY_4,PAY_5,PAY_6,BILL_AMT1,BILL_AMT2,BILL_AMT3,BILL_AMT4,BILL_AMT5,BILL_AMT6,PAY_AMT1,PAY_AMT2,PAY_AMT3,PAY_AMT4,PAY_AMT5,PAY_AMT6
0.3164556962025316,1.0,0.3333333333333333,0.3333333333333333,0.12962962962962965,0.1,0.1111111111111111,0.1,0.2,0.1,0.1,0.02514531666711142,0.043818504605567854,0.0852388175736458,0.07881465633483756,0.13405914321101428,0.40790437320790573,0.0014411441590082656,0.004493587225629583,0.0,0.0017772956110047344,0.021910938977661304,0.007462205700123916
