LIMIT_BAL,SEX,EDUCATION,MARRIAGE,AGE,PAY_0,PAY_2,PAY_3,PAY_4,PAY_5,PAY_6,BILL_AMT1,BILL_AMT2,BILL_AMT3,BILL_AMT4,BILL_AMT5,BILL_AMT6,PAY_AMT1,PAY_AMT2,PAY_AMT3,PAY_AMT4,PAY_AMT5,PAY_AMT6
0.30379746835443033,1.0,0.3333333333333333,0.6666666666666666,0.2777777777777778,0.2,0.2222222222222222,0.2,0.2,0.2,0.2,0.13549807944971956,0.12114187207327742,0.17406439664663387,0.1622708449446552,0.21918902755855335,0.4554365415554938,0.004459236497634578,0.0024472692126524553,0.007359163998969717,0.0045844727856296525,0.004767168894351807,0.007434944237918216
