LIMIT_BAL,SEX,EDUCATION,MARRIAGE,AGE,PAY_0,PAY_2,PAY_3,PAY_4,PAY_5,PAY_6,BILL_AMT1,BILL_AMT2,BILL_AMT3,BILL_AMT4,BILL_AMT5,BILL_AMT6,PAY_AMT1,PAY_AMT2,PAY_AMT3,PAY_AMT4,PAY_AMT5,PAY_AMT6
0.2151898734177215,1.0,0.16666666666666666,0.3333333333333333,0.2592592592592593,0.2,0.2222222222222222,0.2,0.2,0.2,0.2,0.13153611058351136,0.10414372459218856,0.15653003520737357,0.15095617362746683,0.23192746476341736,0.4775937689316042,0.0073030132277169925,0.004649241045015737,0.007892703388895021,0.02651445083815361,0.02055294005478379,0.01341263940520446
