LIMIT_BAL,SEX,EDUCATION,MARRIAGE,AGE,PAY_0,PAY_2,PAY_3,PAY_4,PAY_5,PAY_6,BILL_AMT1,BILL_AMT2,BILL_AMT3,BILL_AMT4,BILL_AMT5,BILL_AMT6,PAY_AMT1,PAY_AMT2,PAY_AMT3,PAY_AMT4,PAY_AMT5,PAY_AMT6
0.34177215189873417,1.0,0.3333333333333333,0.3333333333333333,0.5740740740740741,0.2,0.2222222222222222,0.2,0.2,0.2,0.2,0.10356216162760945,0.10774198528276643,0.15884583197846291,0.1498849355459269,0.2129243830942834,0.4547240980500374,0.0040680398412511806,0.0016355875157487438,0.0036007338137816116,0.003517095534013588,0.003501936501310327,0.003422552664188352
