LIMIT_BAL,SEX,EDUCATION,MARRIAGE,AGE,PAY_0,PAY_2,PAY_3,PAY_4,PAY_5,PAY_6,BILL_AMT1,BILL_AMT2,BILL_AMT3,BILL_AMT4,BILL_AMT5,BILL_AMT6,PAY_AMT1,PAY_AMT2,PAY_AMT3,PAY_AMT4,PAY_AMT5,PAY_AMT6
0.06329113924050633,1.0,0.16666666666666666,0.6666666666666666,0.12962962962962965,0.2,0.2222222222222222,0.2,0.2,0.2,0.2,0.060945880823850926,0.0757628775793753,0.1217749270020583,0.12035921684255946,0.18219592618373023,0.4338886408616816,0.005472699338006072,0.002281836095713245,0.007359163998969717,0.002999655039670438,0.0028345328561010744,0.002973977695167286
