LIMIT_BAL,SEX,EDUCATION,MARRIAGE,AGE,PAY_0,PAY_2,PAY_3,PAY_4,PAY_5,PAY_6,BILL_AMT1,BILL_AMT2,BILL_AMT3,BILL_AMT4,BILL_AMT5,BILL_AMT6,PAY_AMT1,PAY_AMT2,PAY_AMT3,PAY_AMT4,PAY_AMT5,PAY_AMT6
0.0,0.0,0.5,0.6666666666666666,0.05555555555555558,0.30000000000000004,0.4444444444444444,0.4,0.4,0.4,0.4,0.03631386202490515,0.05415401636391705,0.09006848354100677,0.08966187830735393,0.14755247497573554,0.40827465634561005,0.002432310816891588,0.0,0.002365445571097409,0.0,0.005153696102001953,0.0
