LIMIT_BAL,SEX,EDUCATION,MARRIAGE,AGE,PAY_0,PAY_2,PAY_3,PAY_4,PAY_5,PAY_6,BILL_AMT1,BILL_AMT2,BILL_AMT3,BILL_AMT4,BILL_AMT5,BILL_AMT6,PAY_AMT1,PAY_AMT2,PAY_AMT3,PAY_AMT4,PAY_AMT5,PAY_AMT6
0.5316455696202532,1.0,0.3333333333333333,0.3333333333333333,0.38888888888888884,0.4,0.4444444444444444,0.4,0.4,0.4,0.4,0.47823978074175466,0.4239811145988782,0.5727594294853914,0.5171053498978204,0.6370149965850008,0.7708884803275364,0.026350033849658866,0.008964356090302035,0.0,0.047494538128115264,0.03865272076501465,0.0
