LIMIT_BAL,SEX,EDUCATION,MARRIAGE,AGE,PAY_0,PAY_2,PAY_3,PAY_4,PAY_5,PAY_6,BILL_AMT1,BILL_AMT2,BILL_AMT3,BILL_AMT4,BILL_AMT5,BILL_AMT6,PAY_AMT1,PAY_AMT2,PAY_AMT3,PAY_AMT4,PAY_AMT5,PAY_AMT6
0.4936708860759494,1.0,0.5,0.3333333333333333,0.33333333333333337,0.30000000000000004,0.1111111111111111,0.1,0.1,0.0,0.1,0.027771455301487936,0.04740647352441723,0.076914823905361,0.07553052504150111,0.1367715349195923,0.4002245134467852,0.0073030132277169925,0.000383837428957478,0.0005335393899253045,0.006434260060093089,0.005022276851400904,0.002577447335811648
