LIMIT_BAL,SEX,EDUCATION,MARRIAGE,AGE,PAY_0,PAY_2,PAY_3,PAY_4,PAY_5,PAY_6,BILL_AMT1,BILL_AMT2,BILL_AMT3,BILL_AMT4,BILL_AMT5,BILL_AMT6,PAY_AMT1,PAY_AMT2,PAY_AMT3,PAY_AMT4,PAY_AMT5,PAY_AMT6
0.16455696202531644,1.0,0.5,0.3333333333333333,0.2962962962962963,0.1,0.1111111111111111,0.1,0.1,0.1,0.1,0.025925466637993146,0.04857844903000052,0.08266882785690588,0.08368691681199547,0.13934013718819752,0.4025493290961693,0.008940769177757327,0.0032247233681204682,0.013774778042357246,0.009856366517850447,0.010134743384586841,0.0
