LIMIT_BAL,SEX,EDUCATION,MARRIAGE,AGE,PAY_0,PAY_2,PAY_3,PAY_4,PAY_5,PAY_6,BILL_AMT1,BILL_AMT2,BILL_AMT3,BILL_AMT4,BILL_AMT5,BILL_AMT6,PAY_AMT1,PAY_AMT2,PAY_AMT3,PAY_AMT4,PAY_AMT5,PAY_AMT6
0.4430379746835443,0.0,0.16666666666666666,0.3333333333333333,0.2407407407407407,0.2,0.2222222222222222,0.2,0.1,0.1,0.1,0.02903193905725861,0.047738383162661456,0.07389256881778823,0.24527157009043346,0.31958020019411576,0.5361195967663501,0.0020775988227615646,0.001109135330809188,0.30587839507146275,0.01000134984476785,0.012886817103055883,0.009915737298636927
