LIMIT_BAL,SEX,EDUCATION,MARRIAGE,AGE,PAY_0,PAY_2,PAY_3,PAY_4,PAY_5,PAY_6,BILL_AMT1,BILL_AMT2,BILL_AMT3,BILL_AMT4,BILL_AMT5,BILL_AMT6,PAY_AMT1,PAY_AMT2,PAY_AMT3,PAY_AMT4,PAY_AMT5,PAY_AMT6
0.8860759493670887,1.0,0.3333333333333333,0.3333333333333333,0.35185185185185186,0.0,0.0,0.0,0.1,0.4,0.2,0.0321917818970673,0.04290382339319714,0.0761373896365206,0.07733889478194686,0.1342928010509701,0.4080485024039109,0.0,0.0,0.0026387859482019985,0.0,0.020614784408007812,0.012391573729863693
