LIMIT_BAL,SEX,EDUCATION,MARRIAGE,AGE,PAY_0,PAY_2,PAY_3,PAY_4,PAY_5,PAY_6,BILL_AMT1,BILL_AMT2,BILL_AMT3,BILL_AMT4,BILL_AMT5,BILL_AMT6,PAY_AMT1,PAY_AMT2,PAY_AMT3,PAY_AMT4,PAY_AMT5,PAY_AMT6
0.2151898734177215,1.0,0.5,0.3333333333333333,0.7962962962962963,0.0,0.0,0.0,0.0,0.0,0.0,0.05241603184644388,0.04509468429990223,0.08221326127898666,0.10778452982386749,0.1365378770796365,0.3989437556318776,0.0034518544343053116,0.0030128385878042383,0.056061060035008596,0.0055693595236547795,0.003945154366082495,0.04196778190830236
