LIMIT_BAL,SEX,EDUCATION,MARRIAGE,AGE,PAY_0,PAY_2,PAY_3,PAY_4,PAY_5,PAY_6,BILL_AMT1,BILL_AMT2,BILL_AMT3,BILL_AMT4,BILL_AMT5,BILL_AMT6,PAY_AMT1,PAY_AMT2,PAY_AMT3,PAY_AMT4,PAY_AMT5,PAY_AMT6
0.012658227848101266,0.0,0.3333333333333333,0.3333333333333333,0.2407407407407407,0.2,0.2222222222222222,0.4,0.5,0.4,0.2,0.047496534846960314,0.0640611331240673,0.10889196634749497,0.10454384734782426,0.16345918177272772,0.42046939246614423,0.004185601530734274,0.002769171090440574,0.0,0.0,0.002009941479780762,0.044634448574969024
