LIMIT_BAL,SEX,EDUCATION,MARRIAGE,AGE,PAY_0,PAY_2,PAY_3,PAY_4,PAY_5,PAY_6,BILL_AMT1,BILL_AMT2,BILL_AMT3,BILL_AMT4,BILL_AMT5,BILL_AMT6,PAY_AMT1,PAY_AMT2,PAY_AMT3,PAY_AMT4,PAY_AMT5,PAY_AMT6
0.3291139240506329,0.0,0.3333333333333333,0.3333333333333333,0.5925925925925926,0.4,0.4444444444444444,0.4,0.4,0.4,0.4,0.3562287205069562,0.31282097463078273,0.43898791593146036,0.3976480705728651,0.5055800106534903,0.6705909648570836,0.006080777042228969,0.012224121941320956,0.0,0.042495113061997866,0.021903208433508303,0.0
