LIMIT_BAL,SEX,EDUCATION,MARRIAGE,AGE,PAY_0,PAY_2,PAY_3,PAY_4,PAY_5,PAY_6,BILL_AMT1,BILL_AMT2,BILL_AMT3,BILL_AMT4,BILL_AMT5,BILL_AMT6,PAY_AMT1,PAY_AMT2,PAY_AMT3,PAY_AMT4,PAY_AMT5,PAY_AMT6
0.06329113924050633,1.0,0.5,0.3333333333333333,0.537037037037037,0.1,0.1111111111111111,0.1,0.1,0.1,0.1,0.028441724994780686,0.04328590541861782,0.0773489326372188,0.07643246255910537,0.13399215040375423,0.3979407101702482,0.000601996927180668,0.0006006118580502363,0.0010486808698531847,0.0016748073971493277,0.0,0.023291201982651798
