LIMIT_BAL,SEX,EDUCATION,MARRIAGE,AGE,PAY_0,PAY_2,PAY_3,PAY_4,PAY_5,PAY_6,BILL_AMT1,BILL_AMT2,BILL_AMT3,BILL_AMT4,BILL_AMT5,BILL_AMT6,PAY_AMT1,PAY_AMT2,PAY_AMT3,PAY_AMT4,PAY_AMT5,PAY_AMT6
0.025316455696202535,0.0,0.16666666666666666,0.6666666666666666,0.03703703703703709,0.2,0.2222222222222222,0.2,0.2,0.2,0.2,0.06959031923360076,0.07935084649822467,0.12531217039510498,0.12094053205324129,0.18243611990732117,0.4319048137979683,0.003054577000879686,0.004513145820735697,0.002707121042478146,0.0037495687995880472,0.0038652720765014648,0.003717472118959108
