LIMIT_BAL,SEX,EDUCATION,MARRIAGE,AGE,PAY_0,PAY_2,PAY_3,PAY_4,PAY_5,PAY_6,BILL_AMT1,BILL_AMT2,BILL_AMT3,BILL_AMT4,BILL_AMT5,BILL_AMT6,PAY_AMT1,PAY_AMT2,PAY_AMT3,PAY_AMT4,PAY_AMT5,PAY_AMT6
0.37974683544303794,1.0,0.3333333333333333,0.3333333333333333,0.37037037037037035,0.1,0.1111111111111111,0.1,0.1,0.1,0.1,0.024861197663631353,0.05220887150722997,0.08300059916908618,0.08843182730743185,0.13378300212743013,0.4006522139064753,0.014660753448814045,0.003518917236174926,0.02209851817976335,0.0013548441929178143,0.00596282639001626,0.0016059479553903347
