LIMIT_BAL,SEX,EDUCATION,MARRIAGE,AGE,PAY_0,PAY_2,PAY_3,PAY_4,PAY_5,PAY_6,BILL_AMT1,BILL_AMT2,BILL_AMT3,BILL_AMT4,BILL_AMT5,BILL_AMT6,PAY_AMT1,PAY_AMT2,PAY_AMT3,PAY_AMT4,PAY_AMT5,PAY_AMT6
0.620253164556962,1.0,0.16666666666666666,0.3333333333333333,0.4814814814814815,0.0,0.0,0.0,0.0,0.0,0.0,0.17759792294880994,0.10427880409612515,0.2924704418170504,0.2728645655417918,0.4316575327692866,0.41058423882793665,0.05547492895625489,0.1106560115786883,0.03942409285162348,0.18885328187258466,0.000556599179016211,0.06736802973977696
