LIMIT_BAL,SEX,EDUCATION,MARRIAGE,AGE,PAY_0,PAY_2,PAY_3,PAY_4,PAY_5,PAY_6,BILL_AMT1,BILL_AMT2,BILL_AMT3,BILL_AMT4,BILL_AMT5,BILL_AMT6,PAY_AMT1,PAY_AMT2,PAY_AMT3,PAY_AMT4,PAY_AMT5,PAY_AMT6
0.13924050632911392,0.0,0.16666666666666666,0.6666666666666666,0.2407407407407407,0.30000000000000004,0.4444444444444444,0.1,0.1,0.0,0.0,0.02603534691558212,0.043725878660011326,0.07716241443683884,0.07580769853113033,0.13286797841851225,0.39791961809278403,0.0,0.0005060786483706875,0.0,0.0,0.0,0.0
