LIMIT_BAL,SEX,EDUCATION,MARRIAGE,AGE,PAY_0,PAY_2,PAY_3,PAY_4,PAY_5,PAY_6,BILL_AMT1,BILL_AMT2,BILL_AMT3,BILL_AMT4,BILL_AMT5,BILL_AMT6,PAY_AMT1,PAY_AMT2,PAY_AMT3,PAY_AMT4,PAY_AMT5,PAY_AMT6
0.27848101265822783,1.0,0.16666666666666666,0.3333333333333333,0.40740740740740744,0.0,0.0,0.0,0.1,0.2,0.2,0.024029246990457682,0.04290382339319714,0.07646751034515771,0.14175401377177685,0.1711323091603677,0.41317387722770416,0.0,0.00016298829255094607,0.115638749152382,0.0001299850517190523,0.033499024663012696,0.06493184634448575
