LIMIT_BAL,SEX,EDUCATION,MARRIAGE,AGE,PAY_0,PAY_2,PAY_3,PAY_4,PAY_5,PAY_6,BILL_AMT1,BILL_AMT2,BILL_AMT3,BILL_AMT4,BILL_AMT5,BILL_AMT6,PAY_AMT1,PAY_AMT2,PAY_AMT3,PAY_AMT4,PAY_AMT5,PAY_AMT6
0.2151898734177215,1.0,0.5,0.3333333333333333,0.462962962962963,0.1,0.4444444444444444,0.1,0.2,0.2,0.2,0.040442221025748085,0.05232851335357382,0.09011635104375916,0.08570953416874921,0.14146593334052282,0.40048816441508733,0.0007236124680252474,0.0069351518480427555,0.01378266286092757,0.00543437504686961,0.0,0.008354399008674102
