LIMIT_BAL,SEX,EDUCATION,MARRIAGE,AGE,PAY_0,PAY_2,PAY_3,PAY_4,PAY_5,PAY_6,BILL_AMT1,BILL_AMT2,BILL_AMT3,BILL_AMT4,BILL_AMT5,BILL_AMT6,PAY_AMT1,PAY_AMT2,PAY_AMT3,PAY_AMT4,PAY_AMT5,PAY_AMT6
0.012658227848101266,1.0,0.3333333333333333,0.3333333333333333,0.14814814814814814,0.2,0.2222222222222222,0.2,0.4,0.5,0.5,0.047193579224465,0.06373951525755159,0.10555939779380331,0.10614995535259464,0.1664101332339879,0.42125565824272526,0.00405385136148598,0.0017928712180604069,0.007884818570324697,0.0022497412797528285,0.0,0.0012391573729863693
