LIMIT_BAL,SEX,EDUCATION,MARRIAGE,AGE,PAY_0,PAY_2,PAY_3,PAY_4,PAY_5,PAY_6,BILL_AMT1,BILL_AMT2,BILL_AMT3,BILL_AMT4,BILL_AMT5,BILL_AMT6,PAY_AMT1,PAY_AMT2,PAY_AMT3,PAY_AMT4,PAY_AMT5,PAY_AMT6
0.08860759493670886,1.0,0.5,0.3333333333333333,0.2222222222222222,0.2,0.2222222222222222,0.2,0.2,0.2,0.2,0.1471391100011459,0.1413356146760665,0.19891423298929256,0.1482218946081516,0.21268582334160124,0.45529944305197667,0.006836820321146105,0.005906695722046286,0.007832253113189198,0.004999425066117396,0.004903741841054858,0.00458736059479554
