LIMIT_BAL,SEX,EDUCATION,MARRIAGE,AGE,PAY_0,PAY_2,PAY_3,PAY_4,PAY_5,PAY_6,BILL_AMT1,BILL_AMT2,BILL_AMT3,BILL_AMT4,BILL_AMT5,BILL_AMT6,PAY_AMT1,PAY_AMT2,PAY_AMT3,PAY_AMT4,PAY_AMT5,PAY_AMT6
0.025316455696202535,1.0,0.3333333333333333,0.3333333333333333,0.2592592592592593,0.2,0.2222222222222222,0.2,0.2,0.2,0.2,0.06403351662410114,0.07699917665826173,0.12150587862451906,0.11428387359690284,0.17698029104289828,0.4264220454393655,0.0029329614600351064,0.0011653662917392644,0.00442601149080893,0.004999425066117396,0.002298548461492871,0.004956629491945477
