LIMIT_BAL,SEX,EDUCATION,MARRIAGE,AGE,PAY_0,PAY_2,PAY_3,PAY_4,PAY_5,PAY_6,BILL_AMT1,BILL_AMT2,BILL_AMT3,BILL_AMT4,BILL_AMT5,BILL_AMT6,PAY_AMT1,PAY_AMT2,PAY_AMT3,PAY_AMT4,PAY_AMT5,PAY_AMT6
0.1772151898734177,0.0,0.5,0.3333333333333333,0.2592592592592593,0.4,0.4444444444444444,0.4,0.2,0.2,0.2,0.23627870033607667,0.22026063911902435,0.2917425256545056,0.2647066755362183,0.32707195681088097,0.5348810231063708,0.012161554084457939,2.4448243882641913e-05,0.013272777926713239,0.012561055478619958,0.012884240255004883,0.007434944237918216
