LIMIT_BAL,SEX,EDUCATION,MARRIAGE,AGE,PAY_0,PAY_2,PAY_3,PAY_4,PAY_5,PAY_6,BILL_AMT1,BILL_AMT2,BILL_AMT3,BILL_AMT4,BILL_AMT5,BILL_AMT6,PAY_AMT1,PAY_AMT2,PAY_AMT3,PAY_AMT4,PAY_AMT5,PAY_AMT6
0.6835443037974683,0.0,0.8333333333333333,0.3333333333333333,0.2962962962962963,0.2,0.2222222222222222,0.2,0.2,0.2,0.2,0.7344837275157482,0.5117544897854166,0.6010771838722829,0.21352696523495324,0.28160508230311465,0.48001818605790236,0.03248148403390641,0.0117408616539074,0.009230494272993444,0.008763992140903796,0.006473042304114453,0.3098389095415118
