LIMIT_BAL,SEX,EDUCATION,MARRIAGE,AGE,PAY_0,PAY_2,PAY_3,PAY_4,PAY_5,PAY_6,BILL_AMT1,BILL_AMT2,BILL_AMT3,BILL_AMT4,BILL_AMT5,BILL_AMT6,PAY_AMT1,PAY_AMT2,PAY_AMT3,PAY_AMT4,PAY_AMT5,PAY_AMT6
0.025316455696202535,1.0,0.3333333333333333,0.3333333333333333,0.018518518518518545,0.30000000000000004,0.4444444444444444,0.4,0.4,0.4,0.2,0.06803943760134494,0.0802822518396542,0.12285442171930167,0.1199756686623158,0.18005215635140834,0.4320653479431123,0.003536985312896517,0.0,0.009340881732977991,0.0,0.0030664491806911623,0.002552664188351921
