LIMIT_BAL,SEX,EDUCATION,MARRIAGE,AGE,PAY_0,PAY_2,PAY_3,PAY_4,PAY_5,PAY_6,BILL_AMT1,BILL_AMT2,BILL_AMT3,BILL_AMT4,BILL_AMT5,BILL_AMT6,PAY_AMT1,PAY_AMT2,PAY_AMT3,PAY_AMT4,PAY_AMT5,PAY_AMT6
0.16455696202531644,1.0,0.16666666666666666,0.6666666666666666,0.07407407407407407,0.5,0.4444444444444444,0.2,0.2,0.2,0.2,0.057924173190154096,0.06094143981886482,0.09278207576600385,0.20951169522302726,0.22812521445868178,0.45019398852356624,0.0,0.0016298829255094608,0.2181466471123166,0.0074991375991760945,0.08245913763203125,0.004956629491945477
