LIMIT_BAL,SEX,EDUCATION,MARRIAGE,AGE,PAY_0,PAY_2,PAY_3,PAY_4,PAY_5,PAY_6,BILL_AMT1,BILL_AMT2,BILL_AMT3,BILL_AMT4,BILL_AMT5,BILL_AMT6,PAY_AMT1,PAY_AMT2,PAY_AMT3,PAY_AMT4,PAY_AMT5,PAY_AMT6
0.012658227848101266,0.0,0.3333333333333333,0.6666666666666666,0.0,0.2,0.2222222222222222,0.2,0.2,0.2,0.2,0.059019836529541306,0.06348608037873721,0.09738725965149157,0.08834492967284538,0.14515217171073488,0.4079008578616617,0.0034457736572630826,0.0009567412772740534,0.010513091427099596,0.00037495687995880474,0.0025768480510009765,0.0
