LIMIT_BAL,SEX,EDUCATION,MARRIAGE,AGE,PAY_0,PAY_2,PAY_3,PAY_4,PAY_5,PAY_6,BILL_AMT1,BILL_AMT2,BILL_AMT3,BILL_AMT4,BILL_AMT5,BILL_AMT6,PAY_AMT1,PAY_AMT2,PAY_AMT3,PAY_AMT4,PAY_AMT5,PAY_AMT6
0.20253164556962022,0.0,0.3333333333333333,0.3333333333333333,0.5,0.1,0.1111111111111111,0.1,0.1,0.2,0.2,0.0246414371084534,0.043405547264961666,0.07678112501836297,0.07700329012423365,0.13417188720372022,0.3979407101702482,0.000790501015489766,0.00031782717047434484,0.002050052828284421,0.0,0.0,0.0
