LIMIT_BAL,SEX,EDUCATION,MARRIAGE,AGE,PAY_0,PAY_2,PAY_3,PAY_4,PAY_5,PAY_6,BILL_AMT1,BILL_AMT2,BILL_AMT3,BILL_AMT4,BILL_AMT5,BILL_AMT6,PAY_AMT1,PAY_AMT2,PAY_AMT3,PAY_AMT4,PAY_AMT5,PAY_AMT6
0.13924050632911392,1.0,0.5,0.3333333333333333,0.33333333333333337,0.2,0.2222222222222222,0.2,0.2,0.4,0.4,0.20765959717890237,0.19421345134564919,0.19969001665458974,0.193733781605269,0.2610922115142662,0.4871601978436866,0.011654822664272192,0.0032597658510189215,0.016558118997681864,0.0074991375991760945,0.0,0.009169764560099132
