LIMIT_BAL,SEX,EDUCATION,MARRIAGE,AGE,PAY_0,PAY_2,PAY_3,PAY_4,PAY_5,PAY_6,BILL_AMT1,BILL_AMT2,BILL_AMT3,BILL_AMT4,BILL_AMT5,BILL_AMT6,PAY_AMT1,PAY_AMT2,PAY_AMT3,PAY_AMT4,PAY_AMT5,PAY_AMT6
0.22784810126582275,1.0,0.16666666666666666,0.3333333333333333,0.40740740740740744,0.0,0.0,0.0,0.0,0.0,0.0,0.02665852506133674,0.04917279884732157,0.08186168272428815,0.11687881675386394,0.13289738989487032,0.571505072058739,0.00987720884226059,0.002829476758684424,0.07202256109420255,0.0,0.38168273331426467,0.016223048327137547
