LIMIT_BAL,SEX,EDUCATION,MARRIAGE,AGE,PAY_0,PAY_2,PAY_3,PAY_4,PAY_5,PAY_6,BILL_AMT1,BILL_AMT2,BILL_AMT3,BILL_AMT4,BILL_AMT5,BILL_AMT6,PAY_AMT1,PAY_AMT2,PAY_AMT3,PAY_AMT4,PAY_AMT5,PAY_AMT6
0.24050632911392406,0.0,0.3333333333333333,0.3333333333333333,0.4444444444444444,0.1,0.2222222222222222,0.1,0.1,0.2,0.1,0.1793905411917615,0.09028328101682706,0.12847307618030535,0.14240574603117528,0.13968653902085928,0.4004178574902068,0.020269256807429897,0.02585564778881933,0.11728930450643664,4.499482559505656e-05,0.005473225260326074,0.02439653035935564
