LIMIT_BAL,SEX,EDUCATION,MARRIAGE,AGE,PAY_0,PAY_2,PAY_3,PAY_4,PAY_5,PAY_6,BILL_AMT1,BILL_AMT2,BILL_AMT3,BILL_AMT4,BILL_AMT5,BILL_AMT6,PAY_AMT1,PAY_AMT2,PAY_AMT3,PAY_AMT4,PAY_AMT5,PAY_AMT6
0.1139240506329114,1.0,0.16666666666666666,0.6666666666666666,0.12962962962962965,0.2,0.2222222222222222,0.2,0.2,0.1,0.2,0.031664356564640214,0.05459656254824268,0.09847665798999405,0.10004314917027742,0.1438449949837093,0.4069985856590278,0.01175616894830934,0.004889648776528382,0.011498693748390182,0.016748073971493277,0.0077305441530029296,0.0
