LIMIT_BAL,SEX,EDUCATION,MARRIAGE,AGE,PAY_0,PAY_2,PAY_3,PAY_4,PAY_5,PAY_6,BILL_AMT1,BILL_AMT2,BILL_AMT3,BILL_AMT4,BILL_AMT5,BILL_AMT6,PAY_AMT1,PAY_AMT2,PAY_AMT3,PAY_AMT4,PAY_AMT5,PAY_AMT6
0.24050632911392406,1.0,0.5,0.3333333333333333,0.37037037037037035,0.2,0.2222222222222222,0.2,0.2,0.2,0.2,0.3130661777517553,0.2839705655328565,0.3915644255321959,0.36749758784152264,0.4222671019565168,0.6093161362595075,0.013600671317785461,0.0058064579221274535,0.019273124858730332,0.015810681771596266,0.01680620298862837,0.01628004956629492
