LIMIT_BAL,SEX,EDUCATION,MARRIAGE,AGE,PAY_0,PAY_2,PAY_3,PAY_4,PAY_5,PAY_6,BILL_AMT1,BILL_AMT2,BILL_AMT3,BILL_AMT4,BILL_AMT5,BILL_AMT6,PAY_AMT1,PAY_AMT2,PAY_AMT3,PAY_AMT4,PAY_AMT5,PAY_AMT6
0.10126582278481013,1.0,0.5,0.3333333333333333,0.2592592592592593,0.2,0.2222222222222222,0.1,0.2,0.2,0.2,0.045793390544331194,0.049500849071167606,0.08754471072347604,0.08898018134637398,0.14861945797917014,0.40945229733735955,0.004163305348246101,0.0056320604490979415,0.005256545713549798,0.002499712533058698,0.0009199347542073487,0.0024783147459727386
