LIMIT_BAL,SEX,EDUCATION,MARRIAGE,AGE,PAY_0,PAY_2,PAY_3,PAY_4,PAY_5,PAY_6,BILL_AMT1,BILL_AMT2,BILL_AMT3,BILL_AMT4,BILL_AMT5,BILL_AMT6,PAY_AMT1,PAY_AMT2,PAY_AMT3,PAY_AMT4,PAY_AMT5,PAY_AMT6
0.05063291139240507,1.0,0.3333333333333333,0.3333333333333333,0.33333333333333337,0.2,0.2222222222222222,0.2,0.2,0.2,0.2,0.07119771072290235,0.08168707868059487,0.12351466313657589,0.11916062877929798,0.18048842658405312,0.4315040643261491,0.0036484662253373815,0.0012224121941320956,0.0030014876024369347,0.002999655039670438,0.003092217661201172,0.002973977695167286
