LIMIT_BAL,SEX,EDUCATION,MARRIAGE,AGE,PAY_0,PAY_2,PAY_3,PAY_4,PAY_5,PAY_6,BILL_AMT1,BILL_AMT2,BILL_AMT3,BILL_AMT4,BILL_AMT5,BILL_AMT6,PAY_AMT1,PAY_AMT2,PAY_AMT3,PAY_AMT4,PAY_AMT5,PAY_AMT6
0.08860759493670886,1.0,0.5,0.3333333333333333,0.12962962962962965,0.2,0.2222222222222222,0.2,0.2,0.2,0.2,0.1431755714166864,0.08682009983018577,0.12960043840030108,0.12475354032949185,0.18546223403038534,0.434843643257976,0.004082228321016381,0.0013894751939968152,0.005256545713549798,0.004999425066117396,0.0077305441530029296,0.007434944237918216
