LIMIT_BAL,SEX,EDUCATION,MARRIAGE,AGE,PAY_0,PAY_2,PAY_3,PAY_4,PAY_5,PAY_6,BILL_AMT1,BILL_AMT2,BILL_AMT3,BILL_AMT4,BILL_AMT5,BILL_AMT6,PAY_AMT1,PAY_AMT2,PAY_AMT3,PAY_AMT4,PAY_AMT5,PAY_AMT6
0.05063291139240507,1.0,0.5,0.3333333333333333,0.5740740740740741,0.2,0.2222222222222222,0.2,0.2,0.2,0.2,0.04919653971308689,0.06523696804404878,0.10596049445479741,0.1034411463296237,0.16363565063087618,0.42052680978813006,0.003228892609423583,0.0010602388430439042,0.0017320318126146583,0.001704803947546032,0.001997057239525757,0.0014473358116480794
