LIMIT_BAL,SEX,EDUCATION,MARRIAGE,AGE,PAY_0,PAY_2,PAY_3,PAY_4,PAY_5,PAY_6,BILL_AMT1,BILL_AMT2,BILL_AMT3,BILL_AMT4,BILL_AMT5,BILL_AMT6,PAY_AMT1,PAY_AMT2,PAY_AMT3,PAY_AMT4,PAY_AMT5,PAY_AMT6
0.05063291139240507,1.0,0.16666666666666666,0.6666666666666666,0.11111111111111116,0.1,0.1111111111111111,0.1,0.1,0.1,0.1,0.02473718992178094,0.04284078629136006,0.08646686660977587,0.07738084536416101,0.13741695342856117,0.3995823768662094,0.0,0.005139835805594084,0.0027202624067620205,0.007909090454597721,0.0036204715116563723,0.003734820322180917
