LIMIT_BAL,SEX,EDUCATION,MARRIAGE,AGE,PAY_0,PAY_2,PAY_3,PAY_4,PAY_5,PAY_6,BILL_AMT1,BILL_AMT2,BILL_AMT3,BILL_AMT4,BILL_AMT5,BILL_AMT6,PAY_AMT1,PAY_AMT2,PAY_AMT3,PAY_AMT4,PAY_AMT5,PAY_AMT6
0.20253164556962022,1.0,0.5,0.6666666666666666,0.09259259259259262,0.4,0.4444444444444444,0.4,0.2,0.2,0.2,0.12445511155202753,0.12476200277877839,0.16194566543256544,0.21096947795496904,0.21535409783564213,0.45451669262163974,0.005168660485894624,0.0,0.009198954998712146,0.0074991375991760945,0.005156272950052954,0.007434944237918216
