LIMIT_BAL,SEX,EDUCATION,MARRIAGE,AGE,PAY_0,PAY_2,PAY_3,PAY_4,PAY_5,PAY_6,BILL_AMT1,BILL_AMT2,BILL_AMT3,BILL_AMT4,BILL_AMT5,BILL_AMT6,PAY_AMT1,PAY_AMT2,PAY_AMT3,PAY_AMT4,PAY_AMT5,PAY_AMT6
0.30379746835443033,0.0,0.3333333333333333,0.3333333333333333,0.5740740740740741,0.4,0.4444444444444444,0.4,0.4,0.2,0.2,0.07090103397341212,0.08032213245510214,0.1310826803820817,0.1244658791943091,0.18943278333872543,0.4407564556404316,0.0,0.0040747073137736515,0.0,0.0074991375991760945,0.006442120127502442,0.006195786864931847
