LIMIT_BAL,SEX,EDUCATION,MARRIAGE,AGE,PAY_0,PAY_2,PAY_3,PAY_4,PAY_5,PAY_6,BILL_AMT1,BILL_AMT2,BILL_AMT3,BILL_AMT4,BILL_AMT5,BILL_AMT6,PAY_AMT1,PAY_AMT2,PAY_AMT3,PAY_AMT4,PAY_AMT5,PAY_AMT6
0.26582278481012656,1.0,0.5,0.3333333333333333,0.4444444444444444,0.1,0.1111111111111111,0.4,0.1,0.2,0.2,0.025906630018977892,0.053307518139247674,0.08208946601324775,0.08281044929073551,0.14753776923755652,0.41348322769717866,0.01639174798016856,1.0594239015811494e-05,0.01223723842114393,0.01249856266529349,0.012884240255004883,0.0
