LIMIT_BAL,SEX,EDUCATION,MARRIAGE,AGE,PAY_0,PAY_2,PAY_3,PAY_4,PAY_5,PAY_6,BILL_AMT1,BILL_AMT2,BILL_AMT3,BILL_AMT4,BILL_AMT5,BILL_AMT6,PAY_AMT1,PAY_AMT2,PAY_AMT3,PAY_AMT4,PAY_AMT5,PAY_AMT6
0.1772151898734177,1.0,0.3333333333333333,0.6666666666666666,0.07407407407407407,0.2,0.2222222222222222,0.2,0.2,0.2,0.2,0.24822739566475213,0.20540703957186232,0.20046745092343016,0.1938551386466742,0.28873736531994787,0.46550918032671623,0.010134628403714948,0.0032597658510189215,0.013141364283874494,0.09998850132234792,0.0077305441530029296,0.0071375464684014876
