LIMIT_BAL,SEX,EDUCATION,MARRIAGE,AGE,PAY_0,PAY_2,PAY_3,PAY_4,PAY_5,PAY_6,BILL_AMT1,BILL_AMT2,BILL_AMT3,BILL_AMT4,BILL_AMT5,BILL_AMT6,PAY_AMT1,PAY_AMT2,PAY_AMT3,PAY_AMT4,PAY_AMT5,PAY_AMT6
0.08860759493670886,0.0,0.16666666666666666,0.3333333333333333,0.37037037037037035,0.5,0.4444444444444444,0.4,0.4,0.4,0.2,0.03637665075495599,0.054209334636957755,0.09016421854651153,0.08955100891150225,0.14738090803031345,0.4087386820498218,0.002432310816891588,0.0,0.002102618285419919,0.0,0.0012884240255004883,0.0022304832713754648
