LIMIT_BAL,SEX,EDUCATION,MARRIAGE,AGE,PAY_0,PAY_2,PAY_3,PAY_4,PAY_5,PAY_6,BILL_AMT1,BILL_AMT2,BILL_AMT3,BILL_AMT4,BILL_AMT5,BILL_AMT6,PAY_AMT1,PAY_AMT2,PAY_AMT3,PAY_AMT4,PAY_AMT5,PAY_AMT6
0.08860759493670886,1.0,0.3333333333333333,0.6666666666666666,0.03703703703703709,0.2,0.2222222222222222,0.1,0.2,0.2,0.2,0.15072905564180286,0.14927828950753874,0.20919749306333862,0.19669878882676206,0.2518259624905638,0.4850193519810733,0.010134628403714948,0.06601025848313316,0.0072960854504071195,0.006499252585952615,0.006947182345498633,0.006969021065675341
