LIMIT_BAL,SEX,EDUCATION,MARRIAGE,AGE,PAY_0,PAY_2,PAY_3,PAY_4,PAY_5,PAY_6,BILL_AMT1,BILL_AMT2,BILL_AMT3,BILL_AMT4,BILL_AMT5,BILL_AMT6,PAY_AMT1,PAY_AMT2,PAY_AMT3,PAY_AMT4,PAY_AMT5,PAY_AMT6
0.22784810126582275,0.0,0.3333333333333333,0.6666666666666666,0.35185185185185186,0.4,0.4444444444444444,0.4,0.4,0.4,0.4,0.2526006307127934,0.24457752277054498,0.3392204859706952,0.318353979012723,0.4036872187527573,0.5970592956886621,0.030403885211144847,0.0053786136541812204,0.017083773569036842,0.01624813146488154,0.018037936357006835,0.01734820322180917
