LIMIT_BAL,SEX,EDUCATION,MARRIAGE,AGE,PAY_0,PAY_2,PAY_3,PAY_4,PAY_5,PAY_6,BILL_AMT1,BILL_AMT2,BILL_AMT3,BILL_AMT4,BILL_AMT5,BILL_AMT6,PAY_AMT1,PAY_AMT2,PAY_AMT3,PAY_AMT4,PAY_AMT5,PAY_AMT6
0.012658227848101266,0.0,0.3333333333333333,0.6666666666666666,0.40740740740740744,0.4,0.2222222222222222,0.2,0.4,0.4,0.4,0.03860565067176092,0.05599495703185304,0.09643651201061669,0.0935273248113722,0.15304915311287798,0.4119856901972226,0.002432310816891588,0.0018743653643358798,0.0,0.0025372082210545787,0.0,0.004708798017348204
