LIMIT_BAL,SEX,EDUCATION,MARRIAGE,AGE,PAY_0,PAY_2,PAY_3,PAY_4,PAY_5,PAY_6,BILL_AMT1,BILL_AMT2,BILL_AMT3,BILL_AMT4,BILL_AMT5,BILL_AMT6,PAY_AMT1,PAY_AMT2,PAY_AMT3,PAY_AMT4,PAY_AMT5,PAY_AMT6
0.5189873417721519,1.0,0.3333333333333333,0.6666666666666666,0.2592592592592593,0.1,0.1111111111111111,0.1,0.1,0.1,0.1,0.035915153589082295,0.0671499511140843,0.10356216750654877,0.09704368254196556,0.14769789838661712,0.4017853271791338,0.03834943387965737,0.013540252403669845,0.03720583056050547,0.02264239612444569,0.008454638455334205,0.014798017348203222
