LIMIT_BAL,SEX,EDUCATION,MARRIAGE,AGE,PAY_0,PAY_2,PAY_3,PAY_4,PAY_5,PAY_6,BILL_AMT1,BILL_AMT2,BILL_AMT3,BILL_AMT4,BILL_AMT5,BILL_AMT6,PAY_AMT1,PAY_AMT2,PAY_AMT3,PAY_AMT4,PAY_AMT5,PAY_AMT6
0.26582278481012656,0.0,0.16666666666666666,0.6666666666666666,0.12962962962962965,0.2,0.2222222222222222,0.2,0.2,0.2,0.2,0.059189366100678584,0.07404029228631709,0.11588557355997221,0.11382391542762625,0.16713234837566954,0.41943119354207453,0.006080777042228969,0.0016298829255094608,0.005256545713549798,0.002499712533058698,0.003092217661201172,0.0022304832713754648
