LIMIT_BAL,SEX,EDUCATION,MARRIAGE,AGE,PAY_0,PAY_2,PAY_3,PAY_4,PAY_5,PAY_6,BILL_AMT1,BILL_AMT2,BILL_AMT3,BILL_AMT4,BILL_AMT5,BILL_AMT6,PAY_AMT1,PAY_AMT2,PAY_AMT3,PAY_AMT4,PAY_AMT5,PAY_AMT6
0.16455696202531644,1.0,0.3333333333333333,0.6666666666666666,0.2962962962962963,0.2,0.2222222222222222,0.1,0.1,0.1,0.1,0.24868418367587203,0.2242384088920908,0.07923392188353671,0.07864535577090187,0.13596271931974524,0.401891959348536,0.012972324356755134,0.001528830184127874,0.004930639879309711,0.0046894607120181175,0.008689131627975293,0.2577571251548947
