LIMIT_BAL,SEX,EDUCATION,MARRIAGE,AGE,PAY_0,PAY_2,PAY_3,PAY_4,PAY_5,PAY_6,BILL_AMT1,BILL_AMT2,BILL_AMT3,BILL_AMT4,BILL_AMT5,BILL_AMT6,PAY_AMT1,PAY_AMT2,PAY_AMT3,PAY_AMT4,PAY_AMT5,PAY_AMT6
0.24050632911392406,1.0,0.3333333333333333,0.6666666666666666,0.11111111111111116,0.2,0.2222222222222222,0.2,0.2,0.2,0.2,0.2247067373877063,0.21188442340348893,0.2921749837828202,0.2738144465819265,0.3258432106874769,0.5318531382081811,0.01333514405360813,0.0038579328846808933,0.011480295838392758,0.010456297525784534,0.010892336711581128,0.010076827757125156
