LIMIT_BAL,SEX,EDUCATION,MARRIAGE,AGE,PAY_0,PAY_2,PAY_3,PAY_4,PAY_5,PAY_6,BILL_AMT1,BILL_AMT2,BILL_AMT3,BILL_AMT4,BILL_AMT5,BILL_AMT6,PAY_AMT1,PAY_AMT2,PAY_AMT3,PAY_AMT4,PAY_AMT5,PAY_AMT6
0.0759493670886076,1.0,0.3333333333333333,0.6666666666666666,0.16666666666666674,0.2,0.2222222222222222,0.2,0.2,0.2,0.2,0.05504374019907167,0.054430607729120575,0.09255924428767379,0.09126349160688708,0.1500720581170773,0.40938199041247897,0.002355287641023354,0.0009379976236306946,0.0013141364283874495,0.0012823525294591122,0.001092583573624414,0.00048327137546468404
