LIMIT_BAL,SEX,EDUCATION,MARRIAGE,AGE,PAY_0,PAY_2,PAY_3,PAY_4,PAY_5,PAY_6,BILL_AMT1,BILL_AMT2,BILL_AMT3,BILL_AMT4,BILL_AMT5,BILL_AMT6,PAY_AMT1,PAY_AMT2,PAY_AMT3,PAY_AMT4,PAY_AMT5,PAY_AMT6
0.025316455696202535,1.0,0.16666666666666666,0.6666666666666666,0.018518518518518545,0.0,0.0,0.0,0.0,0.0,0.0,0.036690594405210206,0.049167652961457316,0.08237832163330522,0.07881765280499571,0.13935320895546777,0.4010014049667155,0.009869101139537617,0.0032597658510189215,0.005232891257838824,0.009876364218114917,0.006730727109214551,0.006612143742255267
