LIMIT_BAL,SEX,EDUCATION,MARRIAGE,AGE,PAY_0,PAY_2,PAY_3,PAY_4,PAY_5,PAY_6,BILL_AMT1,BILL_AMT2,BILL_AMT3,BILL_AMT4,BILL_AMT5,BILL_AMT6,PAY_AMT1,PAY_AMT2,PAY_AMT3,PAY_AMT4,PAY_AMT5,PAY_AMT6
0.2151898734177215,1.0,0.6666666666666666,0.3333333333333333,0.2407407407407407,0.1,0.1111111111111111,0.1,0.1,0.2,0.2,0.03484774517821796,0.05177018473730253,0.08751334925615552,0.08524657952931447,0.14642993696140236,0.3979407101702482,0.013969571791680686,0.005616576561305602,0.016510810086259913,0.004999425066117396,0.0,0.0
