LIMIT_BAL,SEX,EDUCATION,MARRIAGE,AGE,PAY_0,PAY_2,PAY_3,PAY_4,PAY_5,PAY_6,BILL_AMT1,BILL_AMT2,BILL_AMT3,BILL_AMT4,BILL_AMT5,BILL_AMT6,PAY_AMT1,PAY_AMT2,PAY_AMT3,PAY_AMT4,PAY_AMT5,PAY_AMT6
0.06329113924050633,1.0,0.16666666666666666,0.3333333333333333,0.2777777777777778,0.2,0.2222222222222222,0.2,0.4,0.4,0.4,0.030893624903266113,0.04988679051098647,0.0922373765967526,0.08751340920395774,0.14639072165959158,0.40774852619108715,0.0022924529449203216,0.003632194099497833,9.724609570067126e-05,0.001249856266529349,0.000773054415300293,0.0
