LIMIT_BAL,SEX,EDUCATION,MARRIAGE,AGE,PAY_0,PAY_2,PAY_3,PAY_4,PAY_5,PAY_6,BILL_AMT1,BILL_AMT2,BILL_AMT3,BILL_AMT4,BILL_AMT5,BILL_AMT6,PAY_AMT1,PAY_AMT2,PAY_AMT3,PAY_AMT4,PAY_AMT5,PAY_AMT6
0.05063291139240507,0.0,0.3333333333333333,0.6666666666666666,0.40740740740740744,0.2,0.2222222222222222,0.2,0.2,0.2,0.2,0.10355902219110691,0.10832604332835899,0.15513857642046813,0.10616793417354356,0.1661013127322281,0.4218298314625832,0.0039322358206414,0.0011466226380959057,0.0018503040911695288,0.0018247901491328497,0.0020511710485967773,0.001288723667905824
