LIMIT_BAL,SEX,EDUCATION,MARRIAGE,AGE,PAY_0,PAY_2,PAY_3,PAY_4,PAY_5,PAY_6,BILL_AMT1,BILL_AMT2,BILL_AMT3,BILL_AMT4,BILL_AMT5,BILL_AMT6,PAY_AMT1,PAY_AMT2,PAY_AMT3,PAY_AMT4,PAY_AMT5,PAY_AMT6
0.08860759493670886,1.0,0.3333333333333333,0.3333333333333333,0.5,0.2,0.2222222222222222,0.2,0.2,0.2,0.2,0.14588176568187777,0.14673750836206453,0.15607281802591116,0.15432870079046884,0.17106531635310765,0.42676303402503624,0.010134628403714948,0.0040747073137736515,0.013141364283874494,0.0074991375991760945,0.005153696102001953,0.007434944237918216
