LIMIT_BAL,SEX,EDUCATION,MARRIAGE,AGE,PAY_0,PAY_2,PAY_3,PAY_4,PAY_5,PAY_6,BILL_AMT1,BILL_AMT2,BILL_AMT3,BILL_AMT4,BILL_AMT5,BILL_AMT6,PAY_AMT1,PAY_AMT2,PAY_AMT3,PAY_AMT4,PAY_AMT5,PAY_AMT6
0.24050632911392406,1.0,0.16666666666666666,0.6666666666666666,0.16666666666666674,0.1,0.1111111111111111,0.1,0.1,0.2,0.2,0.024343190640711897,0.04316111768640972,0.07646751034515771,0.07727147420338841,0.1341375738146358,0.3994839471713766,0.00040538513614859795,0.00016298829255094607,0.002520513669647128,0.0,0.002399045535481909,0.0
