LIMIT_BAL,SEX,EDUCATION,MARRIAGE,AGE,PAY_0,PAY_2,PAY_3,PAY_4,PAY_5,PAY_6,BILL_AMT1,BILL_AMT2,BILL_AMT3,BILL_AMT4,BILL_AMT5,BILL_AMT6,PAY_AMT1,PAY_AMT2,PAY_AMT3,PAY_AMT4,PAY_AMT5,PAY_AMT6
0.06329113924050633,1.0,0.3333333333333333,0.6666666666666666,0.07407407407407407,0.1,0.1111111111111111,0.2,0.2,0.2,0.2,0.025591116650472406,0.052356815725827205,0.08809106049627047,0.08584587356094521,0.14306559086022033,0.40615138721421695,0.014903984530503204,0.0016355875157487438,0.005285456714974322,0.00501192362878269,0.007738274697155933,0.00744733581164808
