LIMIT_BAL,SEX,EDUCATION,MARRIAGE,AGE,PAY_0,PAY_2,PAY_3,PAY_4,PAY_5,PAY_6,BILL_AMT1,BILL_AMT2,BILL_AMT3,BILL_AMT4,BILL_AMT5,BILL_AMT6,PAY_AMT1,PAY_AMT2,PAY_AMT3,PAY_AMT4,PAY_AMT5,PAY_AMT6
0.05063291139240507,0.0,0.5,0.6666666666666666,0.09259259259259262,0.2,0.2222222222222222,0.2,0.2,0.2,0.2,0.10095485961224819,0.10570164153759071,0.1573140718903867,0.1431668494513463,0.1656683104414009,0.4211220750854522,0.00405385136148598,0.0016298829255094608,0.005269687077833672,0.0017497987731410886,0.002205781931656836,0.0024783147459727386
