LIMIT_BAL,SEX,EDUCATION,MARRIAGE,AGE,PAY_0,PAY_2,PAY_3,PAY_4,PAY_5,PAY_6,BILL_AMT1,BILL_AMT2,BILL_AMT3,BILL_AMT4,BILL_AMT5,BILL_AMT6,PAY_AMT1,PAY_AMT2,PAY_AMT3,PAY_AMT4,PAY_AMT5,PAY_AMT6
0.15189873417721517,0.0,0.3333333333333333,0.6666666666666666,0.12962962962962965,0.2,0.2222222222222222,0.2,0.2,0.2,0.2,0.1630262284222605,0.1389054700766737,0.20180278918986727,0.19216962418271277,0.2625856609248929,0.491766473205445,0.00549094166913276,0.0022410890225755087,0.007272430994696146,0.007401648810386805,0.007506358372565845,0.007434944237918216
