LIMIT_BAL,SEX,EDUCATION,MARRIAGE,AGE,PAY_0,PAY_2,PAY_3,PAY_4,PAY_5,PAY_6,BILL_AMT1,BILL_AMT2,BILL_AMT3,BILL_AMT4,BILL_AMT5,BILL_AMT6,PAY_AMT1,PAY_AMT2,PAY_AMT3,PAY_AMT4,PAY_AMT5,PAY_AMT6
0.012658227848101266,0.0,0.3333333333333333,0.6666666666666666,0.05555555555555558,0.5,0.4444444444444444,0.2,0.2,0.2,0.2,0.05320246069033069,0.06606416919672722,0.10751866419956457,0.10445095677292149,0.16476962644157084,0.42141970773411325,0.0,0.0013136856379606253,0.0018397909997424293,0.0017847947486039106,0.002218666171911841,0.0009739776951672863
