LIMIT_BAL,SEX,EDUCATION,MARRIAGE,AGE,PAY_0,PAY_2,PAY_3,PAY_4,PAY_5,PAY_6,BILL_AMT1,BILL_AMT2,BILL_AMT3,BILL_AMT4,BILL_AMT5,BILL_AMT6,PAY_AMT1,PAY_AMT2,PAY_AMT3,PAY_AMT4,PAY_AMT5,PAY_AMT6
0.012658227848101266,0.0,0.5,0.3333333333333333,0.5740740740740741,0.4,0.4444444444444444,0.4,0.4,0.0,0.0,0.03681460214706062,0.056378325528739774,0.09264342506837625,0.07583466676255371,0.13289738989487032,0.3979407101702482,0.0050146141341581565,0.0,0.0,0.0,0.0,0.0
