LIMIT_BAL,SEX,EDUCATION,MARRIAGE,AGE,PAY_0,PAY_2,PAY_3,PAY_4,PAY_5,PAY_6,BILL_AMT1,BILL_AMT2,BILL_AMT3,BILL_AMT4,BILL_AMT5,BILL_AMT6,PAY_AMT1,PAY_AMT2,PAY_AMT3,PAY_AMT4,PAY_AMT5,PAY_AMT6
0.0759493670886076,0.0,0.5,0.3333333333333333,0.6296296296296295,0.4,0.4444444444444444,0.4,0.4,0.4,0.4,0.055745404257389844,0.07230741522153039,0.11278408950232653,0.1122807332961771,0.17151792629484025,0.42764538593228735,0.006080777042228969,0.0,0.006570682141937247,0.0,0.005411380907102051,0.0027261462205700124
