LIMIT_BAL,SEX,EDUCATION,MARRIAGE,AGE,PAY_0,PAY_2,PAY_3,PAY_4,PAY_5,PAY_6,BILL_AMT1,BILL_AMT2,BILL_AMT3,BILL_AMT4,BILL_AMT5,BILL_AMT6,PAY_AMT1,PAY_AMT2,PAY_AMT3,PAY_AMT4,PAY_AMT5,PAY_AMT6
0.05063291139240507,1.0,0.3333333333333333,0.3333333333333333,0.37037037037037035,0.2,0.2222222222222222,0.2,0.2,0.2,0.2,0.06389224198148674,0.07689368599804457,0.12192678252803138,0.11775828074528205,0.17961098420603722,0.4321063603159593,0.002918772980269905,0.0014342969744483255,0.0026309011296316736,0.0026421961474430438,0.002739189478214038,0.014123915737298638
