LIMIT_BAL,SEX,EDUCATION,MARRIAGE,AGE,PAY_0,PAY_2,PAY_3,PAY_4,PAY_5,PAY_6,BILL_AMT1,BILL_AMT2,BILL_AMT3,BILL_AMT4,BILL_AMT5,BILL_AMT6,PAY_AMT1,PAY_AMT2,PAY_AMT3,PAY_AMT4,PAY_AMT5,PAY_AMT6
0.05063291139240507,0.0,0.3333333333333333,1.0,0.37037037037037035,0.2,0.2222222222222222,0.2,0.2,0.2,0.2,0.10606272280188428,0.0955115010549066,0.2103446625258526,0.13795598784631705,0.1983297549370431,0.44580214928269357,0.00340320821796748,0.0013365039989177577,0.0038083673694668287,0.003634582023067347,0.0037776592427674316,0.003781908302354399
