LIMIT_BAL,SEX,EDUCATION,MARRIAGE,AGE,PAY_0,PAY_2,PAY_3,PAY_4,PAY_5,PAY_6,BILL_AMT1,BILL_AMT2,BILL_AMT3,BILL_AMT4,BILL_AMT5,BILL_AMT6,PAY_AMT1,PAY_AMT2,PAY_AMT3,PAY_AMT4,PAY_AMT5,PAY_AMT6
0.27848101265822783,1.0,0.3333333333333333,0.3333333333333333,0.18518518518518523,0.30000000000000004,0.1111111111111111,0.2,0.2,0.2,0.2,0.024029246990457682,0.04639787989502393,0.08215879136206154,0.0857949335682566,0.14593974568876777,0.40872462066484566,0.00550513014889796,0.0008149414627547304,0.007884818570324697,0.009998850132234793,0.005153696102001953,0.0024783147459727386
