LIMIT_BAL,SEX,EDUCATION,MARRIAGE,AGE,PAY_0,PAY_2,PAY_3,PAY_4,PAY_5,PAY_6,BILL_AMT1,BILL_AMT2,BILL_AMT3,BILL_AMT4,BILL_AMT5,BILL_AMT6,PAY_AMT1,PAY_AMT2,PAY_AMT3,PAY_AMT4,PAY_AMT5,PAY_AMT6
0.27848101265822783,1.0,0.16666666666666666,0.6666666666666666,0.3148148148148149,0.0,0.0,0.0,0.0,0.1,0.2,0.02808068979698834,0.046671898317295325,0.08763549391835125,0.07873375164056741,0.14378780600190194,0.4111279457136797,0.005936865318896217,0.005676882229549452,0.005085707977859429,0.016660584032836222,0.020614784408007812,0.03950681536555143
