LIMIT_BAL,SEX,EDUCATION,MARRIAGE,AGE,PAY_0,PAY_2,PAY_3,PAY_4,PAY_5,PAY_6,BILL_AMT1,BILL_AMT2,BILL_AMT3,BILL_AMT4,BILL_AMT5,BILL_AMT6,PAY_AMT1,PAY_AMT2,PAY_AMT3,PAY_AMT4,PAY_AMT5,PAY_AMT6
0.35443037974683544,1.0,0.16666666666666666,1.0,0.14814814814814814,0.2,0.2222222222222222,0.2,0.2,0.2,0.2,0.3719196241466619,0.28789944939021256,0.2711776561099566,0.24173124059857487,0.3067943778328971,0.41586897601479256,0.013235824695251723,0.0034227541435698674,0.01297841136675445,0.02499712533058698,0.006235972283422363,0.5477075588599752
