LIMIT_BAL,SEX,EDUCATION,MARRIAGE,AGE,PAY_0,PAY_2,PAY_3,PAY_4,PAY_5,PAY_6,BILL_AMT1,BILL_AMT2,BILL_AMT3,BILL_AMT4,BILL_AMT5,BILL_AMT6,PAY_AMT1,PAY_AMT2,PAY_AMT3,PAY_AMT4,PAY_AMT5,PAY_AMT6
0.24050632911392406,0.0,0.16666666666666666,0.3333333333333333,0.33333333333333337,0.2,0.2222222222222222,0.2,0.2,0.4,0.4,0.5001985693587858,0.26365203519785935,0.3676587344162393,0.3530815699106452,0.4406966598366683,0.6124576840195874,0.013175016924829433,0.006561093716638334,0.034167547138073684,0.01624813146488154,0.0,0.01660470879801735
