LIMIT_BAL,SEX,EDUCATION,MARRIAGE,AGE,PAY_0,PAY_2,PAY_3,PAY_4,PAY_5,PAY_6,BILL_AMT1,BILL_AMT2,BILL_AMT3,BILL_AMT4,BILL_AMT5,BILL_AMT6,PAY_AMT1,PAY_AMT2,PAY_AMT3,PAY_AMT4,PAY_AMT5,PAY_AMT6
0.05063291139240507,1.0,0.3333333333333333,0.3333333333333333,0.2407407407407407,0.2,0.2222222222222222,0.2,0.2,0.2,0.2,0.06507580954294513,0.0772011526784336,0.12175511975954009,0.10957641897844339,0.16644771456488988,0.41511786370065185,0.00405385136148598,0.0014000694330126267,0.0031802101566976277,0.0025447073586537545,0.0013889210994895264,0.012394052044609666
