LIMIT_BAL,SEX,EDUCATION,MARRIAGE,AGE,PAY_0,PAY_2,PAY_3,PAY_4,PAY_5,PAY_6,BILL_AMT1,BILL_AMT2,BILL_AMT3,BILL_AMT4,BILL_AMT5,BILL_AMT6,PAY_AMT1,PAY_AMT2,PAY_AMT3,PAY_AMT4,PAY_AMT5,PAY_AMT6
0.05063291139240507,0.0,0.3333333333333333,0.6666666666666666,0.018518518518518545,0.2,0.2222222222222222,0.2,0.2,0.2,0.4,0.1020724990071532,0.10769309936705604,0.15850910885565306,0.15135320592342222,0.18158155312202823,0.431199400985,0.0036200892658069797,0.0016298829255094608,0.003942409285162349,0.005499367572729136,0.0,0.0027261462205700124
