LIMIT_BAL,SEX,EDUCATION,MARRIAGE,AGE,PAY_0,PAY_2,PAY_3,PAY_4,PAY_5,PAY_6,BILL_AMT1,BILL_AMT2,BILL_AMT3,BILL_AMT4,BILL_AMT5,BILL_AMT6,PAY_AMT1,PAY_AMT2,PAY_AMT3,PAY_AMT4,PAY_AMT5,PAY_AMT6
0.10126582278481013,0.0,0.3333333333333333,0.3333333333333333,0.18518518518518523,0.2,0.2222222222222222,0.4,0.2,0.2,0.2,0.1450655121912168,0.16369577522770545,0.22718081866634537,0.20493308882136843,0.2137446364904919,0.4573547488226519,0.04053851361485979,0.0,0.009861279758619421,0.004314503832059313,0.005161426646154956,0.004956629491945477
