LIMIT_BAL,SEX,EDUCATION,MARRIAGE,AGE,PAY_0,PAY_2,PAY_3,PAY_4,PAY_5,PAY_6,BILL_AMT1,BILL_AMT2,BILL_AMT3,BILL_AMT4,BILL_AMT5,BILL_AMT6,PAY_AMT1,PAY_AMT2,PAY_AMT3,PAY_AMT4,PAY_AMT5,PAY_AMT6
0.05063291139240507,0.0,0.3333333333333333,0.6666666666666666,0.14814814814814814,0.1,0.2222222222222222,0.2,0.2,0.2,0.2,0.040508149192301474,0.05350177533062317,0.08671940895188326,0.08383674031990315,0.1385885105701578,0.4027368142291841,0.0027262150405993214,0.0008149414627547304,0.005256545713549798,0.002499712533058698,0.0025768480510009765,0.004956629491945477
