LIMIT_BAL,SEX,EDUCATION,MARRIAGE,AGE,PAY_0,PAY_2,PAY_3,PAY_4,PAY_5,PAY_6,BILL_AMT1,BILL_AMT2,BILL_AMT3,BILL_AMT4,BILL_AMT5,BILL_AMT6,PAY_AMT1,PAY_AMT2,PAY_AMT3,PAY_AMT4,PAY_AMT5,PAY_AMT6
0.4683544303797468,0.0,0.3333333333333333,0.3333333333333333,0.33333333333333337,0.0,0.0,0.0,0.0,0.0,0.0,0.02885456089486498,0.01895229763803839,0.0605969572774285,0.06172878349304519,0.11751355378868836,0.386908381874406,0.018653797039877736,0.0,0.0,0.0,0.0,0.01982651796778191
