LIMIT_BAL,SEX,EDUCATION,MARRIAGE,AGE,PAY_0,PAY_2,PAY_3,PAY_4,PAY_5,PAY_6,BILL_AMT1,BILL_AMT2,BILL_AMT3,BILL_AMT4,BILL_AMT5,BILL_AMT6,PAY_AMT1,PAY_AMT2,PAY_AMT3,PAY_AMT4,PAY_AMT5,PAY_AMT6
0.025316455696202535,1.0,0.3333333333333333,0.6666666666666666,0.07407407407407407,0.1,0.1111111111111111,0.2,0.2,0.2,0.2,0.02468068006473518,0.043096794113106573,0.07638498016799844,0.07605940202441523,0.1331424855311876,0.3981164774824496,0.0003040388521114485,0.0,0.0,0.0,0.0,0.0
