LIMIT_BAL,SEX,EDUCATION,MARRIAGE,AGE,PAY_0,PAY_2,PAY_3,PAY_4,PAY_5,PAY_6,BILL_AMT1,BILL_AMT2,BILL_AMT3,BILL_AMT4,BILL_AMT5,BILL_AMT6,PAY_AMT1,PAY_AMT2,PAY_AMT3,PAY_AMT4,PAY_AMT5,PAY_AMT6
0.15189873417721517,0.0,0.3333333333333333,0.6666666666666666,0.16666666666666674,0.2,0.2222222222222222,0.2,0.2,0.2,0.4,0.2309196822262372,0.2090400349920239,0.2943818407200593,0.2732166507853748,0.34855867426136344,0.5519480291211283,0.009729243267566351,0.004278442679462335,0.013272777926713239,0.01424836143843458,0.01314192506010498,0.012421313506815366
