LIMIT_BAL,SEX,EDUCATION,MARRIAGE,AGE,PAY_0,PAY_2,PAY_3,PAY_4,PAY_5,PAY_6,BILL_AMT1,BILL_AMT2,BILL_AMT3,BILL_AMT4,BILL_AMT5,BILL_AMT6,PAY_AMT1,PAY_AMT2,PAY_AMT3,PAY_AMT4,PAY_AMT5,PAY_AMT6
0.24050632911392406,1.0,0.16666666666666666,0.3333333333333333,0.5740740740740741,0.1,0.1111111111111111,0.1,0.1,0.1,0.1,0.050657947405020276,0.043311634847939075,0.07806694517850453,0.0805915631386227,0.13314738744391397,0.3979407101702482,0.0006425354407955278,0.0009526665699602798,0.008352651138830628,0.0003824560175579808,0.0,0.0
