LIMIT_BAL,SEX,EDUCATION,MARRIAGE,AGE,PAY_0,PAY_2,PAY_3,PAY_4,PAY_5,PAY_6,BILL_AMT1,BILL_AMT2,BILL_AMT3,BILL_AMT4,BILL_AMT5,BILL_AMT6,PAY_AMT1,PAY_AMT2,PAY_AMT3,PAY_AMT4,PAY_AMT5,PAY_AMT6
0.4683544303797468,1.0,0.16666666666666666,0.3333333333333333,0.18518518518518523,0.2,0.2222222222222222,0.2,0.2,0.4,0.2,0.37863644854385087,0.33302243606236814,0.45146317751085685,0.3724237847815274,0.4510478655438019,0.6314768789818619,0.02229618248817289,0.007334473164792573,0.03942409285162348,0.0,0.020614784408007812,0.01982651796778191
