LIMIT_BAL,SEX,EDUCATION,MARRIAGE,AGE,PAY_0,PAY_2,PAY_3,PAY_4,PAY_5,PAY_6,BILL_AMT1,BILL_AMT2,BILL_AMT3,BILL_AMT4,BILL_AMT5,BILL_AMT6,PAY_AMT1,PAY_AMT2,PAY_AMT3,PAY_AMT4,PAY_AMT5,PAY_AMT6
0.025316455696202535,1.0,0.16666666666666666,0.6666666666666666,0.07407407407407407,0.4,0.4444444444444444,0.4,0.4,0.4,0.4,0.03594811767235899,0.055297689497246956,0.0835254910958192,0.08906408251080228,0.1462191547141695,0.4054658946966314,0.004822056194487573,5.7045902392831125e-06,0.018403166543137842,3.2496262929763074e-05,0.00039941144790515135,2.4783147459727386e-06
