LIMIT_BAL,SEX,EDUCATION,MARRIAGE,AGE,PAY_0,PAY_2,PAY_3,PAY_4,PAY_5,PAY_6,BILL_AMT1,BILL_AMT2,BILL_AMT3,BILL_AMT4,BILL_AMT5,BILL_AMT6,PAY_AMT1,PAY_AMT2,PAY_AMT3,PAY_AMT4,PAY_AMT5,PAY_AMT6
0.26582278481012656,1.0,0.3333333333333333,0.3333333333333333,0.09259259259259262,0.2,0.2222222222222222,0.2,0.2,0.2,0.2,0.1309113627195055,0.11779961920444607,0.1548365159720652,0.13244997393070962,0.17095747427312805,0.4064806579790743,0.008186752824520936,0.0024619381589820405,0.0036795819994848585,0.0074991375991760945,0.005153696102001953,0.24783147459727387
