LIMIT_BAL,SEX,EDUCATION,MARRIAGE,AGE,PAY_0,PAY_2,PAY_3,PAY_4,PAY_5,PAY_6,BILL_AMT1,BILL_AMT2,BILL_AMT3,BILL_AMT4,BILL_AMT5,BILL_AMT6,PAY_AMT1,PAY_AMT2,PAY_AMT3,PAY_AMT4,PAY_AMT5,PAY_AMT6
0.1139240506329114,1.0,0.5,0.3333333333333333,0.12962962962962965,0.4,0.4444444444444444,0.2,0.2,0.4,0.4,0.0725084254627137,0.08120207893788917,0.12645603865053257,0.12442842331733217,0.1861517697538913,0.4367290406268565,0.0,0.001487268169527383,0.008147645856002186,0.0032496262929763075,0.0038652720765014648,0.0043890954151177206
