LIMIT_BAL,SEX,EDUCATION,MARRIAGE,AGE,PAY_0,PAY_2,PAY_3,PAY_4,PAY_5,PAY_6,BILL_AMT1,BILL_AMT2,BILL_AMT3,BILL_AMT4,BILL_AMT5,BILL_AMT6,PAY_AMT1,PAY_AMT2,PAY_AMT3,PAY_AMT4,PAY_AMT5,PAY_AMT6
0.22784810126582275,0.0,0.3333333333333333,0.3333333333333333,0.03703703703703709,0.2,0.2222222222222222,0.2,0.2,0.2,0.2,0.3748345909392723,0.27948592600216127,0.37805093432413567,0.3102065766527031,0.3824178194331428,0.5544720477243406,0.02399271928295477,0.004946694678921213,0.01349880939239588,0.012956010058843233,0.013494953243092115,0.01089467162329616
