LIMIT_BAL,SEX,EDUCATION,MARRIAGE,AGE,PAY_0,PAY_2,PAY_3,PAY_4,PAY_5,PAY_6,BILL_AMT1,BILL_AMT2,BILL_AMT3,BILL_AMT4,BILL_AMT5,BILL_AMT6,PAY_AMT1,PAY_AMT2,PAY_AMT3,PAY_AMT4,PAY_AMT5,PAY_AMT6
0.05063291139240507,0.0,0.3333333333333333,0.6666666666666666,0.2962962962962963,0.7,0.6666666666666666,0.5,0.4,0.2,0.2,0.05520228174245005,0.06769155560129676,0.10698221804802927,0.10273697584245758,0.16183501468939848,0.4198647529121714,0.0,0.0,0.0,0.0008848982367027792,0.0025768480510009765,0.0024783147459727386
