LIMIT_BAL,SEX,EDUCATION,MARRIAGE,AGE,PAY_0,PAY_2,PAY_3,PAY_4,PAY_5,PAY_6,BILL_AMT1,BILL_AMT2,BILL_AMT3,BILL_AMT4,BILL_AMT5,BILL_AMT6,PAY_AMT1,PAY_AMT2,PAY_AMT3,PAY_AMT4,PAY_AMT5,PAY_AMT6
0.0759493670886076,0.0,0.16666666666666666,0.6666666666666666,0.12962962962962965,0.30000000000000004,0.5555555555555556,0.4,0.4,0.2,0.2,0.1379986406239944,0.13406190500694695,0.1948917121545493,0.17971779244050506,0.18183318464198064,0.4323676677200987,0.0,0.002281836095713245,0.0,0.002999655039670438,0.003092217661201172,0.002973977695167286
