LIMIT_BAL,SEX,EDUCATION,MARRIAGE,AGE,PAY_0,PAY_2,PAY_3,PAY_4,PAY_5,PAY_6,BILL_AMT1,BILL_AMT2,BILL_AMT3,BILL_AMT4,BILL_AMT5,BILL_AMT6,PAY_AMT1,PAY_AMT2,PAY_AMT3,PAY_AMT4,PAY_AMT5,PAY_AMT6
0.05063291139240507,0.0,0.3333333333333333,0.3333333333333333,0.2962962962962963,0.30000000000000004,0.4444444444444444,0.4,0.4,0.2,0.2,0.04114545480231753,0.05488859157103896,0.08328120177142773,0.08009864379760642,0.1354872337852897,0.399492149645946,0.0,0.002444824388264191,0.0,0.0,0.0025768480510009765,0.0024783147459727386
