LIMIT_BAL,SEX,EDUCATION,MARRIAGE,AGE,PAY_0,PAY_2,PAY_3,PAY_4,PAY_5,PAY_6,BILL_AMT1,BILL_AMT2,BILL_AMT3,BILL_AMT4,BILL_AMT5,BILL_AMT6,PAY_AMT1,PAY_AMT2,PAY_AMT3,PAY_AMT4,PAY_AMT5,PAY_AMT6
0.012658227848101266,0.0,0.16666666666666666,0.6666666666666666,0.11111111111111116,0.2,0.2222222222222222,0.2,0.2,0.2,0.2,0.08623404185182801,0.0693678279215767,0.10764576067238987,0.10528697194704638,0.1646830259834054,0.4203311221805458,0.0032633503459962134,0.0010781675552245082,0.004205236570839838,0.0020747614024387196,0.0018037936357006836,0.0016703841387856258
