LIMIT_BAL,SEX,EDUCATION,MARRIAGE,AGE,PAY_0,PAY_2,PAY_3,PAY_4,PAY_5,PAY_6,BILL_AMT1,BILL_AMT2,BILL_AMT3,BILL_AMT4,BILL_AMT5,BILL_AMT6,PAY_AMT1,PAY_AMT2,PAY_AMT3,PAY_AMT4,PAY_AMT5,PAY_AMT6
0.36708860759493667,1.0,0.3333333333333333,0.3333333333333333,0.2962962962962963,0.4,0.2222222222222222,0.2,0.2,0.4,0.2,0.1054866362036678,0.11115885349662946,0.1655604871921418,0.16627263084086946,0.2308915272072496,0.46871517610127006,0.00405385136148598,0.0016298829255094608,0.018660737283101782,0.0,0.005153696102001953,0.002463444857496902
