LIMIT_BAL,SEX,EDUCATION,MARRIAGE,AGE,PAY_0,PAY_2,PAY_3,PAY_4,PAY_5,PAY_6,BILL_AMT1,BILL_AMT2,BILL_AMT3,BILL_AMT4,BILL_AMT5,BILL_AMT6,PAY_AMT1,PAY_AMT2,PAY_AMT3,PAY_AMT4,PAY_AMT5,PAY_AMT6
0.0379746835443038,1.0,0.3333333333333333,0.6666666666666666,0.05555555555555558,0.30000000000000004,0.5555555555555556,0.4,0.4,0.2,0.2,0.061970906841930934,0.07313332990274277,0.11613976650562279,0.111128590520367,0.17215354097835645,0.4266821810614236,0.0,0.0011409180478566224,0.0,0.0021247556530998935,0.0022676262848808594,0.002190830235439901
