LIMIT_BAL,SEX,EDUCATION,MARRIAGE,AGE,PAY_0,PAY_2,PAY_3,PAY_4,PAY_5,PAY_6,BILL_AMT1,BILL_AMT2,BILL_AMT3,BILL_AMT4,BILL_AMT5,BILL_AMT6,PAY_AMT1,PAY_AMT2,PAY_AMT3,PAY_AMT4,PAY_AMT5,PAY_AMT6
0.05063291139240507,1.0,0.5,0.6666666666666666,0.07407407407407407,0.2,0.2222222222222222,0.2,0.2,0.2,0.2,0.034945067709796766,0.05066381927648845,0.08691418016997916,0.0871208716132396,0.14573549932517002,0.4031246740981086,0.004380186396085601,0.0008149414627547304,0.0026387859482019985,0.007509136449308329,0.0025897322912559815,0.004971499380421314
