LIMIT_BAL,SEX,EDUCATION,MARRIAGE,AGE,PAY_0,PAY_2,PAY_3,PAY_4,PAY_5,PAY_6,BILL_AMT1,BILL_AMT2,BILL_AMT3,BILL_AMT4,BILL_AMT5,BILL_AMT6,PAY_AMT1,PAY_AMT2,PAY_AMT3,PAY_AMT4,PAY_AMT5,PAY_AMT6
0.05063291139240507,1.0,0.3333333333333333,0.3333333333333333,0.537037037037037,0.2,0.2222222222222222,0.2,0.2,0.2,0.2,0.1044176580745522,0.10807389492101066,0.15701531264907015,0.14982950084800106,0.21272177070159443,0.45391088128558554,0.004195736159137989,0.0019208170277128995,0.004588964407928974,0.004069532003819561,0.0039168090375214844,0.005457249070631971
