LIMIT_BAL,SEX,EDUCATION,MARRIAGE,AGE,PAY_0,PAY_2,PAY_3,PAY_4,PAY_5,PAY_6,BILL_AMT1,BILL_AMT2,BILL_AMT3,BILL_AMT4,BILL_AMT5,BILL_AMT6,PAY_AMT1,PAY_AMT2,PAY_AMT3,PAY_AMT4,PAY_AMT5,PAY_AMT6
0.3291139240506329,1.0,0.3333333333333333,0.3333333333333333,0.2962962962962963,0.2,0.2222222222222222,0.2,0.2,0.2,0.2,0.19762909755328018,0.17474913806411776,0.23189164117859695,0.20597286396624775,0.26122619712878636,0.48015059743309413,0.009121165563343454,0.002852295119641556,0.010513091427099596,0.0074991375991760945,0.0077305441530029296,0.005452292441140025
