LIMIT_BAL,SEX,EDUCATION,MARRIAGE,AGE,PAY_0,PAY_2,PAY_3,PAY_4,PAY_5,PAY_6,BILL_AMT1,BILL_AMT2,BILL_AMT3,BILL_AMT4,BILL_AMT5,BILL_AMT6,PAY_AMT1,PAY_AMT2,PAY_AMT3,PAY_AMT4,PAY_AMT5,PAY_AMT6
0.06329113924050633,1.0,0.3333333333333333,0.6666666666666666,0.42592592592592593,0.2,0.2222222222222222,0.2,0.1,0.1,0.0,0.1145344922039943,0.11259584212422169,0.18722300809290918,0.07671862545920904,0.13289738989487032,0.3979407101702482,0.006891547314526165,0.0013446534135453051,0.0031013619709943808,0.0,0.0,0.0009913258983890955
