LIMIT_BAL,SEX,EDUCATION,MARRIAGE,AGE,PAY_0,PAY_2,PAY_3,PAY_4,PAY_5,PAY_6,BILL_AMT1,BILL_AMT2,BILL_AMT3,BILL_AMT4,BILL_AMT5,BILL_AMT6,PAY_AMT1,PAY_AMT2,PAY_AMT3,PAY_AMT4,PAY_AMT5,PAY_AMT6
0.2151898734177215,0.0,0.16666666666666666,0.6666666666666666,0.2407407407407407,0.1,0.1111111111111111,0.1,0.1,0.1,0.1,0.030936007296050432,0.04675037307672516,0.0823469601659847,0.0836719344612047,0.13631565703604215,0.40191891033640686,0.006117261704482343,0.003073959197510843,0.013808945589495318,0.005244396894357148,0.008769013917556323,0.0005328376703841388
