LIMIT_BAL,SEX,EDUCATION,MARRIAGE,AGE,PAY_0,PAY_2,PAY_3,PAY_4,PAY_5,PAY_6,BILL_AMT1,BILL_AMT2,BILL_AMT3,BILL_AMT4,BILL_AMT5,BILL_AMT6,PAY_AMT1,PAY_AMT2,PAY_AMT3,PAY_AMT4,PAY_AMT5,PAY_AMT6
0.20253164556962022,0.0,0.16666666666666666,0.6666666666666666,0.2777777777777778,0.1,0.1111111111111111,0.1,0.1,0.1,0.1,0.08341168843604262,0.05726084495445891,0.08329440659977322,0.07725349538243949,0.1334137247020454,0.4023899667331067,0.02305830654413225,0.003541735597132058,0.002488974395365829,0.0007899091604465486,0.009784292049650709,0.0007831474597273854
