LIMIT_BAL,SEX,EDUCATION,MARRIAGE,AGE,PAY_0,PAY_2,PAY_3,PAY_4,PAY_5,PAY_6,BILL_AMT1,BILL_AMT2,BILL_AMT3,BILL_AMT4,BILL_AMT5,BILL_AMT6,PAY_AMT1,PAY_AMT2,PAY_AMT3,PAY_AMT4,PAY_AMT5,PAY_AMT6
0.05063291139240507,0.0,0.3333333333333333,0.6666666666666666,0.07407407407407407,0.2,0.2222222222222222,0.2,0.2,0.2,0.4,0.05642195282368767,0.06579272371738795,0.10489420456589953,0.1017136812834481,0.1636601601945079,0.41785631842474985,0.0032511887919117557,0.001387030369608551,0.003942409285162349,0.005009423916249631,4.1229568816015626e-05,0.0015043370508054524
