LIMIT_BAL,SEX,EDUCATION,MARRIAGE,AGE,PAY_0,PAY_2,PAY_3,PAY_4,PAY_5,PAY_6,BILL_AMT1,BILL_AMT2,BILL_AMT3,BILL_AMT4,BILL_AMT5,BILL_AMT6,PAY_AMT1,PAY_AMT2,PAY_AMT3,PAY_AMT4,PAY_AMT5,PAY_AMT6
0.0759493670886076,1.0,0.5,0.6666666666666666,0.14814814814814814,0.2,0.1111111111111111,0.1,0.4,0.2,0.2,0.055524073983960615,0.07421139299130346,0.11824428602318438,0.11288002732780783,0.17436266964702962,0.427021997865013,0.0493272633665614,0.0024529738028917386,0.0,0.002187248466426361,0.001546108830600586,0.0024783147459727386
