LIMIT_BAL,SEX,EDUCATION,MARRIAGE,AGE,PAY_0,PAY_2,PAY_3,PAY_4,PAY_5,PAY_6,BILL_AMT1,BILL_AMT2,BILL_AMT3,BILL_AMT4,BILL_AMT5,BILL_AMT6,PAY_AMT1,PAY_AMT2,PAY_AMT3,PAY_AMT4,PAY_AMT5,PAY_AMT6
0.12658227848101264,1.0,0.5,0.3333333333333333,0.18518518518518523,0.2,0.2222222222222222,0.4,0.2,0.2,0.2,0.05918465694592477,0.07475428394998199,0.11335189712118238,0.10910147845837603,0.16901958477531268,0.42342111152904666,0.009331965834140725,0.0,0.003453550533802217,0.004999425066117396,0.0038652720765014648,0.002007434944237918
