LIMIT_BAL,SEX,EDUCATION,MARRIAGE,AGE,PAY_0,PAY_2,PAY_3,PAY_4,PAY_5,PAY_6,BILL_AMT1,BILL_AMT2,BILL_AMT3,BILL_AMT4,BILL_AMT5,BILL_AMT6,PAY_AMT1,PAY_AMT2,PAY_AMT3,PAY_AMT4,PAY_AMT5,PAY_AMT6
0.025316455696202535,1.0,0.3333333333333333,0.6666666666666666,0.018518518518518545,0.0,0.1111111111111111,0.4,0.1,0.1,0.1,0.024029246990457682,0.04591802603818248,0.07634536568296198,0.0825197916853946,0.13289738989487032,0.3981164774824496,0.004749086869980825,0.0,0.011727353486929598,0.0,0.0003865272076501465,0.0021313506815365552
