LIMIT_BAL,SEX,EDUCATION,MARRIAGE,AGE,PAY_0,PAY_2,PAY_3,PAY_4,PAY_5,PAY_6,BILL_AMT1,BILL_AMT2,BILL_AMT3,BILL_AMT4,BILL_AMT5,BILL_AMT6,PAY_AMT1,PAY_AMT2,PAY_AMT3,PAY_AMT4,PAY_AMT5,PAY_AMT6
0.012658227848101266,0.0,0.5,0.3333333333333333,0.2962962962962963,0.2,0.1111111111111111,0.1,0.1,0.1,0.1,0.026288071554036764,0.04451319919724181,0.07678112501836297,0.07641897844339368,0.13350195913111965,0.3979172745286213,0.00253568402660948,0.00032597658510189213,0.0010250264141422106,0.0009248936372317183,0.0,0.001982651796778191
