LIMIT_BAL,SEX,EDUCATION,MARRIAGE,AGE,PAY_0,PAY_2,PAY_3,PAY_4,PAY_5,PAY_6,BILL_AMT1,BILL_AMT2,BILL_AMT3,BILL_AMT4,BILL_AMT5,BILL_AMT6,PAY_AMT1,PAY_AMT2,PAY_AMT3,PAY_AMT4,PAY_AMT5,PAY_AMT6
0.0379746835443038,0.0,0.16666666666666666,0.6666666666666666,0.2407407407407407,0.2,0.2222222222222222,0.4,0.2,0.2,0.4,0.08501123133408785,0.09476792054752226,0.1395222162983895,0.13460143950426398,0.19885099165694453,0.4429265960550784,0.007296932450674763,0.0,0.0055193729992272875,0.00806407263164736,0.0,0.003794299876084263
