LIMIT_BAL,SEX,EDUCATION,MARRIAGE,AGE,PAY_0,PAY_2,PAY_3,PAY_4,PAY_5,PAY_6,BILL_AMT1,BILL_AMT2,BILL_AMT3,BILL_AMT4,BILL_AMT5,BILL_AMT6,PAY_AMT1,PAY_AMT2,PAY_AMT3,PAY_AMT4,PAY_AMT5,PAY_AMT6
0.05063291139240507,0.0,0.3333333333333333,1.0,0.2407407407407407,0.2,0.2222222222222222,0.2,0.2,0.2,0.2,0.10022023147065333,0.10668707868059488,0.15463514233979656,0.1071687552063669,0.16499838236880032,0.4217653834481093,0.006080777042228969,0.0024497140370407194,0.003942409285162349,0.0017522984856741474,0.0025768480510009765,0.0024783147459727386
