LIMIT_BAL,SEX,EDUCATION,MARRIAGE,AGE,PAY_0,PAY_2,PAY_3,PAY_4,PAY_5,PAY_6,BILL_AMT1,BILL_AMT2,BILL_AMT3,BILL_AMT4,BILL_AMT5,BILL_AMT6,PAY_AMT1,PAY_AMT2,PAY_AMT3,PAY_AMT4,PAY_AMT5,PAY_AMT6
0.24050632911392406,1.0,0.5,0.3333333333333333,0.18518518518518523,0.2,0.2222222222222222,0.2,0.2,0.2,0.2,0.34133052458414237,0.3033255287397726,0.4094124016446614,0.37843470391878364,0.4618990663490227,0.6345621812020374,0.014188479765200929,0.005704590239283112,0.018397909997424293,0.017497987731410886,0.018037936357006835,0.01734820322180917
