LIMIT_BAL,SEX,EDUCATION,MARRIAGE,AGE,PAY_0,PAY_2,PAY_3,PAY_4,PAY_5,PAY_6,BILL_AMT1,BILL_AMT2,BILL_AMT3,BILL_AMT4,BILL_AMT5,BILL_AMT6,PAY_AMT1,PAY_AMT2,PAY_AMT3,PAY_AMT4,PAY_AMT5,PAY_AMT6
0.2531645569620253,0.0,0.3333333333333333,0.6666666666666666,0.2407407407407407,0.2,0.2222222222222222,0.2,0.2,0.1,0.1,0.06281384554286351,0.07061956465805588,0.1448289066897311,0.12802268927203753,0.16170102907487835,0.4007529871654708,0.004043716733082264,0.017168371795853905,0.03808893024038183,0.044194917584477786,0.006202473258759351,0.001231722428748451
