LIMIT_BAL,SEX,EDUCATION,MARRIAGE,AGE,PAY_0,PAY_2,PAY_3,PAY_4,PAY_5,PAY_6,BILL_AMT1,BILL_AMT2,BILL_AMT3,BILL_AMT4,BILL_AMT5,BILL_AMT6,PAY_AMT1,PAY_AMT2,PAY_AMT3,PAY_AMT4,PAY_AMT5,PAY_AMT6
0.012658227848101266,1.0,0.3333333333333333,0.6666666666666666,0.42592592592592593,0.2,0.2222222222222222,0.2,0.1,0.1,0.1,0.03608154372371703,0.05637961200020584,0.07612088360108875,0.0761193314275783,0.14296265069296707,0.398411766566948,0.006784120253446786,0.0,0.0005256545713549798,0.017542982557005943,0.01564919821372893,0.03717472118959108
