LIMIT_BAL,SEX,EDUCATION,MARRIAGE,AGE,PAY_0,PAY_2,PAY_3,PAY_4,PAY_5,PAY_6,BILL_AMT1,BILL_AMT2,BILL_AMT3,BILL_AMT4,BILL_AMT5,BILL_AMT6,PAY_AMT1,PAY_AMT2,PAY_AMT3,PAY_AMT4,PAY_AMT5,PAY_AMT6
0.24050632911392406,1.0,0.16666666666666666,0.6666666666666666,0.2407407407407407,0.0,0.0,0.0,0.0,0.0,0.0,0.02481410611609322,0.043945865280708075,0.07696269140811338,0.07583466676255371,0.13289738989487032,0.39829224479465103,0.0016418098014018218,0.0004074707313773652,0.0,0.0,0.000773054415300293,0.0
