LIMIT_BAL,SEX,EDUCATION,MARRIAGE,AGE,PAY_0,PAY_2,PAY_3,PAY_4,PAY_5,PAY_6,BILL_AMT1,BILL_AMT2,BILL_AMT3,BILL_AMT4,BILL_AMT5,BILL_AMT6,PAY_AMT1,PAY_AMT2,PAY_AMT3,PAY_AMT4,PAY_AMT5,PAY_AMT6
0.620253164556962,0.0,0.16666666666666666,0.3333333333333333,0.35185185185185186,0.4,0.4444444444444444,0.4,0.2,0.2,0.4,0.4433261073969833,0.3920470333967993,0.5142620399148948,0.4816586061619412,0.5996689574938807,0.738130140461518,0.020471949375504197,0.0,0.026104006013488296,0.04874939381971073,0.024737741289609375,0.024859975216852542
