LIMIT_BAL,SEX,EDUCATION,MARRIAGE,AGE,PAY_0,PAY_2,PAY_3,PAY_4,PAY_5,PAY_6,BILL_AMT1,BILL_AMT2,BILL_AMT3,BILL_AMT4,BILL_AMT5,BILL_AMT6,PAY_AMT1,PAY_AMT2,PAY_AMT3,PAY_AMT4,PAY_AMT5,PAY_AMT6
0.08860759493670886,1.0,0.5,0.3333333333333333,0.37037037037037035,0.2,0.2222222222222222,0.2,0.2,0.2,0.2,0.10891019170969002,0.1084714146040241,0.12424092869557754,0.12605550661320963,0.1640408754162541,0.4146678993814162,0.020269256807429897,0.008149414627547303,0.013141364283874494,0.0074991375991760945,0.0077305441530029296,0.012391573729863693
