LIMIT_BAL,SEX,EDUCATION,MARRIAGE,AGE,PAY_0,PAY_2,PAY_3,PAY_4,PAY_5,PAY_6,BILL_AMT1,BILL_AMT2,BILL_AMT3,BILL_AMT4,BILL_AMT5,BILL_AMT6,PAY_AMT1,PAY_AMT2,PAY_AMT3,PAY_AMT4,PAY_AMT5,PAY_AMT6
0.012658227848101266,1.0,0.3333333333333333,0.3333333333333333,0.38888888888888884,0.2,0.2222222222222222,0.2,0.2,0.2,0.2,0.050023781231506755,0.06513147738383163,0.10632527783784142,0.10378124569257415,0.16426146148893966,0.4208842033229396,0.0026208149052006856,0.0010626836674321684,0.0017556862683256326,0.0021072576653684825,0.002198051387503833,0.0019578686493184633
