LIMIT_BAL,SEX,EDUCATION,MARRIAGE,AGE,PAY_0,PAY_2,PAY_3,PAY_4,PAY_5,PAY_6,BILL_AMT1,BILL_AMT2,BILL_AMT3,BILL_AMT4,BILL_AMT5,BILL_AMT6,PAY_AMT1,PAY_AMT2,PAY_AMT3,PAY_AMT4,PAY_AMT5,PAY_AMT6
0.13924050632911392,1.0,0.16666666666666666,0.6666666666666666,0.11111111111111116,0.1,0.1111111111111111,0.1,0.1,0.1,0.1,0.02563977791626181,0.04422374311737766,0.07783090887182899,0.07737185595368655,0.1345738440472806,0.39914295858570586,0.0020796257484423076,0.0008361299407863534,0.0026966079510510462,0.0025647050589182245,0.002643846100327002,0.00254275092936803
