LIMIT_BAL,SEX,EDUCATION,MARRIAGE,AGE,PAY_0,PAY_2,PAY_3,PAY_4,PAY_5,PAY_6,BILL_AMT1,BILL_AMT2,BILL_AMT3,BILL_AMT4,BILL_AMT5,BILL_AMT6,PAY_AMT1,PAY_AMT2,PAY_AMT3,PAY_AMT4,PAY_AMT5,PAY_AMT6
0.05063291139240507,1.0,0.3333333333333333,0.6666666666666666,0.05555555555555558,0.2,0.2222222222222222,0.2,0.2,0.2,0.2,0.10960871633150565,0.11190757988987804,0.16473518542054905,0.15342226856762733,0.18995402005862688,0.43727860642300626,0.00405385136148598,0.0023470314127336236,0.005125132070711053,0.002624698159711633,0.0026026165315109866,0.003023543990086741
