LIMIT_BAL,SEX,EDUCATION,MARRIAGE,AGE,PAY_0,PAY_2,PAY_3,PAY_4,PAY_5,PAY_6,BILL_AMT1,BILL_AMT2,BILL_AMT3,BILL_AMT4,BILL_AMT5,BILL_AMT6,PAY_AMT1,PAY_AMT2,PAY_AMT3,PAY_AMT4,PAY_AMT5,PAY_AMT6
0.34177215189873417,1.0,0.16666666666666666,0.6666666666666666,0.16666666666666674,0.30000000000000004,0.4444444444444444,0.2,0.1,0.1,0.1,0.06468965885313245,0.0676838367725004,0.09373282340687873,0.08211376997896477,0.13562775528344495,0.5218285425022937,0.00010134628403714949,0.0016730748230354615,0.0110676569998791,0.005001924778650455,0.27249395084920025,0.24796778190830238
