LIMIT_BAL,SEX,EDUCATION,MARRIAGE,AGE,PAY_0,PAY_2,PAY_3,PAY_4,PAY_5,PAY_6,BILL_AMT1,BILL_AMT2,BILL_AMT3,BILL_AMT4,BILL_AMT5,BILL_AMT6,PAY_AMT1,PAY_AMT2,PAY_AMT3,PAY_AMT4,PAY_AMT5,PAY_AMT6
0.05063291139240507,1.0,0.3333333333333333,0.6666666666666666,0.18518518518518523,0.2,0.2222222222222222,0.2,0.2,0.2,0.2,0.09601809571200065,0.10422605876601658,0.15556278153106684,0.08820559381049124,0.14602961408875076,0.4090374864805642,0.007473274984899404,0.0040747073137736515,0.002628272856774899,0.0007724111727151377,0.005153696102001953,0.0024783147459727386
