LIMIT_BAL,SEX,EDUCATION,MARRIAGE,AGE,PAY_0,PAY_2,PAY_3,PAY_4,PAY_5,PAY_6,BILL_AMT1,BILL_AMT2,BILL_AMT3,BILL_AMT4,BILL_AMT5,BILL_AMT6,PAY_AMT1,PAY_AMT2,PAY_AMT3,PAY_AMT4,PAY_AMT5,PAY_AMT6
0.05063291139240507,1.0,0.16666666666666666,0.6666666666666666,0.03703703703703709,0.2,0.2222222222222222,0.2,0.2,0.2,0.2,0.04790937074704461,0.06381284413111718,0.10467467429465585,0.1033961992772514,0.16408826057260878,0.4209416206449254,0.0026350033849658868,0.0010594239015811495,0.0036795819994848585,0.002499712533058698,0.0025768480510009765,0.0025848822800495666
