LIMIT_BAL,SEX,EDUCATION,MARRIAGE,AGE,PAY_0,PAY_2,PAY_3,PAY_4,PAY_5,PAY_6,BILL_AMT1,BILL_AMT2,BILL_AMT3,BILL_AMT4,BILL_AMT5,BILL_AMT6,PAY_AMT1,PAY_AMT2,PAY_AMT3,PAY_AMT4,PAY_AMT5,PAY_AMT6
0.012658227848101266,1.0,0.16666666666666666,0.6666666666666666,0.018518518518518545,0.2,0.2222222222222222,0.2,0.2,0.2,0.2,0.06917120446051138,0.06191787166160655,0.10721660375116163,0.10340369045264677,0.13779930262121615,0.3979407101702482,0.0028843152436972743,0.0040747073137736515,0.0010513091427099596,0.0004999425066117396,0.0,0.0
