LIMIT_BAL,SEX,EDUCATION,MARRIAGE,AGE,PAY_0,PAY_2,PAY_3,PAY_4,PAY_5,PAY_6,BILL_AMT1,BILL_AMT2,BILL_AMT3,BILL_AMT4,BILL_AMT5,BILL_AMT6,PAY_AMT1,PAY_AMT2,PAY_AMT3,PAY_AMT4,PAY_AMT5,PAY_AMT6
0.025316455696202535,1.0,0.5,0.6666666666666666,0.2777777777777778,0.4,0.4444444444444444,0.4,0.4,0.4,0.4,0.06395817014804013,0.07729635156692224,0.11907123839832034,0.11681589088054273,0.17664859494841556,0.4314771133382782,0.00405385136148598,0.0,0.00546155099637824,0.0,0.0059035588848432375,0.0
