LIMIT_BAL,SEX,EDUCATION,MARRIAGE,AGE,PAY_0,PAY_2,PAY_3,PAY_4,PAY_5,PAY_6,BILL_AMT1,BILL_AMT2,BILL_AMT3,BILL_AMT4,BILL_AMT5,BILL_AMT6,PAY_AMT1,PAY_AMT2,PAY_AMT3,PAY_AMT4,PAY_AMT5,PAY_AMT6
0.36708860759493667,1.0,0.16666666666666666,0.3333333333333333,0.33333333333333337,0.1,0.1111111111111111,0.1,0.0,0.1,0.1,0.025809307487399086,0.04368985745896156,0.0761373896365206,0.07583466676255371,0.13405097335647037,0.3979407101702482,0.0012425054422954527,0.0,0.0,0.001764797048339441,0.0,0.0
