LIMIT_BAL,SEX,EDUCATION,MARRIAGE,AGE,PAY_0,PAY_2,PAY_3,PAY_4,PAY_5,PAY_6,BILL_AMT1,BILL_AMT2,BILL_AMT3,BILL_AMT4,BILL_AMT5,BILL_AMT6,PAY_AMT1,PAY_AMT2,PAY_AMT3,PAY_AMT4,PAY_AMT5,PAY_AMT6
0.35443037974683544,0.0,0.16666666666666666,0.3333333333333333,0.35185185185185186,0.2,0.2222222222222222,0.2,0.2,0.2,0.2,0.1765948729862477,0.1695453609838934,0.2332236782379477,0.2162462619034777,0.2794841880635157,0.4949748125441615,0.012161554084457939,0.0032597658510189215,0.01117015964129332,0.01249856266529349,0.008351564533294165,0.008674101610904586
