LIMIT_BAL,SEX,EDUCATION,MARRIAGE,AGE,PAY_0,PAY_2,PAY_3,PAY_4,PAY_5,PAY_6,BILL_AMT1,BILL_AMT2,BILL_AMT3,BILL_AMT4,BILL_AMT5,BILL_AMT6,PAY_AMT1,PAY_AMT2,PAY_AMT3,PAY_AMT4,PAY_AMT5,PAY_AMT6
0.0379746835443038,0.0,0.3333333333333333,0.6666666666666666,0.18518518518518523,0.2,0.2222222222222222,0.2,0.2,0.2,0.2,0.08274926733400621,0.09137935470591263,0.1388388664315107,0.13141918819630474,0.19351444266886272,0.4422879748207466,0.003913993489514714,0.0015386094816809308,0.0038320218251778025,0.0037220719617244015,0.003891040557011475,0.0037298636926889716
