LIMIT_BAL,SEX,EDUCATION,MARRIAGE,AGE,PAY_0,PAY_2,PAY_3,PAY_4,PAY_5,PAY_6,BILL_AMT1,BILL_AMT2,BILL_AMT3,BILL_AMT4,BILL_AMT5,BILL_AMT6,PAY_AMT1,PAY_AMT2,PAY_AMT3,PAY_AMT4,PAY_AMT5,PAY_AMT6
0.30379746835443033,0.0,0.16666666666666666,0.6666666666666666,0.16666666666666674,0.0,0.0,0.0,0.0,0.0,0.0,0.028313008098176457,0.04616888797406474,0.08644375816017127,0.07777787766011639,0.13577808060705288,0.40017529859936884,0.005154472006129423,0.005090939317828801,0.0034167547138073684,0.004414492333381661,0.0049269334735138675,0.0024783147459727386
