LIMIT_BAL,SEX,EDUCATION,MARRIAGE,AGE,PAY_0,PAY_2,PAY_3,PAY_4,PAY_5,PAY_6,BILL_AMT1,BILL_AMT2,BILL_AMT3,BILL_AMT4,BILL_AMT5,BILL_AMT6,PAY_AMT1,PAY_AMT2,PAY_AMT3,PAY_AMT4,PAY_AMT5,PAY_AMT6
0.24050632911392406,1.0,0.3333333333333333,0.3333333333333333,0.16666666666666674,0.0,0.0,0.0,0.0,0.0,0.0,0.0907234360504633,0.04290382339319714,0.0761373896365206,0.07583466676255371,0.145376025725238,0.4227660853455761,0.0,0.0,0.0,0.01909030461496928,0.05459310280850669,0.0
