LIMIT_BAL,SEX,EDUCATION,MARRIAGE,AGE,PAY_0,PAY_2,PAY_3,PAY_4,PAY_5,PAY_6,BILL_AMT1,BILL_AMT2,BILL_AMT3,BILL_AMT4,BILL_AMT5,BILL_AMT6,PAY_AMT1,PAY_AMT2,PAY_AMT3,PAY_AMT4,PAY_AMT5,PAY_AMT6
0.025316455696202535,0.0,0.5,0.3333333333333333,0.37037037037037035,0.30000000000000004,0.4444444444444444,0.4,0.4,0.4,0.4,0.03147442065623641,0.05011964184634385,0.08500278126697028,0.08457387197880896,0.1420378231585965,0.40505811453232415,0.0022093489920098587,0.0,0.001450806616939744,0.0,0.0014765339332235596,0.0
