LIMIT_BAL,SEX,EDUCATION,MARRIAGE,AGE,PAY_0,PAY_2,PAY_3,PAY_4,PAY_5,PAY_6,BILL_AMT1,BILL_AMT2,BILL_AMT3,BILL_AMT4,BILL_AMT5,BILL_AMT6,PAY_AMT1,PAY_AMT2,PAY_AMT3,PAY_AMT4,PAY_AMT5,PAY_AMT6
0.4430379746835443,1.0,0.16666666666666666,0.3333333333333333,0.18518518518518523,0.1,0.1111111111111111,0.4,0.1,0.1,0.1,0.029805810155135254,0.05576210569649566,0.08146058606329405,0.08217220114704878,0.1428858540602543,0.4081879444715907,0.02739795442660299,0.0,0.011117594184157822,0.015280742714587821,0.02253453620600354,0.0156728624535316
