LIMIT_BAL,SEX,EDUCATION,MARRIAGE,AGE,PAY_0,PAY_2,PAY_3,PAY_4,PAY_5,PAY_6,BILL_AMT1,BILL_AMT2,BILL_AMT3,BILL_AMT4,BILL_AMT5,BILL_AMT6,PAY_AMT1,PAY_AMT2,PAY_AMT3,PAY_AMT4,PAY_AMT5,PAY_AMT6
0.20253164556962022,1.0,0.3333333333333333,0.6666666666666666,0.4814814814814815,0.2,0.2222222222222222,0.2,0.2,0.2,0.2,0.07866172100769633,0.08860572222508106,0.1371238893501409,0.1328140450549253,0.19612879612291384,0.44425422515323976,0.0032430810891887836,0.0016298829255094608,0.005256545713549798,0.003999540052893917,0.004122956881601562,0.004213135068153655
