LIMIT_BAL,SEX,EDUCATION,MARRIAGE,AGE,PAY_0,PAY_2,PAY_3,PAY_4,PAY_5,PAY_6,BILL_AMT1,BILL_AMT2,BILL_AMT3,BILL_AMT4,BILL_AMT5,BILL_AMT6,PAY_AMT1,PAY_AMT2,PAY_AMT3,PAY_AMT4,PAY_AMT5,PAY_AMT6
0.15189873417721517,0.0,0.3333333333333333,0.3333333333333333,0.33333333333333337,0.5,0.4444444444444444,0.1,0.1,0.1,0.2,0.22937821890348903,0.2036432871918901,0.0929933530195316,0.07955927916913876,0.14134501949327294,0.4059357793112499,0.0,0.008354779876161495,0.006533886321942399,0.01292351379591347,0.007831041226991967,0.005913258983890954
