LIMIT_BAL,SEX,EDUCATION,MARRIAGE,AGE,PAY_0,PAY_2,PAY_3,PAY_4,PAY_5,PAY_6,BILL_AMT1,BILL_AMT2,BILL_AMT3,BILL_AMT4,BILL_AMT5,BILL_AMT6,PAY_AMT1,PAY_AMT2,PAY_AMT3,PAY_AMT4,PAY_AMT5,PAY_AMT6
0.05063291139240507,1.0,0.5,1.0,0.462962962962963,0.1,0.1111111111111111,0.1,0.1,0.1,0.1,0.0246414371084534,0.043405547264961666,0.07678112501836297,0.07641897844339368,0.13485815498540865,0.4001307708802778,0.000790501015489766,0.00031782717047434484,0.0010250264141422106,0.002999655039670438,0.004816129007320825,0.008946716232961586
