LIMIT_BAL,SEX,EDUCATION,MARRIAGE,AGE,PAY_0,PAY_2,PAY_3,PAY_4,PAY_5,PAY_6,BILL_AMT1,BILL_AMT2,BILL_AMT3,BILL_AMT4,BILL_AMT5,BILL_AMT6,PAY_AMT1,PAY_AMT2,PAY_AMT3,PAY_AMT4,PAY_AMT5,PAY_AMT6
0.24050632911392406,0.0,0.5,0.3333333333333333,0.2777777777777778,0.1,0.4444444444444444,0.1,0.2,0.2,0.4,0.026795090549197324,0.04403720475479854,0.11714168285633643,0.11833510125072663,0.17982666836599642,0.4215392295064102,8.107702722971959e-06,0.02024803558360403,0.013151877375301595,0.003849557300910395,1.0307392204003906e-05,0.01588847583643123
