LIMIT_BAL,SEX,EDUCATION,MARRIAGE,AGE,PAY_0,PAY_2,PAY_3,PAY_4,PAY_5,PAY_6,BILL_AMT1,BILL_AMT2,BILL_AMT3,BILL_AMT4,BILL_AMT5,BILL_AMT6,PAY_AMT1,PAY_AMT2,PAY_AMT3,PAY_AMT4,PAY_AMT5,PAY_AMT6
0.0759493670886076,1.0,0.16666666666666666,0.6666666666666666,0.07407407407407407,0.4,0.2222222222222222,0.2,0.2,0.2,0.2,0.033023732570240966,0.05271316832192662,0.0917917136400925,0.0927901931524664,0.15434325807263327,0.4152151216134033,0.00405385136148598,0.0016298829255094608,0.005256545713549798,0.004999425066117396,0.005153696102001953,0.004956629491945477
