LIMIT_BAL,SEX,EDUCATION,MARRIAGE,AGE,PAY_0,PAY_2,PAY_3,PAY_4,PAY_5,PAY_6,BILL_AMT1,BILL_AMT2,BILL_AMT3,BILL_AMT4,BILL_AMT5,BILL_AMT6,PAY_AMT1,PAY_AMT2,PAY_AMT3,PAY_AMT4,PAY_AMT5,PAY_AMT6
0.3164556962025316,0.0,0.16666666666666666,0.6666666666666666,0.2777777777777778,0.0,0.0,0.0,0.0,0.0,0.0,0.05032359741749953,0.050464416199248706,0.07684219734946084,0.0757252956017811,0.13277811001852924,0.39785517007831017,0.020269256807429897,0.008149414627547303,0.0,0.0,0.0,0.0
