LIMIT_BAL,SEX,EDUCATION,MARRIAGE,AGE,PAY_0,PAY_2,PAY_3,PAY_4,PAY_5,PAY_6,BILL_AMT1,BILL_AMT2,BILL_AMT3,BILL_AMT4,BILL_AMT5,BILL_AMT6,PAY_AMT1,PAY_AMT2,PAY_AMT3,PAY_AMT4,PAY_AMT5,PAY_AMT6
0.012658227848101266,0.0,0.5,0.6666666666666666,0.09259259259259262,0.4,0.2222222222222222,0.2,0.2,0.2,0.2,0.04613244968660575,0.06327509905830289,0.10417289081752744,0.1057768948179045,0.14829102982650497,0.40938199041247897,0.00405385136148598,0.0016298829255094608,0.007884818570324697,0.002499712533058698,0.0012884240255004883,0.0024783147459727386
