LIMIT_BAL,SEX,EDUCATION,MARRIAGE,AGE,PAY_0,PAY_2,PAY_3,PAY_4,PAY_5,PAY_6,BILL_AMT1,BILL_AMT2,BILL_AMT3,BILL_AMT4,BILL_AMT5,BILL_AMT6,PAY_AMT1,PAY_AMT2,PAY_AMT3,PAY_AMT4,PAY_AMT5,PAY_AMT6
0.06329113924050633,1.0,0.3333333333333333,0.6666666666666666,0.14814814814814814,0.2,0.2222222222222222,0.2,0.2,0.1,0.2,0.04043280271624046,0.047262388720218186,0.09548576436974181,0.09222086382241719,0.16807351561912792,0.4223547898350248,0.0020492218632311627,0.008964356090302035,0.0032064928852653767,0.05381381141168765,0.002009941479780762,4.213135068153656e-05
