LIMIT_BAL,SEX,EDUCATION,MARRIAGE,AGE,PAY_0,PAY_2,PAY_3,PAY_4,PAY_5,PAY_6,BILL_AMT1,BILL_AMT2,BILL_AMT3,BILL_AMT4,BILL_AMT5,BILL_AMT6,PAY_AMT1,PAY_AMT2,PAY_AMT3,PAY_AMT4,PAY_AMT5,PAY_AMT6
0.10126582278481013,0.0,0.3333333333333333,0.3333333333333333,0.6666666666666667,0.2,0.2222222222222222,0.2,0.2,0.2,0.2,0.040723200592725606,0.05691221118715587,0.0942164502450321,0.09254747906965594,0.15775008741744362,0.42070257710033143,0.00609496552199417,0.002444824388264191,0.007884818570324697,0.01249856266529349,0.015461088306005859,0.01982651796778191
