LIMIT_BAL,SEX,EDUCATION,MARRIAGE,AGE,PAY_0,PAY_2,PAY_3,PAY_4,PAY_5,PAY_6,BILL_AMT1,BILL_AMT2,BILL_AMT3,BILL_AMT4,BILL_AMT5,BILL_AMT6,PAY_AMT1,PAY_AMT2,PAY_AMT3,PAY_AMT4,PAY_AMT5,PAY_AMT6
0.4177215189873417,1.0,0.3333333333333333,0.6666666666666666,0.33333333333333337,0.0,0.0,0.1,0.1,0.2,0.2,0.1125801929811618,0.10206864611742912,0.2148706174412674,0.3349169678119176,0.3617186759606932,0.50952951777652,0.02033817228057516,0.04076663173284263,0.2631111391460216,0.012331081925578557,0.026062241187823878,0.004991325898389095
