LIMIT_BAL,SEX,EDUCATION,MARRIAGE,AGE,PAY_0,PAY_2,PAY_3,PAY_4,PAY_5,PAY_6,BILL_AMT1,BILL_AMT2,BILL_AMT3,BILL_AMT4,BILL_AMT5,BILL_AMT6,PAY_AMT1,PAY_AMT2,PAY_AMT3,PAY_AMT4,PAY_AMT5,PAY_AMT6
0.025316455696202535,1.0,0.3333333333333333,0.6666666666666666,0.07407407407407407,0.4,0.4444444444444444,0.4,0.2,0.2,0.2,0.06369131804532405,0.0768062059383523,0.11847537051923036,0.11541204461144772,0.1773054512537459,0.4311396400988515,0.0036484662253373815,0.0,0.003942409285162349,0.002999655039670438,0.004509484089251709,0.0032218091697645604
