LIMIT_BAL,SEX,EDUCATION,MARRIAGE,AGE,PAY_0,PAY_2,PAY_3,PAY_4,PAY_5,PAY_6,BILL_AMT1,BILL_AMT2,BILL_AMT3,BILL_AMT4,BILL_AMT5,BILL_AMT6,PAY_AMT1,PAY_AMT2,PAY_AMT3,PAY_AMT4,PAY_AMT5,PAY_AMT6
0.05063291139240507,0.0,0.16666666666666666,0.6666666666666666,0.4444444444444444,0.2,0.2222222222222222,0.2,0.2,0.2,0.2,0.09141882123577638,0.10151031750115783,0.14844868025993707,0.1305097595033051,0.16568955206321506,0.42162242603418554,0.01216966178718091,0.0014709693402722884,0.0032984824352524983,0.0025072116706578744,0.002862878184662085,0.007439900867410161
