LIMIT_BAL,SEX,EDUCATION,MARRIAGE,AGE,PAY_0,PAY_2,PAY_3,PAY_4,PAY_5,PAY_6,BILL_AMT1,BILL_AMT2,BILL_AMT3,BILL_AMT4,BILL_AMT5,BILL_AMT6,PAY_AMT1,PAY_AMT2,PAY_AMT3,PAY_AMT4,PAY_AMT5,PAY_AMT6
0.48101265822784806,1.0,0.3333333333333333,0.6666666666666666,0.33333333333333337,0.2,0.1111111111111111,0.1,0.2,0.2,0.2,0.06785264112944367,0.046911182009983024,0.5358387294314166,0.5073263695366858,0.5646153795877817,0.71045967839269,0.0063746812659367024,0.22696527208450618,0.03942409285162348,0.02327232368277648,0.025768480510009767,0.02404460966542751
