LIMIT_BAL,SEX,EDUCATION,MARRIAGE,AGE,PAY_0,PAY_2,PAY_3,PAY_4,PAY_5,PAY_6,BILL_AMT1,BILL_AMT2,BILL_AMT3,BILL_AMT4,BILL_AMT5,BILL_AMT6,PAY_AMT1,PAY_AMT2,PAY_AMT3,PAY_AMT4,PAY_AMT5,PAY_AMT6
0.1139240506329114,1.0,0.3333333333333333,0.3333333333333333,0.2592592592592593,0.1,0.1111111111111111,0.1,0.2,0.2,0.1,0.06962642275337999,0.04290382339319714,0.08285369545374267,0.13137274290885337,0.16595752329225533,0.42398591049225387,0.0,0.003315996811948998,0.08673300427357167,0.04999425066117396,0.05727560162959871,0.04956629491945477
