LIMIT_BAL,SEX,EDUCATION,MARRIAGE,AGE,PAY_0,PAY_2,PAY_3,PAY_4,PAY_5,PAY_6,BILL_AMT1,BILL_AMT2,BILL_AMT3,BILL_AMT4,BILL_AMT5,BILL_AMT6,PAY_AMT1,PAY_AMT2,PAY_AMT3,PAY_AMT4,PAY_AMT5,PAY_AMT6
0.24050632911392406,1.0,0.16666666666666666,0.6666666666666666,0.4814814814814815,0.0,0.1111111111111111,0.1,0.1,0.2,0.1,0.061553361787092836,0.05597823290279422,0.10985261760962897,0.09919514811551991,0.15338901906190464,0.40809654546924595,0.024363646682530736,0.017120290249551376,0.04212070080267453,0.0001499827519835219,0.022333542058025464,0.04584882280049567
