LIMIT_BAL,SEX,EDUCATION,MARRIAGE,AGE,PAY_0,PAY_2,PAY_3,PAY_4,PAY_5,PAY_6,BILL_AMT1,BILL_AMT2,BILL_AMT3,BILL_AMT4,BILL_AMT5,BILL_AMT6,PAY_AMT1,PAY_AMT2,PAY_AMT3,PAY_AMT4,PAY_AMT5,PAY_AMT6
0.620253164556962,1.0,0.5,0.6666666666666666,0.42592592592592593,0.0,0.0,0.0,0.0,0.0,0.0,0.024029246990457682,0.04454407451242732,0.0761373896365206,0.07583466676255371,0.13502155207628685,0.3979407101702482,0.002584330242947312,0.0,0.0,0.0032496262929763075,0.0,0.0
