LIMIT_BAL,SEX,EDUCATION,MARRIAGE,AGE,PAY_0,PAY_2,PAY_3,PAY_4,PAY_5,PAY_6,BILL_AMT1,BILL_AMT2,BILL_AMT3,BILL_AMT4,BILL_AMT5,BILL_AMT6,PAY_AMT1,PAY_AMT2,PAY_AMT3,PAY_AMT4,PAY_AMT5,PAY_AMT6
0.08860759493670886,1.0,0.3333333333333333,0.3333333333333333,0.2592592592592593,0.5,0.4444444444444444,0.2,0.2,0.2,0.2,0.14696487127525482,0.13478490197087428,0.17445393908282564,0.16062278635767066,0.2191154988676582,0.45442998074762037,1.8242331126686908e-05,0.001795316042448671,0.007900588207465345,0.007511636161841388,0.0051665803422569585,0.004956629491945477
