LIMIT_BAL,SEX,EDUCATION,MARRIAGE,AGE,PAY_0,PAY_2,PAY_3,PAY_4,PAY_5,PAY_6,BILL_AMT1,BILL_AMT2,BILL_AMT3,BILL_AMT4,BILL_AMT5,BILL_AMT6,PAY_AMT1,PAY_AMT2,PAY_AMT3,PAY_AMT4,PAY_AMT5,PAY_AMT6
0.20253164556962022,1.0,0.3333333333333333,0.3333333333333333,0.2962962962962963,0.1,0.2222222222222222,0.2,0.2,0.2,0.2,0.2888705406266629,0.2567243863531107,0.3375979426877438,0.2950624164733944,0.32730888259265434,0.5311324922281553,0.014188479765200929,0.005704590239283112,0.015798548142073918,0.01249856266529349,0.015461088306005859,0.02230483271375465
