LIMIT_BAL,SEX,EDUCATION,MARRIAGE,AGE,PAY_0,PAY_2,PAY_3,PAY_4,PAY_5,PAY_6,BILL_AMT1,BILL_AMT2,BILL_AMT3,BILL_AMT4,BILL_AMT5,BILL_AMT6,PAY_AMT1,PAY_AMT2,PAY_AMT3,PAY_AMT4,PAY_AMT5,PAY_AMT6
0.05063291139240507,1.0,0.3333333333333333,0.6666666666666666,0.05555555555555558,0.2,0.2222222222222222,0.2,0.4,0.2,0.2,0.09876039349697123,0.1058547316420522,0.16100317080940646,0.14921372623050047,0.14937108459720985,0.40958353693046995,0.004293028591813653,0.0029337892659170293,1.839790999742429e-05,0.0008624008239052508,0.0025768480510009765,0.0009913258983890955
