LIMIT_BAL,SEX,EDUCATION,MARRIAGE,AGE,PAY_0,PAY_2,PAY_3,PAY_4,PAY_5,PAY_6,BILL_AMT1,BILL_AMT2,BILL_AMT3,BILL_AMT4,BILL_AMT5,BILL_AMT6,PAY_AMT1,PAY_AMT2,PAY_AMT3,PAY_AMT4,PAY_AMT5,PAY_AMT6
0.15189873417721517,1.0,0.16666666666666666,0.6666666666666666,0.11111111111111116,0.1,0.2222222222222222,0.2,0.2,0.2,0.2,0.05461677683472593,0.11103535223588742,0.11986352809904943,0.10435806619801874,0.16933003924798123,0.42839063933602134,0.07094239882600464,0.00818853181775953,0.02102618285419919,0.01249856266529349,0.015461088306005859,0.01982651796778191
