LIMIT_BAL,SEX,EDUCATION,MARRIAGE,AGE,PAY_0,PAY_2,PAY_3,PAY_4,PAY_5,PAY_6,BILL_AMT1,BILL_AMT2,BILL_AMT3,BILL_AMT4,BILL_AMT5,BILL_AMT6,PAY_AMT1,PAY_AMT2,PAY_AMT3,PAY_AMT4,PAY_AMT5,PAY_AMT6
0.12658227848101264,0.0,0.3333333333333333,0.3333333333333333,0.33333333333333337,0.2,0.2222222222222222,0.2,0.2,0.2,0.2,0.12526665588793467,0.10653784799053156,0.14275409803594685,0.12757321874831448,0.19305856478531258,0.43598495900520384,0.00810770272297196,0.002450528978503474,0.007884818570324697,0.0074991375991760945,0.0077305441530029296,0.009913258983890954
