LIMIT_BAL,SEX,EDUCATION,MARRIAGE,AGE,PAY_0,PAY_2,PAY_3,PAY_4,PAY_5,PAY_6,BILL_AMT1,BILL_AMT2,BILL_AMT3,BILL_AMT4,BILL_AMT5,BILL_AMT6,PAY_AMT1,PAY_AMT2,PAY_AMT3,PAY_AMT4,PAY_AMT5,PAY_AMT6
0.430379746835443,1.0,0.3333333333333333,0.6666666666666666,0.20370370370370372,0.1,0.1111111111111111,0.1,0.1,0.1,0.2,0.040294667510128605,0.09763160603097823,0.09383681143009942,0.07779735471614438,0.14563582709973433,0.40406327154526417,0.08622744538448752,0.008738617305118974,0.0034430374423751174,0.01948775890772561,0.0,0.0
