LIMIT_BAL,SEX,EDUCATION,MARRIAGE,AGE,PAY_0,PAY_2,PAY_3,PAY_4,PAY_5,PAY_6,BILL_AMT1,BILL_AMT2,BILL_AMT3,BILL_AMT4,BILL_AMT5,BILL_AMT6,PAY_AMT1,PAY_AMT2,PAY_AMT3,PAY_AMT4,PAY_AMT5,PAY_AMT6
0.4177215189873417,1.0,0.16666666666666666,0.6666666666666666,0.4444444444444444,0.2,0.2222222222222222,0.2,0.2,0.2,0.2,0.13122216693325714,0.13369397416765297,0.1913627217792186,0.17572199948460715,0.23629016708986514,0.47062283732969606,0.030403885211144847,0.01100170974718886,0.034167547138073684,0.03249626292976308,0.033499024663012696,0.032218091697645605
