LIMIT_BAL,SEX,EDUCATION,MARRIAGE,AGE,PAY_0,PAY_2,PAY_3,PAY_4,PAY_5,PAY_6,BILL_AMT1,BILL_AMT2,BILL_AMT3,BILL_AMT4,BILL_AMT5,BILL_AMT6,PAY_AMT1,PAY_AMT2,PAY_AMT3,PAY_AMT4,PAY_AMT5,PAY_AMT6
0.2151898734177215,0.0,0.3333333333333333,0.3333333333333333,0.35185185185185186,0.2,0.2222222222222222,0.2,0.2,0.2,0.2,0.2232845726520547,0.18426645397005095,0.15780099993562646,0.15200493818282063,0.2147429927157577,0.4545905148927643,0.010134628403714948,0.0016298829255094608,0.005256545713549798,0.004999425066117396,0.005153696102001953,0.004956629491945477
