LIMIT_BAL,SEX,EDUCATION,MARRIAGE,AGE,PAY_0,PAY_2,PAY_3,PAY_4,PAY_5,PAY_6,BILL_AMT1,BILL_AMT2,BILL_AMT3,BILL_AMT4,BILL_AMT5,BILL_AMT6,PAY_AMT1,PAY_AMT2,PAY_AMT3,PAY_AMT4,PAY_AMT5,PAY_AMT6
0.16455696202531644,0.0,0.3333333333333333,0.3333333333333333,0.5,0.30000000000000004,0.4444444444444444,0.4,0.4,0.4,0.4,0.15920396448041543,0.1559795193742603,0.2236963945866806,0.21144591671011548,0.2826687973647317,0.5035182756992316,0.008310395291046258,0.003096777558467975,0.009198954998712146,0.008748993865705443,0.0,0.017100371747211896
