LIMIT_BAL,SEX,EDUCATION,MARRIAGE,AGE,PAY_0,PAY_2,PAY_3,PAY_4,PAY_5,PAY_6,BILL_AMT1,BILL_AMT2,BILL_AMT3,BILL_AMT4,BILL_AMT5,BILL_AMT6,PAY_AMT1,PAY_AMT2,PAY_AMT3,PAY_AMT4,PAY_AMT5,PAY_AMT6
0.10126582278481013,1.0,0.3333333333333333,0.3333333333333333,0.20370370370370372,0.2,0.2222222222222222,0.2,0.2,0.2,0.2,0.1311593782032063,0.1171988370297947,0.1505366937420668,0.1335002367211425,0.17956033110786496,0.43220947713911745,0.004840298525614259,0.0016298829255094608,0.006339394130541056,0.002999655039670438,0.0033499024663012694,0.002973977695167286
