LIMIT_BAL,SEX,EDUCATION,MARRIAGE,AGE,PAY_0,PAY_2,PAY_3,PAY_4,PAY_5,PAY_6,BILL_AMT1,BILL_AMT2,BILL_AMT3,BILL_AMT4,BILL_AMT5,BILL_AMT6,PAY_AMT1,PAY_AMT2,PAY_AMT3,PAY_AMT4,PAY_AMT5,PAY_AMT6
0.025316455696202535,0.0,0.3333333333333333,0.3333333333333333,0.35185185185185186,0.30000000000000004,0.6666666666666666,0.5,0.4,0.4,0.5,0.04687963557421078,0.06096459630525396,0.09846675436873494,0.09652529320460497,0.15657036042130307,0.414311677628688,0.0,0.0,0.002102618285419919,0.002999655039670438,0.0,0.0
