LIMIT_BAL,SEX,EDUCATION,MARRIAGE,AGE,PAY_0,PAY_2,PAY_3,PAY_4,PAY_5,PAY_6,BILL_AMT1,BILL_AMT2,BILL_AMT3,BILL_AMT4,BILL_AMT5,BILL_AMT6,PAY_AMT1,PAY_AMT2,PAY_AMT3,PAY_AMT4,PAY_AMT5,PAY_AMT6
0.025316455696202535,0.0,0.5,0.6666666666666666,0.5740740740740741,0.2,0.2222222222222222,0.2,0.4,0.4,0.2,0.06434902999260662,0.0782161786651572,0.12612756854543866,0.1207712314893056,0.22788665470599961,0.4318169301418676,0.005067314201857474,0.0029337892659170293,0.0036532992709171095,0.0,0.0025768480510009765,0.003717472118959108
