LIMIT_BAL,SEX,EDUCATION,MARRIAGE,AGE,PAY_0,PAY_2,PAY_3,PAY_4,PAY_5,PAY_6,BILL_AMT1,BILL_AMT2,BILL_AMT3,BILL_AMT4,BILL_AMT5,BILL_AMT6,PAY_AMT1,PAY_AMT2,PAY_AMT3,PAY_AMT4,PAY_AMT5,PAY_AMT6
0.12658227848101264,1.0,0.3333333333333333,0.3333333333333333,0.07407407407407407,0.4,0.2222222222222222,0.2,0.2,0.2,0.2,0.07124480227044047,0.08066047445067669,0.12174356553473778,0.10882130849858866,0.16642157103034938,0.41965851926585507,0.0030282269670300265,0.001142547930782132,0.004031770562292695,0.0019997700264469584,0.0018037936357006836,0.001526641883519207
