LIMIT_BAL,SEX,EDUCATION,MARRIAGE,AGE,PAY_0,PAY_2,PAY_3,PAY_4,PAY_5,PAY_6,BILL_AMT1,BILL_AMT2,BILL_AMT3,BILL_AMT4,BILL_AMT5,BILL_AMT6,PAY_AMT1,PAY_AMT2,PAY_AMT3,PAY_AMT4,PAY_AMT5,PAY_AMT6
0.5822784810126582,1.0,0.16666666666666666,0.6666666666666666,0.2592592592592593,0.1,0.2222222222222222,0.2,0.2,0.2,0.2,0.08264566592942232,0.09352390263983945,0.14844372844930748,0.14806907463008576,0.21881975013316862,0.4645951903032689,0.005067314201857474,0.0040747073137736515,0.013141364283874494,0.01249856266529349,0.012884240255004883,0.012391573729863693
