LIMIT_BAL,SEX,EDUCATION,MARRIAGE,AGE,PAY_0,PAY_2,PAY_3,PAY_4,PAY_5,PAY_6,BILL_AMT1,BILL_AMT2,BILL_AMT3,BILL_AMT4,BILL_AMT5,BILL_AMT6,PAY_AMT1,PAY_AMT2,PAY_AMT3,PAY_AMT4,PAY_AMT5,PAY_AMT6
0.05063291139240507,0.0,0.5,0.3333333333333333,0.2777777777777778,0.5,0.4444444444444444,0.4,0.4,0.4,0.1,0.024264704728148345,0.043096794113106573,0.07638498016799844,0.07605940202441523,0.1331424855311876,0.39903046750589694,0.0,0.0,0.0,0.0,0.0023964686874309083,0.0
