LIMIT_BAL,SEX,EDUCATION,MARRIAGE,AGE,PAY_0,PAY_2,PAY_3,PAY_4,PAY_5,PAY_6,BILL_AMT1,BILL_AMT2,BILL_AMT3,BILL_AMT4,BILL_AMT5,BILL_AMT6,PAY_AMT1,PAY_AMT2,PAY_AMT3,PAY_AMT4,PAY_AMT5,PAY_AMT6
0.48101265822784806,0.0,0.16666666666666666,0.3333333333333333,0.2777777777777778,0.0,0.0,0.0,0.0,0.0,0.0,0.036649781730677164,0.05296145731487676,0.0894263987627076,0.07582717558715832,0.13610814273062682,0.4015591732374347,0.01592555507359767,0.006593691375148523,0.0,0.002474715407728111,0.008008843742511035,0.02103097893432466
