LIMIT_BAL,SEX,EDUCATION,MARRIAGE,AGE,PAY_0,PAY_2,PAY_3,PAY_4,PAY_5,PAY_6,BILL_AMT1,BILL_AMT2,BILL_AMT3,BILL_AMT4,BILL_AMT5,BILL_AMT6,PAY_AMT1,PAY_AMT2,PAY_AMT3,PAY_AMT4,PAY_AMT5,PAY_AMT6
0.27848101265822783,1.0,0.3333333333333333,0.3333333333333333,0.35185185185185186,0.2,0.2222222222222222,0.2,0.2,0.2,0.2,0.07725368373630617,0.08797921062110843,0.13650656362498947,0.13124689116221092,0.19449972712685826,0.43395543244031815,0.00405385136148598,0.0017113770717849337,0.003942409285162349,0.002499712533058698,0.0025768480510009765,0.0024783147459727386
