LIMIT_BAL,SEX,EDUCATION,MARRIAGE,AGE,PAY_0,PAY_2,PAY_3,PAY_4,PAY_5,PAY_6,BILL_AMT1,BILL_AMT2,BILL_AMT3,BILL_AMT4,BILL_AMT5,BILL_AMT6,PAY_AMT1,PAY_AMT2,PAY_AMT3,PAY_AMT4,PAY_AMT5,PAY_AMT6
0.0379746835443038,1.0,0.3333333333333333,0.3333333333333333,0.2777777777777778,0.2,0.2222222222222222,0.2,0.2,0.2,0.2,0.06206352021875594,0.07614624607626203,0.12162142087254205,0.11695672497797593,0.17579566213403136,0.4326781899716545,0.00405385136148598,0.0020373536568868257,0.003942409285162349,0.0037495687995880472,0.010307392204003906,0.0
