LIMIT_BAL,SEX,EDUCATION,MARRIAGE,AGE,PAY_0,PAY_2,PAY_3,PAY_4,PAY_5,PAY_6,BILL_AMT1,BILL_AMT2,BILL_AMT3,BILL_AMT4,BILL_AMT5,BILL_AMT6,PAY_AMT1,PAY_AMT2,PAY_AMT3,PAY_AMT4,PAY_AMT5,PAY_AMT6
0.1139240506329114,1.0,0.3333333333333333,0.3333333333333333,0.2222222222222222,0.4,0.2222222222222222,0.2,0.2,0.2,0.2,0.17558083499592658,0.16784593217722432,0.23356370256784392,0.1576562809010985,0.1824165122564158,0.46929872357777874,0.01075284073634156,0.002925639851289482,0.0029384090538743367,0.0017997930238022627,0.12884240255004883,0.010408921933085503
