LIMIT_BAL,SEX,EDUCATION,MARRIAGE,AGE,PAY_0,PAY_2,PAY_3,PAY_4,PAY_5,PAY_6,BILL_AMT1,BILL_AMT2,BILL_AMT3,BILL_AMT4,BILL_AMT5,BILL_AMT6,PAY_AMT1,PAY_AMT2,PAY_AMT3,PAY_AMT4,PAY_AMT5,PAY_AMT6
0.27848101265822783,1.0,0.3333333333333333,0.3333333333333333,0.5185185185185185,0.30000000000000004,0.0,0.0,0.0,0.0,0.1,0.024029246990457682,0.04290382339319714,0.0761373896365206,0.07583466676255371,0.13289738989487032,0.40607990850725506,0.0,0.0,0.0,0.0,0.017898786562252782,0.0
