LIMIT_BAL,SEX,EDUCATION,MARRIAGE,AGE,PAY_0,PAY_2,PAY_3,PAY_4,PAY_5,PAY_6,BILL_AMT1,BILL_AMT2,BILL_AMT3,BILL_AMT4,BILL_AMT5,BILL_AMT6,PAY_AMT1,PAY_AMT2,PAY_AMT3,PAY_AMT4,PAY_AMT5,PAY_AMT6
0.24050632911392406,1.0,0.3333333333333333,0.6666666666666666,0.05555555555555558,0.2,0.2222222222222222,0.2,0.2,0.2,0.2,0.08638316508569877,0.0951165543148253,0.1491485361622477,0.14344102647081736,0.20847181236785262,0.4532570268841962,0.002742430446045265,0.0032597658510189215,0.003330021709533797,0.0037495687995880472,0.0038652720765014648,0.003717472118959108
