LIMIT_BAL,SEX,EDUCATION,MARRIAGE,AGE,PAY_0,PAY_2,PAY_3,PAY_4,PAY_5,PAY_6,BILL_AMT1,BILL_AMT2,BILL_AMT3,BILL_AMT4,BILL_AMT5,BILL_AMT6,PAY_AMT1,PAY_AMT2,PAY_AMT3,PAY_AMT4,PAY_AMT5,PAY_AMT6
0.4430379746835443,1.0,0.3333333333333333,0.6666666666666666,0.12962962962962965,0.2,0.2222222222222222,0.2,0.2,0.2,0.1,0.1234740376449831,0.11829233777594814,0.10843474916603257,0.10079226670981584,0.16108175410045,0.39823014034433984,0.012181823341265368,0.0032597658510189215,0.0,0.004999425066117396,0.0006364814685972412,0.029739776951672865
