LIMIT_BAL,SEX,EDUCATION,MARRIAGE,AGE,PAY_0,PAY_2,PAY_3,PAY_4,PAY_5,PAY_6,BILL_AMT1,BILL_AMT2,BILL_AMT3,BILL_AMT4,BILL_AMT5,BILL_AMT6,PAY_AMT1,PAY_AMT2,PAY_AMT3,PAY_AMT4,PAY_AMT5,PAY_AMT6
0.025316455696202535,0.0,0.3333333333333333,0.6666666666666666,0.2407407407407407,0.2,0.2222222222222222,0.6000000000000001,0.5,0.4,0.2,0.05508612259185598,0.07459347501672414,0.11568750113478994,0.11072706351917441,0.17011761322601412,0.45796407550495016,0.011148091244086444,0.0,0.0,0.0,0.00876128337340332,0.0012688971499380422
