LIMIT_BAL,SEX,EDUCATION,MARRIAGE,AGE,PAY_0,PAY_2,PAY_3,PAY_4,PAY_5,PAY_6,BILL_AMT1,BILL_AMT2,BILL_AMT3,BILL_AMT4,BILL_AMT5,BILL_AMT6,PAY_AMT1,PAY_AMT2,PAY_AMT3,PAY_AMT4,PAY_AMT5,PAY_AMT6
0.15189873417721517,0.0,0.5,0.6666666666666666,0.05555555555555558,0.30000000000000004,0.4444444444444444,0.2,0.2,0.2,0.2,0.18377476426756162,0.09670791951834509,0.1318287531836016,0.1013181472225718,0.1518187730185652,0.3979407101702482,2.432310816891588e-05,0.0011466226380959057,0.0009120106813008899,2.749683786364568e-05,0.0,0.0
