LIMIT_BAL,SEX,EDUCATION,MARRIAGE,AGE,PAY_0,PAY_2,PAY_3,PAY_4,PAY_5,PAY_6,BILL_AMT1,BILL_AMT2,BILL_AMT3,BILL_AMT4,BILL_AMT5,BILL_AMT6,PAY_AMT1,PAY_AMT2,PAY_AMT3,PAY_AMT4,PAY_AMT5,PAY_AMT6
0.24050632911392406,1.0,0.3333333333333333,0.3333333333333333,0.14814814814814814,0.0,0.0,0.0,0.0,0.0,0.0,0.03713639438857119,0.06109324345186024,0.08204655032112493,0.08540239597753846,0.13431567664369304,0.4101448205474331,0.02875194078133931,0.006050940360953873,0.016784150463364504,0.00216975047869495,0.027435701199007397,0.01070631970260223
