LIMIT_BAL,SEX,EDUCATION,MARRIAGE,AGE,PAY_0,PAY_2,PAY_3,PAY_4,PAY_5,PAY_6,BILL_AMT1,BILL_AMT2,BILL_AMT3,BILL_AMT4,BILL_AMT5,BILL_AMT6,PAY_AMT1,PAY_AMT2,PAY_AMT3,PAY_AMT4,PAY_AMT5,PAY_AMT6
0.27848101265822783,1.0,0.3333333333333333,0.6666666666666666,0.2222222222222222,0.30000000000000004,0.1111111111111111,0.1,0.1,0.1,0.1,0.02382047446303863,0.04368985745896156,0.10855524322468511,0.09567429567968933,0.13580912605431975,0.4015802653148988,0.0015080327064727844,0.016005450328502903,0.03480358916941321,0.0044544877339106,0.008003690046409034,0.0
