LIMIT_BAL,SEX,EDUCATION,MARRIAGE,AGE,PAY_0,PAY_2,PAY_3,PAY_4,PAY_5,PAY_6,BILL_AMT1,BILL_AMT2,BILL_AMT3,BILL_AMT4,BILL_AMT5,BILL_AMT6,PAY_AMT1,PAY_AMT2,PAY_AMT3,PAY_AMT4,PAY_AMT5,PAY_AMT6
0.24050632911392406,0.0,0.16666666666666666,0.3333333333333333,0.5185185185185185,0.4,0.4444444444444444,0.4,0.4,0.4,0.4,0.02795354261863538,0.04612000205835435,0.08026389849448451,0.07958025446024583,0.13698231716682518,0.4008701653736051,0.0,0.0,0.0,0.0,0.0,0.0
