LIMIT_BAL,SEX,EDUCATION,MARRIAGE,AGE,PAY_0,PAY_2,PAY_3,PAY_4,PAY_5,PAY_6,BILL_AMT1,BILL_AMT2,BILL_AMT3,BILL_AMT4,BILL_AMT5,BILL_AMT6,PAY_AMT1,PAY_AMT2,PAY_AMT3,PAY_AMT4,PAY_AMT5,PAY_AMT6
0.1772151898734177,0.0,0.16666666666666666,0.6666666666666666,0.14814814814814814,0.1,0.1111111111111111,0.2,0.2,0.2,0.2,0.02706508208841595,0.058555035249318176,0.10152037092362823,0.08607060882280673,0.14950507021172996,0.3979407101702482,0.024667685534642186,0.006682519994588789,0.0,0.020397654269758977,0.0,0.0
