LIMIT_BAL,SEX,EDUCATION,MARRIAGE,AGE,PAY_0,PAY_2,PAY_3,PAY_4,PAY_5,PAY_6,BILL_AMT1,BILL_AMT2,BILL_AMT3,BILL_AMT4,BILL_AMT5,BILL_AMT6,PAY_AMT1,PAY_AMT2,PAY_AMT3,PAY_AMT4,PAY_AMT5,PAY_AMT6
0.36708860759493667,1.0,0.3333333333333333,0.3333333333333333,0.18518518518518523,0.2,0.2222222222222222,0.2,0.1,0.1,0.1,0.03244450653552194,0.04637729635156693,0.08244599637857583,0.07748722005477547,0.13554769070891462,0.3979395383881668,0.0021485412215875694,0.0009632608089760913,0.0029121263253065878,0.004074531428885678,0.0,0.0
