LIMIT_BAL,SEX,EDUCATION,MARRIAGE,AGE,PAY_0,PAY_2,PAY_3,PAY_4,PAY_5,PAY_6,BILL_AMT1,BILL_AMT2,BILL_AMT3,BILL_AMT4,BILL_AMT5,BILL_AMT6,PAY_AMT1,PAY_AMT2,PAY_AMT3,PAY_AMT4,PAY_AMT5,PAY_AMT6
0.10126582278481013,1.0,0.5,0.3333333333333333,0.5185185185185185,0.1,0.4444444444444444,0.4,0.2,0.2,0.2,0.13293629926364517,0.13409663973653066,0.19069257674068524,0.07783031588788407,0.13551827923255655,0.3990632774041746,0.0056753919060803714,0.0,0.0,0.0006799218089919659,0.0004277567764661621,0.009308550185873607
