LIMIT_BAL,SEX,EDUCATION,MARRIAGE,AGE,PAY_0,PAY_2,PAY_3,PAY_4,PAY_5,PAY_6,BILL_AMT1,BILL_AMT2,BILL_AMT3,BILL_AMT4,BILL_AMT5,BILL_AMT6,PAY_AMT1,PAY_AMT2,PAY_AMT3,PAY_AMT4,PAY_AMT5,PAY_AMT6
0.012658227848101266,0.0,0.3333333333333333,0.3333333333333333,0.7592592592592593,0.30000000000000004,0.4444444444444444,0.4,0.2,0.2,0.2,0.051560535399501145,0.06678459321772244,0.10581854255008344,0.1037902351030486,0.16400002614353454,0.42165289236830045,0.0032674041973576994,0.0,0.0033878437123828447,0.0016623088344840343,0.003842080444042456,0.0
