LIMIT_BAL,SEX,EDUCATION,MARRIAGE,AGE,PAY_0,PAY_2,PAY_3,PAY_4,PAY_5,PAY_6,BILL_AMT1,BILL_AMT2,BILL_AMT3,BILL_AMT4,BILL_AMT5,BILL_AMT6,PAY_AMT1,PAY_AMT2,PAY_AMT3,PAY_AMT4,PAY_AMT5,PAY_AMT6
0.2151898734177215,1.0,0.8333333333333333,0.3333333333333333,0.6111111111111112,0.2,0.2222222222222222,0.2,0.2,0.2,0.2,0.16168568903567498,0.1568144393557351,0.22535690175112533,0.2140393616319975,0.2866246409348928,0.5104903790832211,0.006486162178377567,0.002672193056372761,0.008786316160198487,0.008414032386275578,0.008975161761636402,0.008691449814126395
