LIMIT_BAL,SEX,EDUCATION,MARRIAGE,AGE,PAY_0,PAY_2,PAY_3,PAY_4,PAY_5,PAY_6,BILL_AMT1,BILL_AMT2,BILL_AMT3,BILL_AMT4,BILL_AMT5,BILL_AMT6,PAY_AMT1,PAY_AMT2,PAY_AMT3,PAY_AMT4,PAY_AMT5,PAY_AMT6
0.13924050632911392,1.0,0.16666666666666666,0.6666666666666666,0.2592592592592593,0.1,0.1111111111111111,0.1,0.1,0.1,0.1,0.02481410611609322,0.04609813204343128,0.076550040522317,0.07820037995241605,0.13326176540752868,0.3984340304264935,0.005032856465284843,0.00020536524861419206,0.004150042840847566,0.0005574358948720896,0.0010848530294714112,0.020391573729863693
