LIMIT_BAL,SEX,EDUCATION,MARRIAGE,AGE,PAY_0,PAY_2,PAY_3,PAY_4,PAY_5,PAY_6,BILL_AMT1,BILL_AMT2,BILL_AMT3,BILL_AMT4,BILL_AMT5,BILL_AMT6,PAY_AMT1,PAY_AMT2,PAY_AMT3,PAY_AMT4,PAY_AMT5,PAY_AMT6
0.13924050632911392,1.0,0.16666666666666666,0.3333333333333333,0.37037037037037035,0.2,0.2222222222222222,0.2,0.2,0.2,0.2,0.21058555199927165,0.18851952863685487,0.26449271176005507,0.24302721394197635,0.31677303817282837,0.5287959587579578,0.010134628403714948,0.004889648776528382,0.013141364283874494,0.01249856266529349,0.012884240255004883,0.012391573729863693
