LIMIT_BAL,SEX,EDUCATION,MARRIAGE,AGE,PAY_0,PAY_2,PAY_3,PAY_4,PAY_5,PAY_6,BILL_AMT1,BILL_AMT2,BILL_AMT3,BILL_AMT4,BILL_AMT5,BILL_AMT6,PAY_AMT1,PAY_AMT2,PAY_AMT3,PAY_AMT4,PAY_AMT5,PAY_AMT6
0.27848101265822783,1.0,0.3333333333333333,0.3333333333333333,0.38888888888888884,0.0,0.0,0.0,0.0,0.0,0.0,0.0246414371084534,0.043405547264961666,0.07678112501836297,0.07641897844339368,0.13492351382175993,0.40290203550265347,0.000790501015489766,0.00031782717047434484,0.0010250264141422106,0.0030996435409927857,0.010910374647938134,0.007360594795539034
