LIMIT_BAL,SEX,EDUCATION,MARRIAGE,AGE,PAY_0,PAY_2,PAY_3,PAY_4,PAY_5,PAY_6,BILL_AMT1,BILL_AMT2,BILL_AMT3,BILL_AMT4,BILL_AMT5,BILL_AMT6,PAY_AMT1,PAY_AMT2,PAY_AMT3,PAY_AMT4,PAY_AMT5,PAY_AMT6
0.05063291139240507,1.0,0.16666666666666666,0.6666666666666666,0.07407407407407407,0.1,0.1111111111111111,0.1,0.1,0.1,0.1,0.02904449680326878,0.04746822415478825,0.11448256054826447,0.0801510820253741,0.13787773322483768,0.40115022129104605,0.0072097746464028145,0.019151939316198918,0.007593080283222683,0.0076416212135604405,0.007076024748048681,0.11809417596034696
