LIMIT_BAL,SEX,EDUCATION,MARRIAGE,AGE,PAY_0,PAY_2,PAY_3,PAY_4,PAY_5,PAY_6,BILL_AMT1,BILL_AMT2,BILL_AMT3,BILL_AMT4,BILL_AMT5,BILL_AMT6,PAY_AMT1,PAY_AMT2,PAY_AMT3,PAY_AMT4,PAY_AMT5,PAY_AMT6
0.05063291139240507,1.0,0.3333333333333333,0.3333333333333333,0.16666666666666674,0.2,0.2222222222222222,0.2,0.2,0.1,0.1,0.16020230528822382,0.09818092934698709,0.1478462099666743,0.13668698273433894,0.13617840347970445,0.39618303704823404,0.00810770272297196,0.003270360090034733,0.013141364283874494,0.01249856266529349,0.012884240255004883,0.012391573729863693
