LIMIT_BAL,SEX,EDUCATION,MARRIAGE,AGE,PAY_0,PAY_2,PAY_3,PAY_4,PAY_5,PAY_6,BILL_AMT1,BILL_AMT2,BILL_AMT3,BILL_AMT4,BILL_AMT5,BILL_AMT6,PAY_AMT1,PAY_AMT2,PAY_AMT3,PAY_AMT4,PAY_AMT5,PAY_AMT6
0.2911392405063291,1.0,0.3333333333333333,0.3333333333333333,0.6481481481481481,0.2,0.2222222222222222,0.2,0.2,0.2,0.4,0.24188259449311444,0.22544640559872384,0.3126193592687166,0.3771027729334844,0.4853596206573138,0.6373381329527384,0.013175016924829433,0.0040747073137736515,0.15769637140649392,0.04365497967733711,0.016790741900322363,0.04957125154894672
