LIMIT_BAL,SEX,EDUCATION,MARRIAGE,AGE,PAY_0,PAY_2,PAY_3,PAY_4,PAY_5,PAY_6,BILL_AMT1,BILL_AMT2,BILL_AMT3,BILL_AMT4,BILL_AMT5,BILL_AMT6,PAY_AMT1,PAY_AMT2,PAY_AMT3,PAY_AMT4,PAY_AMT5,PAY_AMT6
0.0379746835443038,1.0,0.3333333333333333,0.3333333333333333,0.12962962962962965,0.2,0.2222222222222222,0.4,0.2,0.2,0.2,0.06985717133631685,0.0841262285802501,0.12771875036106953,0.12372125636000791,0.18641320509929643,0.43727860642300626,0.007398278734711912,0.0,0.00402914228943592,0.003304619968703599,0.0038652720765014648,0.003026022304832714
