LIMIT_BAL,SEX,EDUCATION,MARRIAGE,AGE,PAY_0,PAY_2,PAY_3,PAY_4,PAY_5,PAY_6,BILL_AMT1,BILL_AMT2,BILL_AMT3,BILL_AMT4,BILL_AMT5,BILL_AMT6,PAY_AMT1,PAY_AMT2,PAY_AMT3,PAY_AMT4,PAY_AMT5,PAY_AMT6
0.0,1.0,0.16666666666666666,0.6666666666666666,0.05555555555555558,0.2,0.2222222222222222,0.2,0.2,0.2,0.2,0.03443961843288748,0.0520313384449133,0.0886242054407194,0.08910004015270012,0.14797730741201884,0.40775555688357523,0.00405385136148598,0.0016298829255094608,0.005256545713549798,0.002499712533058698,0.0025768480510009765,0.0024783147459727386
