LIMIT_BAL,SEX,EDUCATION,MARRIAGE,AGE,PAY_0,PAY_2,PAY_3,PAY_4,PAY_5,PAY_6,BILL_AMT1,BILL_AMT2,BILL_AMT3,BILL_AMT4,BILL_AMT5,BILL_AMT6,PAY_AMT1,PAY_AMT2,PAY_AMT3,PAY_AMT4,PAY_AMT5,PAY_AMT6
0.06329113924050633,1.0,0.16666666666666666,0.6666666666666666,0.09259259259259262,0.2,0.2222222222222222,0.4,0.2,0.2,0.2,0.0600087590278421,0.07254927185715021,0.1052870482091777,0.09546753923877671,0.1471488841612664,0.4190046648644658,0.010134628403714948,0.0,0.0,0.00043494998075221345,0.03558627158432349,0.0
