LIMIT_BAL,SEX,EDUCATION,MARRIAGE,AGE,PAY_0,PAY_2,PAY_3,PAY_4,PAY_5,PAY_6,BILL_AMT1,BILL_AMT2,BILL_AMT3,BILL_AMT4,BILL_AMT5,BILL_AMT6,PAY_AMT1,PAY_AMT2,PAY_AMT3,PAY_AMT4,PAY_AMT5,PAY_AMT6
0.18987341772151897,1.0,0.16666666666666666,0.6666666666666666,0.18518518518518523,0.0,0.0,0.0,0.1,0.1,0.1,0.024029246990457682,0.04290382339319714,0.0761373896365206,0.07605940202441523,0.1331424855311876,0.3981164774824496,0.0,0.0,0.00039424092851623484,0.00037495687995880474,0.0003865272076501465,0.00044114002478314745
