LIMIT_BAL,SEX,EDUCATION,MARRIAGE,AGE,PAY_0,PAY_2,PAY_3,PAY_4,PAY_5,PAY_6,BILL_AMT1,BILL_AMT2,BILL_AMT3,BILL_AMT4,BILL_AMT5,BILL_AMT6,PAY_AMT1,PAY_AMT2,PAY_AMT3,PAY_AMT4,PAY_AMT5,PAY_AMT6
0.24050632911392406,1.0,0.3333333333333333,0.3333333333333333,0.5555555555555556,0.30000000000000004,0.4444444444444444,0.4,0.2,0.2,0.4,0.17035053378269135,0.16555086708176814,0.2298316879567014,0.21702684237967673,0.29535984941324106,0.5172785126804398,0.008715780427194855,0.0,0.008844138163047535,0.016748073971493277,0.010307392204003906,0.008674101610904586
