LIMIT_BAL,SEX,EDUCATION,MARRIAGE,AGE,PAY_0,PAY_2,PAY_3,PAY_4,PAY_5,PAY_6,BILL_AMT1,BILL_AMT2,BILL_AMT3,BILL_AMT4,BILL_AMT5,BILL_AMT6,PAY_AMT1,PAY_AMT2,PAY_AMT3,PAY_AMT4,PAY_AMT5,PAY_AMT6
0.620253164556962,1.0,0.3333333333333333,0.3333333333333333,0.35185185185185186,0.0,0.0,0.0,0.0,0.1,0.2,0.402216756114445,0.06692996449338753,0.09163655690703307,0.07018332404427584,0.5949467815675009,0.7365119094071837,0.0022154297690520877,0.007684083052314353,0.008996577988740479,0.7279837818650855,0.0232199777875698,0.02237918215613383
