LIMIT_BAL,SEX,EDUCATION,MARRIAGE,AGE,PAY_0,PAY_2,PAY_3,PAY_4,PAY_5,PAY_6,BILL_AMT1,BILL_AMT2,BILL_AMT3,BILL_AMT4,BILL_AMT5,BILL_AMT6,PAY_AMT1,PAY_AMT2,PAY_AMT3,PAY_AMT4,PAY_AMT5,PAY_AMT6
0.2151898734177215,0.0,0.16666666666666666,0.6666666666666666,0.12962962962962965,0.4,0.4444444444444444,0.4,0.4,0.4,0.4,0.2989716775735923,0.2690526424123913,0.3295297925686527,0.2718997021508663,0.3478773083924014,0.5490806783680825,0.010337320971789249,4.0747073137736517e-05,0.03810995642323604,0.011248706398764142,0.000762747023096289,0.011152416356877325
