LIMIT_BAL,SEX,EDUCATION,MARRIAGE,AGE,PAY_0,PAY_2,PAY_3,PAY_4,PAY_5,PAY_6,BILL_AMT1,BILL_AMT2,BILL_AMT3,BILL_AMT4,BILL_AMT5,BILL_AMT6,PAY_AMT1,PAY_AMT2,PAY_AMT3,PAY_AMT4,PAY_AMT5,PAY_AMT6
0.10126582278481013,1.0,0.3333333333333333,0.3333333333333333,0.20370370370370372,0.30000000000000004,0.1111111111111111,0.1,0.1,0.1,0.1,0.024029246990457682,0.04331935367673545,0.0761373896365206,0.07961021916182737,0.1355950758652693,0.3979407101702482,0.0006546969948799857,0.0,0.006623247599072745,0.0041270253920799105,0.0,0.0
