LIMIT_BAL,SEX,EDUCATION,MARRIAGE,AGE,PAY_0,PAY_2,PAY_3,PAY_4,PAY_5,PAY_6,BILL_AMT1,BILL_AMT2,BILL_AMT3,BILL_AMT4,BILL_AMT5,BILL_AMT6,PAY_AMT1,PAY_AMT2,PAY_AMT3,PAY_AMT4,PAY_AMT5,PAY_AMT6
0.2151898734177215,1.0,0.3333333333333333,0.6666666666666666,0.11111111111111116,0.4,0.4444444444444444,0.4,0.4,0.2,0.2,0.22211984170961155,0.20741908094478467,0.2882250895039771,0.26173567537440895,0.3390293559213472,0.550347374798014,0.012161554084457939,0.0037283571921028916,0.0,0.011498677652070011,0.015461088306005859,0.0076827757125154895
