LIMIT_BAL,SEX,EDUCATION,MARRIAGE,AGE,PAY_0,PAY_2,PAY_3,PAY_4,PAY_5,PAY_6,BILL_AMT1,BILL_AMT2,BILL_AMT3,BILL_AMT4,BILL_AMT5,BILL_AMT6,PAY_AMT1,PAY_AMT2,PAY_AMT3,PAY_AMT4,PAY_AMT5,PAY_AMT6
0.27848101265822783,1.0,0.3333333333333333,0.6666666666666666,0.18518518518518523,0.0,0.0,0.0,0.0,0.0,0.0,0.024000992061934803,0.04794550506869758,0.08631170987671642,0.08124629186817928,0.14557046826338305,0.4036894730613158,0.00798000640508515,0.005023299176420158,0.009493321558670935,0.019400268969068556,0.012642016538210791,0.009001239157372987
