LIMIT_BAL,SEX,EDUCATION,MARRIAGE,AGE,PAY_0,PAY_2,PAY_3,PAY_4,PAY_5,PAY_6,BILL_AMT1,BILL_AMT2,BILL_AMT3,BILL_AMT4,BILL_AMT5,BILL_AMT6,PAY_AMT1,PAY_AMT2,PAY_AMT3,PAY_AMT4,PAY_AMT5,PAY_AMT6
0.0759493670886076,1.0,0.5,0.6666666666666666,0.14814814814814814,0.1,0.1111111111111111,0.4,0.2,0.2,0.2,0.06222991035339066,0.07572171049246129,0.1169502128453269,0.11385537836428686,0.1734492799090205,0.41549166218460015,0.0061010462990363995,0.0,0.0022997387496780366,0.001499827519835219,0.0025768480510009765,0.001486988847583643
