LIMIT_BAL,SEX,EDUCATION,MARRIAGE,AGE,PAY_0,PAY_2,PAY_3,PAY_4,PAY_5,PAY_6,BILL_AMT1,BILL_AMT2,BILL_AMT3,BILL_AMT4,BILL_AMT5,BILL_AMT6,PAY_AMT1,PAY_AMT2,PAY_AMT3,PAY_AMT4,PAY_AMT5,PAY_AMT6
0.012658227848101266,1.0,0.3333333333333333,0.3333333333333333,0.40740740740740744,0.2,0.2222222222222222,0.2,0.2,0.2,0.2,0.04209827378083908,0.059011732619770496,0.09899989931318387,0.09764597304375446,0.15715695597755577,0.41570141117716053,0.0024424454452953025,0.001250935145328511,0.0032643148881144244,0.0013273473550541688,0.0014146895799995363,0.0013680297397769517
