LIMIT_BAL,SEX,EDUCATION,MARRIAGE,AGE,PAY_0,PAY_2,PAY_3,PAY_4,PAY_5,PAY_6,BILL_AMT1,BILL_AMT2,BILL_AMT3,BILL_AMT4,BILL_AMT5,BILL_AMT6,PAY_AMT1,PAY_AMT2,PAY_AMT3,PAY_AMT4,PAY_AMT5,PAY_AMT6
0.18987341772151897,1.0,0.3333333333333333,0.3333333333333333,0.2962962962962963,0.2,0.2222222222222222,0.2,0.2,0.2,0.2,0.24158277830712166,0.21623784284464573,0.2372841629541842,0.22625447223171105,0.30055260896135005,0.5208184663481763,0.007611105931189926,0.002995724817086389,0.009559028380090307,0.0074991375991760945,0.007833618075042969,0.007281288723667906
