LIMIT_BAL,SEX,EDUCATION,MARRIAGE,AGE,PAY_0,PAY_2,PAY_3,PAY_4,PAY_5,PAY_6,BILL_AMT1,BILL_AMT2,BILL_AMT3,BILL_AMT4,BILL_AMT5,BILL_AMT6,PAY_AMT1,PAY_AMT2,PAY_AMT3,PAY_AMT4,PAY_AMT5,PAY_AMT6
0.34177215189873417,1.0,0.3333333333333333,0.3333333333333333,0.37037037037037035,0.30000000000000004,0.1111111111111111,0.1,0.1,0.1,0.0,0.02444993148179833,0.04355863736942315,0.0761373896365206,0.07601595320712201,0.13289738989487032,0.3979407101702482,0.0010317051714981817,0.0,0.0003180210156697628,0.0,0.0,0.0
