LIMIT_BAL,SEX,EDUCATION,MARRIAGE,AGE,PAY_0,PAY_2,PAY_3,PAY_4,PAY_5,PAY_6,BILL_AMT1,BILL_AMT2,BILL_AMT3,BILL_AMT4,BILL_AMT5,BILL_AMT6,PAY_AMT1,PAY_AMT2,PAY_AMT3,PAY_AMT4,PAY_AMT5,PAY_AMT6
0.05063291139240507,1.0,0.16666666666666666,0.6666666666666666,0.2777777777777778,0.30000000000000004,0.4444444444444444,0.4,0.4,0.4,0.4,0.0695557854320728,0.08052539494674009,0.12702054506230204,0.1226155588716492,0.18287565808178352,0.4363318065012813,0.00202692568074299,0.0019257066764894277,0.0031539274281298787,0.0,0.006957489737702637,0.0028674101610904586
