LIMIT_BAL,SEX,EDUCATION,MARRIAGE,AGE,PAY_0,PAY_2,PAY_3,PAY_4,PAY_5,PAY_6,BILL_AMT1,BILL_AMT2,BILL_AMT3,BILL_AMT4,BILL_AMT5,BILL_AMT6,PAY_AMT1,PAY_AMT2,PAY_AMT3,PAY_AMT4,PAY_AMT5,PAY_AMT6
0.1772151898734177,1.0,0.3333333333333333,0.3333333333333333,0.35185185185185186,0.1,0.1111111111111111,0.1,0.1,0.2,0.1,0.07444388806653093,0.04740904646734936,0.07953103052131012,0.08745497803587374,0.14105580664241854,0.3990164061209208,0.007104374511004179,0.0016755196474237256,0.020384884277146114,0.0,0.0023655465108188964,0.0550185873605948
