LIMIT_BAL,SEX,EDUCATION,MARRIAGE,AGE,PAY_0,PAY_2,PAY_3,PAY_4,PAY_5,PAY_6,BILL_AMT1,BILL_AMT2,BILL_AMT3,BILL_AMT4,BILL_AMT5,BILL_AMT6,PAY_AMT1,PAY_AMT2,PAY_AMT3,PAY_AMT4,PAY_AMT5,PAY_AMT6
0.2151898734177215,0.0,0.3333333333333333,0.6666666666666666,0.12962962962962965,0.2,0.2222222222222222,0.2,0.2,0.2,0.2,0.24237234658751103,0.21163356146760667,0.2879791495760425,0.2591362375122106,0.31137276431930405,0.5167922231166825,0.011551449454554299,0.0035042482898453406,0.010573541702805419,0.009461411937627173,0.009493108219887598,0.009913258983890954
