LIMIT_BAL,SEX,EDUCATION,MARRIAGE,AGE,PAY_0,PAY_2,PAY_3,PAY_4,PAY_5,PAY_6,BILL_AMT1,BILL_AMT2,BILL_AMT3,BILL_AMT4,BILL_AMT5,BILL_AMT6,PAY_AMT1,PAY_AMT2,PAY_AMT3,PAY_AMT4,PAY_AMT5,PAY_AMT6
0.3291139240506329,0.0,0.5,0.6666666666666666,0.3148148148148149,0.2,0.2222222222222222,0.2,0.2,0.2,0.2,0.43818684984232176,0.27409689703082385,0.3830638172847902,0.351887476552621,0.4328960827181433,0.6170674747275899,0.02233874792746849,0.009812710153029707,0.02109977449418889,0.017500487443943946,0.014054129270159326,0.014872366790582405
