LIMIT_BAL,SEX,EDUCATION,MARRIAGE,AGE,PAY_0,PAY_2,PAY_3,PAY_4,PAY_5,PAY_6,BILL_AMT1,BILL_AMT2,BILL_AMT3,BILL_AMT4,BILL_AMT5,BILL_AMT6,PAY_AMT1,PAY_AMT2,PAY_AMT3,PAY_AMT4,PAY_AMT5,PAY_AMT6
0.1139240506329114,0.0,0.16666666666666666,0.6666666666666666,0.6111111111111112,0.2,0.2222222222222222,0.2,0.2,0.2,0.2,0.1808943312764792,0.09743606236813668,0.14520194309049106,0.13620005633363896,0.1991647140714307,0.44543772505539597,0.0034700967654319984,0.0013356890574550031,0.0037268909109068066,0.004044534878488973,0.003940000669980493,0.0035043370508054525
