LIMIT_BAL,SEX,EDUCATION,MARRIAGE,AGE,PAY_0,PAY_2,PAY_3,PAY_4,PAY_5,PAY_6,BILL_AMT1,BILL_AMT2,BILL_AMT3,BILL_AMT4,BILL_AMT5,BILL_AMT6,PAY_AMT1,PAY_AMT2,PAY_AMT3,PAY_AMT4,PAY_AMT5,PAY_AMT6
0.012658227848101266,0.0,0.3333333333333333,0.3333333333333333,0.2222222222222222,0.4,0.2222222222222222,0.2,0.2,0.2,0.2,0.05228260579508584,0.06746256368033757,0.10827794182942993,0.1037452880506763,0.15362104293095166,0.3979407101702482,0.0034457736572630826,0.0026428551637135904,0.0031539274281298787,0.0006349269833969093,0.0,0.0
