LIMIT_BAL,SEX,EDUCATION,MARRIAGE,AGE,PAY_0,PAY_2,PAY_3,PAY_4,PAY_5,PAY_6,BILL_AMT1,BILL_AMT2,BILL_AMT3,BILL_AMT4,BILL_AMT5,BILL_AMT6,PAY_AMT1,PAY_AMT2,PAY_AMT3,PAY_AMT4,PAY_AMT5,PAY_AMT6
0.08860759493670886,1.0,0.5,0.6666666666666666,0.03703703703703709,0.2,0.2222222222222222,0.2,0.2,0.2,0.2,0.12905752546475432,0.12969562085112954,0.1842024036088796,0.1615142362297214,0.18037731656225592,0.42933275212942096,0.004967994843501068,0.0024586783931310214,0.0040922208379985175,0.0037495687995880472,0.0025768480510009765,0.003070631970260223
