LIMIT_BAL,SEX,EDUCATION,MARRIAGE,AGE,PAY_0,PAY_2,PAY_3,PAY_4,PAY_5,PAY_6,BILL_AMT1,BILL_AMT2,BILL_AMT3,BILL_AMT4,BILL_AMT5,BILL_AMT6,PAY_AMT1,PAY_AMT2,PAY_AMT3,PAY_AMT4,PAY_AMT5,PAY_AMT6
0.0379746835443038,1.0,0.3333333333333333,0.3333333333333333,0.5555555555555556,0.2,0.2222222222222222,0.2,0.2,0.2,0.2,0.2506918533192477,0.23320382853908303,0.12066076961040806,0.10985958540838892,0.19495070309768206,0.4440468197248421,0.008083379614803043,0.0016412921059880269,0.002099990012563144,0.0799933007704114,0.005153696102001953,0.0024783147459727386
