LIMIT_BAL,SEX,EDUCATION,MARRIAGE,AGE,PAY_0,PAY_2,PAY_3,PAY_4,PAY_5,PAY_6,BILL_AMT1,BILL_AMT2,BILL_AMT3,BILL_AMT4,BILL_AMT5,BILL_AMT6,PAY_AMT1,PAY_AMT2,PAY_AMT3,PAY_AMT4,PAY_AMT5,PAY_AMT6
0.16455696202531644,1.0,0.16666666666666666,0.6666666666666666,0.2592592592592593,0.1,0.4444444444444444,0.1,0.2,0.1,0.1,0.028323996125935356,0.04454536098389338,0.08034972987873017,0.07774641472345577,0.13498233677447607,0.3994359041060416,0.0,0.002079730612950072,0.0,0.003189633192182899,0.0032880581130772463,0.0031623296158612146
