LIMIT_BAL,SEX,EDUCATION,MARRIAGE,AGE,PAY_0,PAY_2,PAY_3,PAY_4,PAY_5,PAY_6,BILL_AMT1,BILL_AMT2,BILL_AMT3,BILL_AMT4,BILL_AMT5,BILL_AMT6,PAY_AMT1,PAY_AMT2,PAY_AMT3,PAY_AMT4,PAY_AMT5,PAY_AMT6
0.05063291139240507,0.0,0.5,0.3333333333333333,0.42592592592592593,0.1,0.1111111111111111,0.1,0.1,0.1,0.1,0.026008661705310514,0.04452606391190244,0.0761373896365206,0.07772394119726961,0.13495782721084434,0.3994183273748214,0.0025559532834169103,0.0,0.006628504144786295,0.0031521375041870183,0.0032494053923122317,0.0035489467162329617
