LIMIT_BAL,SEX,EDUCATION,MARRIAGE,AGE,PAY_0,PAY_2,PAY_3,PAY_4,PAY_5,PAY_6,BILL_AMT1,BILL_AMT2,BILL_AMT3,BILL_AMT4,BILL_AMT5,BILL_AMT6,PAY_AMT1,PAY_AMT2,PAY_AMT3,PAY_AMT4,PAY_AMT5,PAY_AMT6
0.012658227848101266,1.0,0.3333333333333333,0.3333333333333333,0.018518518518518545,0.4,0.4444444444444444,0.4,0.4,0.4,0.4,0.056112718328187275,0.06935882262131426,0.1099400995974178,0.1049229008228307,0.16645915236125136,0.42243447101655607,0.0032471349405502697,0.0007334473164792573,0.0,0.004499482559505657,0.00219032084335083,0.0
