LIMIT_BAL,SEX,EDUCATION,MARRIAGE,AGE,PAY_0,PAY_2,PAY_3,PAY_4,PAY_5,PAY_6,BILL_AMT1,BILL_AMT2,BILL_AMT3,BILL_AMT4,BILL_AMT5,BILL_AMT6,PAY_AMT1,PAY_AMT2,PAY_AMT3,PAY_AMT4,PAY_AMT5,PAY_AMT6
0.1772151898734177,0.0,0.3333333333333333,0.6666666666666666,0.5740740740740741,0.0,0.0,0.0,0.1,0.2,0.2,0.03182446782626986,0.04111562805536974,0.06844392652173267,0.27037599707544513,0.3485308967559142,0.5555629768420707,0.002849857507124644,0.10848663740483522,0.35828615583555423,0.01250106237782655,0.012884240255004883,0.012394052044609666
