LIMIT_BAL,SEX,EDUCATION,MARRIAGE,AGE,PAY_0,PAY_2,PAY_3,PAY_4,PAY_5,PAY_6,BILL_AMT1,BILL_AMT2,BILL_AMT3,BILL_AMT4,BILL_AMT5,BILL_AMT6,PAY_AMT1,PAY_AMT2,PAY_AMT3,PAY_AMT4,PAY_AMT5,PAY_AMT6
0.08860759493670886,0.0,0.6666666666666666,0.6666666666666666,0.11111111111111116,0.0,0.0,0.0,0.0,0.0,0.0,0.09637599147329046,0.049130345288941495,0.0761373896365206,0.07583466676255371,0.13289738989487032,0.3979407101702482,0.00981032029479607,0.0,0.0,0.0,0.0,0.0
