LIMIT_BAL,SEX,EDUCATION,MARRIAGE,AGE,PAY_0,PAY_2,PAY_3,PAY_4,PAY_5,PAY_6,BILL_AMT1,BILL_AMT2,BILL_AMT3,BILL_AMT4,BILL_AMT5,BILL_AMT6,PAY_AMT1,PAY_AMT2,PAY_AMT3,PAY_AMT4,PAY_AMT5,PAY_AMT6
0.012658227848101266,0.0,0.16666666666666666,0.6666666666666666,0.018518518518518545,0.2,0.2222222222222222,0.2,0.2,0.2,0.2,0.05421649868065181,0.06893557350897958,0.11175576349492192,0.1091419308055111,0.16933657513161637,0.4233531481683288,0.0026978380810689195,0.0013650269501141734,0.003487718080940291,0.0019997700264469584,0.0020176720239337646,0.001925650557620818
