LIMIT_BAL,SEX,EDUCATION,MARRIAGE,AGE,PAY_0,PAY_2,PAY_3,PAY_4,PAY_5,PAY_6,BILL_AMT1,BILL_AMT2,BILL_AMT3,BILL_AMT4,BILL_AMT5,BILL_AMT6,PAY_AMT1,PAY_AMT2,PAY_AMT3,PAY_AMT4,PAY_AMT5,PAY_AMT6
0.2531645569620253,0.0,0.16666666666666666,0.3333333333333333,0.35185185185185186,0.1,0.1111111111111111,0.1,0.1,0.1,0.1,0.03379760366811761,0.053379560541347196,0.08226442998882542,0.08046571139198025,0.2812897259177198,0.39830161905130174,0.016511336595332396,0.0030307672999848423,0.008123991400291212,0.2270163931147918,0.0007936691997083008,0.008349442379182156
