LIMIT_BAL,SEX,EDUCATION,MARRIAGE,AGE,PAY_0,PAY_2,PAY_3,PAY_4,PAY_5,PAY_6,BILL_AMT1,BILL_AMT2,BILL_AMT3,BILL_AMT4,BILL_AMT5,BILL_AMT6,PAY_AMT1,PAY_AMT2,PAY_AMT3,PAY_AMT4,PAY_AMT5,PAY_AMT6
0.025316455696202535,1.0,0.3333333333333333,0.3333333333333333,0.33333333333333337,0.1,0.5555555555555556,0.4,0.2,0.1,0.5,0.026763696184171903,0.04491071888025524,0.07742486040020534,0.07700329012423365,0.13625846805423478,0.39997609564554054,0.0,0.0,0.0,0.005141908680501742,0.0,0.0
