LIMIT_BAL,SEX,EDUCATION,MARRIAGE,AGE,PAY_0,PAY_2,PAY_3,PAY_4,PAY_5,PAY_6,BILL_AMT1,BILL_AMT2,BILL_AMT3,BILL_AMT4,BILL_AMT5,BILL_AMT6,PAY_AMT1,PAY_AMT2,PAY_AMT3,PAY_AMT4,PAY_AMT5,PAY_AMT6
0.08860759493670886,0.0,0.3333333333333333,0.6666666666666666,0.2777777777777778,0.4,0.2222222222222222,0.2,0.2,0.2,0.2,0.1484733705147263,0.1438931199505995,0.20576588829705583,0.19571744484996673,0.2574631621258615,0.4896267991249131,0.006283469610303269,0.002852295119641556,0.008936127713034656,0.0074991375991760945,0.009018968178503417,0.007434944237918216
