LIMIT_BAL,SEX,EDUCATION,MARRIAGE,AGE,PAY_0,PAY_2,PAY_3,PAY_4,PAY_5,PAY_6,BILL_AMT1,BILL_AMT2,BILL_AMT3,BILL_AMT4,BILL_AMT5,BILL_AMT6,PAY_AMT1,PAY_AMT2,PAY_AMT3,PAY_AMT4,PAY_AMT5,PAY_AMT6
0.2911392405063291,1.0,0.16666666666666666,0.6666666666666666,0.12962962962962965,0.2,0.2222222222222222,0.2,0.2,0.2,0.2,0.39704610419475805,0.3009339782843617,0.3891165804776517,0.3711248149679678,0.46218827919987715,0.6289634064173817,0.014320229934449223,0.0048912786594538914,0.026287985113462538,0.017572979107402648,0.016169721520031127,0.02004460966542751
