LIMIT_BAL,SEX,EDUCATION,MARRIAGE,AGE,PAY_0,PAY_2,PAY_3,PAY_4,PAY_5,PAY_6,BILL_AMT1,BILL_AMT2,BILL_AMT3,BILL_AMT4,BILL_AMT5,BILL_AMT6,PAY_AMT1,PAY_AMT2,PAY_AMT3,PAY_AMT4,PAY_AMT5,PAY_AMT6
0.26582278481012656,0.0,0.3333333333333333,0.6666666666666666,0.09259259259259262,0.4,0.4444444444444444,0.4,0.4,0.4,0.2,0.36226742661959604,0.32090902073792005,0.4241489900782221,0.4009337001012807,0.48227958549425987,0.4445999008672359,0.011180522054978331,0.0,0.02174895788981229,0.0,0.002061478440800781,0.554728624535316
