LIMIT_BAL,SEX,EDUCATION,MARRIAGE,AGE,PAY_0,PAY_2,PAY_3,PAY_4,PAY_5,PAY_6,BILL_AMT1,BILL_AMT2,BILL_AMT3,BILL_AMT4,BILL_AMT5,BILL_AMT6,PAY_AMT1,PAY_AMT2,PAY_AMT3,PAY_AMT4,PAY_AMT5,PAY_AMT6
0.05063291139240507,0.0,0.3333333333333333,0.3333333333333333,0.3148148148148149,0.2,0.2222222222222222,0.2,0.2,0.2,0.2,0.04990762208091269,0.06580301548911646,0.10674948294844011,0.1050142931626544,0.1634428420636399,0.42070492066449416,0.00322686568374284,0.0010903916771658293,0.0033326499823905717,0.001589817171025332,0.0025768480510009765,0.0017893432465923172
