LIMIT_BAL,SEX,EDUCATION,MARRIAGE,AGE,PAY_0,PAY_2,PAY_3,PAY_4,PAY_5,PAY_6,BILL_AMT1,BILL_AMT2,BILL_AMT3,BILL_AMT4,BILL_AMT5,BILL_AMT6,PAY_AMT1,PAY_AMT2,PAY_AMT3,PAY_AMT4,PAY_AMT5,PAY_AMT6
0.12658227848101264,0.0,0.3333333333333333,0.6666666666666666,0.2407407407407407,0.4,0.2222222222222222,0.2,0.2,0.2,0.4,0.19384136741296307,0.18132429372716516,0.22432032272600477,0.14645997015515722,0.21011722107299602,0.4522504660763228,0.010134628403714948,0.002444824388264191,0.005309111170685296,0.01249856266529349,0.0,0.007434944237918216
