LIMIT_BAL,SEX,EDUCATION,MARRIAGE,AGE,PAY_0,PAY_2,PAY_3,PAY_4,PAY_5,PAY_6,BILL_AMT1,BILL_AMT2,BILL_AMT3,BILL_AMT4,BILL_AMT5,BILL_AMT6,PAY_AMT1,PAY_AMT2,PAY_AMT3,PAY_AMT4,PAY_AMT5,PAY_AMT6
0.10126582278481013,1.0,0.5,0.3333333333333333,0.6111111111111112,0.2,0.2222222222222222,0.2,0.2,0.2,0.2,0.05248980860425362,0.0663420470333968,0.13587273186440624,0.10243433235648405,0.15104100286598499,0.41110451007205284,0.00466395599138962,0.001103430740569905,0.0076377609217878565,0.0009248936372317183,0.000981779107431372,0.0009318463444857498
