LIMIT_BAL,SEX,EDUCATION,MARRIAGE,AGE,PAY_0,PAY_2,PAY_3,PAY_4,PAY_5,PAY_6,BILL_AMT1,BILL_AMT2,BILL_AMT3,BILL_AMT4,BILL_AMT5,BILL_AMT6,PAY_AMT1,PAY_AMT2,PAY_AMT3,PAY_AMT4,PAY_AMT5,PAY_AMT6
0.1772151898734177,0.0,0.16666666666666666,0.3333333333333333,0.5185185185185185,0.1,0.1111111111111111,0.1,0.1,0.1,0.1,0.033978121267013786,0.05378737199608913,0.07891370479615872,0.08766772741710266,0.13834831684656687,0.39908319769955736,0.017168060515893122,0.0013707315403534565,0.02075809902280815,0.008339041010283817,0.0025124268497259523,0.0
