LIMIT_BAL,SEX,EDUCATION,MARRIAGE,AGE,PAY_0,PAY_2,PAY_3,PAY_4,PAY_5,PAY_6,BILL_AMT1,BILL_AMT2,BILL_AMT3,BILL_AMT4,BILL_AMT5,BILL_AMT6,PAY_AMT1,PAY_AMT2,PAY_AMT3,PAY_AMT4,PAY_AMT5,PAY_AMT6
0.05063291139240507,0.0,0.3333333333333333,0.6666666666666666,0.2592592592592593,0.2,0.2222222222222222,0.2,0.2,0.2,0.2,0.10325449685036032,0.10534657541295735,0.15781585536751513,0.1448688445011776,0.17135452920396205,0.42611621031613506,0.006080777042228969,0.0014302222671345518,0.003942409285162349,0.002104757952835424,0.002288241069288867,0.004743494423791822
