LIMIT_BAL,SEX,EDUCATION,MARRIAGE,AGE,PAY_0,PAY_2,PAY_3,PAY_4,PAY_5,PAY_6,BILL_AMT1,BILL_AMT2,BILL_AMT3,BILL_AMT4,BILL_AMT5,BILL_AMT6,PAY_AMT1,PAY_AMT2,PAY_AMT3,PAY_AMT4,PAY_AMT5,PAY_AMT6
0.08860759493670886,1.0,0.3333333333333333,0.6666666666666666,0.03703703703703709,0.1,0.1111111111111111,0.2,0.2,0.2,0.2,0.0299878974722827,0.05308367210415273,0.08771142168133779,0.09232873674811072,0.15972392427525223,0.4303920431309548,0.01603906291171928,0.0008149414627547304,0.02365445571097409,0.014998275198352189,0.030922176612011718,0.012391573729863693
