LIMIT_BAL,SEX,EDUCATION,MARRIAGE,AGE,PAY_0,PAY_2,PAY_3,PAY_4,PAY_5,PAY_6,BILL_AMT1,BILL_AMT2,BILL_AMT3,BILL_AMT4,BILL_AMT5,BILL_AMT6,PAY_AMT1,PAY_AMT2,PAY_AMT3,PAY_AMT4,PAY_AMT5,PAY_AMT6
0.2151898734177215,1.0,0.16666666666666666,0.3333333333333333,0.2222222222222222,0.1,0.2222222222222222,0.2,0.2,0.2,0.2,0.025592686368723676,0.045475479853856846,0.07979512708821981,0.07928210567950954,0.13676009712323084,0.40061940400819773,0.0030464692981567137,0.0011409180478566224,0.0006570682141937247,0.0005699344575373832,0.0002731458934061035,0.003967781908302354
