LIMIT_BAL,SEX,EDUCATION,MARRIAGE,AGE,PAY_0,PAY_2,PAY_3,PAY_4,PAY_5,PAY_6,BILL_AMT1,BILL_AMT2,BILL_AMT3,BILL_AMT4,BILL_AMT5,BILL_AMT6,PAY_AMT1,PAY_AMT2,PAY_AMT3,PAY_AMT4,PAY_AMT5,PAY_AMT6
0.4936708860759494,1.0,0.5,0.3333333333333333,0.38888888888888884,0.1,0.1111111111111111,0.1,0.1,0.1,0.1,0.09340765426013685,0.05593835228734627,0.1040854088297386,0.09544356747751148,0.17953091963150689,0.4118380456549734,0.020536810997287974,0.013798588847363095,0.03439883514946988,0.07134179569349525,0.030561417884871583,0.009858736059479555
