LIMIT_BAL,SEX,EDUCATION,MARRIAGE,AGE,PAY_0,PAY_2,PAY_3,PAY_4,PAY_5,PAY_6,BILL_AMT1,BILL_AMT2,BILL_AMT3,BILL_AMT4,BILL_AMT5,BILL_AMT6,PAY_AMT1,PAY_AMT2,PAY_AMT3,PAY_AMT4,PAY_AMT5,PAY_AMT6
0.620253164556962,1.0,0.5,0.3333333333333333,0.5,0.1,0.1111111111111111,0.2,0.2,0.2,0.1,0.024790560342324155,0.05106262543096794,0.08668474627747637,0.0840405002906576,0.13462939905817917,0.4257424118321867,0.012854762667272042,0.001000748116262809,0.002628272856774899,0.00264969528504222,0.06113829685804917,0.0026864931846344487
