LIMIT_BAL,SEX,EDUCATION,MARRIAGE,AGE,PAY_0,PAY_2,PAY_3,PAY_4,PAY_5,PAY_6,BILL_AMT1,BILL_AMT2,BILL_AMT3,BILL_AMT4,BILL_AMT5,BILL_AMT6,PAY_AMT1,PAY_AMT2,PAY_AMT3,PAY_AMT4,PAY_AMT5,PAY_AMT6
0.22784810126582275,0.0,0.16666666666666666,0.6666666666666666,0.07407407407407407,0.2,0.2222222222222222,0.4,0.2,0.2,0.2,0.029009963001740816,0.049683528019348534,0.08445643149417585,0.08489898899096864,0.1434316003437875,0.40654041886522274,0.004708548356365965,0.0,0.0028989849610227135,0.001249856266529349,0.0025768480510009765,0.0009913258983890955
