LIMIT_BAL,SEX,EDUCATION,MARRIAGE,AGE,PAY_0,PAY_2,PAY_3,PAY_4,PAY_5,PAY_6,BILL_AMT1,BILL_AMT2,BILL_AMT3,BILL_AMT4,BILL_AMT5,BILL_AMT6,PAY_AMT1,PAY_AMT2,PAY_AMT3,PAY_AMT4,PAY_AMT5,PAY_AMT6
0.025316455696202535,0.0,0.3333333333333333,0.6666666666666666,0.2407407407407407,0.2,0.2222222222222222,0.2,0.2,0.2,0.2,0.06878034461594489,0.0811621983224412,0.12461891690696704,0.12005357688642779,0.17738388185736742,0.42771334929300525,0.0040599321385282085,0.0012256719599831145,0.005301226352114971,0.004999425066117396,0.0025768480510009765,0.0027261462205700124
