LIMIT_BAL,SEX,EDUCATION,MARRIAGE,AGE,PAY_0,PAY_2,PAY_3,PAY_4,PAY_5,PAY_6,BILL_AMT1,BILL_AMT2,BILL_AMT3,BILL_AMT4,BILL_AMT5,BILL_AMT6,PAY_AMT1,PAY_AMT2,PAY_AMT3,PAY_AMT4,PAY_AMT5,PAY_AMT6
0.24050632911392406,0.0,0.16666666666666666,0.6666666666666666,0.4814814814814815,0.1,0.1111111111111111,0.1,0.1,0.1,0.1,0.025121770893342353,0.04379920753357691,0.07728620970257775,0.0768774383775912,0.13427972928369986,0.39875627049886275,0.0014107402737971208,0.0005671992580772923,0.0018292779083153297,0.0021147568029676587,0.0017934862434966798,0.001724907063197026
