LIMIT_BAL,SEX,EDUCATION,MARRIAGE,AGE,PAY_0,PAY_2,PAY_3,PAY_4,PAY_5,PAY_6,BILL_AMT1,BILL_AMT2,BILL_AMT3,BILL_AMT4,BILL_AMT5,BILL_AMT6,PAY_AMT1,PAY_AMT2,PAY_AMT3,PAY_AMT4,PAY_AMT5,PAY_AMT6
0.012658227848101266,0.0,0.3333333333333333,0.6666666666666666,0.5185185185185185,0.4,0.2222222222222222,0.2,0.2,0.2,0.2,0.03630915287015134,0.054084546904749654,0.09214989460896378,0.09065820463494004,0.14940376401538547,0.4102842626151129,0.002332991458535181,0.000946147038258242,0.0009304085912983142,0.0009173944996325422,0.001546108830600586,0.001486988847583643
