LIMIT_BAL,SEX,EDUCATION,MARRIAGE,AGE,PAY_0,PAY_2,PAY_3,PAY_4,PAY_5,PAY_6,BILL_AMT1,BILL_AMT2,BILL_AMT3,BILL_AMT4,BILL_AMT5,BILL_AMT6,PAY_AMT1,PAY_AMT2,PAY_AMT3,PAY_AMT4,PAY_AMT5,PAY_AMT6
0.24050632911392406,1.0,0.3333333333333333,0.3333333333333333,0.37037037037037035,0.0,0.0,0.0,0.1,0.2,0.2,0.02280486675446624,0.0418965162352699,0.07763778825727628,0.07883712986102372,0.13617840347970445,0.3979407101702482,0.0,0.0013788809549810039,0.0052670588049768974,9.998850132234792e-06,0.00013914979475405275,0.0
