LIMIT_BAL,SEX,EDUCATION,MARRIAGE,AGE,PAY_0,PAY_2,PAY_3,PAY_4,PAY_5,PAY_6,BILL_AMT1,BILL_AMT2,BILL_AMT3,BILL_AMT4,BILL_AMT5,BILL_AMT6,PAY_AMT1,PAY_AMT2,PAY_AMT3,PAY_AMT4,PAY_AMT5,PAY_AMT6
0.3924050632911392,1.0,0.16666666666666666,0.3333333333333333,0.2407407407407407,0.0,0.1111111111111111,0.2,0.1,0.1,0.1,0.12619121993793334,0.07345752071219061,0.11307954753655675,0.09783624889879722,0.14517014539073148,0.40581742932103426,0.048139484917646004,0.00828143514451357,0.03864086754030456,0.018775340835803882,0.017321572598828563,0.024783147459727387
