LIMIT_BAL,SEX,EDUCATION,MARRIAGE,AGE,PAY_0,PAY_2,PAY_3,PAY_4,PAY_5,PAY_6,BILL_AMT1,BILL_AMT2,BILL_AMT3,BILL_AMT4,BILL_AMT5,BILL_AMT6,PAY_AMT1,PAY_AMT2,PAY_AMT3,PAY_AMT4,PAY_AMT5,PAY_AMT6
0.10126582278481013,0.0,0.3333333333333333,0.6666666666666666,0.09259259259259262,0.1,0.4444444444444444,0.1,0.2,0.2,0.2,0.02478428146931907,0.0443819791077034,0.14162343460886473,0.1342178913240203,0.19801603252255698,0.40738996087419627,0.00202692568074299,0.032331987593331175,0.0031539274281298787,0.0030421501527324356,0.002641269252276001,0.0012391573729863693
