LIMIT_BAL,SEX,EDUCATION,MARRIAGE,AGE,PAY_0,PAY_2,PAY_3,PAY_4,PAY_5,PAY_6,BILL_AMT1,BILL_AMT2,BILL_AMT3,BILL_AMT4,BILL_AMT5,BILL_AMT6,PAY_AMT1,PAY_AMT2,PAY_AMT3,PAY_AMT4,PAY_AMT5,PAY_AMT6
0.012658227848101266,0.0,0.5,0.3333333333333333,0.4444444444444444,0.1,0.4444444444444444,0.2,0.2,0.2,0.2,0.026132669447160927,0.04412597128595688,0.07871233116389008,0.07758760180507362,0.13417188720372022,0.39885470019369557,0.0,0.0008149414627547304,0.0,0.0,0.0,0.0
