LIMIT_BAL,SEX,EDUCATION,MARRIAGE,AGE,PAY_0,PAY_2,PAY_3,PAY_4,PAY_5,PAY_6,BILL_AMT1,BILL_AMT2,BILL_AMT3,BILL_AMT4,BILL_AMT5,BILL_AMT6,PAY_AMT1,PAY_AMT2,PAY_AMT3,PAY_AMT4,PAY_AMT5,PAY_AMT6
0.2531645569620253,1.0,0.16666666666666666,0.6666666666666666,0.12962962962962965,0.2,0.2222222222222222,0.2,0.2,0.2,0.2,0.14055728137356627,0.13824165080018527,0.1745034571891212,0.15355860795982335,0.2052708633575488,0.44272036240876206,0.00810770272297196,0.0040747073137736515,0.005256545713549798,0.006349269833969093,0.0077305441530029296,0.007434944237918216
