LIMIT_BAL,SEX,EDUCATION,MARRIAGE,AGE,PAY_0,PAY_2,PAY_3,PAY_4,PAY_5,PAY_6,BILL_AMT1,BILL_AMT2,BILL_AMT3,BILL_AMT4,BILL_AMT5,BILL_AMT6,PAY_AMT1,PAY_AMT2,PAY_AMT3,PAY_AMT4,PAY_AMT5,PAY_AMT6
0.620253164556962,0.0,0.16666666666666666,0.3333333333333333,0.20370370370370372,0.30000000000000004,0.3333333333333333,0.30000000000000004,0.30000000000000004,0.2,0.2,0.0996410054359343,0.11134024597334433,0.18014191889264308,0.17198839766754764,0.23909242719842616,0.45737584090011607,0.04053851361485979,0.016308608552647662,0.026377346390592884,0.037495687995880475,0.025768480510009767,0.12391573729863693
