LIMIT_BAL,SEX,EDUCATION,MARRIAGE,AGE,PAY_0,PAY_2,PAY_3,PAY_4,PAY_5,PAY_6,BILL_AMT1,BILL_AMT2,BILL_AMT3,BILL_AMT4,BILL_AMT5,BILL_AMT6,PAY_AMT1,PAY_AMT2,PAY_AMT3,PAY_AMT4,PAY_AMT5,PAY_AMT6
0.45569620253164556,1.0,0.16666666666666666,0.6666666666666666,0.2407407407407407,0.2,0.2222222222222222,0.2,0.2,0.2,0.2,0.34764393139075467,0.3052243606236814,0.3709764475380423,0.3222688672743508,0.39024290611529955,0.5637396722056806,0.020269256807429897,0.005715999419761679,0.015769637140649394,0.014998275198352189,0.015461088306005859,0.009913258983890954
