LIMIT_BAL,SEX,EDUCATION,MARRIAGE,AGE,PAY_0,PAY_2,PAY_3,PAY_4,PAY_5,PAY_6,BILL_AMT1,BILL_AMT2,BILL_AMT3,BILL_AMT4,BILL_AMT5,BILL_AMT6,PAY_AMT1,PAY_AMT2,PAY_AMT3,PAY_AMT4,PAY_AMT5,PAY_AMT6
0.620253164556962,0.0,0.16666666666666666,0.6666666666666666,0.12962962962962965,0.0,0.0,0.0,0.1,0.4,0.1,0.05095776359101305,0.04290382339319714,0.0761373896365206,0.07750669711080348,0.13448070770548,0.40584438030890513,0.0,0.0,0.002933152508160787,7.499137599176094e-06,0.017380840104001587,0.012399008674101611
