LIMIT_BAL,SEX,EDUCATION,MARRIAGE,AGE,PAY_0,PAY_2,PAY_3,PAY_4,PAY_5,PAY_6,BILL_AMT1,BILL_AMT2,BILL_AMT3,BILL_AMT4,BILL_AMT5,BILL_AMT6,PAY_AMT1,PAY_AMT2,PAY_AMT3,PAY_AMT4,PAY_AMT5,PAY_AMT6
0.2151898734177215,0.0,0.16666666666666666,0.3333333333333333,0.38888888888888884,0.1,0.1111111111111111,0.1,0.0,0.0,0.0,0.026490565208450733,0.04489785416559461,0.07610767877274326,0.07580769853113033,0.13286797841851225,0.39791961809278403,0.0031417348051516344,0.0,0.0,0.0,0.0,0.0
