LIMIT_BAL,SEX,EDUCATION,MARRIAGE,AGE,PAY_0,PAY_2,PAY_3,PAY_4,PAY_5,PAY_6,BILL_AMT1,BILL_AMT2,BILL_AMT3,BILL_AMT4,BILL_AMT5,BILL_AMT6,PAY_AMT1,PAY_AMT2,PAY_AMT3,PAY_AMT4,PAY_AMT5,PAY_AMT6
0.34177215189873417,1.0,0.16666666666666666,0.6666666666666666,0.09259259259259262,0.2,0.2222222222222222,0.2,0.2,0.2,0.2,0.08115914274546862,0.08914604024082746,0.13618799714115468,0.13066108124629186,0.1933706532288899,0.44051624031375636,0.0034457736572630826,0.0013039063404075685,0.0034167547138073684,0.0037495687995880472,0.005153696102001953,0.24618091697645603
