LIMIT_BAL,SEX,EDUCATION,MARRIAGE,AGE,PAY_0,PAY_2,PAY_3,PAY_4,PAY_5,PAY_6,BILL_AMT1,BILL_AMT2,BILL_AMT3,BILL_AMT4,BILL_AMT5,BILL_AMT6,PAY_AMT1,PAY_AMT2,PAY_AMT3,PAY_AMT4,PAY_AMT5,PAY_AMT6
0.12658227848101264,1.0,0.3333333333333333,0.3333333333333333,0.6296296296296295,0.2,0.2222222222222222,0.2,0.2,0.2,0.2,0.04768333131886157,0.063645602840529,0.10395005933919738,0.10215566063177577,0.16252618438381325,0.42000302319776983,0.0032430810891887836,0.0010594239015811495,0.002628272856774899,0.002499712533058698,0.0025768480510009765,0.0024783147459727386
