LIMIT_BAL,SEX,EDUCATION,MARRIAGE,AGE,PAY_0,PAY_2,PAY_3,PAY_4,PAY_5,PAY_6,BILL_AMT1,BILL_AMT2,BILL_AMT3,BILL_AMT4,BILL_AMT5,BILL_AMT6,PAY_AMT1,PAY_AMT2,PAY_AMT3,PAY_AMT4,PAY_AMT5,PAY_AMT6
0.5189873417721519,1.0,0.3333333333333333,0.6666666666666666,0.09259259259259262,0.0,0.0,0.0,0.0,0.0,0.0,0.12192315601272727,0.081710235166984,0.25115088332048613,0.126316199516969,0.2135403901268942,0.450370927617849,0.06148881745101934,0.08751004415352845,0.08896703620183033,0.12395324537678166,0.12168391866436812,0.14190334572490707
