LIMIT_BAL,SEX,EDUCATION,MARRIAGE,AGE,PAY_0,PAY_2,PAY_3,PAY_4,PAY_5,PAY_6,BILL_AMT1,BILL_AMT2,BILL_AMT3,BILL_AMT4,BILL_AMT5,BILL_AMT6,PAY_AMT1,PAY_AMT2,PAY_AMT3,PAY_AMT4,PAY_AMT5,PAY_AMT6
0.4936708860759494,0.0,0.16666666666666666,0.3333333333333333,0.2592592592592593,0.0,0.1111111111111111,0.2,0.2,0.2,0.2,0.04255506179195896,0.1368303916019143,0.20696257586586536,0.20679988972989818,0.2836622516772711,0.5162590622696716,0.1480101670592146,0.008149414627547303,0.026306383023459962,0.019997700264469585,0.025768480510009767,0.024855018587360597
