LIMIT_BAL,SEX,EDUCATION,MARRIAGE,AGE,PAY_0,PAY_2,PAY_3,PAY_4,PAY_5,PAY_6,BILL_AMT1,BILL_AMT2,BILL_AMT3,BILL_AMT4,BILL_AMT5,BILL_AMT6,PAY_AMT1,PAY_AMT2,PAY_AMT3,PAY_AMT4,PAY_AMT5,PAY_AMT6
0.35443037974683544,1.0,0.3333333333333333,0.6666666666666666,0.2407407407407407,0.2,0.2222222222222222,0.2,0.2,0.2,0.2,0.06410415394540833,0.09145139710801214,0.12505467624236805,0.11194812510862204,0.18814848220442285,0.43605878127632847,0.03047482760997085,0.00125419491117953,0.0033904719852396194,0.02499712533058698,0.012884240255004883,0.007434944237918216
