LIMIT_BAL,SEX,EDUCATION,MARRIAGE,AGE,PAY_0,PAY_2,PAY_3,PAY_4,PAY_5,PAY_6,BILL_AMT1,BILL_AMT2,BILL_AMT3,BILL_AMT4,BILL_AMT5,BILL_AMT6,PAY_AMT1,PAY_AMT2,PAY_AMT3,PAY_AMT4,PAY_AMT5,PAY_AMT6
0.05063291139240507,1.0,0.16666666666666666,0.6666666666666666,0.018518518518518545,0.1,0.2222222222222222,0.2,0.2,0.2,0.2,0.09483452815054226,0.08229172026964443,0.11298546313459518,0.10368236217735508,0.16609314287768423,0.4193503405784619,0.00405385136148598,0.0016298829255094608,0.002628272856774899,0.004999425066117396,0.0025768480510009765,0.007311028500619579
