LIMIT_BAL,SEX,EDUCATION,MARRIAGE,AGE,PAY_0,PAY_2,PAY_3,PAY_4,PAY_5,PAY_6,BILL_AMT1,BILL_AMT2,BILL_AMT3,BILL_AMT4,BILL_AMT5,BILL_AMT6,PAY_AMT1,PAY_AMT2,PAY_AMT3,PAY_AMT4,PAY_AMT5,PAY_AMT6
0.4430379746835443,0.0,0.16666666666666666,0.6666666666666666,0.16666666666666674,0.1,0.1111111111111111,0.1,0.1,0.1,0.1,0.042060600542808566,0.043298770133278444,0.07679763105379482,0.07671712722412997,0.13445946608366585,0.39956128478874525,0.0006222661839880979,0.00032597658510189213,0.0015480527126404155,0.0023897251816041155,0.0035637808545343507,0.0011102850061957869
