LIMIT_BAL,SEX,EDUCATION,MARRIAGE,AGE,PAY_0,PAY_2,PAY_3,PAY_4,PAY_5,PAY_6,BILL_AMT1,BILL_AMT2,BILL_AMT3,BILL_AMT4,BILL_AMT5,BILL_AMT6,PAY_AMT1,PAY_AMT2,PAY_AMT3,PAY_AMT4,PAY_AMT5,PAY_AMT6
0.0,1.0,0.5,0.6666666666666666,0.018518518518518545,0.30000000000000004,0.4444444444444444,0.2,0.2,0.4,0.2,0.03791497464120165,0.05391601914269542,0.0921581476266797,0.09142530099542738,0.14941520181174694,0.4097253225623124,0.0,0.0010594239015811495,0.002628272856774899,0.0,0.0025768480510009765,0.0024783147459727386
