LIMIT_BAL,SEX,EDUCATION,MARRIAGE,AGE,PAY_0,PAY_2,PAY_3,PAY_4,PAY_5,PAY_6,BILL_AMT1,BILL_AMT2,BILL_AMT3,BILL_AMT4,BILL_AMT5,BILL_AMT6,PAY_AMT1,PAY_AMT2,PAY_AMT3,PAY_AMT4,PAY_AMT5,PAY_AMT6
0.025316455696202535,0.0,0.16666666666666666,0.6666666666666666,0.12962962962962965,0.1,0.1111111111111111,0.4,0.2,0.2,0.2,0.038567977433730416,0.05807389492101066,0.09480736631349254,0.09354380539724205,0.15505076747613586,0.42169390474114743,0.006080777042228969,0.0,0.002628272856774899,0.005249396319423266,0.018037936357006835,0.0
