LIMIT_BAL,SEX,EDUCATION,MARRIAGE,AGE,PAY_0,PAY_2,PAY_3,PAY_4,PAY_5,PAY_6,BILL_AMT1,BILL_AMT2,BILL_AMT3,BILL_AMT4,BILL_AMT5,BILL_AMT6,PAY_AMT1,PAY_AMT2,PAY_AMT3,PAY_AMT4,PAY_AMT5,PAY_AMT6
0.06329113924050633,1.0,0.5,0.3333333333333333,0.8333333333333333,0.2,0.2222222222222222,0.4,0.4,0.6000000000000001,0.6000000000000001,0.09835540618814329,0.10880975659959863,0.16656405414639863,0.1630798918873567,0.23366437583945254,0.4742471593072893,0.010134628403714948,0.0040747073137736515,0.013141364283874494,0.01249856266529349,0.012884240255004883,0.0024783147459727386
