LIMIT_BAL,SEX,EDUCATION,MARRIAGE,AGE,PAY_0,PAY_2,PAY_3,PAY_4,PAY_5,PAY_6,BILL_AMT1,BILL_AMT2,BILL_AMT3,BILL_AMT4,BILL_AMT5,BILL_AMT6,PAY_AMT1,PAY_AMT2,PAY_AMT3,PAY_AMT4,PAY_AMT5,PAY_AMT6
0.08860759493670886,1.0,0.3333333333333333,0.6666666666666666,0.05555555555555558,0.2,0.2222222222222222,0.2,0.2,0.2,0.2,0.054149000795847155,0.0670560386970617,0.09650418675588729,0.092782701977071,0.14649856373957118,0.40623575552407365,0.002784995885340868,0.001006452706502092,0.0028937284153091637,0.0006749223839258485,0.0025768480510009765,0.0024783147459727386
