LIMIT_BAL,SEX,EDUCATION,MARRIAGE,AGE,PAY_0,PAY_2,PAY_3,PAY_4,PAY_5,PAY_6,BILL_AMT1,BILL_AMT2,BILL_AMT3,BILL_AMT4,BILL_AMT5,BILL_AMT6,PAY_AMT1,PAY_AMT2,PAY_AMT3,PAY_AMT4,PAY_AMT5,PAY_AMT6
0.5189873417721519,1.0,0.3333333333333333,0.6666666666666666,0.07407407407407407,0.2,0.2222222222222222,0.2,0.2,0.2,0.2,0.06043258295568528,0.07447511964184635,0.11709381535358404,0.11462846766509052,0.17602931997398719,0.4290597269044681,0.004595040518244358,0.0016575909352431215,0.003942409285162349,0.00366707828599711,0.0032648664806182374,0.0043791821561338295
