LIMIT_BAL,SEX,EDUCATION,MARRIAGE,AGE,PAY_0,PAY_2,PAY_3,PAY_4,PAY_5,PAY_6,BILL_AMT1,BILL_AMT2,BILL_AMT3,BILL_AMT4,BILL_AMT5,BILL_AMT6,PAY_AMT1,PAY_AMT2,PAY_AMT3,PAY_AMT4,PAY_AMT5,PAY_AMT6
0.2911392405063291,0.0,0.16666666666666666,0.6666666666666666,0.2592592592592593,0.0,0.0,0.0,0.0,0.1,0.1,0.04825313904407298,0.05684274172798848,0.11267184846138992,0.12501123676309306,0.13599703270882965,0.4045343279419639,0.02199417056174218,0.01813896707799479,0.05276520587261287,0.005246896606890207,0.015015293593182691,0.0
