LIMIT_BAL,SEX,EDUCATION,MARRIAGE,AGE,PAY_0,PAY_2,PAY_3,PAY_4,PAY_5,PAY_6,BILL_AMT1,BILL_AMT2,BILL_AMT3,BILL_AMT4,BILL_AMT5,BILL_AMT6,PAY_AMT1,PAY_AMT2,PAY_AMT3,PAY_AMT4,PAY_AMT5,PAY_AMT6
0.025316455696202535,1.0,0.3333333333333333,0.6666666666666666,0.07407407407407407,0.0,0.0,0.1,0.2,0.2,0.2,0.024029246990457682,0.04448875623938661,0.12117740851942513,0.11759647135674176,0.1793511828315409,0.43203136626275335,0.0024971724386753636,0.02565761701336993,0.003795226005182954,0.002499712533058698,0.0028345328561010744,0.0036951672862453534
