LIMIT_BAL,SEX,EDUCATION,MARRIAGE,AGE,PAY_0,PAY_2,PAY_3,PAY_4,PAY_5,PAY_6,BILL_AMT1,BILL_AMT2,BILL_AMT3,BILL_AMT4,BILL_AMT5,BILL_AMT6,PAY_AMT1,PAY_AMT2,PAY_AMT3,PAY_AMT4,PAY_AMT5,PAY_AMT6
0.620253164556962,1.0,0.3333333333333333,0.3333333333333333,0.5740740740740741,0.1,0.1111111111111111,0.1,0.1,0.1,0.1,0.03594811767235899,0.054044666289301706,0.0761373896365206,0.1215278402042394,0.13481567174178033,0.3979407101702482,0.01758763413180692,0.0,0.08015706558592087,0.0029346625138109116,0.0,0.001982651796778191
