LIMIT_BAL,SEX,EDUCATION,MARRIAGE,AGE,PAY_0,PAY_2,PAY_3,PAY_4,PAY_5,PAY_6,BILL_AMT1,BILL_AMT2,BILL_AMT3,BILL_AMT4,BILL_AMT5,BILL_AMT6,PAY_AMT1,PAY_AMT2,PAY_AMT3,PAY_AMT4,PAY_AMT5,PAY_AMT6
0.5189873417721519,1.0,0.3333333333333333,0.6666666666666666,0.07407407407407407,0.1,0.4444444444444444,0.2,0.2,0.2,0.0,0.028430736967021787,0.04626794627695158,0.08173623685500604,0.08241491522985922,0.1315967490514799,0.3970079716334993,0.0,0.0008149414627547304,0.002628272856774899,0.0,0.0,0.05080545229244114
