LIMIT_BAL,SEX,EDUCATION,MARRIAGE,AGE,PAY_0,PAY_2,PAY_3,PAY_4,PAY_5,PAY_6,BILL_AMT1,BILL_AMT2,BILL_AMT3,BILL_AMT4,BILL_AMT5,BILL_AMT6,PAY_AMT1,PAY_AMT2,PAY_AMT3,PAY_AMT4,PAY_AMT5,PAY_AMT6
0.05063291139240507,1.0,0.3333333333333333,0.6666666666666666,0.03703703703703709,0.2,0.2222222222222222,0.2,0.2,0.1,0.1,0.07600104857179185,0.08517212988215922,0.12142664965444616,0.0830052198510155,0.13415227955281486,0.3972622483451507,0.003364696630033363,0.0013039063404075685,0.0016400422626275369,0.0019197792253890802,0.00044579471282316893,0.07501115241635688
