LIMIT_BAL,SEX,EDUCATION,MARRIAGE,AGE,PAY_0,PAY_2,PAY_3,PAY_4,PAY_5,PAY_6,BILL_AMT1,BILL_AMT2,BILL_AMT3,BILL_AMT4,BILL_AMT5,BILL_AMT6,PAY_AMT1,PAY_AMT2,PAY_AMT3,PAY_AMT4,PAY_AMT5,PAY_AMT6
0.0,1.0,0.16666666666666666,0.3333333333333333,0.11111111111111116,0.2,0.1111111111111111,0.1,0.2,0.2,0.1,0.03349621776387356,0.04397931353882571,0.07949141603627367,0.07905587218256893,0.1353320065489554,0.3983977051819719,0.0016945098691011394,0.0016559610523176121,0.002628272856774899,0.002499712533058698,0.001004970739890381,0.004044609665427509
