LIMIT_BAL,SEX,EDUCATION,MARRIAGE,AGE,PAY_0,PAY_2,PAY_3,PAY_4,PAY_5,PAY_6,BILL_AMT1,BILL_AMT2,BILL_AMT3,BILL_AMT4,BILL_AMT5,BILL_AMT6,PAY_AMT1,PAY_AMT2,PAY_AMT3,PAY_AMT4,PAY_AMT5,PAY_AMT6
0.05063291139240507,0.0,0.5,0.3333333333333333,0.40740740740740744,0.2,0.2222222222222222,0.2,0.1,0.2,0.2,0.041136036492809905,0.05416559460711162,0.0761373896365206,0.10051808969034477,0.16038241455149133,0.41811879761097065,0.00202692568074299,0.0,0.04330079531536646,0.0015273243576988645,0.001749679826629663,0.0008525402726146221
