LIMIT_BAL,SEX,EDUCATION,MARRIAGE,AGE,PAY_0,PAY_2,PAY_3,PAY_4,PAY_5,PAY_6,BILL_AMT1,BILL_AMT2,BILL_AMT3,BILL_AMT4,BILL_AMT5,BILL_AMT6,PAY_AMT1,PAY_AMT2,PAY_AMT3,PAY_AMT4,PAY_AMT5,PAY_AMT6
0.1139240506329114,0.0,0.16666666666666666,0.3333333333333333,0.5555555555555556,0.4,0.4444444444444444,0.4,0.4,0.4,0.4,0.16154127495655807,0.16313873308290022,0.23298103951709942,0.21962328377171692,0.2934889527226857,0.5125632615851164,0.016620790582092516,0.0032597658510189215,0.008936127713034656,0.009998850132234793,0.004122956881601562,0.004956629491945477
