LIMIT_BAL,SEX,EDUCATION,MARRIAGE,AGE,PAY_0,PAY_2,PAY_3,PAY_4,PAY_5,PAY_6,BILL_AMT1,BILL_AMT2,BILL_AMT3,BILL_AMT4,BILL_AMT5,BILL_AMT6,PAY_AMT1,PAY_AMT2,PAY_AMT3,PAY_AMT4,PAY_AMT5,PAY_AMT6
0.24050632911392406,0.0,0.5,0.6666666666666666,0.16666666666666674,0.2,0.2222222222222222,0.2,0.2,0.2,0.2,0.06304145468929781,0.07386275922400042,0.10775139929915374,0.10670729880201123,0.1672630660483721,0.5024191441069321,0.006401031299786362,0.002450528978503474,0.007921614390319544,0.005016923053848807,0.18041028574668036,0.010004956629491945
