LIMIT_BAL,SEX,EDUCATION,MARRIAGE,AGE,PAY_0,PAY_2,PAY_3,PAY_4,PAY_5,PAY_6,BILL_AMT1,BILL_AMT2,BILL_AMT3,BILL_AMT4,BILL_AMT5,BILL_AMT6,PAY_AMT1,PAY_AMT2,PAY_AMT3,PAY_AMT4,PAY_AMT5,PAY_AMT6
0.06329113924050633,1.0,0.16666666666666666,0.6666666666666666,0.2407407407407407,0.2,0.2222222222222222,0.2,0.2,0.2,0.2,0.11106541486868522,0.1050018010600525,0.14395573741538595,0.1140666295104367,0.17583160949402457,0.429592887751479,0.004414644132658231,0.0012313765502223975,0.0031539274281298787,0.0032496262929763075,0.0033499024663012694,0.003102850061957869
