LIMIT_BAL,SEX,EDUCATION,MARRIAGE,AGE,PAY_0,PAY_2,PAY_3,PAY_4,PAY_5,PAY_6,BILL_AMT1,BILL_AMT2,BILL_AMT3,BILL_AMT4,BILL_AMT5,BILL_AMT6,PAY_AMT1,PAY_AMT2,PAY_AMT3,PAY_AMT4,PAY_AMT5,PAY_AMT6
0.20253164556962022,1.0,0.3333333333333333,0.6666666666666666,0.537037037037037,0.1,0.1111111111111111,0.1,0.1,0.1,0.1,0.039839449217259994,0.04601322492667113,0.07646585974161453,0.07827379347129082,0.13289738989487032,0.40376212355035906,0.0048990793703558065,0.00016217335108819134,0.004278828210829535,0.0,0.012801781117372851,0.0
