LIMIT_BAL,SEX,EDUCATION,MARRIAGE,AGE,PAY_0,PAY_2,PAY_3,PAY_4,PAY_5,PAY_6,BILL_AMT1,BILL_AMT2,BILL_AMT3,BILL_AMT4,BILL_AMT5,BILL_AMT6,PAY_AMT1,PAY_AMT2,PAY_AMT3,PAY_AMT4,PAY_AMT5,PAY_AMT6
0.05063291139240507,0.0,0.5,0.6666666666666666,0.2407407407407407,0.2,0.2222222222222222,0.2,0.2,0.2,0.2,0.09315335990343093,0.08857098749549736,0.13067828251400126,0.11412356244344163,0.17274830638915306,0.42774615919128284,0.009121165563343454,0.0032597658510189215,0.007884818570324697,0.006249281332646745,0.010307392204003906,0.006195786864931847
