LIMIT_BAL,SEX,EDUCATION,MARRIAGE,AGE,PAY_0,PAY_2,PAY_3,PAY_4,PAY_5,PAY_6,BILL_AMT1,BILL_AMT2,BILL_AMT3,BILL_AMT4,BILL_AMT5,BILL_AMT6,PAY_AMT1,PAY_AMT2,PAY_AMT3,PAY_AMT4,PAY_AMT5,PAY_AMT6
0.025316455696202535,0.0,0.16666666666666666,0.6666666666666666,0.05555555555555558,0.2,0.2222222222222222,0.2,0.4,0.2,0.2,0.03345226565283797,0.04922297123449802,0.0863942400538757,0.08079532310937715,0.14013588102077432,0.3990023447359447,0.002918772980269905,0.0018409527643629359,0.0,0.0037495687995880472,0.001095160421675415,0.002218091697645601
