LIMIT_BAL,SEX,EDUCATION,MARRIAGE,AGE,PAY_0,PAY_2,PAY_3,PAY_4,PAY_5,PAY_6,BILL_AMT1,BILL_AMT2,BILL_AMT3,BILL_AMT4,BILL_AMT5,BILL_AMT6,PAY_AMT1,PAY_AMT2,PAY_AMT3,PAY_AMT4,PAY_AMT5,PAY_AMT6
0.26582278481012656,0.0,0.16666666666666666,0.3333333333333333,0.2222222222222222,0.2,0.2222222222222222,0.2,0.2,0.2,0.4,0.2927367566795436,0.2684660114238666,0.37163503835177336,0.3500865979875707,0.47191530801985604,0.6370803408948431,0.014188479765200929,0.005297119507905747,0.018397909997424293,0.06909205441374242,0.0,0.03965303593556382
