LIMIT_BAL,SEX,EDUCATION,MARRIAGE,AGE,PAY_0,PAY_2,PAY_3,PAY_4,PAY_5,PAY_6,BILL_AMT1,BILL_AMT2,BILL_AMT3,BILL_AMT4,BILL_AMT5,BILL_AMT6,PAY_AMT1,PAY_AMT2,PAY_AMT3,PAY_AMT4,PAY_AMT5,PAY_AMT6
0.05063291139240507,1.0,0.3333333333333333,0.6666666666666666,0.03703703703703709,0.2,0.2222222222222222,0.2,0.2,0.2,0.2,0.07555053943367705,0.06949390212525086,0.08358161161628751,0.08016906084632303,0.1361653317124342,0.40122169999800794,0.002330964532854438,0.0008149414627547304,0.0007884818570324697,0.0009998850132234792,0.002061478440800781,0.0
