LIMIT_BAL,SEX,EDUCATION,MARRIAGE,AGE,PAY_0,PAY_2,PAY_3,PAY_4,PAY_5,PAY_6,BILL_AMT1,BILL_AMT2,BILL_AMT3,BILL_AMT4,BILL_AMT5,BILL_AMT6,PAY_AMT1,PAY_AMT2,PAY_AMT3,PAY_AMT4,PAY_AMT5,PAY_AMT6
0.20253164556962022,0.0,0.16666666666666666,0.3333333333333333,0.37037037037037035,0.1,0.1111111111111111,0.1,0.2,0.2,0.1,0.04057407735885486,0.04290382339319714,0.09243049721130532,0.09042597819768312,0.13300523197484992,0.398210220048957,0.0,0.008044287178851943,0.0,0.0,0.0005926750517302246,0.058758364312267664
