LIMIT_BAL,SEX,EDUCATION,MARRIAGE,AGE,PAY_0,PAY_2,PAY_3,PAY_4,PAY_5,PAY_6,BILL_AMT1,BILL_AMT2,BILL_AMT3,BILL_AMT4,BILL_AMT5,BILL_AMT6,PAY_AMT1,PAY_AMT2,PAY_AMT3,PAY_AMT4,PAY_AMT5,PAY_AMT6
0.1139240506329114,1.0,0.16666666666666666,0.6666666666666666,0.11111111111111116,0.2,0.2222222222222222,0.2,0.2,0.4,0.2,0.16548911635850483,0.15667292749446818,0.2249343472440698,0.21730551410438503,0.28461649068799977,0.5078726179135014,0.008330664547853688,0.0033420749387571493,0.017407051130420154,0.0,0.00902669872265642,0.008327137546468402
