LIMIT_BAL,SEX,EDUCATION,MARRIAGE,AGE,PAY_0,PAY_2,PAY_3,PAY_4,PAY_5,PAY_6,BILL_AMT1,BILL_AMT2,BILL_AMT3,BILL_AMT4,BILL_AMT5,BILL_AMT6,PAY_AMT1,PAY_AMT2,PAY_AMT3,PAY_AMT4,PAY_AMT5,PAY_AMT6
0.3291139240506329,1.0,0.16666666666666666,0.6666666666666666,0.20370370370370372,0.2,0.2222222222222222,0.2,0.2,0.2,0.2,0.09955467093211438,0.09767277311789224,0.16749829575184166,0.2138835451837735,0.22760397773878033,0.4510013463776114,0.04072296385180741,0.024552556389874518,0.15817734533928374,0.0051769046559645635,0.005269654264296997,0.006916976456009914
