LIMIT_BAL,SEX,EDUCATION,MARRIAGE,AGE,PAY_0,PAY_2,PAY_3,PAY_4,PAY_5,PAY_6,BILL_AMT1,BILL_AMT2,BILL_AMT3,BILL_AMT4,BILL_AMT5,BILL_AMT6,PAY_AMT1,PAY_AMT2,PAY_AMT3,PAY_AMT4,PAY_AMT5,PAY_AMT6
0.16455696202531644,0.0,0.16666666666666666,0.3333333333333333,0.2592592592592593,0.30000000000000004,0.4444444444444444,0.2,0.2,0.4,0.4,0.16733824445850215,0.1573727679720064,0.23698540371286764,0.2343404469534888,0.3028107567572867,0.5277378395385053,0.0,0.008149414627547303,0.02628272856774899,0.0,0.021903208433508303,0.010161090458488228
