LIMIT_BAL,SEX,EDUCATION,MARRIAGE,AGE,PAY_0,PAY_2,PAY_3,PAY_4,PAY_5,PAY_6,BILL_AMT1,BILL_AMT2,BILL_AMT3,BILL_AMT4,BILL_AMT5,BILL_AMT6,PAY_AMT1,PAY_AMT2,PAY_AMT3,PAY_AMT4,PAY_AMT5,PAY_AMT6
0.2151898734177215,1.0,0.3333333333333333,0.3333333333333333,0.42592592592592593,0.0,0.0,0.0,0.0,0.0,0.0,0.03427793745300656,0.05142283744146555,0.08698515612233614,0.08059755607893901,0.15230079443665587,0.4068849227971375,0.013430409560603051,0.00536475964931439,0.008355279411687403,0.04614969278532968,0.019669081173290453,0.014887236679058242
