LIMIT_BAL,SEX,EDUCATION,MARRIAGE,AGE,PAY_0,PAY_2,PAY_3,PAY_4,PAY_5,PAY_6,BILL_AMT1,BILL_AMT2,BILL_AMT3,BILL_AMT4,BILL_AMT5,BILL_AMT6,PAY_AMT1,PAY_AMT2,PAY_AMT3,PAY_AMT4,PAY_AMT5,PAY_AMT6
0.27848101265822783,1.0,0.16666666666666666,0.6666666666666666,0.05555555555555558,0.2,0.1111111111111111,0.1,0.1,0.1,0.2,0.04754205667624718,0.046094272629033095,0.0785043551174487,0.07796216057484283,0.14797077152838373,0.42021980288281824,0.005026775688242615,0.0011686260575902833,0.0037321474566203564,0.02305984811746649,0.025768480510009767,0.03717472118959108
