LIMIT_BAL,SEX,EDUCATION,MARRIAGE,AGE,PAY_0,PAY_2,PAY_3,PAY_4,PAY_5,PAY_6,BILL_AMT1,BILL_AMT2,BILL_AMT3,BILL_AMT4,BILL_AMT5,BILL_AMT6,PAY_AMT1,PAY_AMT2,PAY_AMT3,PAY_AMT4,PAY_AMT5,PAY_AMT6
0.1139240506329114,1.0,0.3333333333333333,0.6666666666666666,0.05555555555555558,0.5,0.4444444444444444,0.4,0.4,0.4,0.4,0.15748041384051978,0.15472135028045078,0.2224204780477982,0.2100405722059414,0.28095802982323703,0.5022832173854963,0.008513087859120557,0.0032597658510189215,0.008673300427357167,0.008499022612399574,0.0,0.01734820322180917
