LIMIT_BAL,SEX,EDUCATION,MARRIAGE,AGE,PAY_0,PAY_2,PAY_3,PAY_4,PAY_5,PAY_6,BILL_AMT1,BILL_AMT2,BILL_AMT3,BILL_AMT4,BILL_AMT5,BILL_AMT6,PAY_AMT1,PAY_AMT2,PAY_AMT3,PAY_AMT4,PAY_AMT5,PAY_AMT6
0.2531645569620253,1.0,0.3333333333333333,0.6666666666666666,0.16666666666666674,0.2,0.2222222222222222,0.2,0.2,0.2,0.2,0.058217710503141784,0.06988627592240004,0.10692444692401777,0.09600690386724439,0.31217994594824233,0.5216492598438482,0.0026856765269844614,0.0008752471309985804,0.002628272856774899,0.2474715407728111,0.009650295950998658,0.009913258983890954
