LIMIT_BAL,SEX,EDUCATION,MARRIAGE,AGE,PAY_0,PAY_2,PAY_3,PAY_4,PAY_5,PAY_6,BILL_AMT1,BILL_AMT2,BILL_AMT3,BILL_AMT4,BILL_AMT5,BILL_AMT6,PAY_AMT1,PAY_AMT2,PAY_AMT3,PAY_AMT4,PAY_AMT5,PAY_AMT6
0.10126582278481013,1.0,0.3333333333333333,0.6666666666666666,0.2222222222222222,0.2,0.2222222222222222,0.1,0.1,0.2,0.2,0.12390414044583137,0.045204034374517574,0.07941878948037351,0.15969088413848487,0.23030166370917932,0.4451412641888162,0.00202692568074299,0.0016298829255094608,0.16032464426326884,0.01249856266529349,0.004638326491801758,0.002973977695167286
