LIMIT_BAL,SEX,EDUCATION,MARRIAGE,AGE,PAY_0,PAY_2,PAY_3,PAY_4,PAY_5,PAY_6,BILL_AMT1,BILL_AMT2,BILL_AMT3,BILL_AMT4,BILL_AMT5,BILL_AMT6,PAY_AMT1,PAY_AMT2,PAY_AMT3,PAY_AMT4,PAY_AMT5,PAY_AMT6
0.24050632911392406,0.0,0.16666666666666666,0.6666666666666666,0.14814814814814814,0.30000000000000004,0.0,0.1,0.4,0.2,0.1,0.024029246990457682,0.04290382339319714,0.08001300675592031,0.07851650755410126,0.13582219782159,0.39835083389871817,0.0,0.0019134825545481069,0.0,0.0,0.0009018968178503418,0.0063692688971499385
