LIMIT_BAL,SEX,EDUCATION,MARRIAGE,AGE,PAY_0,PAY_2,PAY_3,PAY_4,PAY_5,PAY_6,BILL_AMT1,BILL_AMT2,BILL_AMT3,BILL_AMT4,BILL_AMT5,BILL_AMT6,PAY_AMT1,PAY_AMT2,PAY_AMT3,PAY_AMT4,PAY_AMT5,PAY_AMT6
0.2151898734177215,0.0,0.3333333333333333,0.6666666666666666,0.40740740740740744,0.2,0.2222222222222222,0.2,0.2,0.2,0.2,0.19162021608741447,0.1706465805588432,0.19116960116466586,0.18255994438551387,0.2520628882723372,0.4866844543186614,0.020269256807429897,0.0040747073137736515,0.007104221531862551,0.0074991375991760945,0.010340891228666918,0.024783147459727387
