LIMIT_BAL,SEX,EDUCATION,MARRIAGE,AGE,PAY_0,PAY_2,PAY_3,PAY_4,PAY_5,PAY_6,BILL_AMT1,BILL_AMT2,BILL_AMT3,BILL_AMT4,BILL_AMT5,BILL_AMT6,PAY_AMT1,PAY_AMT2,PAY_AMT3,PAY_AMT4,PAY_AMT5,PAY_AMT6
0.0759493670886076,0.0,0.3333333333333333,0.3333333333333333,0.18518518518518523,0.30000000000000004,0.4444444444444444,0.4,0.4,0.4,0.4,0.07574361477858339,0.08424201101219575,0.1340554173633589,0.12711176234395882,0.1928036653235426,0.44003229431416174,0.0,0.002852295119641556,0.0,0.0074991375991760945,0.0,0.007434944237918216
