LIMIT_BAL,SEX,EDUCATION,MARRIAGE,AGE,PAY_0,PAY_2,PAY_3,PAY_4,PAY_5,PAY_6,BILL_AMT1,BILL_AMT2,BILL_AMT3,BILL_AMT4,BILL_AMT5,BILL_AMT6,PAY_AMT1,PAY_AMT2,PAY_AMT3,PAY_AMT4,PAY_AMT5,PAY_AMT6
0.05063291139240507,0.0,0.5,0.3333333333333333,0.42592592592592593,0.2,0.2222222222222222,0.2,0.2,0.2,0.2,0.04774612004891242,0.06363788401173262,0.10455583083954649,0.10281038936133235,0.16291180151828577,0.4200733301226504,0.002560007134778396,0.0011107652137346976,0.0030251420581479086,0.0012873519545252296,0.0017264881941706544,0.0019330855018587362
