LIMIT_BAL,SEX,EDUCATION,MARRIAGE,AGE,PAY_0,PAY_2,PAY_3,PAY_4,PAY_5,PAY_6,BILL_AMT1,BILL_AMT2,BILL_AMT3,BILL_AMT4,BILL_AMT5,BILL_AMT6,PAY_AMT1,PAY_AMT2,PAY_AMT3,PAY_AMT4,PAY_AMT5,PAY_AMT6
0.34177215189873417,1.0,0.3333333333333333,0.3333333333333333,0.38888888888888884,0.2,0.1111111111111111,0.2,0.2,0.2,0.2,0.42513464258300276,0.3731088869448876,0.4948657976789213,0.46578630373420116,0.38373806792743864,0.5817112939872345,0.5550614361173833,0.010594239015811495,0.028911001424523887,0.019997700264469585,0.015115790667171728,0.01982651796778191
