LIMIT_BAL,SEX,EDUCATION,MARRIAGE,AGE,PAY_0,PAY_2,PAY_3,PAY_4,PAY_5,PAY_6,BILL_AMT1,BILL_AMT2,BILL_AMT3,BILL_AMT4,BILL_AMT5,BILL_AMT6,PAY_AMT1,PAY_AMT2,PAY_AMT3,PAY_AMT4,PAY_AMT5,PAY_AMT6
0.0759493670886076,1.0,0.5,0.3333333333333333,0.5185185185185185,0.4,0.4444444444444444,0.4,0.4,0.4,0.4,0.055351404976320795,0.06995059949570319,0.11210404084253409,0.10751035280439641,0.1717401463384346,0.4271532374581234,0.0034457736572630826,0.0011409180478566224,0.0,0.0074991375991760945,0.00438064168670166,0.00332094175960347
