LIMIT_BAL,SEX,EDUCATION,MARRIAGE,AGE,PAY_0,PAY_2,PAY_3,PAY_4,PAY_5,PAY_6,BILL_AMT1,BILL_AMT2,BILL_AMT3,BILL_AMT4,BILL_AMT5,BILL_AMT6,PAY_AMT1,PAY_AMT2,PAY_AMT3,PAY_AMT4,PAY_AMT5,PAY_AMT6
0.15189873417721517,0.0,0.3333333333333333,0.3333333333333333,0.5,0.0,0.0,0.0,0.0,0.0,0.0,0.025779482840624934,0.04534425976431843,0.07782100525056988,0.08128824245039343,0.1344463943163956,0.40856994543010844,0.0038552126447731665,0.0008336851163980891,0.009593195927228381,0.002374726906405763,0.02343127932775188,9.913258983890955e-06
