LIMIT_BAL,SEX,EDUCATION,MARRIAGE,AGE,PAY_0,PAY_2,PAY_3,PAY_4,PAY_5,PAY_6,BILL_AMT1,BILL_AMT2,BILL_AMT3,BILL_AMT4,BILL_AMT5,BILL_AMT6,PAY_AMT1,PAY_AMT2,PAY_AMT3,PAY_AMT4,PAY_AMT5,PAY_AMT6
0.10126582278481013,1.0,0.16666666666666666,0.3333333333333333,0.14814814814814814,0.2,0.2222222222222222,0.2,0.2,0.2,0.2,0.030361490416085216,0.05755287397725519,0.08337858738047568,0.12927671203322486,0.20151599820916788,0.44002174827542967,0.021080027079727094,0.0027708009733660834,0.09498315277098807,0.0015448223454302755,0.008245913763203125,0.021065675340768277
