LIMIT_BAL,SEX,EDUCATION,MARRIAGE,AGE,PAY_0,PAY_2,PAY_3,PAY_4,PAY_5,PAY_6,BILL_AMT1,BILL_AMT2,BILL_AMT3,BILL_AMT4,BILL_AMT5,BILL_AMT6,PAY_AMT1,PAY_AMT2,PAY_AMT3,PAY_AMT4,PAY_AMT5,PAY_AMT6
0.06329113924050633,1.0,0.3333333333333333,0.3333333333333333,0.5185185185185185,0.4,0.2222222222222222,0.2,0.2,0.4,0.2,0.11992804411536173,0.11652472598157773,0.12910690794088858,0.12496479147564168,0.18400309800884307,0.43252234295483594,0.003524823758812059,0.001459560159793722,0.006250032853410709,0.0,0.0028139180716930663,0.008807930607187113
