LIMIT_BAL,SEX,EDUCATION,MARRIAGE,AGE,PAY_0,PAY_2,PAY_3,PAY_4,PAY_5,PAY_6,BILL_AMT1,BILL_AMT2,BILL_AMT3,BILL_AMT4,BILL_AMT5,BILL_AMT6,PAY_AMT1,PAY_AMT2,PAY_AMT3,PAY_AMT4,PAY_AMT5,PAY_AMT6
0.24050632911392406,0.0,0.3333333333333333,0.6666666666666666,0.18518518518518523,0.1,0.1111111111111111,0.4,0.1,0.1,0.1,0.03255752624961346,0.06929707199094325,0.08929765168633912,0.08512672072298832,0.14686620719404714,0.4052655199607218,0.04197763084818732,1.87436536433588e-05,0.01636888335199407,0.021432535258445278,0.01615426043172512,0.01588847583643123
