LIMIT_BAL,SEX,EDUCATION,MARRIAGE,AGE,PAY_0,PAY_2,PAY_3,PAY_4,PAY_5,PAY_6,BILL_AMT1,BILL_AMT2,BILL_AMT3,BILL_AMT4,BILL_AMT5,BILL_AMT6,PAY_AMT1,PAY_AMT2,PAY_AMT3,PAY_AMT4,PAY_AMT5,PAY_AMT6
0.13924050632911392,1.0,0.3333333333333333,0.6666666666666666,0.5,0.2,0.2222222222222222,0.2,0.2,0.2,0.1,0.2064038225778855,0.19264138321412033,0.26305998788457,0.14908038330846263,0.19865001323516437,0.4564395870171232,0.010292728606812901,0.0021652994665393188,0.002570450853925851,0.002012268589112252,0.13443158597266994,0.003965303593556382
