LIMIT_BAL,SEX,EDUCATION,MARRIAGE,AGE,PAY_0,PAY_2,PAY_3,PAY_4,PAY_5,PAY_6,BILL_AMT1,BILL_AMT2,BILL_AMT3,BILL_AMT4,BILL_AMT5,BILL_AMT6,PAY_AMT1,PAY_AMT2,PAY_AMT3,PAY_AMT4,PAY_AMT5,PAY_AMT6
0.12658227848101264,1.0,0.3333333333333333,0.6666666666666666,0.2222222222222222,0.2,0.2222222222222222,0.2,0.2,0.2,0.2,0.18601632193037673,0.17504116708691403,0.24620567510510216,0.2303206822363256,0.2871491455966118,0.5105161582890106,0.010540013539863547,0.0031000373243189943,0.011827227855487045,0.008499022612399574,0.009018968178503417,0.019083023543990087
