LIMIT_BAL,SEX,EDUCATION,MARRIAGE,AGE,PAY_0,PAY_2,PAY_3,PAY_4,PAY_5,PAY_6,BILL_AMT1,BILL_AMT2,BILL_AMT3,BILL_AMT4,BILL_AMT5,BILL_AMT6,PAY_AMT1,PAY_AMT2,PAY_AMT3,PAY_AMT4,PAY_AMT5,PAY_AMT6
0.8227848101265823,0.0,0.16666666666666666,0.6666666666666666,0.6296296296296295,0.1,0.2222222222222222,0.2,0.2,0.2,0.0,0.47035351624736876,0.41356198219523493,0.6140509277217214,0.5888423437190988,0.16541831289235728,0.4223641640916755,0.013146639965299032,0.031380950906296404,0.05256545713549798,0.004999425066117396,0.0025768480510009765,0.0008550185873605949
