LIMIT_BAL,SEX,EDUCATION,MARRIAGE,AGE,PAY_0,PAY_2,PAY_3,PAY_4,PAY_5,PAY_6,BILL_AMT1,BILL_AMT2,BILL_AMT3,BILL_AMT4,BILL_AMT5,BILL_AMT6,PAY_AMT1,PAY_AMT2,PAY_AMT3,PAY_AMT4,PAY_AMT5,PAY_AMT6
0.4430379746835443,1.0,0.16666666666666666,0.6666666666666666,0.11111111111111116,0.2,0.1111111111111111,0.2,0.1,0.1,0.1,0.14935084301718685,0.07822518396541965,0.18857155118769178,0.13442314952985385,0.22187690970349966,0.45202196857046095,0.05566951382160622,0.04087257412300074,0.10277861006418242,0.13612434570024445,0.11892926809784807,0.09913258983890955
