LIMIT_BAL,SEX,EDUCATION,MARRIAGE,AGE,PAY_0,PAY_2,PAY_3,PAY_4,PAY_5,PAY_6,BILL_AMT1,BILL_AMT2,BILL_AMT3,BILL_AMT4,BILL_AMT5,BILL_AMT6,PAY_AMT1,PAY_AMT2,PAY_AMT3,PAY_AMT4,PAY_AMT5,PAY_AMT6
0.012658227848101266,0.0,0.3333333333333333,0.6666666666666666,0.0,0.2,0.2222222222222222,0.1,0.2,0.2,0.0,0.055889818336506775,0.06484330777543354,0.07998824770277252,0.07778237236535361,0.13289738989487032,0.3979407101702482,0.0025133878441213073,0.001901258432606786,0.0,0.0,0.0,0.0
