LIMIT_BAL,SEX,EDUCATION,MARRIAGE,AGE,PAY_0,PAY_2,PAY_3,PAY_4,PAY_5,PAY_6,BILL_AMT1,BILL_AMT2,BILL_AMT3,BILL_AMT4,BILL_AMT5,BILL_AMT6,PAY_AMT1,PAY_AMT2,PAY_AMT3,PAY_AMT4,PAY_AMT5,PAY_AMT6
0.025316455696202535,0.0,0.3333333333333333,0.6666666666666666,0.05555555555555558,0.30000000000000004,0.4444444444444444,0.4,0.5,0.4,0.2,0.056969784493381276,0.06913883600061752,0.10980805131396296,0.10571696541474143,0.16499674839789152,0.4110986511616461,0.0,0.001958304334999617,0.0,0.0,0.005153696102001953,0.0
