LIMIT_BAL,SEX,EDUCATION,MARRIAGE,AGE,PAY_0,PAY_2,PAY_3,PAY_4,PAY_5,PAY_6,BILL_AMT1,BILL_AMT2,BILL_AMT3,BILL_AMT4,BILL_AMT5,BILL_AMT6,PAY_AMT1,PAY_AMT2,PAY_AMT3,PAY_AMT4,PAY_AMT5,PAY_AMT6
0.18987341772151897,0.0,0.5,0.3333333333333333,0.38888888888888884,0.1,0.2222222222222222,0.2,0.2,0.2,0.2,0.14308766719461524,0.15752071219060362,0.2229684784241358,0.16987588620604926,0.2381414561295151,0.4951037085731092,0.06080777042228969,0.0035254367678769637,0.010513091427099596,0.0074991375991760945,0.051536961020019534,0.008674101610904586
