LIMIT_BAL,SEX,EDUCATION,MARRIAGE,AGE,PAY_0,PAY_2,PAY_3,PAY_4,PAY_5,PAY_6,BILL_AMT1,BILL_AMT2,BILL_AMT3,BILL_AMT4,BILL_AMT5,BILL_AMT6,PAY_AMT1,PAY_AMT2,PAY_AMT3,PAY_AMT4,PAY_AMT5,PAY_AMT6
0.012658227848101266,1.0,0.3333333333333333,0.3333333333333333,0.38888888888888884,0.4,0.2222222222222222,0.2,0.2,0.2,0.2,0.04844150523422551,0.06420779087119849,0.1046565176556808,0.10323588812379017,0.16337584925637985,0.4204330672216226,0.003192407947170209,0.0010537193113418664,0.003427267805234468,0.0016698079720832103,0.002172282906993823,0.002114002478314746
