LIMIT_BAL,SEX,EDUCATION,MARRIAGE,AGE,PAY_0,PAY_2,PAY_3,PAY_4,PAY_5,PAY_6,BILL_AMT1,BILL_AMT2,BILL_AMT3,BILL_AMT4,BILL_AMT5,BILL_AMT6,PAY_AMT1,PAY_AMT2,PAY_AMT3,PAY_AMT4,PAY_AMT5,PAY_AMT6
0.025316455696202535,0.0,0.16666666666666666,0.6666666666666666,0.05555555555555558,0.2,0.2222222222222222,0.0,0.0,0.0,0.1,0.04142172521454124,0.04264395615705244,0.07580396772079712,0.07553202327658019,0.13256732777129637,0.4068122723080943,0.0,0.0,0.0,0.0,0.02021279611205166,0.0005824039653035936
