LIMIT_BAL,SEX,EDUCATION,MARRIAGE,AGE,PAY_0,PAY_2,PAY_3,PAY_4,PAY_5,PAY_6,BILL_AMT1,BILL_AMT2,BILL_AMT3,BILL_AMT4,BILL_AMT5,BILL_AMT6,PAY_AMT1,PAY_AMT2,PAY_AMT3,PAY_AMT4,PAY_AMT5,PAY_AMT6
0.05063291139240507,0.0,0.3333333333333333,0.3333333333333333,0.2407407407407407,0.2,0.2222222222222222,0.2,0.2,0.2,0.2,0.08320605534512611,0.08819147841300881,0.10149066005985088,0.09835463823615781,0.15278771776747288,0.41168337042023617,0.00405385136148598,0.0016298829255094608,0.003022513785291134,0.004999425066117396,0.0025768480510009765,0.0024783147459727386
