LIMIT_BAL,SEX,EDUCATION,MARRIAGE,AGE,PAY_0,PAY_2,PAY_3,PAY_4,PAY_5,PAY_6,BILL_AMT1,BILL_AMT2,BILL_AMT3,BILL_AMT4,BILL_AMT5,BILL_AMT6,PAY_AMT1,PAY_AMT2,PAY_AMT3,PAY_AMT4,PAY_AMT5,PAY_AMT6
0.20253164556962022,0.0,0.16666666666666666,0.6666666666666666,0.07407407407407407,0.2,0.2222222222222222,0.2,0.2,0.2,0.2,0.20041377773103505,0.17971363145165442,0.22701740891556998,0.21175455313640532,0.26885684127279796,0.49631884659146164,0.011048771885730037,0.0036313791580350786,0.007863792387470498,0.0074991375991760945,0.008245913763203125,0.007930607187112764
