LIMIT_BAL,SEX,EDUCATION,MARRIAGE,AGE,PAY_0,PAY_2,PAY_3,PAY_4,PAY_5,PAY_6,BILL_AMT1,BILL_AMT2,BILL_AMT3,BILL_AMT4,BILL_AMT5,BILL_AMT6,PAY_AMT1,PAY_AMT2,PAY_AMT3,PAY_AMT4,PAY_AMT5,PAY_AMT6
0.15189873417721517,1.0,0.3333333333333333,1.0,0.07407407407407407,0.1,0.4444444444444444,0.4,0.0,0.1,0.1,0.028970720045459038,0.04492872948078012,0.0761373896365206,0.07583466676255371,0.15361123910549898,0.43377614978187273,1.0134628403714948e-05,0.0,0.0,0.03168885578158512,0.07880516709571186,0.0
