LIMIT_BAL,SEX,EDUCATION,MARRIAGE,AGE,PAY_0,PAY_2,PAY_3,PAY_4,PAY_5,PAY_6,BILL_AMT1,BILL_AMT2,BILL_AMT3,BILL_AMT4,BILL_AMT5,BILL_AMT6,PAY_AMT1,PAY_AMT2,PAY_AMT3,PAY_AMT4,PAY_AMT5,PAY_AMT6
0.0,0.0,0.3333333333333333,0.6666666666666666,0.018518518518518545,0.1,0.7777777777777778,0.6000000000000001,0.5,0.4,0.7,0.03997758442337185,0.05558843204857716,0.09192541252709054,0.0897158147702007,0.1524249762257233,0.4122235619597352,0.0,0.0,0.0,0.0074991375991760945,0.0025768480510009765,0.0
