LIMIT_BAL,SEX,EDUCATION,MARRIAGE,AGE,PAY_0,PAY_2,PAY_3,PAY_4,PAY_5,PAY_6,BILL_AMT1,BILL_AMT2,BILL_AMT3,BILL_AMT4,BILL_AMT5,BILL_AMT6,PAY_AMT1,PAY_AMT2,PAY_AMT3,PAY_AMT4,PAY_AMT5,PAY_AMT6
0.025316455696202535,0.0,0.3333333333333333,0.3333333333333333,0.3148148148148149,0.2,0.2222222222222222,0.1,0.1,0.1,0.1,0.053109847313505695,0.059022024391499,0.08593702287241331,0.08464428902752558,0.13564246102162397,0.3979407101702482,0.0030403885211144847,0.004838307464374834,0.015475270580690604,0.004199517055538613,0.0,0.0
