LIMIT_BAL,SEX,EDUCATION,MARRIAGE,AGE,PAY_0,PAY_2,PAY_3,PAY_4,PAY_5,PAY_6,BILL_AMT1,BILL_AMT2,BILL_AMT3,BILL_AMT4,BILL_AMT5,BILL_AMT6,PAY_AMT1,PAY_AMT2,PAY_AMT3,PAY_AMT4,PAY_AMT5,PAY_AMT6
0.2151898734177215,0.0,0.3333333333333333,0.6666666666666666,0.12962962962962965,0.30000000000000004,0.3333333333333333,0.0,0.0,0.0,0.1,0.061134247014003454,0.04284464570575825,0.07606146187353406,0.07576574794891618,0.13282222723306636,0.39929294669211773,0.006080777042228969,0.0,0.0,0.0,0.003092217661201172,0.10988351920693928
