LIMIT_BAL,SEX,EDUCATION,MARRIAGE,AGE,PAY_0,PAY_2,PAY_3,PAY_4,PAY_5,PAY_6,BILL_AMT1,BILL_AMT2,BILL_AMT3,BILL_AMT4,BILL_AMT5,BILL_AMT6,PAY_AMT1,PAY_AMT2,PAY_AMT3,PAY_AMT4,PAY_AMT5,PAY_AMT6
0.012658227848101266,0.0,0.5,0.3333333333333333,0.14814814814814814,0.2,0.2222222222222222,0.2,0.0,0.0,0.0,0.04150962943661242,0.06946817269592961,0.07448513548979185,0.07583316852747463,0.13289575592396155,0.3979395383881668,0.020269256807429897,0.0,0.002628272856774899,0.0,0.0,0.0
