LIMIT_BAL,SEX,EDUCATION,MARRIAGE,AGE,PAY_0,PAY_2,PAY_3,PAY_4,PAY_5,PAY_6,BILL_AMT1,BILL_AMT2,BILL_AMT3,BILL_AMT4,BILL_AMT5,BILL_AMT6,PAY_AMT1,PAY_AMT2,PAY_AMT3,PAY_AMT4,PAY_AMT5,PAY_AMT6
0.05063291139240507,1.0,0.16666666666666666,0.3333333333333333,0.14814814814814814,0.2,0.2222222222222222,0.2,0.2,0.2,0.2,0.09985448711810717,0.10687490351464005,0.15930965157409807,0.12139599551728064,0.18251128256912513,0.4331679948816558,0.005067314201857474,0.0017187115449497263,0.0028911001424523886,0.002749683786364568,0.0028345328561010744,0.0027261462205700124
