LIMIT_BAL,SEX,EDUCATION,MARRIAGE,AGE,PAY_0,PAY_2,PAY_3,PAY_4,PAY_5,PAY_6,BILL_AMT1,BILL_AMT2,BILL_AMT3,BILL_AMT4,BILL_AMT5,BILL_AMT6,PAY_AMT1,PAY_AMT2,PAY_AMT3,PAY_AMT4,PAY_AMT5,PAY_AMT6
0.025316455696202535,0.0,0.5,0.3333333333333333,0.4814814814814815,0.2,0.2222222222222222,0.2,0.1,0.2,0.2,0.21017742525394117,0.15774841764009676,0.22660145682268723,0.12141097786807141,0.18254396198730077,0.43282934986014776,0.013426355709241564,0.002444824388264191,0.083996972229669,0.0026296975847777504,0.002736612630163037,0.002760842627013631
