LIMIT_BAL,SEX,EDUCATION,MARRIAGE,AGE,PAY_0,PAY_2,PAY_3,PAY_4,PAY_5,PAY_6,BILL_AMT1,BILL_AMT2,BILL_AMT3,BILL_AMT4,BILL_AMT5,BILL_AMT6,PAY_AMT1,PAY_AMT2,PAY_AMT3,PAY_AMT4,PAY_AMT5,PAY_AMT6
0.24050632911392406,0.0,0.5,0.6666666666666666,0.38888888888888884,0.1,0.2222222222222222,0.2,0.2,0.2,0.2,0.028350681336206964,0.04871867441980137,0.08794085557384058,0.0902791511599336,0.15728767365025834,0.4182652703711385,0.0060929385963134275,0.004090191201565991,0.013175531831012569,0.025014623318318392,0.01289970134331089,0.024790582403965304
