LIMIT_BAL,SEX,EDUCATION,MARRIAGE,AGE,PAY_0,PAY_2,PAY_3,PAY_4,PAY_5,PAY_6,BILL_AMT1,BILL_AMT2,BILL_AMT3,BILL_AMT4,BILL_AMT5,BILL_AMT6,PAY_AMT1,PAY_AMT2,PAY_AMT3,PAY_AMT4,PAY_AMT5,PAY_AMT6
0.36708860759493667,1.0,0.3333333333333333,0.3333333333333333,0.5,0.1,0.1111111111111111,0.1,0.0,0.1,0.1,0.024719923021016957,0.043485308495857564,0.0761373896365206,0.07583466676255371,0.13849700819926603,0.39922732689556256,0.0009161704076958314,0.0,0.0,0.008566514850792158,0.0028293791599990725,0.0
