LIMIT_BAL,SEX,EDUCATION,MARRIAGE,AGE,PAY_0,PAY_2,PAY_3,PAY_4,PAY_5,PAY_6,BILL_AMT1,BILL_AMT2,BILL_AMT3,BILL_AMT4,BILL_AMT5,BILL_AMT6,PAY_AMT1,PAY_AMT2,PAY_AMT3,PAY_AMT4,PAY_AMT5,PAY_AMT6
0.1139240506329114,1.0,0.5,0.6666666666666666,0.5,0.1,0.1111111111111111,0.1,0.2,0.2,0.2,0.05006145446953726,0.06349894509339783,0.18323845113965923,0.17502082546759917,0.2514027640251893,0.48503106980188676,0.03270849971014963,0.052878291752303436,0.006184326031991337,0.02499712533058698,0.0077305441530029296,0.006617100371747212
