LIMIT_BAL,SEX,EDUCATION,MARRIAGE,AGE,PAY_0,PAY_2,PAY_3,PAY_4,PAY_5,PAY_6,BILL_AMT1,BILL_AMT2,BILL_AMT3,BILL_AMT4,BILL_AMT5,BILL_AMT6,PAY_AMT1,PAY_AMT2,PAY_AMT3,PAY_AMT4,PAY_AMT5,PAY_AMT6
0.05063291139240507,1.0,0.3333333333333333,0.6666666666666666,0.2962962962962963,0.2,0.2222222222222222,0.2,0.1,0.2,0.2,0.031552906568799964,0.047527401842227146,0.0761373896365206,0.0838786909021173,0.13901824491916748,0.40896483599152095,0.006080777042228969,0.0,0.014111196968024433,0.0,0.02319163245900879,0.024783147459727387
