LIMIT_BAL,SEX,EDUCATION,MARRIAGE,AGE,PAY_0,PAY_2,PAY_3,PAY_4,PAY_5,PAY_6,BILL_AMT1,BILL_AMT2,BILL_AMT3,BILL_AMT4,BILL_AMT5,BILL_AMT6,PAY_AMT1,PAY_AMT2,PAY_AMT3,PAY_AMT4,PAY_AMT5,PAY_AMT6
0.4430379746835443,1.0,0.3333333333333333,0.6666666666666666,0.5925925925925926,0.1,0.1111111111111111,0.1,0.1,0.1,0.1,0.03279298398730412,0.04354062676889827,0.07921081343393212,0.07617926083074139,0.13397744466557518,0.3987117427797717,0.0010033282119677799,0.001517421003649308,0.0006045027570582267,0.0016523099843517995,0.0016955660175586426,0.001318463444857497
