LIMIT_BAL,SEX,EDUCATION,MARRIAGE,AGE,PAY_0,PAY_2,PAY_3,PAY_4,PAY_5,PAY_6,BILL_AMT1,BILL_AMT2,BILL_AMT3,BILL_AMT4,BILL_AMT5,BILL_AMT6,PAY_AMT1,PAY_AMT2,PAY_AMT3,PAY_AMT4,PAY_AMT5,PAY_AMT6
0.24050632911392406,0.0,0.16666666666666666,0.3333333333333333,0.2962962962962963,0.2,0.2222222222222222,0.2,0.2,0.2,0.2,0.2176335869474788,0.05724540729686616,0.10777120654167197,0.10755380162168965,0.16191998117665513,0.4256767920356315,0.02270562147568297,0.015707996694597427,0.058620997797507346,0.05961814391344995,0.06128775404500723,0.20924411400247833
