LIMIT_BAL,SEX,EDUCATION,MARRIAGE,AGE,PAY_0,PAY_2,PAY_3,PAY_4,PAY_5,PAY_6,BILL_AMT1,BILL_AMT2,BILL_AMT3,BILL_AMT4,BILL_AMT5,BILL_AMT6,PAY_AMT1,PAY_AMT2,PAY_AMT3,PAY_AMT4,PAY_AMT5,PAY_AMT6
0.24050632911392406,1.0,0.3333333333333333,0.6666666666666666,0.2407407407407407,0.2,0.2222222222222222,0.2,0.1,0.1,0.1,0.34638972650798905,0.27158055884320487,0.08184022487822673,0.07744976417779856,0.13550847540710387,0.5991356935368015,0.011156198946809416,0.0012436006721637184,0.002833278139603341,0.0039945406278278,0.445861710872495,0.014869888475836432
