LIMIT_BAL,SEX,EDUCATION,MARRIAGE,AGE,PAY_0,PAY_2,PAY_3,PAY_4,PAY_5,PAY_6,BILL_AMT1,BILL_AMT2,BILL_AMT3,BILL_AMT4,BILL_AMT5,BILL_AMT6,PAY_AMT1,PAY_AMT2,PAY_AMT3,PAY_AMT4,PAY_AMT5,PAY_AMT6
0.0759493670886076,1.0,0.16666666666666666,0.6666666666666666,0.537037037037037,0.2,0.2222222222222222,0.2,0.2,0.2,0.2,0.12498567632095715,0.11824473833170382,0.1697942852804128,0.11354824017307612,0.18058646483858,0.4277391284987948,0.006080777042228969,0.008175492754355454,0.02102618285419919,0.01284602270738865,0.0025768480510009765,0.0024783147459727386
