LIMIT_BAL,SEX,EDUCATION,MARRIAGE,AGE,PAY_0,PAY_2,PAY_3,PAY_4,PAY_5,PAY_6,BILL_AMT1,BILL_AMT2,BILL_AMT3,BILL_AMT4,BILL_AMT5,BILL_AMT6,PAY_AMT1,PAY_AMT2,PAY_AMT3,PAY_AMT4,PAY_AMT5,PAY_AMT6
0.0759493670886076,0.0,0.5,0.3333333333333333,0.4444444444444444,0.2,0.2222222222222222,0.2,0.2,0.2,0.2,0.12735438116212522,0.10932949107188802,0.16290466609115622,0.1398737287475354,0.20461890896494478,0.4507306647168212,0.0062165810628387495,0.002444824388264191,0.007884818570324697,0.004999425066117396,0.005153696102001953,0.004956629491945477
