LIMIT_BAL,SEX,EDUCATION,MARRIAGE,AGE,PAY_0,PAY_2,PAY_3,PAY_4,PAY_5,PAY_6,BILL_AMT1,BILL_AMT2,BILL_AMT3,BILL_AMT4,BILL_AMT5,BILL_AMT6,PAY_AMT1,PAY_AMT2,PAY_AMT3,PAY_AMT4,PAY_AMT5,PAY_AMT6
0.08860759493670886,1.0,0.3333333333333333,0.6666666666666666,0.03703703703703709,0.4,0.4444444444444444,0.4,0.2,0.2,0.4,0.056461195779969456,0.07186872845160294,0.11466082573092852,0.11127391932303746,0.17394110515256386,0.426727880562596,0.005067314201857474,0.0012224121941320956,0.002628272856774899,0.004999425066117396,0.0,0.0026220570012391573
