LIMIT_BAL,SEX,EDUCATION,MARRIAGE,AGE,PAY_0,PAY_2,PAY_3,PAY_4,PAY_5,PAY_6,BILL_AMT1,BILL_AMT2,BILL_AMT3,BILL_AMT4,BILL_AMT5,BILL_AMT6,PAY_AMT1,PAY_AMT2,PAY_AMT3,PAY_AMT4,PAY_AMT5,PAY_AMT6
0.35443037974683544,1.0,0.3333333333333333,0.3333333333333333,0.2592592592592593,0.2,0.2222222222222222,0.2,0.4,0.2,0.2,0.43325165566032553,0.3869744764061133,0.5365303323160113,0.4284712608547131,0.5121698153286078,0.6683446586071495,0.022334694076107005,0.01656450017195265,0.00011564400569809555,0.025084615269244034,0.025856093343743797,0.024936802973977695
