LIMIT_BAL,SEX,EDUCATION,MARRIAGE,AGE,PAY_0,PAY_2,PAY_3,PAY_4,PAY_5,PAY_6,BILL_AMT1,BILL_AMT2,BILL_AMT3,BILL_AMT4,BILL_AMT5,BILL_AMT6,PAY_AMT1,PAY_AMT2,PAY_AMT3,PAY_AMT4,PAY_AMT5,PAY_AMT6
0.05063291139240507,1.0,0.3333333333333333,0.3333333333333333,0.20370370370370372,0.30000000000000004,0.0,0.1,0.2,0.2,0.2,0.024029246990457682,0.04290382339319714,0.07701220951440894,0.11558284341046247,0.1763185328248416,0.42874568930666823,0.0,0.0004319189752600071,0.06833509427614737,0.0023772266189388217,0.002429967712093921,0.0024039653035935566
