LIMIT_BAL,SEX,EDUCATION,MARRIAGE,AGE,PAY_0,PAY_2,PAY_3,PAY_4,PAY_5,PAY_6,BILL_AMT1,BILL_AMT2,BILL_AMT3,BILL_AMT4,BILL_AMT5,BILL_AMT6,PAY_AMT1,PAY_AMT2,PAY_AMT3,PAY_AMT4,PAY_AMT5,PAY_AMT6
0.24050632911392406,0.0,0.5,0.6666666666666666,0.35185185185185186,0.1,0.1111111111111111,0.1,0.1,0.0,0.1,0.033689293108779904,0.05062265218957444,0.08564816725235583,0.07583466676255371,0.13289738989487032,0.40159315491779357,0.012161554084457939,0.004695692708392756,0.0,0.0,0.008032035374970044,0.004956629491945477
