LIMIT_BAL,SEX,EDUCATION,MARRIAGE,AGE,PAY_0,PAY_2,PAY_3,PAY_4,PAY_5,PAY_6,BILL_AMT1,BILL_AMT2,BILL_AMT3,BILL_AMT4,BILL_AMT5,BILL_AMT6,PAY_AMT1,PAY_AMT2,PAY_AMT3,PAY_AMT4,PAY_AMT5,PAY_AMT6
0.05063291139240507,1.0,0.16666666666666666,0.3333333333333333,0.12962962962962965,0.2,0.2222222222222222,0.2,0.2,0.2,0.2,0.06780554958190554,0.06683476560489889,0.09230505134202321,0.12481796443789217,0.1801175151877596,0.4318333350910064,0.00405385136148598,0.003454536860617302,0.07359163998969717,0.0025372082210545787,0.005153696102001953,0.003717472118959108
