LIMIT_BAL,SEX,EDUCATION,MARRIAGE,AGE,PAY_0,PAY_2,PAY_3,PAY_4,PAY_5,PAY_6,BILL_AMT1,BILL_AMT2,BILL_AMT3,BILL_AMT4,BILL_AMT5,BILL_AMT6,PAY_AMT1,PAY_AMT2,PAY_AMT3,PAY_AMT4,PAY_AMT5,PAY_AMT6
0.025316455696202535,1.0,0.3333333333333333,0.3333333333333333,0.09259259259259262,0.30000000000000004,0.4444444444444444,0.2,0.2,0.2,0.2,0.07166862619828367,0.08095764935933722,0.12585521896081303,0.09499259871870935,0.1440737509109388,0.4005772198532694,0.0,0.0009779297553056765,0.0006728378513343741,0.00034246061702904163,0.00011595816229504394,0.0
