LIMIT_BAL,SEX,EDUCATION,MARRIAGE,AGE,PAY_0,PAY_2,PAY_3,PAY_4,PAY_5,PAY_6,BILL_AMT1,BILL_AMT2,BILL_AMT3,BILL_AMT4,BILL_AMT5,BILL_AMT6,PAY_AMT1,PAY_AMT2,PAY_AMT3,PAY_AMT4,PAY_AMT5,PAY_AMT6
0.025316455696202535,1.0,0.16666666666666666,0.3333333333333333,0.20370370370370372,0.2,0.2222222222222222,0.2,0.2,0.2,0.2,0.06761090451874793,0.0805665620336541,0.12340572330272565,0.11977041045648226,0.18192305304196366,0.4336870943436907,0.00405385136148598,0.0016298829255094608,0.003942409285162349,0.002749683786364568,0.0033499024663012694,0.0024783147459727386
