LIMIT_BAL,SEX,EDUCATION,MARRIAGE,AGE,PAY_0,PAY_2,PAY_3,PAY_4,PAY_5,PAY_6,BILL_AMT1,BILL_AMT2,BILL_AMT3,BILL_AMT4,BILL_AMT5,BILL_AMT6,PAY_AMT1,PAY_AMT2,PAY_AMT3,PAY_AMT4,PAY_AMT5,PAY_AMT6
0.0759493670886076,0.0,0.5,0.3333333333333333,0.4444444444444444,0.4,0.2222222222222222,0.2,0.2,0.2,0.2,0.1299930775425119,0.12214403334534041,0.15358370788278736,0.14652739073371568,0.2114227638291128,0.4552267925629334,0.0052700067699317735,0.0016755196474237256,0.004468063856517328,0.004999425066117396,0.005153696102001953,0.004956629491945477
