LIMIT_BAL,SEX,EDUCATION,MARRIAGE,AGE,PAY_0,PAY_2,PAY_3,PAY_4,PAY_5,PAY_6,BILL_AMT1,BILL_AMT2,BILL_AMT3,BILL_AMT4,BILL_AMT5,BILL_AMT6,PAY_AMT1,PAY_AMT2,PAY_AMT3,PAY_AMT4,PAY_AMT5,PAY_AMT6
0.012658227848101266,0.0,0.5,0.6666666666666666,0.05555555555555558,0.2,0.2222222222222222,0.2,0.2,0.2,0.2,0.038547571096463895,0.05633329902742758,0.09503349899890895,0.09315576251176114,0.1528661483710944,0.4130156866467229,0.0030403885211144847,0.001211817955116284,0.0015769637140649394,0.002499712533058698,0.0025768480510009765,0.0024783147459727386
