LIMIT_BAL,SEX,EDUCATION,MARRIAGE,AGE,PAY_0,PAY_2,PAY_3,PAY_4,PAY_5,PAY_6,BILL_AMT1,BILL_AMT2,BILL_AMT3,BILL_AMT4,BILL_AMT5,BILL_AMT6,PAY_AMT1,PAY_AMT2,PAY_AMT3,PAY_AMT4,PAY_AMT5,PAY_AMT6
0.36708860759493667,1.0,0.16666666666666666,0.3333333333333333,0.2777777777777778,0.1,0.1111111111111111,0.1,0.0,0.0,0.1,0.02728170320709136,0.046318118664128036,0.0761373896365206,0.07583466676255371,0.13289738989487032,0.39838598736115843,0.005379460756691895,0.0,0.0,0.0,0.0009792022593803711,0.0
