LIMIT_BAL,SEX,EDUCATION,MARRIAGE,AGE,PAY_0,PAY_2,PAY_3,PAY_4,PAY_5,PAY_6,BILL_AMT1,BILL_AMT2,BILL_AMT3,BILL_AMT4,BILL_AMT5,BILL_AMT6,PAY_AMT1,PAY_AMT2,PAY_AMT3,PAY_AMT4,PAY_AMT5,PAY_AMT6
0.27848101265822783,1.0,0.3333333333333333,0.3333333333333333,0.11111111111111116,0.2,0.2222222222222222,0.2,0.2,0.2,0.2,0.06286250680865291,0.0682627489322287,0.10613710903391826,0.09397679533509526,0.15187759597128134,0.4098155497825758,0.00405385136148598,0.0015712071401911202,0.0026650686767697475,0.002499712533058698,0.0005231001543531983,0.0845006195786865
