LIMIT_BAL,SEX,EDUCATION,MARRIAGE,AGE,PAY_0,PAY_2,PAY_3,PAY_4,PAY_5,PAY_6,BILL_AMT1,BILL_AMT2,BILL_AMT3,BILL_AMT4,BILL_AMT5,BILL_AMT6,PAY_AMT1,PAY_AMT2,PAY_AMT3,PAY_AMT4,PAY_AMT5,PAY_AMT6
0.13924050632911392,1.0,0.3333333333333333,0.6666666666666666,0.11111111111111116,0.2,0.2222222222222222,0.2,0.2,0.2,0.1,0.11420799080772992,0.09211650285596666,0.11412933139002276,0.09746918130442339,0.14069143112976018,0.3998097025899899,0.003532931461535031,0.0013365039989177577,0.002654555585342648,0.00023747269064057632,0.004110072641346558,0.0
