LIMIT_BAL,SEX,EDUCATION,MARRIAGE,AGE,PAY_0,PAY_2,PAY_3,PAY_4,PAY_5,PAY_6,BILL_AMT1,BILL_AMT2,BILL_AMT3,BILL_AMT4,BILL_AMT5,BILL_AMT6,PAY_AMT1,PAY_AMT2,PAY_AMT3,PAY_AMT4,PAY_AMT5,PAY_AMT6
0.27848101265822783,1.0,0.16666666666666666,0.3333333333333333,0.2962962962962963,0.1,0.1111111111111111,0.2,0.2,0.2,0.2,0.024657134290966113,0.06879148870478054,0.1101233165907114,0.10584281716138388,0.16099842158410213,0.4040070260053597,0.04078782547359118,0.0010235664772199414,0.002628272856774899,0.002499712533058698,0.0012884240255004883,0.0019851301115241635
