LIMIT_BAL,SEX,EDUCATION,MARRIAGE,AGE,PAY_0,PAY_2,PAY_3,PAY_4,PAY_5,PAY_6,BILL_AMT1,BILL_AMT2,BILL_AMT3,BILL_AMT4,BILL_AMT5,BILL_AMT6,PAY_AMT1,PAY_AMT2,PAY_AMT3,PAY_AMT4,PAY_AMT5,PAY_AMT6
0.05063291139240507,1.0,0.5,0.3333333333333333,0.18518518518518523,0.2,0.2222222222222222,0.2,0.2,0.2,0.2,0.10366733275044462,0.09874440384912264,0.14931359651656628,0.14262149188256235,0.20561072930657542,0.4115497872629631,0.0034457736572630826,0.0016429219889135364,0.004205236570839838,0.005249396319423266,0.0025768480510009765,0.11648079306071872
