LIMIT_BAL,SEX,EDUCATION,MARRIAGE,AGE,PAY_0,PAY_2,PAY_3,PAY_4,PAY_5,PAY_6,BILL_AMT1,BILL_AMT2,BILL_AMT3,BILL_AMT4,BILL_AMT5,BILL_AMT6,PAY_AMT1,PAY_AMT2,PAY_AMT3,PAY_AMT4,PAY_AMT5,PAY_AMT6
0.1139240506329114,1.0,0.3333333333333333,0.6666666666666666,0.2962962962962963,0.2,0.2222222222222222,0.2,0.2,0.2,0.2,0.30337787670491023,0.18206530129161738,0.10204691345390443,0.09284412961531316,0.14810312317199506,0.40929879388470364,0.006246984948049894,0.0016478116376900647,0.002628272856774899,0.002499712533058698,0.0012884240255004883,0.0007434944237918215
