LIMIT_BAL,SEX,EDUCATION,MARRIAGE,AGE,PAY_0,PAY_2,PAY_3,PAY_4,PAY_5,PAY_6,BILL_AMT1,BILL_AMT2,BILL_AMT3,BILL_AMT4,BILL_AMT5,BILL_AMT6,PAY_AMT1,PAY_AMT2,PAY_AMT3,PAY_AMT4,PAY_AMT5,PAY_AMT6
0.34177215189873417,1.0,0.16666666666666666,0.6666666666666666,0.2777777777777778,0.1,0.1111111111111111,0.1,0.1,0.1,0.1,0.030505904495202154,0.05191041012710339,0.09756882604124198,0.07582717558715832,0.13520292284716165,0.4045659660581602,0.014320229934449223,0.010631726323098212,1.3141364283874494e-05,0.0035395929468111167,0.014569498880359522,0.015006195786864933
