LIMIT_BAL,SEX,EDUCATION,MARRIAGE,AGE,PAY_0,PAY_2,PAY_3,PAY_4,PAY_5,PAY_6,BILL_AMT1,BILL_AMT2,BILL_AMT3,BILL_AMT4,BILL_AMT5,BILL_AMT6,PAY_AMT1,PAY_AMT2,PAY_AMT3,PAY_AMT4,PAY_AMT5,PAY_AMT6
0.4177215189873417,1.0,0.16666666666666666,0.6666666666666666,0.16666666666666674,0.1,0.1111111111111111,0.1,0.1,0.2,0.1,0.0374833021221021,0.06993516183811044,0.0936453414190899,0.14663826012956738,0.19118930206566603,0.4221860532153114,0.04264854324851325,0.008644084095439425,0.12420691866546817,0.0024572174199967004,0.053317563023261204,0.05910532837670384
