LIMIT_BAL,SEX,EDUCATION,MARRIAGE,AGE,PAY_0,PAY_2,PAY_3,PAY_4,PAY_5,PAY_6,BILL_AMT1,BILL_AMT2,BILL_AMT3,BILL_AMT4,BILL_AMT5,BILL_AMT6,PAY_AMT1,PAY_AMT2,PAY_AMT3,PAY_AMT4,PAY_AMT5,PAY_AMT6
0.08860759493670886,0.0,0.16666666666666666,0.3333333333333333,0.35185185185185186,0.2,0.2222222222222222,0.4,0.4,0.4,0.4,0.06806612281161654,0.08304301960582515,0.12828655797992536,0.12196083014209261,0.18929062786966142,0.43894722410683834,0.007296932450674763,0.0009779297553056765,0.0,0.010613779415367232,0.003092217661201172,0.003717472118959108
