LIMIT_BAL,SEX,EDUCATION,MARRIAGE,AGE,PAY_0,PAY_2,PAY_3,PAY_4,PAY_5,PAY_6,BILL_AMT1,BILL_AMT2,BILL_AMT3,BILL_AMT4,BILL_AMT5,BILL_AMT6,PAY_AMT1,PAY_AMT2,PAY_AMT3,PAY_AMT4,PAY_AMT5,PAY_AMT6
0.08860759493670886,1.0,0.8333333333333333,0.6666666666666666,0.2222222222222222,0.0,0.0,0.1,0.2,0.2,0.2,0.03318541355012189,0.04290382339319714,0.10209808216374318,0.0897158147702007,0.1498906873462025,0.3979407101702482,0.0,0.012817399326206399,0.003942409285162349,0.003499597546282177,0.0,0.0
