LIMIT_BAL,SEX,EDUCATION,MARRIAGE,AGE,PAY_0,PAY_2,PAY_3,PAY_4,PAY_5,PAY_6,BILL_AMT1,BILL_AMT2,BILL_AMT3,BILL_AMT4,BILL_AMT5,BILL_AMT6,PAY_AMT1,PAY_AMT2,PAY_AMT3,PAY_AMT4,PAY_AMT5,PAY_AMT6
0.3924050632911392,1.0,0.16666666666666666,0.3333333333333333,0.14814814814814814,0.2,0.2222222222222222,0.2,0.2,0.1,0.1,0.17365793013811953,0.16999048011115114,0.23788993445453332,0.11777925603638914,0.135694748090705,0.39768760524067814,0.010134628403714948,0.0016298829255094608,0.005256545713549798,0.004999425066117396,0.0,0.024783147459727387
