LIMIT_BAL,SEX,EDUCATION,MARRIAGE,AGE,PAY_0,PAY_2,PAY_3,PAY_4,PAY_5,PAY_6,BILL_AMT1,BILL_AMT2,BILL_AMT3,BILL_AMT4,BILL_AMT5,BILL_AMT6,PAY_AMT1,PAY_AMT2,PAY_AMT3,PAY_AMT4,PAY_AMT5,PAY_AMT6
0.13924050632911392,0.0,0.3333333333333333,0.6666666666666666,0.18518518518518523,0.5,0.5555555555555556,0.4,0.4,0.0,0.0,0.20254074596150737,0.18509108217979728,0.24719273602392716,0.07578073029970694,0.13286797841851225,0.39791961809278403,0.0,0.0,0.0,0.0,0.0,0.0
