LIMIT_BAL,SEX,EDUCATION,MARRIAGE,AGE,PAY_0,PAY_2,PAY_3,PAY_4,PAY_5,PAY_6,BILL_AMT1,BILL_AMT2,BILL_AMT3,BILL_AMT4,BILL_AMT5,BILL_AMT6,PAY_AMT1,PAY_AMT2,PAY_AMT3,PAY_AMT4,PAY_AMT5,PAY_AMT6
0.12658227848101264,1.0,0.3333333333333333,0.3333333333333333,0.2962962962962963,0.2,0.2222222222222222,0.2,0.2,0.2,0.2,0.1490510268311941,0.1854680183193537,0.2536730055344737,0.19634820181825807,0.263168988539328,0.4928562305410938,0.10134628403714949,0.002852295119641556,0.02628272856774899,0.0074991375991760945,0.0077305441530029296,0.007434944237918216
