LIMIT_BAL,SEX,EDUCATION,MARRIAGE,AGE,PAY_0,PAY_2,PAY_3,PAY_4,PAY_5,PAY_6,BILL_AMT1,BILL_AMT2,BILL_AMT3,BILL_AMT4,BILL_AMT5,BILL_AMT6,PAY_AMT1,PAY_AMT2,PAY_AMT3,PAY_AMT4,PAY_AMT5,PAY_AMT6
0.15189873417721517,1.0,0.5,0.3333333333333333,0.38888888888888884,0.2,0.2222222222222222,0.2,0.2,0.2,0.2,0.22420599726555082,0.20736504914321002,0.2880418725106835,0.2222317110443897,0.29015892001058813,0.5101728261391771,0.010238001613432841,0.00415701640151188,0.009461782284389635,0.008751493578238501,0.00979202259380371,0.008456009913258985
