LIMIT_BAL,SEX,EDUCATION,MARRIAGE,AGE,PAY_0,PAY_2,PAY_3,PAY_4,PAY_5,PAY_6,BILL_AMT1,BILL_AMT2,BILL_AMT3,BILL_AMT4,BILL_AMT5,BILL_AMT6,PAY_AMT1,PAY_AMT2,PAY_AMT3,PAY_AMT4,PAY_AMT5,PAY_AMT6
0.2531645569620253,0.0,0.16666666666666666,0.3333333333333333,0.462962962962963,0.1,0.1111111111111111,0.1,0.1,0.1,0.1,0.028793341883065406,0.0503190449235836,0.15352428615523267,0.196463565919347,0.13353627252020406,0.3996831501252049,0.01173589969150191,0.03823297872513817,0.21255105420024284,0.000977387600425951,0.003857541532348462,0.025263940520446098
