LIMIT_BAL,SEX,EDUCATION,MARRIAGE,AGE,PAY_0,PAY_2,PAY_3,PAY_4,PAY_5,PAY_6,BILL_AMT1,BILL_AMT2,BILL_AMT3,BILL_AMT4,BILL_AMT5,BILL_AMT6,PAY_AMT1,PAY_AMT2,PAY_AMT3,PAY_AMT4,PAY_AMT5,PAY_AMT6
0.3164556962025316,1.0,0.16666666666666666,0.6666666666666666,0.20370370370370372,0.1,0.1111111111111111,0.1,0.1,0.1,0.2,0.02668834970811089,0.04997812998507693,0.07842182494028942,0.07895848690242893,0.14164076822776248,0.40166580540683683,0.011198764386105018,0.0011327686332290752,0.005506231634943413,0.013400958889727681,3.865272076501465e-05,0.004693928128872367
