LIMIT_BAL,SEX,EDUCATION,MARRIAGE,AGE,PAY_0,PAY_2,PAY_3,PAY_4,PAY_5,PAY_6,BILL_AMT1,BILL_AMT2,BILL_AMT3,BILL_AMT4,BILL_AMT5,BILL_AMT6,PAY_AMT1,PAY_AMT2,PAY_AMT3,PAY_AMT4,PAY_AMT5,PAY_AMT6
0.5822784810126582,1.0,0.16666666666666666,0.6666666666666666,0.33333333333333337,0.1,0.1111111111111111,0.1,0.1,0.1,0.1,0.026013370860064326,0.049951114084289615,0.08398270827728159,0.08375883209579116,0.13425521972006813,0.4004483238243217,0.011103498879110099,0.0038766765383242523,0.013900935139482441,0.002077261114971778,0.00551445482914209,0.006047087980173482
