LIMIT_BAL,SEX,EDUCATION,MARRIAGE,AGE,PAY_0,PAY_2,PAY_3,PAY_4,PAY_5,PAY_6,BILL_AMT1,BILL_AMT2,BILL_AMT3,BILL_AMT4,BILL_AMT5,BILL_AMT6,PAY_AMT1,PAY_AMT2,PAY_AMT3,PAY_AMT4,PAY_AMT5,PAY_AMT6
0.26582278481012656,1.0,0.3333333333333333,0.6666666666666666,0.6111111111111112,0.1,0.2222222222222222,0.2,0.1,0.1,0.1,0.02833341443544298,0.04693176555344003,0.08053459747556695,0.07716959421801119,0.1360460518360931,0.40292078401595494,0.0030403885211144847,0.0012224121941320956,0.002341791115386435,0.004816946051204111,0.010951604216754151,0.007434944237918216
