LIMIT_BAL,SEX,EDUCATION,MARRIAGE,AGE,PAY_0,PAY_2,PAY_3,PAY_4,PAY_5,PAY_6,BILL_AMT1,BILL_AMT2,BILL_AMT3,BILL_AMT4,BILL_AMT5,BILL_AMT6,PAY_AMT1,PAY_AMT2,PAY_AMT3,PAY_AMT4,PAY_AMT5,PAY_AMT6
0.08860759493670886,0.0,0.5,0.3333333333333333,0.38888888888888884,0.2,0.2222222222222222,0.2,0.0,0.1,0.2,0.03495291630105312,0.0479969639273401,0.07606971489124999,0.07577323912431155,0.13577154472341776,0.4034516012988032,0.006080777042228969,0.0,0.0,0.004499482559505657,0.0077305441530029296,0.007434944237918216
