LIMIT_BAL,SEX,EDUCATION,MARRIAGE,AGE,PAY_0,PAY_2,PAY_3,PAY_4,PAY_5,PAY_6,BILL_AMT1,BILL_AMT2,BILL_AMT3,BILL_AMT4,BILL_AMT5,BILL_AMT6,PAY_AMT1,PAY_AMT2,PAY_AMT3,PAY_AMT4,PAY_AMT5,PAY_AMT6
0.27848101265822783,1.0,0.3333333333333333,0.3333333333333333,0.38888888888888884,0.0,0.0,0.1,0.1,0.1,0.2,0.023812625871782272,0.042815056862038806,0.07651867905499647,0.08294978515308966,0.1874540445681905,0.4388687147073884,0.0,0.0002444824388264191,0.012481667796823994,0.09498907625623053,0.012884240255004883,0.007434944237918216
