LIMIT_BAL,SEX,EDUCATION,MARRIAGE,AGE,PAY_0,PAY_2,PAY_3,PAY_4,PAY_5,PAY_6,BILL_AMT1,BILL_AMT2,BILL_AMT3,BILL_AMT4,BILL_AMT5,BILL_AMT6,PAY_AMT1,PAY_AMT2,PAY_AMT3,PAY_AMT4,PAY_AMT5,PAY_AMT6
0.0759493670886076,1.0,0.3333333333333333,0.6666666666666666,0.16666666666666674,0.2,0.2222222222222222,0.2,0.2,0.2,0.2,0.13682292165379237,0.1354217053465754,0.1940598079687838,0.1779303979911664,0.24510380617183491,0.4786331396377552,0.006844928023869076,0.0028555548854925753,0.006886074884750235,0.006976697679766827,0.006800302006591577,0.00708550185873606
