LIMIT_BAL,SEX,EDUCATION,MARRIAGE,AGE,PAY_0,PAY_2,PAY_3,PAY_4,PAY_5,PAY_6,BILL_AMT1,BILL_AMT2,BILL_AMT3,BILL_AMT4,BILL_AMT5,BILL_AMT6,PAY_AMT1,PAY_AMT2,PAY_AMT3,PAY_AMT4,PAY_AMT5,PAY_AMT6
0.1772151898734177,1.0,0.16666666666666666,0.6666666666666666,0.20370370370370372,0.2,0.2222222222222222,0.2,0.2,0.4,0.4,0.07991278645395938,0.08984459424689961,0.13511180363099767,0.1329428932717259,0.19377751198517662,0.43662123667537295,0.0040599321385282085,0.0016298829255094608,0.00898606489731338,3.2496262929763074e-05,0.005380458730490039,2.230483271375465e-05
