LIMIT_BAL,SEX,EDUCATION,MARRIAGE,AGE,PAY_0,PAY_2,PAY_3,PAY_4,PAY_5,PAY_6,BILL_AMT1,BILL_AMT2,BILL_AMT3,BILL_AMT4,BILL_AMT5,BILL_AMT6,PAY_AMT1,PAY_AMT2,PAY_AMT3,PAY_AMT4,PAY_AMT5,PAY_AMT6
0.012658227848101266,1.0,0.3333333333333333,0.3333333333333333,0.38888888888888884,0.2,0.2222222222222222,0.2,0.5,0.4,0.4,0.0429113878349975,0.059685843667987445,0.1025866608125261,0.0989374516819187,0.15565697068329395,0.41119005016399085,0.0024809570332294194,0.002610257505203401,0.0,0.002499712533058698,0.0,0.004956629491945477
