LIMIT_BAL,SEX,EDUCATION,MARRIAGE,AGE,PAY_0,PAY_2,PAY_3,PAY_4,PAY_5,PAY_6,BILL_AMT1,BILL_AMT2,BILL_AMT3,BILL_AMT4,BILL_AMT5,BILL_AMT6,PAY_AMT1,PAY_AMT2,PAY_AMT3,PAY_AMT4,PAY_AMT5,PAY_AMT6
0.08860759493670886,1.0,0.3333333333333333,0.3333333333333333,0.20370370370370372,0.2,0.2222222222222222,0.2,0.2,0.2,0.2,0.14616588468535782,0.14219369114393043,0.20677770826902858,0.19742992754535157,0.24657764793155623,0.4803240211811329,0.006080777042228969,0.0032597658510189215,0.010513091427099596,0.01249856266529349,0.020614784408007812,0.0069392812887236685
