LIMIT_BAL,SEX,EDUCATION,MARRIAGE,AGE,PAY_0,PAY_2,PAY_3,PAY_4,PAY_5,PAY_6,BILL_AMT1,BILL_AMT2,BILL_AMT3,BILL_AMT4,BILL_AMT5,BILL_AMT6,PAY_AMT1,PAY_AMT2,PAY_AMT3,PAY_AMT4,PAY_AMT5,PAY_AMT6
0.620253164556962,1.0,0.3333333333333333,0.3333333333333333,0.2407407407407407,0.2,0.2222222222222222,0.2,0.2,0.2,0.2,0.11864872374057579,0.11526398394483611,0.15361671995365106,0.1441646740140115,0.20056339316934801,0.4345003111081426,0.003536985312896517,0.0013324292916039842,0.005256545713549798,0.008624008239052508,0.0077305441530029296,0.004956629491945477
