LIMIT_BAL,SEX,EDUCATION,MARRIAGE,AGE,PAY_0,PAY_2,PAY_3,PAY_4,PAY_5,PAY_6,BILL_AMT1,BILL_AMT2,BILL_AMT3,BILL_AMT4,BILL_AMT5,BILL_AMT6,PAY_AMT1,PAY_AMT2,PAY_AMT3,PAY_AMT4,PAY_AMT5,PAY_AMT6
0.4050632911392405,0.0,0.16666666666666666,0.6666666666666666,0.6111111111111112,0.0,0.0,0.0,0.0,0.0,0.0,0.02878078413705524,0.04596433901096074,0.07911342782488417,0.07719656244943457,0.13919471377731593,0.39970892933099444,0.004836244674252773,0.0015434991304574593,0.002394356572521933,0.009661388940271869,0.0038987711011644775,0.0
