LIMIT_BAL,SEX,EDUCATION,MARRIAGE,AGE,PAY_0,PAY_2,PAY_3,PAY_4,PAY_5,PAY_6,BILL_AMT1,BILL_AMT2,BILL_AMT3,BILL_AMT4,BILL_AMT5,BILL_AMT6,PAY_AMT1,PAY_AMT2,PAY_AMT3,PAY_AMT4,PAY_AMT5,PAY_AMT6
0.10126582278481013,1.0,0.3333333333333333,0.3333333333333333,0.4814814814814815,0.1,0.1111111111111111,0.1,0.1,0.1,0.1,0.02699130533060621,0.09891936396850719,0.09618892147913885,0.07715311363214133,0.15067499338241783,0.3989718784018298,0.08825639799091126,0.009899908889544465,0.002312880113961911,0.027196872359678635,0.0022676262848808594,0.0026765799256505576
