LIMIT_BAL,SEX,EDUCATION,MARRIAGE,AGE,PAY_0,PAY_2,PAY_3,PAY_4,PAY_5,PAY_6,BILL_AMT1,BILL_AMT2,BILL_AMT3,BILL_AMT4,BILL_AMT5,BILL_AMT6,PAY_AMT1,PAY_AMT2,PAY_AMT3,PAY_AMT4,PAY_AMT5,PAY_AMT6
0.0759493670886076,1.0,0.3333333333333333,0.3333333333333333,0.37037037037037035,0.4,0.4444444444444444,0.4,0.4,0.4,0.4,0.10289346165256798,0.10870040652498328,0.15870388007374897,0.1558254376344666,0.22207788812527984,0.4632347513068299,0.00405385136148598,0.0,0.011038745998454575,0.005499367572729136,0.005669065712202149,0.005452292441140025
