LIMIT_BAL,SEX,EDUCATION,MARRIAGE,AGE,PAY_0,PAY_2,PAY_3,PAY_4,PAY_5,PAY_6,BILL_AMT1,BILL_AMT2,BILL_AMT3,BILL_AMT4,BILL_AMT5,BILL_AMT6,PAY_AMT1,PAY_AMT2,PAY_AMT3,PAY_AMT4,PAY_AMT5,PAY_AMT6
0.012658227848101266,0.0,0.5,0.6666666666666666,0.5,0.2,0.2222222222222222,0.2,0.2,0.4,0.2,0.03322936566115748,0.05155920341686822,0.08891141045723369,0.08832844908697554,0.14606882939056154,0.4075739306609671,0.0022681298367514054,0.0009208838529128453,0.0019186391854456762,0.0,0.0007575933269942871,0.0007558859975216852
