LIMIT_BAL,SEX,EDUCATION,MARRIAGE,AGE,PAY_0,PAY_2,PAY_3,PAY_4,PAY_5,PAY_6,BILL_AMT1,BILL_AMT2,BILL_AMT3,BILL_AMT4,BILL_AMT5,BILL_AMT6,PAY_AMT1,PAY_AMT2,PAY_AMT3,PAY_AMT4,PAY_AMT5,PAY_AMT6
0.18987341772151897,1.0,0.5,0.3333333333333333,0.462962962962963,0.0,0.0,0.0,0.0,0.0,0.0,0.02322869068230943,0.04223485823084444,0.0761373896365206,0.07525035508171374,0.13417188720372022,0.3979407101702482,0.0007702317586823362,0.0016298829255094608,0.0,0.2528959169695485,0.0,0.0
