LIMIT_BAL,SEX,EDUCATION,MARRIAGE,AGE,PAY_0,PAY_2,PAY_3,PAY_4,PAY_5,PAY_6,BILL_AMT1,BILL_AMT2,BILL_AMT3,BILL_AMT4,BILL_AMT5,BILL_AMT6,PAY_AMT1,PAY_AMT2,PAY_AMT3,PAY_AMT4,PAY_AMT5,PAY_AMT6
0.025316455696202535,1.0,0.3333333333333333,0.3333333333333333,0.6481481481481481,0.4,0.4444444444444444,0.4,0.4,0.4,0.4,0.0474321763986582,0.06292775176246591,0.10357042052426471,0.09989032919221158,0.16130560811495312,0.41782350852647226,0.002432310816891588,0.0013039063404075685,0.0,0.003999540052893917,0.0,0.0017348203221809171
