LIMIT_BAL,SEX,EDUCATION,MARRIAGE,AGE,PAY_0,PAY_2,PAY_3,PAY_4,PAY_5,PAY_6,BILL_AMT1,BILL_AMT2,BILL_AMT3,BILL_AMT4,BILL_AMT5,BILL_AMT6,PAY_AMT1,PAY_AMT2,PAY_AMT3,PAY_AMT4,PAY_AMT5,PAY_AMT6
0.24050632911392406,0.0,0.16666666666666666,0.6666666666666666,0.38888888888888884,0.0,0.0,0.0,0.0,0.0,0.0,0.02476701456855509,0.043855812278083675,0.08236676740850292,0.07708719128866195,0.13506240134900638,0.3996280763673818,0.0014999250037498124,0.0030821086121383904,0.0021972361082638154,0.003312119106302775,0.003710661193441406,0.0012540272614622058
