LIMIT_BAL,SEX,EDUCATION,MARRIAGE,AGE,PAY_0,PAY_2,PAY_3,PAY_4,PAY_5,PAY_6,BILL_AMT1,BILL_AMT2,BILL_AMT3,BILL_AMT4,BILL_AMT5,BILL_AMT6,PAY_AMT1,PAY_AMT2,PAY_AMT3,PAY_AMT4,PAY_AMT5,PAY_AMT6
0.08860759493670886,1.0,0.16666666666666666,1.0,0.07407407407407407,0.2,0.1111111111111111,0.1,0.1,0.1,0.1,0.03799973942677029,0.044365254978644575,0.0773258241876142,0.07655082313035244,0.13325522952389357,0.3979407101702482,0.0023025875733240363,0.000592462443422689,0.0012563144255384017,0.0005474370447398548,0.0,0.0
