LIMIT_BAL,SEX,EDUCATION,MARRIAGE,AGE,PAY_0,PAY_2,PAY_3,PAY_4,PAY_5,PAY_6,BILL_AMT1,BILL_AMT2,BILL_AMT3,BILL_AMT4,BILL_AMT5,BILL_AMT6,PAY_AMT1,PAY_AMT2,PAY_AMT3,PAY_AMT4,PAY_AMT5,PAY_AMT6
0.24050632911392406,0.0,0.16666666666666666,0.3333333333333333,0.462962962962963,0.2,0.2222222222222222,0.2,0.2,0.2,0.2,0.10823364314339219,0.11275922400041169,0.16698495804991095,0.15930433948808304,0.22508766253925616,0.4649701605692986,0.003577523826511377,0.001489712993915647,0.004759802143619342,0.004539477960034596,0.004844474335881836,0.010218091697645601
