LIMIT_BAL,SEX,EDUCATION,MARRIAGE,AGE,PAY_0,PAY_2,PAY_3,PAY_4,PAY_5,PAY_6,BILL_AMT1,BILL_AMT2,BILL_AMT3,BILL_AMT4,BILL_AMT5,BILL_AMT6,PAY_AMT1,PAY_AMT2,PAY_AMT3,PAY_AMT4,PAY_AMT5,PAY_AMT6
0.08860759493670886,1.0,0.3333333333333333,0.3333333333333333,0.2962962962962963,0.1,0.2222222222222222,0.2,0.4,0.4,0.4,0.06900481432587664,0.08132943961302938,0.13072449941321046,0.12607198719907947,0.18875305144067217,0.43719892524147497,0.00405385136148598,0.0032597658510189215,0.0034167547138073684,0.0037495687995880472,0.0,0.0032218091697645604
