LIMIT_BAL,SEX,EDUCATION,MARRIAGE,AGE,PAY_0,PAY_2,PAY_3,PAY_4,PAY_5,PAY_6,BILL_AMT1,BILL_AMT2,BILL_AMT3,BILL_AMT4,BILL_AMT5,BILL_AMT6,PAY_AMT1,PAY_AMT2,PAY_AMT3,PAY_AMT4,PAY_AMT5,PAY_AMT6
0.20253164556962022,1.0,0.3333333333333333,0.3333333333333333,0.4444444444444444,0.1,0.1111111111111111,0.2,0.2,0.2,0.2,0.044195417364537234,0.05552024906087583,0.08950892893986687,0.08513571013346277,0.1499887256007294,0.41099787790265063,0.0198780601510465,0.0040747073137736515,0.009853394940049096,0.016775570809356922,0.011420590562036328,0.0
