LIMIT_BAL,SEX,EDUCATION,MARRIAGE,AGE,PAY_0,PAY_2,PAY_3,PAY_4,PAY_5,PAY_6,BILL_AMT1,BILL_AMT2,BILL_AMT3,BILL_AMT4,BILL_AMT5,BILL_AMT6,PAY_AMT1,PAY_AMT2,PAY_AMT3,PAY_AMT4,PAY_AMT5,PAY_AMT6
0.620253164556962,1.0,0.5,0.6666666666666666,0.35185185185185186,0.2,0.2222222222222222,0.2,0.2,0.2,0.2,0.4399433645654941,0.34780527967889674,0.30608461984124496,0.2677510892169025,0.42914285154067117,0.6556495715378818,0.04069661381795775,0.024563150628890328,0.07884818570324696,0.1499827519835219,0.12884240255004883,0.07434944237918216
