LIMIT_BAL,SEX,EDUCATION,MARRIAGE,AGE,PAY_0,PAY_2,PAY_3,PAY_4,PAY_5,PAY_6,BILL_AMT1,BILL_AMT2,BILL_AMT3,BILL_AMT4,BILL_AMT5,BILL_AMT6,PAY_AMT1,PAY_AMT2,PAY_AMT3,PAY_AMT4,PAY_AMT5,PAY_AMT6
0.4177215189873417,0.0,0.16666666666666666,0.6666666666666666,0.5185185185185185,0.1,0.1111111111111111,0.1,0.1,0.1,0.1,0.025897211709470267,0.04674780013379304,0.07678112501836297,0.07806553879529914,0.13639408763966368,0.3993351308470461,0.006056453934060053,0.00031782717047434484,0.0039134982837378245,0.005349384820745614,0.0030664491806911623,0.002949194547707559
