LIMIT_BAL,SEX,EDUCATION,MARRIAGE,AGE,PAY_0,PAY_2,PAY_3,PAY_4,PAY_5,PAY_6,BILL_AMT1,BILL_AMT2,BILL_AMT3,BILL_AMT4,BILL_AMT5,BILL_AMT6,PAY_AMT1,PAY_AMT2,PAY_AMT3,PAY_AMT4,PAY_AMT5,PAY_AMT6
0.0,0.0,0.5,1.0,0.018518518518518545,0.2,0.2222222222222222,0.2,0.2,0.2,0.2,0.03889918798474862,0.05533242422683066,0.09099447212873388,0.09046942701497636,0.14798384329565398,0.4086672033428599,0.002610680276796971,0.0011409180478566224,0.0031539274281298787,0.0007499137599176095,0.002061478440800781,0.0012391573729863693
