LIMIT_BAL,SEX,EDUCATION,MARRIAGE,AGE,PAY_0,PAY_2,PAY_3,PAY_4,PAY_5,PAY_6,BILL_AMT1,BILL_AMT2,BILL_AMT3,BILL_AMT4,BILL_AMT5,BILL_AMT6,PAY_AMT1,PAY_AMT2,PAY_AMT3,PAY_AMT4,PAY_AMT5,PAY_AMT6
0.35443037974683544,0.0,0.3333333333333333,0.3333333333333333,0.2777777777777778,0.2,0.2222222222222222,0.2,0.2,0.2,0.2,0.0907611092884938,0.07376756033551177,0.11313731866056825,0.10132863486812535,0.15343150230553296,0.41809419018726246,0.006080777042228969,0.001638032340137008,0.007884818570324697,0.0074991375991760945,0.012884240255004883,0.012391573729863693
