LIMIT_BAL,SEX,EDUCATION,MARRIAGE,AGE,PAY_0,PAY_2,PAY_3,PAY_4,PAY_5,PAY_6,BILL_AMT1,BILL_AMT2,BILL_AMT3,BILL_AMT4,BILL_AMT5,BILL_AMT6,PAY_AMT1,PAY_AMT2,PAY_AMT3,PAY_AMT4,PAY_AMT5,PAY_AMT6
0.24050632911392406,1.0,0.3333333333333333,0.3333333333333333,0.35185185185185186,0.1,0.1111111111111111,0.1,0.1,0.1,0.1,0.03538772825665521,0.05957392065043998,0.0761373896365206,0.08002523027873165,0.14267180387120387,0.4077122009465655,0.026356114626701097,0.0,0.007351279180399392,0.014953280372757132,0.021488335897297144,0.0
