LIMIT_BAL,SEX,EDUCATION,MARRIAGE,AGE,PAY_0,PAY_2,PAY_3,PAY_4,PAY_5,PAY_6,BILL_AMT1,BILL_AMT2,BILL_AMT3,BILL_AMT4,BILL_AMT5,BILL_AMT6,PAY_AMT1,PAY_AMT2,PAY_AMT3,PAY_AMT4,PAY_AMT5,PAY_AMT6
0.012658227848101266,0.0,0.5,0.6666666666666666,0.5185185185185185,0.5,0.4444444444444444,0.4,0.4,0.2,0.2,0.049248340415378844,0.06286471466062883,0.1059258317803905,0.10179308774263918,0.16120756986042623,0.4186578173683883,0.0,0.0025263185345396643,0.0,0.0009998850132234792,0.0009122042100543457,0.004956629491945477
