LIMIT_BAL,SEX,EDUCATION,MARRIAGE,AGE,PAY_0,PAY_2,PAY_3,PAY_4,PAY_5,PAY_6,BILL_AMT1,BILL_AMT2,BILL_AMT3,BILL_AMT4,BILL_AMT5,BILL_AMT6,PAY_AMT1,PAY_AMT2,PAY_AMT3,PAY_AMT4,PAY_AMT5,PAY_AMT6
0.30379746835443033,0.0,0.16666666666666666,0.3333333333333333,0.35185185185185186,0.2,0.1111111111111111,0.1,0.1,0.1,0.4,0.5064366296893371,0.04894509339782844,0.08534610680395287,0.08862509963263275,0.13698231716682518,0.4008701653736051,0.009587358469914342,0.004569376781665773,0.022692507845394477,0.006249281332646745,0.0,0.0
