LIMIT_BAL,SEX,EDUCATION,MARRIAGE,AGE,PAY_0,PAY_2,PAY_3,PAY_4,PAY_5,PAY_6,BILL_AMT1,BILL_AMT2,BILL_AMT3,BILL_AMT4,BILL_AMT5,BILL_AMT6,PAY_AMT1,PAY_AMT2,PAY_AMT3,PAY_AMT4,PAY_AMT5,PAY_AMT6
0.2151898734177215,0.0,0.16666666666666666,0.6666666666666666,0.14814814814814814,0.2,0.2222222222222222,0.2,0.2,0.2,0.0,0.20484666207262459,0.19404878299799314,0.2717405119181829,0.2541755811653872,0.13131897399698697,0.3968087686796711,0.011553476380235041,0.0035857424361208138,0.006570682141937247,0.002342230643476,0.0,0.0
