LIMIT_BAL,SEX,EDUCATION,MARRIAGE,AGE,PAY_0,PAY_2,PAY_3,PAY_4,PAY_5,PAY_6,BILL_AMT1,BILL_AMT2,BILL_AMT3,BILL_AMT4,BILL_AMT5,BILL_AMT6,PAY_AMT1,PAY_AMT2,PAY_AMT3,PAY_AMT4,PAY_AMT5,PAY_AMT6
0.2531645569620253,1.0,0.3333333333333333,0.6666666666666666,0.12962962962962965,0.2,0.2222222222222222,0.1,0.2,0.2,0.0,0.027422977849705755,0.042982298152626976,0.504176852266031,0.2853793231573207,0.1356489969052591,0.3989086021694373,0.00012364246652532237,0.10594239015811495,0.02628272856774899,0.004209515905670848,0.0021284764901268066,0.00444361833952912
