LIMIT_BAL,SEX,EDUCATION,MARRIAGE,AGE,PAY_0,PAY_2,PAY_3,PAY_4,PAY_5,PAY_6,BILL_AMT1,BILL_AMT2,BILL_AMT3,BILL_AMT4,BILL_AMT5,BILL_AMT6,PAY_AMT1,PAY_AMT2,PAY_AMT3,PAY_AMT4,PAY_AMT5,PAY_AMT6
0.1139240506329114,1.0,0.5,0.3333333333333333,0.4814814814814815,0.2,0.2222222222222222,0.2,0.2,0.2,0.2,0.24308342895533683,0.13375443832655792,0.1916796376595102,0.18115759635149792,0.24674758090606957,0.47958111134156156,0.0070942398826004645,0.002118847803162299,0.007884818570324697,0.006249281332646745,0.006442120127502442,0.006195786864931847
