LIMIT_BAL,SEX,EDUCATION,MARRIAGE,AGE,PAY_0,PAY_2,PAY_3,PAY_4,PAY_5,PAY_6,BILL_AMT1,BILL_AMT2,BILL_AMT3,BILL_AMT4,BILL_AMT5,BILL_AMT6,PAY_AMT1,PAY_AMT2,PAY_AMT3,PAY_AMT4,PAY_AMT5,PAY_AMT6
0.30379746835443033,0.0,0.16666666666666666,0.6666666666666666,0.18518518518518523,0.2,0.2222222222222222,0.2,0.2,0.2,0.2,0.3620147019811414,0.29825554469201876,0.3551124968844858,0.32720255538975085,0.4075842393702023,0.5953918497869114,0.013874306284685766,0.004844826996076872,0.015556747039250626,0.014998275198352189,0.015613122341014918,0.014465923172242875
