LIMIT_BAL,SEX,EDUCATION,MARRIAGE,AGE,PAY_0,PAY_2,PAY_3,PAY_4,PAY_5,PAY_6,BILL_AMT1,BILL_AMT2,BILL_AMT3,BILL_AMT4,BILL_AMT5,BILL_AMT6,PAY_AMT1,PAY_AMT2,PAY_AMT3,PAY_AMT4,PAY_AMT5,PAY_AMT6
0.06329113924050633,1.0,0.3333333333333333,0.3333333333333333,0.462962962962963,0.2,0.2222222222222222,0.2,0.2,0.2,0.2,0.055974583122075414,0.07042788040961252,0.11309110176135904,0.10944157782132648,0.16937415646251835,0.4244241569906761,0.00405385136148598,0.0016298829255094608,0.002628272856774899,0.002499712533058698,0.005153696102001953,0.0
