LIMIT_BAL,SEX,EDUCATION,MARRIAGE,AGE,PAY_0,PAY_2,PAY_3,PAY_4,PAY_5,PAY_6,BILL_AMT1,BILL_AMT2,BILL_AMT3,BILL_AMT4,BILL_AMT5,BILL_AMT6,PAY_AMT1,PAY_AMT2,PAY_AMT3,PAY_AMT4,PAY_AMT5,PAY_AMT6
0.1139240506329114,0.0,0.16666666666666666,0.6666666666666666,0.3148148148148149,0.2,0.1111111111111111,0.1,0.2,0.2,0.2,0.028804329910824305,0.04473961817526888,0.24614295217046112,0.18164901745743514,0.24641425084067803,0.4623934117724258,0.00405385136148598,0.09109741647257479,0.010513091427099596,0.0074991375991760945,0.005153696102001953,0.004956629491945477
