LIMIT_BAL,SEX,EDUCATION,MARRIAGE,AGE,PAY_0,PAY_2,PAY_3,PAY_4,PAY_5,PAY_6,BILL_AMT1,BILL_AMT2,BILL_AMT3,BILL_AMT4,BILL_AMT5,BILL_AMT6,PAY_AMT1,PAY_AMT2,PAY_AMT3,PAY_AMT4,PAY_AMT5,PAY_AMT6
0.24050632911392406,0.0,0.5,0.6666666666666666,0.7407407407407407,0.2,0.2222222222222222,0.1,0.1,0.1,0.1,0.02878549329180905,0.05226547625173674,0.08712215621642054,0.08101106896076422,0.13289738989487032,0.4002022495872397,0.014202668244966129,0.005423435434632731,0.009080682720157275,0.0,0.004973316738431884,0.013506815365551426
