LIMIT_BAL,SEX,EDUCATION,MARRIAGE,AGE,PAY_0,PAY_2,PAY_3,PAY_4,PAY_5,PAY_6,BILL_AMT1,BILL_AMT2,BILL_AMT3,BILL_AMT4,BILL_AMT5,BILL_AMT6,PAY_AMT1,PAY_AMT2,PAY_AMT3,PAY_AMT4,PAY_AMT5,PAY_AMT6
0.0759493670886076,1.0,0.16666666666666666,0.3333333333333333,0.07407407407407407,0.2,0.2222222222222222,0.2,0.2,0.2,0.1,0.1328640922240867,0.12908068749035148,0.17196317833615862,0.14264546364382757,0.13064251004075125,0.45507328911027756,0.006080777042228969,0.0018034654570762182,0.004113247020852717,0.0,0.12919543073303597,0.0044609665427509295
