LIMIT_BAL,SEX,EDUCATION,MARRIAGE,AGE,PAY_0,PAY_2,PAY_3,PAY_4,PAY_5,PAY_6,BILL_AMT1,BILL_AMT2,BILL_AMT3,BILL_AMT4,BILL_AMT5,BILL_AMT6,PAY_AMT1,PAY_AMT2,PAY_AMT3,PAY_AMT4,PAY_AMT5,PAY_AMT6
0.1139240506329114,0.0,0.16666666666666666,0.3333333333333333,0.4444444444444444,0.2,0.2222222222222222,0.2,0.2,0.2,0.2,0.18041399749159023,0.17341120773941235,0.11129524510637315,0.10593570773628666,0.16443139446345298,0.4088921855024777,0.009323858131417753,0.0011645513502765096,0.0015769637140649394,0.001499827519835219,0.0025768480510009765,0.0024783147459727386
