LIMIT_BAL,SEX,EDUCATION,MARRIAGE,AGE,PAY_0,PAY_2,PAY_3,PAY_4,PAY_5,PAY_6,BILL_AMT1,BILL_AMT2,BILL_AMT3,BILL_AMT4,BILL_AMT5,BILL_AMT6,PAY_AMT1,PAY_AMT2,PAY_AMT3,PAY_AMT4,PAY_AMT5,PAY_AMT6
0.012658227848101266,1.0,0.3333333333333333,0.6666666666666666,0.018518518518518545,0.4,0.2222222222222222,0.2,0.2,0.5,0.4,0.03445688533365146,0.053030926774044154,0.09111991799801598,0.09229877204652918,0.15010146959343537,0.4099081205670019,0.0030403885211144847,0.0012224121941320956,0.00584790710632415,0.0,0.0,0.0005006195786864933
