LIMIT_BAL,SEX,EDUCATION,MARRIAGE,AGE,PAY_0,PAY_2,PAY_3,PAY_4,PAY_5,PAY_6,BILL_AMT1,BILL_AMT2,BILL_AMT3,BILL_AMT4,BILL_AMT5,BILL_AMT6,PAY_AMT1,PAY_AMT2,PAY_AMT3,PAY_AMT4,PAY_AMT5,PAY_AMT6
0.12658227848101264,1.0,0.16666666666666666,0.6666666666666666,0.12962962962962965,0.30000000000000004,0.1111111111111111,0.1,0.1,0.2,0.2,0.023872275165330574,0.04316111768640972,0.07679763105379482,0.14617980019536986,0.2120714502798992,0.45339412538771334,0.001013462840371495,0.00032597658510189213,0.12340266717129506,0.0074991375991760945,0.0077305441530029296,0.004956629491945477
