LIMIT_BAL,SEX,EDUCATION,MARRIAGE,AGE,PAY_0,PAY_2,PAY_3,PAY_4,PAY_5,PAY_6,BILL_AMT1,BILL_AMT2,BILL_AMT3,BILL_AMT4,BILL_AMT5,BILL_AMT6,PAY_AMT1,PAY_AMT2,PAY_AMT3,PAY_AMT4,PAY_AMT5,PAY_AMT6
0.10126582278481013,1.0,0.3333333333333333,0.6666666666666666,0.14814814814814814,0.30000000000000004,0.4444444444444444,0.4,0.4,0.2,0.2,0.07889717874538699,0.08676349508567902,0.13809939604416355,0.13073149829500846,0.1934539857452378,0.44248131886416814,0.0,0.0032597658510189215,0.0,0.003314618818835834,0.003986383934898511,0.007434944237918216
