LIMIT_BAL,SEX,EDUCATION,MARRIAGE,AGE,PAY_0,PAY_2,PAY_3,PAY_4,PAY_5,PAY_6,BILL_AMT1,BILL_AMT2,BILL_AMT3,BILL_AMT4,BILL_AMT5,BILL_AMT6,PAY_AMT1,PAY_AMT2,PAY_AMT3,PAY_AMT4,PAY_AMT5,PAY_AMT6
0.0,0.0,0.3333333333333333,0.6666666666666666,0.05555555555555558,0.2,0.2222222222222222,0.4,0.4,0.1,0.2,0.03491210362652007,0.05486929449904802,0.0909928215251907,0.07583466676255371,0.15005408443708068,0.4104483121065009,0.005067314201857474,0.0,0.002628272856774899,0.02624698159711633,0.0009482800827683594,0.0004560099132589839
