LIMIT_BAL,SEX,EDUCATION,MARRIAGE,AGE,PAY_0,PAY_2,PAY_3,PAY_4,PAY_5,PAY_6,BILL_AMT1,BILL_AMT2,BILL_AMT3,BILL_AMT4,BILL_AMT5,BILL_AMT6,PAY_AMT1,PAY_AMT2,PAY_AMT3,PAY_AMT4,PAY_AMT5,PAY_AMT6
0.1139240506329114,1.0,0.5,0.3333333333333333,0.37037037037037035,0.30000000000000004,0.4444444444444444,0.4,0.4,0.2,0.2,0.18453293818292554,0.16840040137909743,0.2443041798233524,0.22312765562167766,0.2922847161629134,0.5166199711507251,0.0,0.0072529790185171,0.0,0.008748993865705443,0.019506739746077393,0.0
