LIMIT_BAL,SEX,EDUCATION,MARRIAGE,AGE,PAY_0,PAY_2,PAY_3,PAY_4,PAY_5,PAY_6,BILL_AMT1,BILL_AMT2,BILL_AMT3,BILL_AMT4,BILL_AMT5,BILL_AMT6,PAY_AMT1,PAY_AMT2,PAY_AMT3,PAY_AMT4,PAY_AMT5,PAY_AMT6
0.4430379746835443,0.0,0.3333333333333333,0.6666666666666666,0.33333333333333337,0.1,0.1111111111111111,0.1,0.1,0.1,0.1,0.0397688118959528,0.05439072711367263,0.13330604335475266,0.11575514044455631,0.16245265569291806,0.4081387296241743,0.018191657984668333,0.028380336440433484,0.07010655018161366,0.04527479339875914,0.022467538156677513,0.012047087980173482
