LIMIT_BAL,SEX,EDUCATION,MARRIAGE,AGE,PAY_0,PAY_2,PAY_3,PAY_4,PAY_5,PAY_6,BILL_AMT1,BILL_AMT2,BILL_AMT3,BILL_AMT4,BILL_AMT5,BILL_AMT6,PAY_AMT1,PAY_AMT2,PAY_AMT3,PAY_AMT4,PAY_AMT5,PAY_AMT6
0.24050632911392406,1.0,0.16666666666666666,0.6666666666666666,0.16666666666666674,0.2,0.2222222222222222,0.2,0.2,0.2,0.2,0.1180412427773339,0.12078294653424587,0.17780136306840597,0.1654081492002421,0.22794874560053335,0.4672809148337065,0.006080777042228969,0.002281836095713245,0.007884818570324697,0.005249396319423266,0.005334075465572022,0.0044609665427509295
