LIMIT_BAL,SEX,EDUCATION,MARRIAGE,AGE,PAY_0,PAY_2,PAY_3,PAY_4,PAY_5,PAY_6,BILL_AMT1,BILL_AMT2,BILL_AMT3,BILL_AMT4,BILL_AMT5,BILL_AMT6,PAY_AMT1,PAY_AMT2,PAY_AMT3,PAY_AMT4,PAY_AMT5,PAY_AMT6
0.27848101265822783,1.0,0.3333333333333333,0.6666666666666666,0.3148148148148149,0.1,0.1111111111111111,0.1,0.1,0.1,0.1,0.040098452728719716,0.0464995111408429,0.07836570441982112,0.07639051197689121,0.1377666232030405,0.3979407101702482,0.005665257277676657,0.001100170974718886,0.0009750892298634875,0.00744914334851492,0.0,0.00548451053283767
