LIMIT_BAL,SEX,EDUCATION,MARRIAGE,AGE,PAY_0,PAY_2,PAY_3,PAY_4,PAY_5,PAY_6,BILL_AMT1,BILL_AMT2,BILL_AMT3,BILL_AMT4,BILL_AMT5,BILL_AMT6,PAY_AMT1,PAY_AMT2,PAY_AMT3,PAY_AMT4,PAY_AMT5,PAY_AMT6
0.27848101265822783,0.0,0.16666666666666666,0.6666666666666666,0.2222222222222222,0.2,0.2222222222222222,0.2,0.2,0.2,0.2,0.11311703662309651,0.11645268357947822,0.1688187785863901,0.1613449356657857,0.21569069584285122,0.4572938161544221,0.006080777042228969,0.0017113770717849337,0.006045027570582268,0.004999425066117396,0.005153696102001953,0.004956629491945477
