LIMIT_BAL,SEX,EDUCATION,MARRIAGE,AGE,PAY_0,PAY_2,PAY_3,PAY_4,PAY_5,PAY_6,BILL_AMT1,BILL_AMT2,BILL_AMT3,BILL_AMT4,BILL_AMT5,BILL_AMT6,PAY_AMT1,PAY_AMT2,PAY_AMT3,PAY_AMT4,PAY_AMT5,PAY_AMT6
0.4430379746835443,0.0,0.5,0.3333333333333333,0.37037037037037035,0.1,0.1111111111111111,0.1,0.1,0.1,0.1,0.02481096667959068,0.043544486183296455,0.07695939020102702,0.07658078783193398,0.13371110740744374,0.39852425764675686,0.001009408989010009,0.00040584084845185573,0.0013088798826738997,0.0012448568414632317,0.0012832703293984863,0.0012342007434944238
