LIMIT_BAL,SEX,EDUCATION,MARRIAGE,AGE,PAY_0,PAY_2,PAY_3,PAY_4,PAY_5,PAY_6,BILL_AMT1,BILL_AMT2,BILL_AMT3,BILL_AMT4,BILL_AMT5,BILL_AMT6,PAY_AMT1,PAY_AMT2,PAY_AMT3,PAY_AMT4,PAY_AMT5,PAY_AMT6
0.6835443037974683,0.0,0.16666666666666666,0.3333333333333333,0.5185185185185185,0.1,0.1111111111111111,0.1,0.1,0.1,0.0,0.09017874381727223,0.04485282766428241,0.07859348770878072,0.10330330870234863,0.1327111172112692,0.3978071270129751,0.0030849808860908302,0.0012183374868183219,0.04842855565893429,0.0,0.0,0.05618339529120198
