LIMIT_BAL,SEX,EDUCATION,MARRIAGE,AGE,PAY_0,PAY_2,PAY_3,PAY_4,PAY_5,PAY_6,BILL_AMT1,BILL_AMT2,BILL_AMT3,BILL_AMT4,BILL_AMT5,BILL_AMT6,PAY_AMT1,PAY_AMT2,PAY_AMT3,PAY_AMT4,PAY_AMT5,PAY_AMT6
0.4430379746835443,1.0,0.3333333333333333,0.3333333333333333,0.12962962962962965,0.0,0.4444444444444444,0.2,0.1,0.1,0.1,0.038593092925750756,0.050877373539854887,0.084644600298099,0.07950983741152921,0.13382875331287603,0.3979407101702482,0.012593289254456196,0.0008353149993235987,0.0064786925919501255,0.0014298355689095752,0.0,0.0
