LIMIT_BAL,SEX,EDUCATION,MARRIAGE,AGE,PAY_0,PAY_2,PAY_3,PAY_4,PAY_5,PAY_6,BILL_AMT1,BILL_AMT2,BILL_AMT3,BILL_AMT4,BILL_AMT5,BILL_AMT6,PAY_AMT1,PAY_AMT2,PAY_AMT3,PAY_AMT4,PAY_AMT5,PAY_AMT6
0.05063291139240507,1.0,0.5,0.6666666666666666,0.6296296296296295,0.2,0.2222222222222222,0.2,0.2,0.2,0.2,0.09915596249629154,0.10374620490917512,0.15063903116174432,0.11984981691567334,0.18150802443113304,0.4334773453511303,0.003924128117918428,0.0029777961049057846,0.002728147225332345,0.003054648715397729,0.0031360240780681885,0.002344485749690211
