LIMIT_BAL,SEX,EDUCATION,MARRIAGE,AGE,PAY_0,PAY_2,PAY_3,PAY_4,PAY_5,PAY_6,BILL_AMT1,BILL_AMT2,BILL_AMT3,BILL_AMT4,BILL_AMT5,BILL_AMT6,PAY_AMT1,PAY_AMT2,PAY_AMT3,PAY_AMT4,PAY_AMT5,PAY_AMT6
0.08860759493670886,1.0,0.3333333333333333,0.3333333333333333,0.16666666666666674,0.2,0.2222222222222222,0.2,0.2,0.2,0.2,0.1544618456433255,0.1441259712859569,0.20392051353577434,0.1557475294103546,0.2207216922709908,0.4577320626528443,0.006494269881100539,0.0024937208760294747,0.007884818570324697,0.004999425066117396,0.005153696102001953,0.021065675340768277
