LIMIT_BAL,SEX,EDUCATION,MARRIAGE,AGE,PAY_0,PAY_2,PAY_3,PAY_4,PAY_5,PAY_6,BILL_AMT1,BILL_AMT2,BILL_AMT3,BILL_AMT4,BILL_AMT5,BILL_AMT6,PAY_AMT1,PAY_AMT2,PAY_AMT3,PAY_AMT4,PAY_AMT5,PAY_AMT6
0.2151898734177215,0.0,0.5,0.6666666666666666,0.18518518518518523,0.4,0.4444444444444444,0.2,0.2,0.2,0.2,0.08189534060531475,0.08868548345597696,0.13554096055222592,0.12979060666534822,0.1919883138400604,0.43501237987768937,0.0,0.0014668946329585146,0.0032327756138331256,0.002999655039670438,0.0034787448688513183,0.005724907063197026
