LIMIT_BAL,SEX,EDUCATION,MARRIAGE,AGE,PAY_0,PAY_2,PAY_3,PAY_4,PAY_5,PAY_6,BILL_AMT1,BILL_AMT2,BILL_AMT3,BILL_AMT4,BILL_AMT5,BILL_AMT6,PAY_AMT1,PAY_AMT2,PAY_AMT3,PAY_AMT4,PAY_AMT5,PAY_AMT6
0.16455696202531644,1.0,0.3333333333333333,0.6666666666666666,0.2222222222222222,0.2,0.2222222222222222,0.2,0.2,0.2,0.2,0.1092319839512006,0.11493464724952401,0.17429052933205028,0.17000623265792897,0.23693231765701644,0.47699381650595674,0.005300410655142918,0.0040747073137736515,0.013141364283874494,0.006136794268659104,0.012884240255004883,0.012391573729863693
