LIMIT_BAL,SEX,EDUCATION,MARRIAGE,AGE,PAY_0,PAY_2,PAY_3,PAY_4,PAY_5,PAY_6,BILL_AMT1,BILL_AMT2,BILL_AMT3,BILL_AMT4,BILL_AMT5,BILL_AMT6,PAY_AMT1,PAY_AMT2,PAY_AMT3,PAY_AMT4,PAY_AMT5,PAY_AMT6
0.18987341772151897,1.0,0.5,0.3333333333333333,0.462962962962963,0.1,0.1111111111111111,0.1,0.2,0.1,0.1,0.06312151032011264,0.04591159368085216,0.08415272044222971,0.08201788293390386,0.13942510367545416,0.39892735068273877,0.004749086869980825,0.0039573557431369704,0.002628272856774899,0.009986351569569498,0.0021697060589428224,0.06521189591078067
