LIMIT_BAL,SEX,EDUCATION,MARRIAGE,AGE,PAY_0,PAY_2,PAY_3,PAY_4,PAY_5,PAY_6,BILL_AMT1,BILL_AMT2,BILL_AMT3,BILL_AMT4,BILL_AMT5,BILL_AMT6,PAY_AMT1,PAY_AMT2,PAY_AMT3,PAY_AMT4,PAY_AMT5,PAY_AMT6
0.5443037974683544,0.0,0.16666666666666666,0.3333333333333333,0.18518518518518523,0.1,0.2222222222222222,0.2,0.2,0.2,0.1,0.057556859119356665,0.06722456645911594,0.10343837224080986,0.09568178685508472,0.14527798747071108,0.3998764941686264,0.010181247694372038,0.0024643829833703047,0.0027412885896162197,0.007591626962899266,0.004277567764661621,0.0009045848822800496
