LIMIT_BAL,SEX,EDUCATION,MARRIAGE,AGE,PAY_0,PAY_2,PAY_3,PAY_4,PAY_5,PAY_6,BILL_AMT1,BILL_AMT2,BILL_AMT3,BILL_AMT4,BILL_AMT5,BILL_AMT6,PAY_AMT1,PAY_AMT2,PAY_AMT3,PAY_AMT4,PAY_AMT5,PAY_AMT6
0.3164556962025316,0.0,0.16666666666666666,0.3333333333333333,0.37037037037037035,0.0,0.0,0.1,0.2,0.2,0.2,0.025733961011338072,0.04657412648587455,0.14024022883967524,0.14338559177289154,0.21002245076028667,0.45207587054620274,0.0071996400179991,0.03164906664754271,0.05256545713549798,0.037495687995880475,0.03865272076501465,0.024783147459727387
