LIMIT_BAL,SEX,EDUCATION,MARRIAGE,AGE,PAY_0,PAY_2,PAY_3,PAY_4,PAY_5,PAY_6,BILL_AMT1,BILL_AMT2,BILL_AMT3,BILL_AMT4,BILL_AMT5,BILL_AMT6,PAY_AMT1,PAY_AMT2,PAY_AMT3,PAY_AMT4,PAY_AMT5,PAY_AMT6
0.2531645569620253,1.0,0.16666666666666666,0.6666666666666666,0.2592592592592593,0.0,0.0,0.0,0.1,0.1,0.1,0.03426067055224258,0.061255338856584164,0.09217795486919793,0.09274224962993594,0.14615706381963575,0.4307236574599748,0.02892828331556395,0.008059771066644284,0.02969159846298603,0.020285167205771334,0.07209247792285432,0.019858736059479555
