LIMIT_BAL,SEX,EDUCATION,MARRIAGE,AGE,PAY_0,PAY_2,PAY_3,PAY_4,PAY_5,PAY_6,BILL_AMT1,BILL_AMT2,BILL_AMT3,BILL_AMT4,BILL_AMT5,BILL_AMT6,PAY_AMT1,PAY_AMT2,PAY_AMT3,PAY_AMT4,PAY_AMT5,PAY_AMT6
0.05063291139240507,0.0,0.3333333333333333,0.6666666666666666,0.20370370370370372,0.2,0.2222222222222222,0.2,0.2,0.4,0.4,0.10084183989815668,0.07542067616940257,0.1068188082972539,0.1057903789336162,0.16599837256497485,0.4211220750854522,0.0032471349405502697,0.001075722730836244,0.0045153727679392765,0.0018222904365997909,0.0,0.0009838909541511772
