LIMIT_BAL,SEX,EDUCATION,MARRIAGE,AGE,PAY_0,PAY_2,PAY_3,PAY_4,PAY_5,PAY_6,BILL_AMT1,BILL_AMT2,BILL_AMT3,BILL_AMT4,BILL_AMT5,BILL_AMT6,PAY_AMT1,PAY_AMT2,PAY_AMT3,PAY_AMT4,PAY_AMT5,PAY_AMT6
0.012658227848101266,1.0,0.3333333333333333,0.6666666666666666,0.5925925925925926,0.6000000000000001,0.6666666666666666,0.5,0.5,0.4,0.4,0.05290578394084046,0.06583646374723409,0.10675113355198329,0.10447792500434488,0.16341833250000817,0.42115605676581114,0.0,0.0010594239015811495,0.003075079242426632,0.0,0.004122956881601562,0.0
