LIMIT_BAL,SEX,EDUCATION,MARRIAGE,AGE,PAY_0,PAY_2,PAY_3,PAY_4,PAY_5,PAY_6,BILL_AMT1,BILL_AMT2,BILL_AMT3,BILL_AMT4,BILL_AMT5,BILL_AMT6,PAY_AMT1,PAY_AMT2,PAY_AMT3,PAY_AMT4,PAY_AMT5,PAY_AMT6
0.06329113924050633,1.0,0.3333333333333333,0.6666666666666666,0.07407407407407407,0.2,0.1111111111111111,0.2,0.2,0.2,0.1,0.028856130613116253,0.11984510883548605,0.1719681301467882,0.1652478380467809,0.14200677771132963,0.3999714085172152,0.12376002821480547,0.0017814620375818406,0.014894422279343351,0.002999655039670438,0.005153696102001953,0.0
