LIMIT_BAL,SEX,EDUCATION,MARRIAGE,AGE,PAY_0,PAY_2,PAY_3,PAY_4,PAY_5,PAY_6,BILL_AMT1,BILL_AMT2,BILL_AMT3,BILL_AMT4,BILL_AMT5,BILL_AMT6,PAY_AMT1,PAY_AMT2,PAY_AMT3,PAY_AMT4,PAY_AMT5,PAY_AMT6
0.0,0.0,0.16666666666666666,1.0,0.462962962962963,0.2,0.2222222222222222,0.2,0.2,0.2,0.2,0.03465937898806543,0.052925436113826996,0.0906610502130104,0.08927982836218934,0.14786783136113046,0.40892616718283664,0.0022863721678780926,0.0009265884431521284,0.0008200211313137684,0.0008074071481779595,0.0009173579061563477,0.000664188351920694
