LIMIT_BAL,SEX,EDUCATION,MARRIAGE,AGE,PAY_0,PAY_2,PAY_3,PAY_4,PAY_5,PAY_6,BILL_AMT1,BILL_AMT2,BILL_AMT3,BILL_AMT4,BILL_AMT5,BILL_AMT6,PAY_AMT1,PAY_AMT2,PAY_AMT3,PAY_AMT4,PAY_AMT5,PAY_AMT6
0.0,0.0,0.3333333333333333,0.3333333333333333,0.2777777777777778,0.2,0.2222222222222222,0.2,0.2,0.2,0.2,0.03751783592363007,0.05523079298101169,0.0909697130755861,0.09035406291388744,0.14905572821181493,0.40981203443633174,0.0026350033849658868,0.0009779297553056765,0.002628272856774899,0.002499712533058698,0.0014662265410195557,0.0004956629491945477
