LIMIT_BAL,SEX,EDUCATION,MARRIAGE,AGE,PAY_0,PAY_2,PAY_3,PAY_4,PAY_5,PAY_6,BILL_AMT1,BILL_AMT2,BILL_AMT3,BILL_AMT4,BILL_AMT5,BILL_AMT6,PAY_AMT1,PAY_AMT2,PAY_AMT3,PAY_AMT4,PAY_AMT5,PAY_AMT6
0.36708860759493667,1.0,0.16666666666666666,0.6666666666666666,0.07407407407407407,0.30000000000000004,0.7777777777777778,0.6000000000000001,0.5,0.4,0.5,0.519482558075651,0.4408480419904287,0.5760540341575897,0.5348864038163044,0.6414806390787019,0.7558181909793871,0.0,0.0,0.02628272856774899,0.02499712533058698,0.0,0.0
