LIMIT_BAL,SEX,EDUCATION,MARRIAGE,AGE,PAY_0,PAY_2,PAY_3,PAY_4,PAY_5,PAY_6,BILL_AMT1,BILL_AMT2,BILL_AMT3,BILL_AMT4,BILL_AMT5,BILL_AMT6,PAY_AMT1,PAY_AMT2,PAY_AMT3,PAY_AMT4,PAY_AMT5,PAY_AMT6
0.4050632911392405,1.0,0.3333333333333333,0.6666666666666666,0.12962962962962965,0.2,0.2222222222222222,0.2,0.2,0.2,0.2,0.08310873281354729,0.09265939381464519,0.1434589057488871,0.1384114513103564,0.20234278748901155,0.4487480094351893,0.0030403885211144847,0.002118847803162299,0.003942409285162349,0.003499597546282177,0.0036075872714013673,0.003717472118959108
