LIMIT_BAL,SEX,EDUCATION,MARRIAGE,AGE,PAY_0,PAY_2,PAY_3,PAY_4,PAY_5,PAY_6,BILL_AMT1,BILL_AMT2,BILL_AMT3,BILL_AMT4,BILL_AMT5,BILL_AMT6,PAY_AMT1,PAY_AMT2,PAY_AMT3,PAY_AMT4,PAY_AMT5,PAY_AMT6
0.0759493670886076,0.0,0.5,0.3333333333333333,0.35185185185185186,0.2,0.2222222222222222,0.2,0.2,0.2,0.1,0.08993543748832522,0.08286034065764422,0.11456839193251013,0.09309882957875623,0.1713218497857864,0.3998155615003966,0.00294917686548105,0.0010414951894005453,0.002628272856774899,0.0005874324452687941,0.004122956881601562,0.01069640644361834
