LIMIT_BAL,SEX,EDUCATION,MARRIAGE,AGE,PAY_0,PAY_2,PAY_3,PAY_4,PAY_5,PAY_6,BILL_AMT1,BILL_AMT2,BILL_AMT3,BILL_AMT4,BILL_AMT5,BILL_AMT6,PAY_AMT1,PAY_AMT2,PAY_AMT3,PAY_AMT4,PAY_AMT5,PAY_AMT6
0.012658227848101266,1.0,0.3333333333333333,0.3333333333333333,0.2962962962962963,0.2,0.2222222222222222,0.4,0.2,0.2,0.2,0.05142083047513801,0.06909380949930531,0.10869059271522633,0.10522404607372515,0.16431538252892947,0.42123339438317975,0.006486162178377567,0.0,0.002181466471123166,0.0018747843997940236,0.0025768480510009765,0.0006988847583643123
