LIMIT_BAL,SEX,EDUCATION,MARRIAGE,AGE,PAY_0,PAY_2,PAY_3,PAY_4,PAY_5,PAY_6,BILL_AMT1,BILL_AMT2,BILL_AMT3,BILL_AMT4,BILL_AMT5,BILL_AMT6,PAY_AMT1,PAY_AMT2,PAY_AMT3,PAY_AMT4,PAY_AMT5,PAY_AMT6
0.5569620253164557,0.0,0.16666666666666666,0.6666666666666666,0.18518518518518523,0.30000000000000004,0.4444444444444444,0.4,0.4,0.0,0.0,0.2645822901247455,0.2380087994648279,0.09297189517347018,0.07583466676255371,0.13289738989487032,0.3979407101702482,0.008125945054098646,0.0016298829255094608,0.0,0.0,0.0,0.0
