LIMIT_BAL,SEX,EDUCATION,MARRIAGE,AGE,PAY_0,PAY_2,PAY_3,PAY_4,PAY_5,PAY_6,BILL_AMT1,BILL_AMT2,BILL_AMT3,BILL_AMT4,BILL_AMT5,BILL_AMT6,PAY_AMT1,PAY_AMT2,PAY_AMT3,PAY_AMT4,PAY_AMT5,PAY_AMT6
0.22784810126582275,0.0,0.3333333333333333,0.6666666666666666,0.09259259259259262,0.2,0.2222222222222222,0.2,0.4,0.4,0.4,0.09575595276403838,0.11026475582771575,0.1480426317883134,0.13712596561250845,0.21583448528282403,0.4412052481775859,0.018242331126686908,0.006519531702037843,0.0,0.029996550396704378,0.0077305441530029296,0.0
