LIMIT_BAL,SEX,EDUCATION,MARRIAGE,AGE,PAY_0,PAY_2,PAY_3,PAY_4,PAY_5,PAY_6,BILL_AMT1,BILL_AMT2,BILL_AMT3,BILL_AMT4,BILL_AMT5,BILL_AMT6,PAY_AMT1,PAY_AMT2,PAY_AMT3,PAY_AMT4,PAY_AMT5,PAY_AMT6
0.012658227848101266,1.0,0.5,1.0,0.33333333333333337,0.2,0.2222222222222222,0.2,0.2,0.2,0.2,0.05383505714559293,0.06345520506355169,0.1035027457789941,0.09846101292677226,0.160339931307863,0.43831680534707596,0.0028376959530401857,0.0036672365823962865,0.006570682141937247,0.008099068607110183,0.0077305441530029296,0.009913258983890954
