LIMIT_BAL,SEX,EDUCATION,MARRIAGE,AGE,PAY_0,PAY_2,PAY_3,PAY_4,PAY_5,PAY_6,BILL_AMT1,BILL_AMT2,BILL_AMT3,BILL_AMT4,BILL_AMT5,BILL_AMT6,PAY_AMT1,PAY_AMT2,PAY_AMT3,PAY_AMT4,PAY_AMT5,PAY_AMT6
0.08860759493670886,0.0,0.3333333333333333,0.3333333333333333,0.09259259259259262,0.4,0.2222222222222222,0.2,0.2,0.2,0.2,0.07385210428580175,0.13863659754026655,0.169289200596198,0.13669297567465527,0.19393600716332848,0.43905971518664727,0.10134628403714949,0.0014636348671074957,0.005587708093503435,0.0038470575883773365,0.004656364428158765,0.004250309789343247
