LIMIT_BAL,SEX,EDUCATION,MARRIAGE,AGE,PAY_0,PAY_2,PAY_3,PAY_4,PAY_5,PAY_6,BILL_AMT1,BILL_AMT2,BILL_AMT3,BILL_AMT4,BILL_AMT5,BILL_AMT6,PAY_AMT1,PAY_AMT2,PAY_AMT3,PAY_AMT4,PAY_AMT5,PAY_AMT6
0.2531645569620253,1.0,0.16666666666666666,0.6666666666666666,0.33333333333333337,0.1,0.1111111111111111,0.1,0.2,0.1,0.1,0.0302484707019937,0.04518345083106057,0.08209276722033412,0.0787082816442231,0.13523233432351972,0.4007307233059253,0.003601846934680293,0.002944383504932841,1.3141364283874494e-05,0.0035820880598731145,0.0061509362977393315,0.007080545229244114
