LIMIT_BAL,SEX,EDUCATION,MARRIAGE,AGE,PAY_0,PAY_2,PAY_3,PAY_4,PAY_5,PAY_6,BILL_AMT1,BILL_AMT2,BILL_AMT3,BILL_AMT4,BILL_AMT5,BILL_AMT6,PAY_AMT1,PAY_AMT2,PAY_AMT3,PAY_AMT4,PAY_AMT5,PAY_AMT6
0.012658227848101266,1.0,0.3333333333333333,0.3333333333333333,0.5555555555555556,0.4,0.4444444444444444,0.4,0.4,0.2,0.2,0.05167512483184393,0.0671152163845006,0.1086823396975104,0.10385316097636983,0.16349512913272093,0.41961985045717076,0.0036484662253373815,0.0012224121941320956,0.0,0.002499712533058698,0.0025768480510009765,0.0024783147459727386
