LIMIT_BAL,SEX,EDUCATION,MARRIAGE,AGE,PAY_0,PAY_2,PAY_3,PAY_4,PAY_5,PAY_6,BILL_AMT1,BILL_AMT2,BILL_AMT3,BILL_AMT4,BILL_AMT5,BILL_AMT6,PAY_AMT1,PAY_AMT2,PAY_AMT3,PAY_AMT4,PAY_AMT5,PAY_AMT6
0.05063291139240507,0.0,0.3333333333333333,0.3333333333333333,0.537037037037037,0.30000000000000004,0.3333333333333333,0.0,0.0,0.0,0.0,0.08171639272466985,0.04290382339319714,0.0761373896365206,0.07583466676255371,0.13289738989487032,0.3979407101702482,0.010134628403714948,0.0,0.0,0.0,0.0,0.0
