LIMIT_BAL,SEX,EDUCATION,MARRIAGE,AGE,PAY_0,PAY_2,PAY_3,PAY_4,PAY_5,PAY_6,BILL_AMT1,BILL_AMT2,BILL_AMT3,BILL_AMT4,BILL_AMT5,BILL_AMT6,PAY_AMT1,PAY_AMT2,PAY_AMT3,PAY_AMT4,PAY_AMT5,PAY_AMT6
0.05063291139240507,1.0,0.3333333333333333,0.6666666666666666,0.03703703703703709,0.4,0.4444444444444444,0.4,0.5,0.4,0.4,0.07395413597213436,0.08534194411567952,0.13380122441770834,0.12688852531717637,0.1895716708659719,0.43775317816595005,0.00405385136148598,0.002281836095713245,0.0,0.0032496262929763075,0.0,0.009169764560099132
