LIMIT_BAL,SEX,EDUCATION,MARRIAGE,AGE,PAY_0,PAY_2,PAY_3,PAY_4,PAY_5,PAY_6,BILL_AMT1,BILL_AMT2,BILL_AMT3,BILL_AMT4,BILL_AMT5,BILL_AMT6,PAY_AMT1,PAY_AMT2,PAY_AMT3,PAY_AMT4,PAY_AMT5,PAY_AMT6
0.05063291139240507,1.0,0.3333333333333333,0.6666666666666666,0.03703703703703709,0.2,0.2222222222222222,0.2,0.2,0.2,0.4,0.10051376878364102,0.10873900066896516,0.15885738620326523,0.12649598772645823,0.18914357048787106,0.43542367538824067,0.01010827836986529,0.001353617769635607,0.005256545713549798,0.0074991375991760945,0.0,0.007962825278810409
