LIMIT_BAL,SEX,EDUCATION,MARRIAGE,AGE,PAY_0,PAY_2,PAY_3,PAY_4,PAY_5,PAY_6,BILL_AMT1,BILL_AMT2,BILL_AMT3,BILL_AMT4,BILL_AMT5,BILL_AMT6,PAY_AMT1,PAY_AMT2,PAY_AMT3,PAY_AMT4,PAY_AMT5,PAY_AMT6
0.36708860759493667,1.0,0.3333333333333333,0.6666666666666666,0.38888888888888884,0.0,0.0,0.1,0.2,0.2,0.2,0.022610221691308625,0.04431379612000206,0.0776691497245968,0.07922667098158369,0.13794636000300653,0.40386524037351723,0.00405385136148598,0.0008736172480730709,0.003942409285162349,0.002499712533058698,0.005153696102001953,0.0024783147459727386
