LIMIT_BAL,SEX,EDUCATION,MARRIAGE,AGE,PAY_0,PAY_2,PAY_3,PAY_4,PAY_5,PAY_6,BILL_AMT1,BILL_AMT2,BILL_AMT3,BILL_AMT4,BILL_AMT5,BILL_AMT6,PAY_AMT1,PAY_AMT2,PAY_AMT3,PAY_AMT4,PAY_AMT5,PAY_AMT6
0.0,0.0,0.16666666666666666,0.6666666666666666,0.05555555555555558,0.2,0.2222222222222222,0.4,0.2,0.2,0.2,0.03621026062032126,0.05438944064220656,0.08997935094967476,0.087089408676579,0.1453400783652448,0.40687086141216144,0.002981607676372938,0.0008964356090302034,0.002909498052449813,0.001499827519835219,0.0006802878854642578,0.0013482032218091698
