LIMIT_BAL,SEX,EDUCATION,MARRIAGE,AGE,PAY_0,PAY_2,PAY_3,PAY_4,PAY_5,PAY_6,BILL_AMT1,BILL_AMT2,BILL_AMT3,BILL_AMT4,BILL_AMT5,BILL_AMT6,PAY_AMT1,PAY_AMT2,PAY_AMT3,PAY_AMT4,PAY_AMT5,PAY_AMT6
0.08860759493670886,1.0,0.3333333333333333,0.3333333333333333,0.2777777777777778,0.1,0.1111111111111111,0.1,0.1,0.1,0.1,0.03361708606922144,0.04658441825760305,0.0815464174475397,0.08080730899000976,0.13477645643996955,0.3992882595637924,0.0057990343726056935,0.002672193056372761,0.00872323761163589,0.002874669413017503,0.002963375258651123,0.0025650557620817845
