LIMIT_BAL,SEX,EDUCATION,MARRIAGE,AGE,PAY_0,PAY_2,PAY_3,PAY_4,PAY_5,PAY_6,BILL_AMT1,BILL_AMT2,BILL_AMT3,BILL_AMT4,BILL_AMT5,BILL_AMT6,PAY_AMT1,PAY_AMT2,PAY_AMT3,PAY_AMT4,PAY_AMT5,PAY_AMT6
0.08860759493670886,1.0,0.3333333333333333,0.3333333333333333,0.2777777777777778,0.2,0.2222222222222222,0.2,0.2,0.2,0.2,0.13353279219912817,0.12066459115936809,0.16008213403230892,0.13548389996584023,0.19866145103152583,0.4459076096700144,0.005067314201857474,0.0016795943547374993,0.003713749546622932,0.0036495802982656994,0.00451206093730271,0.0048525402726146225
