LIMIT_BAL,SEX,EDUCATION,MARRIAGE,AGE,PAY_0,PAY_2,PAY_3,PAY_4,PAY_5,PAY_6,BILL_AMT1,BILL_AMT2,BILL_AMT3,BILL_AMT4,BILL_AMT5,BILL_AMT6,PAY_AMT1,PAY_AMT2,PAY_AMT3,PAY_AMT4,PAY_AMT5,PAY_AMT6
0.36708860759493667,1.0,0.5,0.3333333333333333,0.2962962962962963,0.2,0.2222222222222222,0.2,0.2,0.2,0.2,0.15809103424026422,0.15215355323418928,0.2162241123466796,0.1802991076511869,0.22234749332522885,0.4087609459093673,0.0070516744433048615,0.00270479071488295,0.005808483013472527,0.0027371852236992744,0.004107495793295557,0.31341511771995045
