LIMIT_BAL,SEX,EDUCATION,MARRIAGE,AGE,PAY_0,PAY_2,PAY_3,PAY_4,PAY_5,PAY_6,BILL_AMT1,BILL_AMT2,BILL_AMT3,BILL_AMT4,BILL_AMT5,BILL_AMT6,PAY_AMT1,PAY_AMT2,PAY_AMT3,PAY_AMT4,PAY_AMT5,PAY_AMT6
0.13924050632911392,0.0,0.16666666666666666,0.3333333333333333,0.4444444444444444,0.2,0.2222222222222222,0.2,0.2,0.2,0.2,0.05680025492224401,0.07108912674316883,0.11397252405342015,0.11085740997105409,0.17189373960386012,0.4264607142480498,0.002774861256937153,0.0011262491015270374,0.0021972361082638154,0.0021647510536288326,0.0022418578043708498,0.0022354399008674103
