LIMIT_BAL,SEX,EDUCATION,MARRIAGE,AGE,PAY_0,PAY_2,PAY_3,PAY_4,PAY_5,PAY_6,BILL_AMT1,BILL_AMT2,BILL_AMT3,BILL_AMT4,BILL_AMT5,BILL_AMT6,PAY_AMT1,PAY_AMT2,PAY_AMT3,PAY_AMT4,PAY_AMT5,PAY_AMT6
0.15189873417721517,1.0,0.16666666666666666,0.6666666666666666,0.11111111111111116,0.2,0.2222222222222222,0.2,0.2,0.1,0.1,0.0826095624096431,0.09211392991303453,0.15328824984855713,0.140080485188448,0.1334970572183933,0.45215320816357135,0.004116686057589012,0.008149414627547303,0.002628272856774899,0.0009173944996325422,0.15762579527972972,0.002973977695167286
