LIMIT_BAL,SEX,EDUCATION,MARRIAGE,AGE,PAY_0,PAY_2,PAY_3,PAY_4,PAY_5,PAY_6,BILL_AMT1,BILL_AMT2,BILL_AMT3,BILL_AMT4,BILL_AMT5,BILL_AMT6,PAY_AMT1,PAY_AMT2,PAY_AMT3,PAY_AMT4,PAY_AMT5,PAY_AMT6
0.24050632911392406,0.0,0.3333333333333333,0.3333333333333333,0.2222222222222222,0.1,0.1111111111111111,0.1,0.1,0.1,0.1,0.02929251228696961,0.049774867493439,0.08598489037516568,0.080850757807303,0.1411505769551279,0.4062931728460594,0.010825810060848309,0.004861940766794721,0.008799457524482362,0.012651045129810072,0.01836777290753496,0.011702602230483273
