LIMIT_BAL,SEX,EDUCATION,MARRIAGE,AGE,PAY_0,PAY_2,PAY_3,PAY_4,PAY_5,PAY_6,BILL_AMT1,BILL_AMT2,BILL_AMT3,BILL_AMT4,BILL_AMT5,BILL_AMT6,PAY_AMT1,PAY_AMT2,PAY_AMT3,PAY_AMT4,PAY_AMT5,PAY_AMT6
0.26582278481012656,0.0,0.5,0.3333333333333333,0.16666666666666674,0.2,0.2222222222222222,0.2,0.2,0.4,0.2,0.278488424112756,0.2623655637317964,0.3632912374409703,0.3500566332859891,0.42927520318428253,0.6019561730065935,0.020269256807429897,0.004085301552789463,0.027928027376090077,0.0001299850517190523,0.013541336508010132,0.010463444857496902
