LIMIT_BAL,SEX,EDUCATION,MARRIAGE,AGE,PAY_0,PAY_2,PAY_3,PAY_4,PAY_5,PAY_6,BILL_AMT1,BILL_AMT2,BILL_AMT3,BILL_AMT4,BILL_AMT5,BILL_AMT6,PAY_AMT1,PAY_AMT2,PAY_AMT3,PAY_AMT4,PAY_AMT5,PAY_AMT6
0.1772151898734177,1.0,0.16666666666666666,0.6666666666666666,0.35185185185185186,0.0,0.0,0.0,0.0,0.0,0.0,0.02402453783570387,0.04338110430710647,0.0761373896365206,0.07583466676255371,0.1332601314366199,0.3979407101702482,0.0007580702045978781,0.0,0.0,0.0005549361823390309,0.0,0.0009938042131350682
