LIMIT_BAL,SEX,EDUCATION,MARRIAGE,AGE,PAY_0,PAY_2,PAY_3,PAY_4,PAY_5,PAY_6,BILL_AMT1,BILL_AMT2,BILL_AMT3,BILL_AMT4,BILL_AMT5,BILL_AMT6,PAY_AMT1,PAY_AMT2,PAY_AMT3,PAY_AMT4,PAY_AMT5,PAY_AMT6
0.025316455696202535,1.0,0.3333333333333333,0.6666666666666666,0.07407407407407407,0.2,0.2222222222222222,0.2,0.2,0.2,0.2,0.06612124189829167,0.07891215972829724,0.12437462758257557,0.11582555749327292,0.16307029669643763,0.4328879389642149,0.00405385136148598,0.0016298829255094608,0.00401337265229527,0.003999540052893917,0.0025768480510009765,0.0024783147459727386
