LIMIT_BAL,SEX,EDUCATION,MARRIAGE,AGE,PAY_0,PAY_2,PAY_3,PAY_4,PAY_5,PAY_6,BILL_AMT1,BILL_AMT2,BILL_AMT3,BILL_AMT4,BILL_AMT5,BILL_AMT6,PAY_AMT1,PAY_AMT2,PAY_AMT3,PAY_AMT4,PAY_AMT5,PAY_AMT6
0.05063291139240507,1.0,0.5,0.3333333333333333,0.4444444444444444,0.2,0.2222222222222222,0.2,0.2,0.2,0.2,0.10127822157201004,0.09741933823907786,0.10916431593212059,0.10711332050844105,0.16499184648516518,0.4199338880549706,0.0032653772716769564,0.0013854004866830417,0.004065938109430769,0.001962274338451078,0.0025768480510009765,0.002200743494423792
