LIMIT_BAL,SEX,EDUCATION,MARRIAGE,AGE,PAY_0,PAY_2,PAY_3,PAY_4,PAY_5,PAY_6,BILL_AMT1,BILL_AMT2,BILL_AMT3,BILL_AMT4,BILL_AMT5,BILL_AMT6,PAY_AMT1,PAY_AMT2,PAY_AMT3,PAY_AMT4,PAY_AMT5,PAY_AMT6
0.18987341772151897,1.0,0.5,0.3333333333333333,0.42592592592592593,0.2,0.1111111111111111,0.1,0.4,0.4,0.4,0.033543309311411695,0.04495445891010138,0.08093074232593148,0.07930008450045846,0.137395711806747,0.40050808471047017,0.00405385136148598,0.002474977222386116,0.0,0.002499712533058698,0.0,0.012391573729863693
