LIMIT_BAL,SEX,EDUCATION,MARRIAGE,AGE,PAY_0,PAY_2,PAY_3,PAY_4,PAY_5,PAY_6,BILL_AMT1,BILL_AMT2,BILL_AMT3,BILL_AMT4,BILL_AMT5,BILL_AMT6,PAY_AMT1,PAY_AMT2,PAY_AMT3,PAY_AMT4,PAY_AMT5,PAY_AMT6
0.025316455696202535,1.0,0.3333333333333333,0.3333333333333333,0.09259259259259262,0.4,0.2222222222222222,0.2,0.2,0.2,0.4,0.0638514293069537,0.07258657952966605,0.11165837788587397,0.10380521745383937,0.1585670728718346,0.41587835027144326,0.0034457736572630826,0.0013039063404075685,0.0018397909997424293,0.003502097258815236,0.0,0.001486988847583643
