LIMIT_BAL,SEX,EDUCATION,MARRIAGE,AGE,PAY_0,PAY_2,PAY_3,PAY_4,PAY_5,PAY_6,BILL_AMT1,BILL_AMT2,BILL_AMT3,BILL_AMT4,BILL_AMT5,BILL_AMT6,PAY_AMT1,PAY_AMT2,PAY_AMT3,PAY_AMT4,PAY_AMT5,PAY_AMT6
0.3924050632911392,0.0,0.3333333333333333,0.6666666666666666,0.2962962962962963,0.2,0.2222222222222222,0.1,0.2,0.2,0.2,0.07424296413036824,0.08864302989759687,0.21705931773953147,0.20855582124257624,0.2988205997980412,0.4467864462310215,0.010136655329395693,0.07545217027060946,0.013143992556731269,0.03749818770841353,0.00775888948156394,0.014872366790582405
