LIMIT_BAL,SEX,EDUCATION,MARRIAGE,AGE,PAY_0,PAY_2,PAY_3,PAY_4,PAY_5,PAY_6,BILL_AMT1,BILL_AMT2,BILL_AMT3,BILL_AMT4,BILL_AMT5,BILL_AMT6,PAY_AMT1,PAY_AMT2,PAY_AMT3,PAY_AMT4,PAY_AMT5,PAY_AMT6
0.4430379746835443,0.0,0.3333333333333333,0.6666666666666666,0.2407407407407407,0.1,0.1111111111111111,0.1,0.1,0.1,0.2,0.027134149691471876,0.053945607986414866,0.07777643895490387,0.11546897754445264,0.1499821897170943,0.43494676008113414,0.017482233996408286,0.0008133115798292209,0.06980955534879808,0.026136994245661748,0.056015522932659226,0.0
