LIMIT_BAL,SEX,EDUCATION,MARRIAGE,AGE,PAY_0,PAY_2,PAY_3,PAY_4,PAY_5,PAY_6,BILL_AMT1,BILL_AMT2,BILL_AMT3,BILL_AMT4,BILL_AMT5,BILL_AMT6,PAY_AMT1,PAY_AMT2,PAY_AMT3,PAY_AMT4,PAY_AMT5,PAY_AMT6
0.48101265822784806,1.0,0.16666666666666666,0.3333333333333333,0.2222222222222222,0.2,0.1111111111111111,0.2,0.2,0.2,0.2,0.03282280863407827,0.1050777028765502,0.1508783686755062,0.12260806769625382,0.1736845717198851,0.41786334911723794,0.09795929122462796,0.0018637711253200683,0.003942409285162349,0.01240357358903726,0.0021001311615657958,0.024783147459727387
