LIMIT_BAL,SEX,EDUCATION,MARRIAGE,AGE,PAY_0,PAY_2,PAY_3,PAY_4,PAY_5,PAY_6,BILL_AMT1,BILL_AMT2,BILL_AMT3,BILL_AMT4,BILL_AMT5,BILL_AMT6,PAY_AMT1,PAY_AMT2,PAY_AMT3,PAY_AMT4,PAY_AMT5,PAY_AMT6
0.3924050632911392,1.0,0.3333333333333333,0.3333333333333333,0.20370370370370372,0.2,0.2222222222222222,0.2,0.2,0.2,0.2,0.18276072627724052,0.15454510368960017,0.19978245045300813,0.1589447630691046,0.2206399937255517,0.4522094537034758,0.01175616894830934,0.007990501042310132,0.013157133921015144,0.009258935222449418,0.03313826593587256,0.03271623296158612
