LIMIT_BAL,SEX,EDUCATION,MARRIAGE,AGE,PAY_0,PAY_2,PAY_3,PAY_4,PAY_5,PAY_6,BILL_AMT1,BILL_AMT2,BILL_AMT3,BILL_AMT4,BILL_AMT5,BILL_AMT6,PAY_AMT1,PAY_AMT2,PAY_AMT3,PAY_AMT4,PAY_AMT5,PAY_AMT6
0.08860759493670886,1.0,0.5,0.3333333333333333,0.14814814814814814,0.2,0.2222222222222222,0.2,0.2,0.2,0.2,0.04758757850553404,0.06533216693253743,0.10773819447080826,0.10850667913198253,0.1728349068473185,0.42962335408559393,0.006080777042228969,0.0016298829255094608,0.007884818570324697,0.0074991375991760945,0.0077305441530029296,0.0024783147459727386
