LIMIT_BAL,SEX,EDUCATION,MARRIAGE,AGE,PAY_0,PAY_2,PAY_3,PAY_4,PAY_5,PAY_6,BILL_AMT1,BILL_AMT2,BILL_AMT3,BILL_AMT4,BILL_AMT5,BILL_AMT6,PAY_AMT1,PAY_AMT2,PAY_AMT3,PAY_AMT4,PAY_AMT5,PAY_AMT6
0.2911392405063291,0.0,0.16666666666666666,0.3333333333333333,0.38888888888888884,0.2,0.2222222222222222,0.2,0.2,0.2,0.2,0.1375810955691563,0.1600306180208923,0.2263868783620731,0.15300575921564397,0.21643742054816456,0.3979407101702482,0.04053851361485979,0.0018034654570762182,0.002707121042478146,0.0025572059213190483,0.01749679826629663,0.02699628252788104
