LIMIT_BAL,SEX,EDUCATION,MARRIAGE,AGE,PAY_0,PAY_2,PAY_3,PAY_4,PAY_5,PAY_6,BILL_AMT1,BILL_AMT2,BILL_AMT3,BILL_AMT4,BILL_AMT5,BILL_AMT6,PAY_AMT1,PAY_AMT2,PAY_AMT3,PAY_AMT4,PAY_AMT5,PAY_AMT6
0.18987341772151897,1.0,0.16666666666666666,0.6666666666666666,0.16666666666666674,0.30000000000000004,0.4444444444444444,0.4,0.4,0.4,0.2,0.2614805268602339,0.24008902382545158,0.3324777704967822,0.30828883575148475,0.3691728512465564,0.571597642843165,0.012161554084457939,0.004958918800862534,0.03294277198681658,0.0,0.015461088306005859,0.014869888475836432
