LIMIT_BAL,SEX,EDUCATION,MARRIAGE,AGE,PAY_0,PAY_2,PAY_3,PAY_4,PAY_5,PAY_6,BILL_AMT1,BILL_AMT2,BILL_AMT3,BILL_AMT4,BILL_AMT5,BILL_AMT6,PAY_AMT1,PAY_AMT2,PAY_AMT3,PAY_AMT4,PAY_AMT5,PAY_AMT6
0.06329113924050633,1.0,0.3333333333333333,0.6666666666666666,0.05555555555555558,0.2,0.2222222222222222,0.1,0.4,0.2,0.2,0.03672198877023563,0.0518267894818093,0.0829081653706678,0.08166429945524173,0.1405264000679732,0.4050686605710562,0.006111180927440114,0.003342889880219904,0.0,0.002499712533058698,0.0038652720765014648,0.0024783147459727386
