LIMIT_BAL,SEX,EDUCATION,MARRIAGE,AGE,PAY_0,PAY_2,PAY_3,PAY_4,PAY_5,PAY_6,BILL_AMT1,BILL_AMT2,BILL_AMT3,BILL_AMT4,BILL_AMT5,BILL_AMT6,PAY_AMT1,PAY_AMT2,PAY_AMT3,PAY_AMT4,PAY_AMT5,PAY_AMT6
0.48101265822784806,0.0,0.16666666666666666,0.3333333333333333,0.462962962962963,0.1,0.1111111111111111,0.1,0.1,0.1,0.1,0.03399067901302395,0.16501698142335203,0.16493325784573132,0.08483756135272649,0.14775998928115086,0.401768922229995,0.19239781254180532,0.043840590930353474,0.01579329159636037,0.02273738520070192,0.008418562582620191,0.007189591078066914
