LIMIT_BAL,SEX,EDUCATION,MARRIAGE,AGE,PAY_0,PAY_2,PAY_3,PAY_4,PAY_5,PAY_6,BILL_AMT1,BILL_AMT2,BILL_AMT3,BILL_AMT4,BILL_AMT5,BILL_AMT6,PAY_AMT1,PAY_AMT2,PAY_AMT3,PAY_AMT4,PAY_AMT5,PAY_AMT6
0.22784810126582275,1.0,0.16666666666666666,0.6666666666666666,0.11111111111111116,0.2,0.2222222222222222,0.2,0.2,0.2,0.2,0.13807869625480923,0.09185920856275409,0.14118767527346376,0.13319909147024805,0.1970732313081898,0.44116189224057617,0.00405385136148598,0.0016298829255094608,0.003942409285162349,0.0037495687995880472,0.0033499024663012694,0.0032267657992565055
