LIMIT_BAL,SEX,EDUCATION,MARRIAGE,AGE,PAY_0,PAY_2,PAY_3,PAY_4,PAY_5,PAY_6,BILL_AMT1,BILL_AMT2,BILL_AMT3,BILL_AMT4,BILL_AMT5,BILL_AMT6,PAY_AMT1,PAY_AMT2,PAY_AMT3,PAY_AMT4,PAY_AMT5,PAY_AMT6
0.10126582278481013,1.0,0.3333333333333333,0.6666666666666666,0.2407407407407407,0.2,0.2222222222222222,0.2,0.2,0.2,0.2,0.07116160720312312,0.08051896258940977,0.09929040553678453,0.09614923619975668,0.1563138269886243,0.4154565087221599,0.00405385136148598,0.0012370811404616806,0.003942409285162349,0.002499712533058698,0.0025768480510009765,0.0024783147459727386
