LIMIT_BAL,SEX,EDUCATION,MARRIAGE,AGE,PAY_0,PAY_2,PAY_3,PAY_4,PAY_5,PAY_6,BILL_AMT1,BILL_AMT2,BILL_AMT3,BILL_AMT4,BILL_AMT5,BILL_AMT6,PAY_AMT1,PAY_AMT2,PAY_AMT3,PAY_AMT4,PAY_AMT5,PAY_AMT6
0.05063291139240507,1.0,0.3333333333333333,0.6666666666666666,0.05555555555555558,0.0,0.0,0.0,0.1,0.2,0.2,0.10266585250613366,0.10712061956465807,0.0761373896365206,0.11241407621821495,0.1742450237415973,0.428143393316858,0.00202692568074299,0.0,0.06416928179815916,0.003237127730311014,0.003285481265026245,0.0
