LIMIT_BAL,SEX,EDUCATION,MARRIAGE,AGE,PAY_0,PAY_2,PAY_3,PAY_4,PAY_5,PAY_6,BILL_AMT1,BILL_AMT2,BILL_AMT3,BILL_AMT4,BILL_AMT5,BILL_AMT6,PAY_AMT1,PAY_AMT2,PAY_AMT3,PAY_AMT4,PAY_AMT5,PAY_AMT6
0.4430379746835443,0.0,0.16666666666666666,0.6666666666666666,0.14814814814814814,0.30000000000000004,0.1111111111111111,0.1,0.1,0.1,0.1,0.017254343017971702,0.12016158081613751,0.3860117952129196,0.10179608421279732,0.15031225184066824,0.4892201907426872,0.13175016924829433,0.15320899499788931,0.045689895342174845,0.04999425066117396,0.2009941479780762,0.11568029739776953
