LIMIT_BAL,SEX,EDUCATION,MARRIAGE,AGE,PAY_0,PAY_2,PAY_3,PAY_4,PAY_5,PAY_6,BILL_AMT1,BILL_AMT2,BILL_AMT3,BILL_AMT4,BILL_AMT5,BILL_AMT6,PAY_AMT1,PAY_AMT2,PAY_AMT3,PAY_AMT4,PAY_AMT5,PAY_AMT6
0.27848101265822783,1.0,0.3333333333333333,0.3333333333333333,0.2592592592592593,0.4,0.4444444444444444,0.4,0.4,0.1,0.1,0.02593488494750077,0.04414398188648176,0.07814122233794787,0.07652984783924537,0.13324705966934966,0.39731263497464847,0.001013462840371495,0.0008149414627547304,0.0,0.001249856266529349,0.0,0.0
