LIMIT_BAL,SEX,EDUCATION,MARRIAGE,AGE,PAY_0,PAY_2,PAY_3,PAY_4,PAY_5,PAY_6,BILL_AMT1,BILL_AMT2,BILL_AMT3,BILL_AMT4,BILL_AMT5,BILL_AMT6,PAY_AMT1,PAY_AMT2,PAY_AMT3,PAY_AMT4,PAY_AMT5,PAY_AMT6
0.37974683544303794,1.0,0.16666666666666666,0.6666666666666666,0.2222222222222222,0.2,0.2222222222222222,0.2,0.2,0.2,0.2,0.1368213519355411,0.13609581639479237,0.18078400367094227,0.1655969268202058,0.20763521926255626,0.4498799509257664,0.010134628403714948,0.0040747073137736515,0.007884818570324697,0.06249281332646745,0.0077305441530029296,0.004956629491945477
