LIMIT_BAL,SEX,EDUCATION,MARRIAGE,AGE,PAY_0,PAY_2,PAY_3,PAY_4,PAY_5,PAY_6,BILL_AMT1,BILL_AMT2,BILL_AMT3,BILL_AMT4,BILL_AMT5,BILL_AMT6,PAY_AMT1,PAY_AMT2,PAY_AMT3,PAY_AMT4,PAY_AMT5,PAY_AMT6
0.06329113924050633,1.0,0.3333333333333333,0.6666666666666666,0.18518518518518523,0.4,0.4444444444444444,0.4,0.4,0.2,0.1,0.11488453937402775,0.11540292286317091,0.17406274604309066,0.1287298562293618,0.16174514628941547,0.489076061546682,0.0,0.003307032455858696,8.936127713034656e-05,0.0074991375991760945,0.10511736254448284,0.012272614622057003
