LIMIT_BAL,SEX,EDUCATION,MARRIAGE,AGE,PAY_0,PAY_2,PAY_3,PAY_4,PAY_5,PAY_6,BILL_AMT1,BILL_AMT2,BILL_AMT3,BILL_AMT4,BILL_AMT5,BILL_AMT6,PAY_AMT1,PAY_AMT2,PAY_AMT3,PAY_AMT4,PAY_AMT5,PAY_AMT6
0.1772151898734177,1.0,0.5,0.6666666666666666,0.38888888888888884,0.2,0.2222222222222222,0.2,0.2,0.1,0.1,0.07213012336415736,0.08305331137755365,0.11901511787785204,0.12194434955622277,0.1344006431309497,0.3979407101702482,0.0025073070670790783,0.001103430740569905,0.013543490030961053,0.0023097343805462372,0.0,0.0
