LIMIT_BAL,SEX,EDUCATION,MARRIAGE,AGE,PAY_0,PAY_2,PAY_3,PAY_4,PAY_5,PAY_6,BILL_AMT1,BILL_AMT2,BILL_AMT3,BILL_AMT4,BILL_AMT5,BILL_AMT6,PAY_AMT1,PAY_AMT2,PAY_AMT3,PAY_AMT4,PAY_AMT5,PAY_AMT6
0.4430379746835443,1.0,0.5,0.3333333333333333,0.537037037037037,0.1,0.1111111111111111,0.1,0.1,0.1,0.1,0.025357228631033017,0.04525935264755828,0.08071946507240373,0.07583466676255371,0.2049718466812417,0.3979407101702482,0.0037113009214404143,0.0022622775006071313,0.0,0.11026231983321917,0.0,0.005211895910780669
