LIMIT_BAL,SEX,EDUCATION,MARRIAGE,AGE,PAY_0,PAY_2,PAY_3,PAY_4,PAY_5,PAY_6,BILL_AMT1,BILL_AMT2,BILL_AMT3,BILL_AMT4,BILL_AMT5,BILL_AMT6,PAY_AMT1,PAY_AMT2,PAY_AMT3,PAY_AMT4,PAY_AMT5,PAY_AMT6
0.06329113924050633,1.0,0.16666666666666666,0.6666666666666666,0.11111111111111116,0.30000000000000004,0.1111111111111111,0.1,0.1,0.2,0.2,0.024029246990457682,0.04798152626974734,0.08553097440078966,0.10729910165824658,0.16219612226023927,0.4007986866666432,0.00800027566189258,0.00463783186453717,0.05526732163226258,0.0,0.0,0.002084262701363073
