LIMIT_BAL,SEX,EDUCATION,MARRIAGE,AGE,PAY_0,PAY_2,PAY_3,PAY_4,PAY_5,PAY_6,BILL_AMT1,BILL_AMT2,BILL_AMT3,BILL_AMT4,BILL_AMT5,BILL_AMT6,PAY_AMT1,PAY_AMT2,PAY_AMT3,PAY_AMT4,PAY_AMT5,PAY_AMT6
0.012658227848101266,0.0,0.3333333333333333,0.3333333333333333,0.42592592592592593,0.2,0.2222222222222222,0.4,0.2,0.2,0.2,0.04977419602955466,0.05527967889672208,0.09142858086059168,0.09335352954219929,0.15222072986212554,0.4134574484913891,0.006080777042228969,0.0008149414627547304,0.007884818570324697,0.002499712533058698,0.005153696102001953,0.0024783147459727386
