LIMIT_BAL,SEX,EDUCATION,MARRIAGE,AGE,PAY_0,PAY_2,PAY_3,PAY_4,PAY_5,PAY_6,BILL_AMT1,BILL_AMT2,BILL_AMT3,BILL_AMT4,BILL_AMT5,BILL_AMT6,PAY_AMT1,PAY_AMT2,PAY_AMT3,PAY_AMT4,PAY_AMT5,PAY_AMT6
0.012658227848101266,1.0,0.3333333333333333,0.3333333333333333,0.09259259259259262,0.2,0.2222222222222222,0.2,0.2,0.4,0.2,0.05178029595467909,0.06441362630576855,0.10536132536862104,0.10464273086304333,0.16362257886360593,0.4205748528534651,0.0026350033849658868,0.0010406802479377907,0.004730891142194818,0.0,0.0025768480510009765,0.0024783147459727386
