LIMIT_BAL,SEX,EDUCATION,MARRIAGE,AGE,PAY_0,PAY_2,PAY_3,PAY_4,PAY_5,PAY_6,BILL_AMT1,BILL_AMT2,BILL_AMT3,BILL_AMT4,BILL_AMT5,BILL_AMT6,PAY_AMT1,PAY_AMT2,PAY_AMT3,PAY_AMT4,PAY_AMT5,PAY_AMT6
0.22784810126582275,1.0,0.3333333333333333,0.6666666666666666,0.05555555555555558,0.2,0.2222222222222222,0.2,0.2,0.2,0.2,0.31257642565735877,0.2822955796840426,0.3805515986920618,0.23188184318872368,0.3061211818184789,0.5256813619857488,0.018242331126686908,0.005395727424899069,0.0054746923606621145,0.006249281332646745,0.0077305441530029296,0.022493184634448576
