LIMIT_BAL,SEX,EDUCATION,MARRIAGE,AGE,PAY_0,PAY_2,PAY_3,PAY_4,PAY_5,PAY_6,BILL_AMT1,BILL_AMT2,BILL_AMT3,BILL_AMT4,BILL_AMT5,BILL_AMT6,PAY_AMT1,PAY_AMT2,PAY_AMT3,PAY_AMT4,PAY_AMT5,PAY_AMT6
0.24050632911392406,0.0,0.3333333333333333,0.3333333333333333,0.14814814814814814,0.0,0.0,0.0,0.0,0.0,0.0,0.026255107470760073,0.04683013430762106,0.08197722497231114,0.1014410024990561,0.13684016169776114,0.3994651986580751,0.006214554137158007,0.0028971169000930664,0.04514058631510889,0.00608680001799793,0.0033679404026582763,0.014470879801734822
