LIMIT_BAL,SEX,EDUCATION,MARRIAGE,AGE,PAY_0,PAY_2,PAY_3,PAY_4,PAY_5,PAY_6,BILL_AMT1,BILL_AMT2,BILL_AMT3,BILL_AMT4,BILL_AMT5,BILL_AMT6,PAY_AMT1,PAY_AMT2,PAY_AMT3,PAY_AMT4,PAY_AMT5,PAY_AMT6
0.10126582278481013,1.0,0.3333333333333333,0.6666666666666666,0.07407407407407407,0.2,0.2222222222222222,0.4,0.2,0.2,0.2,0.16032788274832552,0.16385272474656512,0.2221778393269499,0.20740967140708247,0.2774123129511802,0.504804892424546,0.018242331126686908,0.0,0.010775918712777086,0.0074991375991760945,0.010307392204003906,0.011152416356877325
