LIMIT_BAL,SEX,EDUCATION,MARRIAGE,AGE,PAY_0,PAY_2,PAY_3,PAY_4,PAY_5,PAY_6,BILL_AMT1,BILL_AMT2,BILL_AMT3,BILL_AMT4,BILL_AMT5,BILL_AMT6,PAY_AMT1,PAY_AMT2,PAY_AMT3,PAY_AMT4,PAY_AMT5,PAY_AMT6
0.025316455696202535,1.0,0.5,0.6666666666666666,0.03703703703703709,0.2,0.2222222222222222,0.4,0.4,0.2,0.2,0.06528144263386165,0.08014974527864972,0.12480048329671745,0.11885199235300815,0.18079071120217777,0.43317033844581854,0.006932085828141025,0.0010594239015811495,0.0,0.0030246521650010246,0.0035843956389423584,0.0016480793060718712
