LIMIT_BAL,SEX,EDUCATION,MARRIAGE,AGE,PAY_0,PAY_2,PAY_3,PAY_4,PAY_5,PAY_6,BILL_AMT1,BILL_AMT2,BILL_AMT3,BILL_AMT4,BILL_AMT5,BILL_AMT6,PAY_AMT1,PAY_AMT2,PAY_AMT3,PAY_AMT4,PAY_AMT5,PAY_AMT6
0.012658227848101266,0.0,0.16666666666666666,0.6666666666666666,0.018518518518518545,0.2,0.2222222222222222,0.4,0.2,0.2,0.2,0.05208796073192823,0.06930736376267174,0.10498663836431792,0.10313850284365017,0.1638219233144773,0.4209392770807627,0.006688854746451867,0.0,0.003942409285162349,0.002499712533058698,0.0025768480510009765,0.0024783147459727386
