LIMIT_BAL,SEX,EDUCATION,MARRIAGE,AGE,PAY_0,PAY_2,PAY_3,PAY_4,PAY_5,PAY_6,BILL_AMT1,BILL_AMT2,BILL_AMT3,BILL_AMT4,BILL_AMT5,BILL_AMT6,PAY_AMT1,PAY_AMT2,PAY_AMT3,PAY_AMT4,PAY_AMT5,PAY_AMT6
0.5189873417721519,1.0,0.3333333333333333,0.6666666666666666,0.14814814814814814,0.2,0.2222222222222222,0.2,0.2,0.1,0.2,0.1531150273837349,0.1300712705192199,0.1644842936819848,0.0633723473747925,0.29105760401041825,0.4934679007875547,0.006080777042228969,0.002444824388264191,0.0004783456599330316,0.3074646415662199,0.007060563659742676,0.005452292441140025
