LIMIT_BAL,SEX,EDUCATION,MARRIAGE,AGE,PAY_0,PAY_2,PAY_3,PAY_4,PAY_5,PAY_6,BILL_AMT1,BILL_AMT2,BILL_AMT3,BILL_AMT4,BILL_AMT5,BILL_AMT6,PAY_AMT1,PAY_AMT2,PAY_AMT3,PAY_AMT4,PAY_AMT5,PAY_AMT6
0.1139240506329114,0.0,0.16666666666666666,0.6666666666666666,0.11111111111111116,0.2,0.2222222222222222,0.2,0.2,0.1,0.1,0.032744322721514715,0.04905830288684197,0.08396620224184974,0.08003721615936427,0.13347581559657912,0.398459809632283,0.0022701567624321484,0.0008149414627547304,0.0,0.0008848982367027792,0.0011415436865934326,0.0010929368029739778
