LIMIT_BAL,SEX,EDUCATION,MARRIAGE,AGE,PAY_0,PAY_2,PAY_3,PAY_4,PAY_5,PAY_6,BILL_AMT1,BILL_AMT2,BILL_AMT3,BILL_AMT4,BILL_AMT5,BILL_AMT6,PAY_AMT1,PAY_AMT2,PAY_AMT3,PAY_AMT4,PAY_AMT5,PAY_AMT6
0.24050632911392406,0.0,0.16666666666666666,0.3333333333333333,0.462962962962963,0.1,0.1111111111111111,0.1,0.1,0.1,0.1,0.06940980163470459,0.05137009211135697,0.07926363274731406,0.0887254813829309,0.13869308470831987,0.44844100252987745,0.013363521013138532,0.0015434991304574593,0.022642570661115753,0.008906475755288142,0.11105442045398908,0.0
