LIMIT_BAL,SEX,EDUCATION,MARRIAGE,AGE,PAY_0,PAY_2,PAY_3,PAY_4,PAY_5,PAY_6,BILL_AMT1,BILL_AMT2,BILL_AMT3,BILL_AMT4,BILL_AMT5,BILL_AMT6,PAY_AMT1,PAY_AMT2,PAY_AMT3,PAY_AMT4,PAY_AMT5,PAY_AMT6
0.012658227848101266,1.0,0.5,0.3333333333333333,0.5,0.2,0.2222222222222222,0.2,0.2,0.2,0.2,0.04632395531326082,0.062477486749343905,0.1034449746549826,0.10167922187662932,0.1616618137730676,0.42136814932253414,0.002537710952290223,0.0012884224526152287,0.003382587166669295,0.0016023157336906256,0.006916260168886621,0.0
