LIMIT_BAL,SEX,EDUCATION,MARRIAGE,AGE,PAY_0,PAY_2,PAY_3,PAY_4,PAY_5,PAY_6,BILL_AMT1,BILL_AMT2,BILL_AMT3,BILL_AMT4,BILL_AMT5,BILL_AMT6,PAY_AMT1,PAY_AMT2,PAY_AMT3,PAY_AMT4,PAY_AMT5,PAY_AMT6
0.05063291139240507,1.0,0.16666666666666666,0.6666666666666666,0.03703703703703709,0.2,0.2222222222222222,0.1,0.2,0.2,0.2,0.0395082386662418,0.051247877322081,0.08048838057635775,0.0828044563504192,0.1433384640019869,0.40834613505257195,0.00202692568074299,0.0021481856958214694,0.006570682141937247,0.0053193882703489095,0.007421322386882812,0.0009665427509293681
