LIMIT_BAL,SEX,EDUCATION,MARRIAGE,AGE,PAY_0,PAY_2,PAY_3,PAY_4,PAY_5,PAY_6,BILL_AMT1,BILL_AMT2,BILL_AMT3,BILL_AMT4,BILL_AMT5,BILL_AMT6,PAY_AMT1,PAY_AMT2,PAY_AMT3,PAY_AMT4,PAY_AMT5,PAY_AMT6
0.36708860759493667,1.0,0.16666666666666666,0.6666666666666666,0.11111111111111116,0.30000000000000004,0.0,0.0,0.1,0.1,0.0,0.02402610755395514,0.042901250450265015,0.0761373896365206,0.07714712069182503,0.13289738989487032,0.3979407101702482,0.0017715330449693731,0.0007138887213731438,0.0023023670225348113,0.0,0.0,0.0
