LIMIT_BAL,SEX,EDUCATION,MARRIAGE,AGE,PAY_0,PAY_2,PAY_3,PAY_4,PAY_5,PAY_6,BILL_AMT1,BILL_AMT2,BILL_AMT3,BILL_AMT4,BILL_AMT5,BILL_AMT6,PAY_AMT1,PAY_AMT2,PAY_AMT3,PAY_AMT4,PAY_AMT5,PAY_AMT6
0.15189873417721517,0.0,0.16666666666666666,0.3333333333333333,0.35185185185185186,0.2,0.2222222222222222,0.2,0.2,0.2,0.0,0.06386084761646132,0.07651674985848814,0.11794222557478143,0.11445167592575944,0.13289738989487032,0.3979407101702482,0.0030403885211144847,0.0015092715890217606,0.0034167547138073684,0.0,0.0,0.0
