LIMIT_BAL,SEX,EDUCATION,MARRIAGE,AGE,PAY_0,PAY_2,PAY_3,PAY_4,PAY_5,PAY_6,BILL_AMT1,BILL_AMT2,BILL_AMT3,BILL_AMT4,BILL_AMT5,BILL_AMT6,PAY_AMT1,PAY_AMT2,PAY_AMT3,PAY_AMT4,PAY_AMT5,PAY_AMT6
0.025316455696202535,1.0,0.3333333333333333,0.6666666666666666,0.018518518518518545,0.2,0.2222222222222222,0.2,0.2,0.2,0.2,0.07224942195125397,0.08165620336540935,0.12584036352892436,0.11593193218388738,0.16933984307343392,0.4265286776087677,0.0038511587934116805,0.0013250948184391916,0.003330021709533797,0.0019147798003229628,0.025768480510009767,0.002277571251548947
