LIMIT_BAL,SEX,EDUCATION,MARRIAGE,AGE,PAY_0,PAY_2,PAY_3,PAY_4,PAY_5,PAY_6,BILL_AMT1,BILL_AMT2,BILL_AMT3,BILL_AMT4,BILL_AMT5,BILL_AMT6,PAY_AMT1,PAY_AMT2,PAY_AMT3,PAY_AMT4,PAY_AMT5,PAY_AMT6
0.05063291139240507,0.0,0.5,0.6666666666666666,0.4814814814814815,0.2,0.2222222222222222,0.2,0.2,0.2,0.2,0.10030656597447324,0.10549451963155457,0.10161115411850344,0.09836362764663226,0.1500982016516178,0.41052096259554416,0.0025904110199895408,0.0011971490087866988,0.0012168903326867783,0.000952390475095364,0.000986932803533374,0.00098636926889715
