LIMIT_BAL,SEX,EDUCATION,MARRIAGE,AGE,PAY_0,PAY_2,PAY_3,PAY_4,PAY_5,PAY_6,BILL_AMT1,BILL_AMT2,BILL_AMT3,BILL_AMT4,BILL_AMT5,BILL_AMT6,PAY_AMT1,PAY_AMT2,PAY_AMT3,PAY_AMT4,PAY_AMT5,PAY_AMT6
0.18987341772151897,1.0,0.3333333333333333,0.6666666666666666,0.2592592592592593,0.2,0.2222222222222222,0.4,0.2,0.2,0.2,0.0641983370404846,0.08042890958678536,0.12302443388424977,0.11903777350281369,0.18225638310735517,0.43409370272591663,0.00810770272297196,0.0,0.0031539274281298787,0.004999425066117396,0.0033499024663012694,0.0031995043370508054
