LIMIT_BAL,SEX,EDUCATION,MARRIAGE,AGE,PAY_0,PAY_2,PAY_3,PAY_4,PAY_5,PAY_6,BILL_AMT1,BILL_AMT2,BILL_AMT3,BILL_AMT4,BILL_AMT5,BILL_AMT6,PAY_AMT1,PAY_AMT2,PAY_AMT3,PAY_AMT4,PAY_AMT5,PAY_AMT6
0.0379746835443038,1.0,0.3333333333333333,0.3333333333333333,0.3148148148148149,0.2,0.2222222222222222,0.5,0.4,0.4,0.4,0.07925664422492806,0.09332964544846395,0.14129826571085718,0.13565020405961775,0.1966287912210011,0.44652513882688205,0.009323858131417753,0.0009779297553056765,0.0036795819994848585,0.0,0.007908346668521997,0.0
