LIMIT_BAL,SEX,EDUCATION,MARRIAGE,AGE,PAY_0,PAY_2,PAY_3,PAY_4,PAY_5,PAY_6,BILL_AMT1,BILL_AMT2,BILL_AMT3,BILL_AMT4,BILL_AMT5,BILL_AMT6,PAY_AMT1,PAY_AMT2,PAY_AMT3,PAY_AMT4,PAY_AMT5,PAY_AMT6
0.4430379746835443,1.0,0.3333333333333333,0.3333333333333333,0.2592592592592593,0.2,0.1111111111111111,0.1,0.1,0.1,0.1,0.19043507880770483,0.07492667112643442,0.09391769100371551,0.1085666085351456,0.16857514468812398,0.4087855533330755,0.050624495802236914,0.008789958617272522,0.05760122792907869,0.054753703324117727,0.023864189800320044,0.05483767038413879
