LIMIT_BAL,SEX,EDUCATION,MARRIAGE,AGE,PAY_0,PAY_2,PAY_3,PAY_4,PAY_5,PAY_6,BILL_AMT1,BILL_AMT2,BILL_AMT3,BILL_AMT4,BILL_AMT5,BILL_AMT6,PAY_AMT1,PAY_AMT2,PAY_AMT3,PAY_AMT4,PAY_AMT5,PAY_AMT6
0.22784810126582275,1.0,0.16666666666666666,0.6666666666666666,0.12962962962962965,0.2,0.2222222222222222,0.2,0.2,0.2,0.2,0.19989891014461816,0.19000797612308962,0.24487693925283782,0.2013553034525329,0.2516315199524188,0.47259963370092134,0.009323858131417753,0.0036672365823962865,0.010513091427099596,0.007249166345870224,0.007215174542802735,0.007434944237918216
