LIMIT_BAL,SEX,EDUCATION,MARRIAGE,AGE,PAY_0,PAY_2,PAY_3,PAY_4,PAY_5,PAY_6,BILL_AMT1,BILL_AMT2,BILL_AMT3,BILL_AMT4,BILL_AMT5,BILL_AMT6,PAY_AMT1,PAY_AMT2,PAY_AMT3,PAY_AMT4,PAY_AMT5,PAY_AMT6
0.24050632911392406,0.0,0.3333333333333333,0.3333333333333333,0.2777777777777778,0.30000000000000004,0.0,0.1,0.1,0.1,0.1,0.02402767727220641,0.04290253692173108,0.07662596828530353,0.07628263905119768,0.1333516338075117,0.40330161319239133,0.0,0.0002420376144381549,0.0007963666756027944,0.0006974197967233767,0.011845770490451489,0.0
