LIMIT_BAL,SEX,EDUCATION,MARRIAGE,AGE,PAY_0,PAY_2,PAY_3,PAY_4,PAY_5,PAY_6,BILL_AMT1,BILL_AMT2,BILL_AMT3,BILL_AMT4,BILL_AMT5,BILL_AMT6,PAY_AMT1,PAY_AMT2,PAY_AMT3,PAY_AMT4,PAY_AMT5,PAY_AMT6
0.37974683544303794,0.0,0.16666666666666666,0.6666666666666666,0.3148148148148149,0.0,0.0,0.0,0.0,0.0,0.0,0.025591116650472406,0.04417485720166727,0.07777643895490387,0.07732241419607702,0.13534017640349932,0.39910663334118424,0.002012737200977789,0.000819016170068504,0.002628272856774899,0.0037545682246541644,0.0025768480510009765,0.0024783147459727386
