LIMIT_BAL,SEX,EDUCATION,MARRIAGE,AGE,PAY_0,PAY_2,PAY_3,PAY_4,PAY_5,PAY_6,BILL_AMT1,BILL_AMT2,BILL_AMT3,BILL_AMT4,BILL_AMT5,BILL_AMT6,PAY_AMT1,PAY_AMT2,PAY_AMT3,PAY_AMT4,PAY_AMT5,PAY_AMT6
0.0379746835443038,0.0,0.3333333333333333,0.6666666666666666,0.12962962962962965,0.1,0.1111111111111111,0.0,0.0,0.0,0.0,0.02926111792194419,0.04268898265836464,0.06757570905801707,0.07555449680276634,0.1325918373349281,0.3980731215454399,0.0003384965886840793,0.004060038367444067,0.013141364283874494,0.0,0.008593788250088257,0.06691449814126395
