LIMIT_BAL,SEX,EDUCATION,MARRIAGE,AGE,PAY_0,PAY_2,PAY_3,PAY_4,PAY_5,PAY_6,BILL_AMT1,BILL_AMT2,BILL_AMT3,BILL_AMT4,BILL_AMT5,BILL_AMT6,PAY_AMT1,PAY_AMT2,PAY_AMT3,PAY_AMT4,PAY_AMT5,PAY_AMT6
0.08860759493670886,0.0,0.3333333333333333,0.6666666666666666,0.09259259259259262,0.30000000000000004,0.4444444444444444,0.2,0.2,0.2,0.1,0.06781967704616698,0.07485076930993671,0.11464762090258304,0.1087419020393976,0.1650277938451584,0.4009217237851842,0.0,0.0012444156136264732,0.003942409285162349,0.001349844767851697,0.006555501441746484,0.006912019826517968
