LIMIT_BAL,SEX,EDUCATION,MARRIAGE,AGE,PAY_0,PAY_2,PAY_3,PAY_4,PAY_5,PAY_6,BILL_AMT1,BILL_AMT2,BILL_AMT3,BILL_AMT4,BILL_AMT5,BILL_AMT6,PAY_AMT1,PAY_AMT2,PAY_AMT3,PAY_AMT4,PAY_AMT5,PAY_AMT6
0.025316455696202535,1.0,0.3333333333333333,0.3333333333333333,0.8518518518518519,0.4,0.4444444444444444,0.2,0.2,0.4,0.4,0.07170786915456545,0.08026038182473114,0.12192018011385863,0.12003110336024164,0.18211912955101747,0.4294089179647082,0.0,0.0012224121941320956,0.0057348913734828295,0.002999655039670438,0.0,0.005705080545229244
