LIMIT_BAL,SEX,EDUCATION,MARRIAGE,AGE,PAY_0,PAY_2,PAY_3,PAY_4,PAY_5,PAY_6,BILL_AMT1,BILL_AMT2,BILL_AMT3,BILL_AMT4,BILL_AMT5,BILL_AMT6,PAY_AMT1,PAY_AMT2,PAY_AMT3,PAY_AMT4,PAY_AMT5,PAY_AMT6
0.24050632911392406,0.0,0.16666666666666666,0.6666666666666666,0.16666666666666674,0.30000000000000004,0.4444444444444444,0.4,0.4,0.4,0.4,0.3105012581291784,0.2804276231153193,0.3736751843311507,0.3638853430658684,0.4396166050659634,0.6272608070531906,0.013377709492903733,0.0,0.03942409285162348,0.0,0.028378827585673755,0.013752168525402727
