LIMIT_BAL,SEX,EDUCATION,MARRIAGE,AGE,PAY_0,PAY_2,PAY_3,PAY_4,PAY_5,PAY_6,BILL_AMT1,BILL_AMT2,BILL_AMT3,BILL_AMT4,BILL_AMT5,BILL_AMT6,PAY_AMT1,PAY_AMT2,PAY_AMT3,PAY_AMT4,PAY_AMT5,PAY_AMT6
0.012658227848101266,0.0,0.5,0.6666666666666666,0.05555555555555558,0.2,0.2222222222222222,0.2,0.2,0.4,0.4,0.04517335183507912,0.061876704574692534,0.1021525520806683,0.1020492859411613,0.16079744316232195,0.4211150443929641,0.0030403885211144847,0.0010300860089219792,0.005256545713549798,0.0,0.0077305441530029296,0.0
