LIMIT_BAL,SEX,EDUCATION,MARRIAGE,AGE,PAY_0,PAY_2,PAY_3,PAY_4,PAY_5,PAY_6,BILL_AMT1,BILL_AMT2,BILL_AMT3,BILL_AMT4,BILL_AMT5,BILL_AMT6,PAY_AMT1,PAY_AMT2,PAY_AMT3,PAY_AMT4,PAY_AMT5,PAY_AMT6
0.2911392405063291,1.0,0.16666666666666666,0.6666666666666666,0.14814814814814814,0.0,0.0,0.0,0.0,0.0,0.0,0.06866889462010464,0.08139890907219678,0.0887727597596061,0.11166945338391375,0.5672918239363667,0.40054792530123584,0.060651697144872486,0.006238376897387461,0.06288142809833945,0.664553576338721,0.005733486913477173,0.03340272614622057
