LIMIT_BAL,SEX,EDUCATION,MARRIAGE,AGE,PAY_0,PAY_2,PAY_3,PAY_4,PAY_5,PAY_6,BILL_AMT1,BILL_AMT2,BILL_AMT3,BILL_AMT4,BILL_AMT5,BILL_AMT6,PAY_AMT1,PAY_AMT2,PAY_AMT3,PAY_AMT4,PAY_AMT5,PAY_AMT6
0.1772151898734177,0.0,0.3333333333333333,0.3333333333333333,0.6666666666666667,0.4,0.4444444444444444,0.4,0.4,0.4,0.4,0.046783882760883244,0.06290330880461072,0.10304717920107488,0.0994228798475396,0.15999189550429244,0.41805552137857815,0.0032430810891887836,0.0010594239015811495,0.0,0.002749683786364568,0.0025768480510009765,0.0024783147459727386
