LIMIT_BAL,SEX,EDUCATION,MARRIAGE,AGE,PAY_0,PAY_2,PAY_3,PAY_4,PAY_5,PAY_6,BILL_AMT1,BILL_AMT2,BILL_AMT3,BILL_AMT4,BILL_AMT5,BILL_AMT6,PAY_AMT1,PAY_AMT2,PAY_AMT3,PAY_AMT4,PAY_AMT5,PAY_AMT6
0.012658227848101266,1.0,0.16666666666666666,0.6666666666666666,0.07407407407407407,0.2,0.2222222222222222,0.2,0.2,0.2,0.4,0.04695184261376925,0.06305125302320795,0.10319738412350477,0.10088965198995584,0.16240036862383703,0.41858516687934505,0.0032430810891887836,0.0010594239015811495,0.0015769637140649394,0.003999540052893917,0.0,0.001982651796778191
