LIMIT_BAL,SEX,EDUCATION,MARRIAGE,AGE,PAY_0,PAY_2,PAY_3,PAY_4,PAY_5,PAY_6,BILL_AMT1,BILL_AMT2,BILL_AMT3,BILL_AMT4,BILL_AMT5,BILL_AMT6,PAY_AMT1,PAY_AMT2,PAY_AMT3,PAY_AMT4,PAY_AMT5,PAY_AMT6
0.2531645569620253,1.0,0.16666666666666666,0.6666666666666666,0.18518518518518523,0.0,0.0,0.0,0.0,0.0,0.0,0.024329063176450456,0.04338753666443679,0.07707658305259318,0.07640099962244476,0.1335150308983899,0.39838364379699576,0.0007621240559593642,0.0004637016923074416,0.0009934871398609118,0.0009448913374961879,0.0009740485632783692,0.0009368029739776952
