LIMIT_BAL,SEX,EDUCATION,MARRIAGE,AGE,PAY_0,PAY_2,PAY_3,PAY_4,PAY_5,PAY_6,BILL_AMT1,BILL_AMT2,BILL_AMT3,BILL_AMT4,BILL_AMT5,BILL_AMT6,PAY_AMT1,PAY_AMT2,PAY_AMT3,PAY_AMT4,PAY_AMT5,PAY_AMT6
0.18987341772151897,0.0,0.3333333333333333,0.3333333333333333,0.2222222222222222,0.2,0.2222222222222222,0.4,0.4,0.2,0.2,0.15358594285911623,0.15135336798229818,0.21823949927290914,0.20144519755727752,0.27268686908298284,0.5010903432266894,0.00810770272297196,0.0032597658510189215,0.0,0.009998850132234793,0.010307392204003906,0.009913258983890954
