LIMIT_BAL,SEX,EDUCATION,MARRIAGE,AGE,PAY_0,PAY_2,PAY_3,PAY_4,PAY_5,PAY_6,BILL_AMT1,BILL_AMT2,BILL_AMT3,BILL_AMT4,BILL_AMT5,BILL_AMT6,PAY_AMT1,PAY_AMT2,PAY_AMT3,PAY_AMT4,PAY_AMT5,PAY_AMT6
0.13924050632911392,0.0,0.3333333333333333,0.3333333333333333,0.09259259259259262,0.2,0.2222222222222222,0.2,0.2,0.2,0.2,0.18290827979285998,0.1724322029537385,0.10164251558582396,0.09454912113530262,0.1386979866210462,0.4011385034702326,0.010146789957799407,0.0016298829255094608,0.007911101298892446,0.002499712533058698,0.005153696102001953,0.0034473358116480796
