LIMIT_BAL,SEX,EDUCATION,MARRIAGE,AGE,PAY_0,PAY_2,PAY_3,PAY_4,PAY_5,PAY_6,BILL_AMT1,BILL_AMT2,BILL_AMT3,BILL_AMT4,BILL_AMT5,BILL_AMT6,PAY_AMT1,PAY_AMT2,PAY_AMT3,PAY_AMT4,PAY_AMT5,PAY_AMT6
0.1772151898734177,1.0,0.3333333333333333,0.6666666666666666,0.07407407407407407,0.2,0.2222222222222222,0.2,0.2,0.2,0.2,0.18126007562902535,0.17454458910101375,0.2437924927249649,0.23024577048237177,0.2694434368290507,0.4976570217283551,0.010134628403714948,0.002852295119641556,0.007884818570324697,0.0074991375991760945,0.007988228958103027,0.0076827757125154895
