LIMIT_BAL,SEX,EDUCATION,MARRIAGE,AGE,PAY_0,PAY_2,PAY_3,PAY_4,PAY_5,PAY_6,BILL_AMT1,BILL_AMT2,BILL_AMT3,BILL_AMT4,BILL_AMT5,BILL_AMT6,PAY_AMT1,PAY_AMT2,PAY_AMT3,PAY_AMT4,PAY_AMT5,PAY_AMT6
0.27848101265822783,1.0,0.5,0.6666666666666666,0.16666666666666674,0.0,0.0,0.0,0.1,0.4,0.2,0.21607485672396662,0.19177816086039212,0.14905775296737253,0.08215871703133708,0.13944797926817712,0.40847503108151967,0.0111318758386405,0.002118847803162299,0.020492643464273888,0.0,0.01334807290418506,0.011415117719950435
