LIMIT_BAL,SEX,EDUCATION,MARRIAGE,AGE,PAY_0,PAY_2,PAY_3,PAY_4,PAY_5,PAY_6,BILL_AMT1,BILL_AMT2,BILL_AMT3,BILL_AMT4,BILL_AMT5,BILL_AMT6,PAY_AMT1,PAY_AMT2,PAY_AMT3,PAY_AMT4,PAY_AMT5,PAY_AMT6
0.4177215189873417,1.0,0.3333333333333333,0.3333333333333333,0.18518518518518523,0.1,0.1111111111111111,0.1,0.1,0.1,0.1,0.0530611860477163,0.04497375598209232,0.10536462657570742,0.12344558110545777,0.20816299186609283,0.44844568965820286,0.0032653772716769564,0.01443179836392352,0.08352651138830629,0.1176264729556101,0.1111059574150091,0.11591325898389096
