LIMIT_BAL,SEX,EDUCATION,MARRIAGE,AGE,PAY_0,PAY_2,PAY_3,PAY_4,PAY_5,PAY_6,BILL_AMT1,BILL_AMT2,BILL_AMT3,BILL_AMT4,BILL_AMT5,BILL_AMT6,PAY_AMT1,PAY_AMT2,PAY_AMT3,PAY_AMT4,PAY_AMT5,PAY_AMT6
0.27848101265822783,1.0,0.5,0.6666666666666666,0.16666666666666674,0.1,0.1111111111111111,0.1,0.2,0.2,0.2,0.024892592028656776,0.04290382339319714,0.09761669354399437,0.09720699016558494,0.15521579853792283,0.3979407101702482,0.0,0.010604833254827306,0.0032905976166821733,0.009146448158461776,0.0,0.0
