LIMIT_BAL,SEX,EDUCATION,MARRIAGE,AGE,PAY_0,PAY_2,PAY_3,PAY_4,PAY_5,PAY_6,BILL_AMT1,BILL_AMT2,BILL_AMT3,BILL_AMT4,BILL_AMT5,BILL_AMT6,PAY_AMT1,PAY_AMT2,PAY_AMT3,PAY_AMT4,PAY_AMT5,PAY_AMT6
0.13924050632911392,1.0,0.3333333333333333,0.6666666666666666,0.14814814814814814,0.2,0.2222222222222222,0.2,0.2,0.2,0.2,0.2038216360545446,0.1936409715432512,0.2675100150369983,0.2509438880998184,0.32465858177861,0.535073195367711,0.012161554084457939,0.004482178045151017,0.01093361508418358,0.010298815636201837,0.010951604216754151,0.010855018587360595
