LIMIT_BAL,SEX,EDUCATION,MARRIAGE,AGE,PAY_0,PAY_2,PAY_3,PAY_4,PAY_5,PAY_6,BILL_AMT1,BILL_AMT2,BILL_AMT3,BILL_AMT4,BILL_AMT5,BILL_AMT6,PAY_AMT1,PAY_AMT2,PAY_AMT3,PAY_AMT4,PAY_AMT5,PAY_AMT6
0.0,1.0,0.3333333333333333,0.6666666666666666,0.018518518518518545,0.2,0.2222222222222222,0.2,0.2,0.2,0.2,0.034213579004704446,0.05255493233160089,0.09019888122091843,0.08988211886397823,0.14852141972464322,0.4093796468483163,0.002598518722712513,0.0010586089601183947,0.0030382834224317833,0.0008549016863060747,0.0009122042100543457,0.001965303593556382
