LIMIT_BAL,SEX,EDUCATION,MARRIAGE,AGE,PAY_0,PAY_2,PAY_3,PAY_4,PAY_5,PAY_6,BILL_AMT1,BILL_AMT2,BILL_AMT3,BILL_AMT4,BILL_AMT5,BILL_AMT6,PAY_AMT1,PAY_AMT2,PAY_AMT3,PAY_AMT4,PAY_AMT5,PAY_AMT6
0.5949367088607596,1.0,0.3333333333333333,0.3333333333333333,0.4444444444444444,0.1,0.1111111111111111,0.1,0.1,0.1,0.1,0.02594901241176221,0.07160242885812793,0.08615655314365699,0.08471021137100496,0.13379117198197404,0.3994734011326445,0.04522679271441833,0.004957288917937025,0.015569888403534501,0.001367342755583108,0.0033705172507092775,0.0036679058240396533
