LIMIT_BAL,SEX,EDUCATION,MARRIAGE,AGE,PAY_0,PAY_2,PAY_3,PAY_4,PAY_5,PAY_6,BILL_AMT1,BILL_AMT2,BILL_AMT3,BILL_AMT4,BILL_AMT5,BILL_AMT6,PAY_AMT1,PAY_AMT2,PAY_AMT3,PAY_AMT4,PAY_AMT5,PAY_AMT6
0.012658227848101266,0.0,0.3333333333333333,0.6666666666666666,0.09259259259259262,0.1,0.1111111111111111,0.1,0.1,0.1,0.1,0.026288071554036764,0.04452606391190244,0.07678112501836297,0.0766437137052552,0.13377973418561256,0.3985734724941733,0.0025559532834169103,0.00031782717047434484,0.0014192673426584453,0.001349844767851697,0.0013914979475405274,0.0019330855018587362
