LIMIT_BAL,SEX,EDUCATION,MARRIAGE,AGE,PAY_0,PAY_2,PAY_3,PAY_4,PAY_5,PAY_6,BILL_AMT1,BILL_AMT2,BILL_AMT3,BILL_AMT4,BILL_AMT5,BILL_AMT6,PAY_AMT1,PAY_AMT2,PAY_AMT3,PAY_AMT4,PAY_AMT5,PAY_AMT6
0.10126582278481013,1.0,0.3333333333333333,0.3333333333333333,0.2222222222222222,0.2,0.2222222222222222,0.2,0.2,0.2,0.0,0.030020861555559393,0.05389672207070448,0.09092844798700646,0.09332805954585498,0.13484018130541206,0.3979407101702482,0.010134628403714948,0.0010471997796398286,0.007884818570324697,0.002972158201806792,0.0,0.021888475836431227
