LIMIT_BAL,SEX,EDUCATION,MARRIAGE,AGE,PAY_0,PAY_2,PAY_3,PAY_4,PAY_5,PAY_6,BILL_AMT1,BILL_AMT2,BILL_AMT3,BILL_AMT4,BILL_AMT5,BILL_AMT6,PAY_AMT1,PAY_AMT2,PAY_AMT3,PAY_AMT4,PAY_AMT5,PAY_AMT6
0.18987341772151897,1.0,0.5,0.6666666666666666,0.2777777777777778,0.1,0.1111111111111111,0.1,0.1,0.2,0.1,0.06673186229803613,0.044057788298255546,0.07789693301355641,0.07847156050172896,0.13433528429459843,0.40439722943844686,0.001818152335626462,0.0008687275992965425,0.004625760227923822,0.0,0.014198432761015381,0.0
