LIMIT_BAL,SEX,EDUCATION,MARRIAGE,AGE,PAY_0,PAY_2,PAY_3,PAY_4,PAY_5,PAY_6,BILL_AMT1,BILL_AMT2,BILL_AMT3,BILL_AMT4,BILL_AMT5,BILL_AMT6,PAY_AMT1,PAY_AMT2,PAY_AMT3,PAY_AMT4,PAY_AMT5,PAY_AMT6
0.759493670886076,1.0,0.16666666666666666,0.6666666666666666,0.2777777777777778,0.0,0.0,0.0,0.0,0.0,0.0,0.025401180742068603,0.04257448669788504,0.07571648573300828,0.07502861629001037,0.3086995879125368,0.5959320413264104,0.0,8.149414627547304e-07,0.0,0.27029391619963705,0.07909635092547497,0.0004436183395291202
