LIMIT_BAL,SEX,EDUCATION,MARRIAGE,AGE,PAY_0,PAY_2,PAY_3,PAY_4,PAY_5,PAY_6,BILL_AMT1,BILL_AMT2,BILL_AMT3,BILL_AMT4,BILL_AMT5,BILL_AMT6,PAY_AMT1,PAY_AMT2,PAY_AMT3,PAY_AMT4,PAY_AMT5,PAY_AMT6
0.5443037974683544,0.0,0.16666666666666666,0.3333333333333333,0.7592592592592593,0.2,0.2222222222222222,0.2,0.1,0.4,0.2,0.04713706936741924,0.04939921782534864,0.07720863133604804,0.07749471123017086,0.1331424855311876,0.39920037590769164,0.009950178166767337,0.00040665578991461046,0.002520513669647128,0.0,0.0023835844471759033,0.003449814126394052
