LIMIT_BAL,SEX,EDUCATION,MARRIAGE,AGE,PAY_0,PAY_2,PAY_3,PAY_4,PAY_5,PAY_6,BILL_AMT1,BILL_AMT2,BILL_AMT3,BILL_AMT4,BILL_AMT5,BILL_AMT6,PAY_AMT1,PAY_AMT2,PAY_AMT3,PAY_AMT4,PAY_AMT5,PAY_AMT6
0.025316455696202535,0.0,0.5,0.6666666666666666,0.07407407407407407,0.2,0.2222222222222222,0.2,0.2,0.2,0.4,0.05985178720271499,0.07358102197293265,0.1171779961342865,0.11382990836794256,0.17701297046107392,0.42889216206683606,0.0028316151759979567,0.0011531421697979435,0.002394356572521933,0.00512691040530339,0.0,0.003717472118959108
