LIMIT_BAL,SEX,EDUCATION,MARRIAGE,AGE,PAY_0,PAY_2,PAY_3,PAY_4,PAY_5,PAY_6,BILL_AMT1,BILL_AMT2,BILL_AMT3,BILL_AMT4,BILL_AMT5,BILL_AMT6,PAY_AMT1,PAY_AMT2,PAY_AMT3,PAY_AMT4,PAY_AMT5,PAY_AMT6
0.025316455696202535,0.0,0.3333333333333333,0.6666666666666666,0.2962962962962963,0.5,0.4444444444444444,0.4,0.9000000000000001,0.9000000000000001,0.9000000000000001,0.027763606710231578,0.04596433901096074,0.08006417546575906,0.07939896801567753,0.13678460668686257,0.4007283797417626,0.0,0.0,0.0,0.0,0.0,0.0
