LIMIT_BAL,SEX,EDUCATION,MARRIAGE,AGE,PAY_0,PAY_2,PAY_3,PAY_4,PAY_5,PAY_6,BILL_AMT1,BILL_AMT2,BILL_AMT3,BILL_AMT4,BILL_AMT5,BILL_AMT6,PAY_AMT1,PAY_AMT2,PAY_AMT3,PAY_AMT4,PAY_AMT5,PAY_AMT6
0.08860759493670886,1.0,0.3333333333333333,0.6666666666666666,0.11111111111111116,0.30000000000000004,0.4444444444444444,0.4,0.4,0.4,0.2,0.14058082714733533,0.14182704677610253,0.20743960028984598,0.196112978910843,0.21955340307121174,0.4612485806789539,0.009121165563343454,0.0036672365823962865,0.007884818570324697,0.0,0.005153696102001953,0.010780669144981414
