LIMIT_BAL,SEX,EDUCATION,MARRIAGE,AGE,PAY_0,PAY_2,PAY_3,PAY_4,PAY_5,PAY_6,BILL_AMT1,BILL_AMT2,BILL_AMT3,BILL_AMT4,BILL_AMT5,BILL_AMT6,PAY_AMT1,PAY_AMT2,PAY_AMT3,PAY_AMT4,PAY_AMT5,PAY_AMT6
0.22784810126582275,0.0,0.16666666666666666,0.6666666666666666,0.2592592592592593,0.2,0.2222222222222222,0.2,0.2,0.2,0.2,0.06307284905432324,0.07316420521792827,0.11264378820115575,0.11094280937056147,0.16912742685529228,0.42442064164443205,0.0036626547051025827,0.0016298829255094608,0.005282828442117546,0.0025072116706578744,0.00517173403835896,0.007482032218091698
