LIMIT_BAL,SEX,EDUCATION,MARRIAGE,AGE,PAY_0,PAY_2,PAY_3,PAY_4,PAY_5,PAY_6,BILL_AMT1,BILL_AMT2,BILL_AMT3,BILL_AMT4,BILL_AMT5,BILL_AMT6,PAY_AMT1,PAY_AMT2,PAY_AMT3,PAY_AMT4,PAY_AMT5,PAY_AMT6
0.2911392405063291,0.0,0.16666666666666666,0.6666666666666666,0.14814814814814814,0.2,0.2222222222222222,0.2,0.2,0.2,0.1,0.12117597012512224,0.058740287140431224,0.09606512621339994,0.09028214763009175,0.11970470877736494,0.5250708635213692,0.010179220768691294,0.0032711750314974876,0.00029699483281556355,0.016055653599836017,0.3092217661201172,0.03717472118959108
