LIMIT_BAL,SEX,EDUCATION,MARRIAGE,AGE,PAY_0,PAY_2,PAY_3,PAY_4,PAY_5,PAY_6,BILL_AMT1,BILL_AMT2,BILL_AMT3,BILL_AMT4,BILL_AMT5,BILL_AMT6,PAY_AMT1,PAY_AMT2,PAY_AMT3,PAY_AMT4,PAY_AMT5,PAY_AMT6
0.13924050632911392,0.0,0.3333333333333333,0.6666666666666666,0.16666666666666674,0.2,0.2222222222222222,0.2,0.2,0.2,0.2,0.14554584597610576,0.13376730304121856,0.17712296501215669,0.15402306083433714,0.21349627291235707,0.4460962665851106,0.010134628403714948,0.002444824388264191,0.005256545713549798,0.004999425066117396,0.0038652720765014648,0.003717472118959108
