LIMIT_BAL,SEX,EDUCATION,MARRIAGE,AGE,PAY_0,PAY_2,PAY_3,PAY_4,PAY_5,PAY_6,BILL_AMT1,BILL_AMT2,BILL_AMT3,BILL_AMT4,BILL_AMT5,BILL_AMT6,PAY_AMT1,PAY_AMT2,PAY_AMT3,PAY_AMT4,PAY_AMT5,PAY_AMT6
0.08860759493670886,1.0,0.5,0.6666666666666666,0.16666666666666674,0.2,0.2222222222222222,0.2,0.1,0.2,0.2,0.0816002335740758,0.09210749755570422,0.14192384445372452,0.11883101706190108,0.18077110355127238,0.43323478646029234,0.0043882940988085725,0.002260647617681622,0.08005193467164987,0.002657194422641396,0.0033705172507092775,0.010698884758364313
