LIMIT_BAL,SEX,EDUCATION,MARRIAGE,AGE,PAY_0,PAY_2,PAY_3,PAY_4,PAY_5,PAY_6,BILL_AMT1,BILL_AMT2,BILL_AMT3,BILL_AMT4,BILL_AMT5,BILL_AMT6,PAY_AMT1,PAY_AMT2,PAY_AMT3,PAY_AMT4,PAY_AMT5,PAY_AMT6
0.1139240506329114,0.0,0.5,0.3333333333333333,0.6481481481481481,0.2,0.2222222222222222,0.1,0.2,0.2,0.2,0.17199873794652598,0.11157052436576959,0.21773771579578072,0.19383865806080436,0.2628454622993892,0.4920758236749195,0.004834217748572031,0.07226737903416398,0.005700723826344756,0.0065842428120766105,0.008070688095735058,0.0018141263940520448
