LIMIT_BAL,SEX,EDUCATION,MARRIAGE,AGE,PAY_0,PAY_2,PAY_3,PAY_4,PAY_5,PAY_6,BILL_AMT1,BILL_AMT2,BILL_AMT3,BILL_AMT4,BILL_AMT5,BILL_AMT6,PAY_AMT1,PAY_AMT2,PAY_AMT3,PAY_AMT4,PAY_AMT5,PAY_AMT6
0.1139240506329114,1.0,0.3333333333333333,0.6666666666666666,0.07407407407407407,0.2,0.2222222222222222,0.2,0.2,0.2,0.2,0.11698639211247973,0.12068903411722329,0.17840218275812553,0.17056507434242463,0.23838818573674114,0.4753076220909045,0.004453155720592348,0.0020373536568868257,0.006045027570582268,0.00587432445268794,0.00654519404954248,0.012193308550185874
