LIMIT_BAL,SEX,EDUCATION,MARRIAGE,AGE,PAY_0,PAY_2,PAY_3,PAY_4,PAY_5,PAY_6,BILL_AMT1,BILL_AMT2,BILL_AMT3,BILL_AMT4,BILL_AMT5,BILL_AMT6,PAY_AMT1,PAY_AMT2,PAY_AMT3,PAY_AMT4,PAY_AMT5,PAY_AMT6
0.15189873417721517,1.0,0.16666666666666666,0.6666666666666666,0.11111111111111116,0.30000000000000004,0.1111111111111111,0.2,0.2,0.1,0.1,0.024029246990457682,0.0448116605773684,0.08018136831732524,0.07583466676255371,0.13467678421453386,0.4005760480711881,0.0030059307845418538,0.0008149414627547304,0.0,0.0027221869485009225,0.005795331266701197,0.0054126394052044615
