LIMIT_BAL,SEX,EDUCATION,MARRIAGE,AGE,PAY_0,PAY_2,PAY_3,PAY_4,PAY_5,PAY_6,BILL_AMT1,BILL_AMT2,BILL_AMT3,BILL_AMT4,BILL_AMT5,BILL_AMT6,PAY_AMT1,PAY_AMT2,PAY_AMT3,PAY_AMT4,PAY_AMT5,PAY_AMT6
0.620253164556962,0.0,0.16666666666666666,0.3333333333333333,0.2592592592592593,0.1,0.1111111111111111,0.1,0.0,0.1,0.1,0.03385097408866083,0.05634101785622395,0.08770646987070824,0.09458507877720046,0.14602961408875076,0.40724934702443516,0.02126650424235545,0.005797493566037152,0.03308207044822565,0.020175179854316754,0.02055809375088579,0.03443866171003718
