LIMIT_BAL,SEX,EDUCATION,MARRIAGE,AGE,PAY_0,PAY_2,PAY_3,PAY_4,PAY_5,PAY_6,BILL_AMT1,BILL_AMT2,BILL_AMT3,BILL_AMT4,BILL_AMT5,BILL_AMT6,PAY_AMT1,PAY_AMT2,PAY_AMT3,PAY_AMT4,PAY_AMT5,PAY_AMT6
0.620253164556962,0.0,0.16666666666666666,0.3333333333333333,0.4444444444444444,0.1,0.1111111111111111,0.1,0.1,0.1,0.1,0.03995717808610533,0.052369680440487835,0.09549401738745773,0.0920905173705375,0.1477028002993435,0.413193797523087,0.01498911540909441,0.009622013850745102,0.028658687230273497,0.022762382326032504,0.03370774935514378,0.017504337050805452
