LIMIT_BAL,SEX,EDUCATION,MARRIAGE,AGE,PAY_0,PAY_2,PAY_3,PAY_4,PAY_5,PAY_6,BILL_AMT1,BILL_AMT2,BILL_AMT3,BILL_AMT4,BILL_AMT5,BILL_AMT6,PAY_AMT1,PAY_AMT2,PAY_AMT3,PAY_AMT4,PAY_AMT5,PAY_AMT6
0.08860759493670886,1.0,0.5,0.3333333333333333,0.14814814814814814,0.0,0.0,0.0,0.0,0.0,0.0,0.024745038513037294,0.04721478927597386,0.09173889432671056,0.07820787112781144,0.1364921258941906,0.40619239958706393,0.006822631841380903,0.007726460008377598,0.0041736972965585395,0.005514365847927488,0.018226046264729907,0.010374225526641884
