LIMIT_BAL,SEX,EDUCATION,MARRIAGE,AGE,PAY_0,PAY_2,PAY_3,PAY_4,PAY_5,PAY_6,BILL_AMT1,BILL_AMT2,BILL_AMT3,BILL_AMT4,BILL_AMT5,BILL_AMT6,PAY_AMT1,PAY_AMT2,PAY_AMT3,PAY_AMT4,PAY_AMT5,PAY_AMT6
0.1772151898734177,0.0,0.3333333333333333,0.6666666666666666,0.5185185185185185,0.2,0.2222222222222222,0.2,0.2,0.2,0.2,0.2623470113349355,0.1535429424175372,0.20122342734620913,0.1901994450537267,0.26027522605987524,0.4888159259246239,0.0060503731570178245,0.002200341949437772,0.013141364283874494,0.007056688480824705,0.007382669666117798,0.0066394052044609665
