LIMIT_BAL,SEX,EDUCATION,MARRIAGE,AGE,PAY_0,PAY_2,PAY_3,PAY_4,PAY_5,PAY_6,BILL_AMT1,BILL_AMT2,BILL_AMT3,BILL_AMT4,BILL_AMT5,BILL_AMT6,PAY_AMT1,PAY_AMT2,PAY_AMT3,PAY_AMT4,PAY_AMT5,PAY_AMT6
0.4050632911392405,1.0,0.16666666666666666,0.3333333333333333,0.2777777777777778,0.2,0.2222222222222222,0.2,0.2,0.2,0.2,0.17355275901528436,0.1728966191529872,0.24177380459164893,0.2259847899174772,0.2968402270565975,0.5128890170037297,0.02128271964780139,0.0033200715192627716,0.009461782284389635,0.010011348694900085,0.009276652983603516,0.00842627013630731
