LIMIT_BAL,SEX,EDUCATION,MARRIAGE,AGE,PAY_0,PAY_2,PAY_3,PAY_4,PAY_5,PAY_6,BILL_AMT1,BILL_AMT2,BILL_AMT3,BILL_AMT4,BILL_AMT5,BILL_AMT6,PAY_AMT1,PAY_AMT2,PAY_AMT3,PAY_AMT4,PAY_AMT5,PAY_AMT6
0.2151898734177215,0.0,0.3333333333333333,0.3333333333333333,0.5,0.1,0.1111111111111111,0.1,0.1,0.1,0.1,0.026060462407602458,0.04456851747028251,0.07855717443083064,0.07777338295487915,0.13669473828687956,0.3982500606397227,0.0026228418308814287,0.0011947041843984347,0.003400985076666719,0.005809331926828414,0.0006802878854642578,0.000654275092936803
