LIMIT_BAL,SEX,EDUCATION,MARRIAGE,AGE,PAY_0,PAY_2,PAY_3,PAY_4,PAY_5,PAY_6,BILL_AMT1,BILL_AMT2,BILL_AMT3,BILL_AMT4,BILL_AMT5,BILL_AMT6,PAY_AMT1,PAY_AMT2,PAY_AMT3,PAY_AMT4,PAY_AMT5,PAY_AMT6
0.08860759493670886,1.0,0.5,1.0,0.5740740740740741,0.2,0.2222222222222222,0.2,0.2,0.2,0.2,0.1450325481079401,0.14249086605259095,0.20601678003562002,0.17504329899378532,0.22467263392842554,0.46026779907687004,0.006080777042228969,0.004144792279570559,0.004599477499356073,0.0050294216165141,0.0042002623231315915,0.005365551425030979
