LIMIT_BAL,SEX,EDUCATION,MARRIAGE,AGE,PAY_0,PAY_2,PAY_3,PAY_4,PAY_5,PAY_6,BILL_AMT1,BILL_AMT2,BILL_AMT3,BILL_AMT4,BILL_AMT5,BILL_AMT6,PAY_AMT1,PAY_AMT2,PAY_AMT3,PAY_AMT4,PAY_AMT5,PAY_AMT6
0.620253164556962,0.0,0.3333333333333333,0.3333333333333333,0.33333333333333337,0.0,0.0,0.0,0.0,0.0,0.0,0.02681863632296639,0.07352184428549376,0.07662761888884671,0.08983117887128962,0.13864569955196518,0.40449917447952366,0.048240831201683154,0.0002420376144381549,0.024553325027991107,0.0087939886913005,0.014422618541452466,0.0017769516728624536
