LIMIT_BAL,SEX,EDUCATION,MARRIAGE,AGE,PAY_0,PAY_2,PAY_3,PAY_4,PAY_5,PAY_6,BILL_AMT1,BILL_AMT2,BILL_AMT3,BILL_AMT4,BILL_AMT5,BILL_AMT6,PAY_AMT1,PAY_AMT2,PAY_AMT3,PAY_AMT4,PAY_AMT5,PAY_AMT6
0.5949367088607596,1.0,0.3333333333333333,0.3333333333333333,0.3148148148148149,0.2,0.2222222222222222,0.2,0.2,0.2,0.2,0.16570887691368277,0.14080301548911647,0.1698520564044243,0.13199451046667027,0.19483469116315855,0.4194862672998977,0.06080777042228969,0.0013919200183850795,0.0033957285309531692,0.002524709658389285,0.0019893266953727538,0.0017472118959107807
