LIMIT_BAL,SEX,EDUCATION,MARRIAGE,AGE,PAY_0,PAY_2,PAY_3,PAY_4,PAY_5,PAY_6,BILL_AMT1,BILL_AMT2,BILL_AMT3,BILL_AMT4,BILL_AMT5,BILL_AMT6,PAY_AMT1,PAY_AMT2,PAY_AMT3,PAY_AMT4,PAY_AMT5,PAY_AMT6
0.15189873417721517,0.0,0.3333333333333333,0.6666666666666666,0.6666666666666667,0.1,0.4444444444444444,0.4,0.4,0.2,0.1,0.031595288961584284,0.04700252148407349,0.08921677211272303,0.08513870660362094,0.13708035542135208,0.4065884619305578,0.0,0.005060786483706875,0.0,0.0,0.019017138616387208,0.029045848822800497
