LIMIT_BAL,SEX,EDUCATION,MARRIAGE,AGE,PAY_0,PAY_2,PAY_3,PAY_4,PAY_5,PAY_6,BILL_AMT1,BILL_AMT2,BILL_AMT3,BILL_AMT4,BILL_AMT5,BILL_AMT6,PAY_AMT1,PAY_AMT2,PAY_AMT3,PAY_AMT4,PAY_AMT5,PAY_AMT6
0.26582278481012656,1.0,0.3333333333333333,0.3333333333333333,0.2592592592592593,0.2,0.2222222222222222,0.2,0.2,0.2,0.2,0.08879425231965114,0.09110147686924305,0.14132632597109135,0.10106794196436597,0.13289738989487032,0.4078059435130729,0.00405385136148598,0.002444824388264191,0.003048796513858883,0.002499712533058698,0.0,0.0024783147459727386
