LIMIT_BAL,SEX,EDUCATION,MARRIAGE,AGE,PAY_0,PAY_2,PAY_3,PAY_4,PAY_5,PAY_6,BILL_AMT1,BILL_AMT2,BILL_AMT3,BILL_AMT4,BILL_AMT5,BILL_AMT6,PAY_AMT1,PAY_AMT2,PAY_AMT3,PAY_AMT4,PAY_AMT5,PAY_AMT6
0.05063291139240507,1.0,0.16666666666666666,0.6666666666666666,0.14814814814814814,0.2,0.2222222222222222,0.4,0.4,0.2,0.2,0.04822802355205264,0.0652781351309628,0.10658442259412154,0.1025811593942336,0.16269448338741777,0.4219903656077272,0.004526125045099096,0.0013356890574550031,0.0,0.001679806822215445,0.006704958628704541,0.004956629491945477
