LIMIT_BAL,SEX,EDUCATION,MARRIAGE,AGE,PAY_0,PAY_2,PAY_3,PAY_4,PAY_5,PAY_6,BILL_AMT1,BILL_AMT2,BILL_AMT3,BILL_AMT4,BILL_AMT5,BILL_AMT6,PAY_AMT1,PAY_AMT2,PAY_AMT3,PAY_AMT4,PAY_AMT5,PAY_AMT6
0.15189873417721517,1.0,0.3333333333333333,0.6666666666666666,0.05555555555555558,0.2,0.2222222222222222,0.2,0.2,0.2,0.2,0.2167121623339827,0.19511784078629138,0.1775933870219646,0.14818144226101654,0.21279529939248965,0.45617710783090243,0.010065712930569687,0.0016575909352431215,0.004494346585085077,0.0044119926208486026,0.005153696102001953,0.006622057001239158
