LIMIT_BAL,SEX,EDUCATION,MARRIAGE,AGE,PAY_0,PAY_2,PAY_3,PAY_4,PAY_5,PAY_6,BILL_AMT1,BILL_AMT2,BILL_AMT3,BILL_AMT4,BILL_AMT5,BILL_AMT6,PAY_AMT1,PAY_AMT2,PAY_AMT3,PAY_AMT4,PAY_AMT5,PAY_AMT6
0.012658227848101266,1.0,0.3333333333333333,0.6666666666666666,0.462962962962963,0.30000000000000004,0.4444444444444444,0.4,0.4,0.2,0.2,0.05012738263609065,0.06357870632429373,0.1078372306833994,0.10536787664131653,0.16434969591801388,0.4435230331344819,0.0,0.0028302917001471785,0.002628272856774899,0.0018172910115336735,0.0028345328561010744,0.0027261462205700124
