LIMIT_BAL,SEX,EDUCATION,MARRIAGE,AGE,PAY_0,PAY_2,PAY_3,PAY_4,PAY_5,PAY_6,BILL_AMT1,BILL_AMT2,BILL_AMT3,BILL_AMT4,BILL_AMT5,BILL_AMT6,PAY_AMT1,PAY_AMT2,PAY_AMT3,PAY_AMT4,PAY_AMT5,PAY_AMT6
0.1139240506329114,1.0,0.16666666666666666,0.6666666666666666,0.07407407407407407,0.2,0.2222222222222222,0.2,0.2,0.4,0.2,0.0447510976254872,0.061777646271805695,0.10274511875267192,0.10368386041243416,0.15458345179622424,0.41381718559036135,0.00405385136148598,0.0016298829255094608,0.007322368178974868,0.0,0.0016466059045896241,0.0017348203221809171
