LIMIT_BAL,SEX,EDUCATION,MARRIAGE,AGE,PAY_0,PAY_2,PAY_3,PAY_4,PAY_5,PAY_6,BILL_AMT1,BILL_AMT2,BILL_AMT3,BILL_AMT4,BILL_AMT5,BILL_AMT6,PAY_AMT1,PAY_AMT2,PAY_AMT3,PAY_AMT4,PAY_AMT5,PAY_AMT6
0.16455696202531644,1.0,0.16666666666666666,0.3333333333333333,0.5555555555555556,0.2,0.2222222222222222,0.2,0.2,0.2,0.2,0.11313273380560923,0.1174548448515412,0.17132439476494582,0.15827355375367816,0.22420858619033146,0.46326053051261945,0.004286947814771423,0.0016331426913604797,0.005101477615000079,0.0051819040810306815,0.004919202929360864,0.005283767038413879
