LIMIT_BAL,SEX,EDUCATION,MARRIAGE,AGE,PAY_0,PAY_2,PAY_3,PAY_4,PAY_5,PAY_6,BILL_AMT1,BILL_AMT2,BILL_AMT3,BILL_AMT4,BILL_AMT5,BILL_AMT6,PAY_AMT1,PAY_AMT2,PAY_AMT3,PAY_AMT4,PAY_AMT5,PAY_AMT6
0.05063291139240507,0.0,0.3333333333333333,0.3333333333333333,0.2962962962962963,0.2,0.2222222222222222,0.4,0.4,0.4,0.4,0.06295982934023173,0.0784104358565327,0.12046929959939853,0.11809838010823251,0.18045901510769502,0.43307073696890436,0.006486162178377567,0.0,0.004730891142194818,0.0037495687995880472,0.0038652720765014648,0.006195786864931847
