LIMIT_BAL,SEX,EDUCATION,MARRIAGE,AGE,PAY_0,PAY_2,PAY_3,PAY_4,PAY_5,PAY_6,BILL_AMT1,BILL_AMT2,BILL_AMT3,BILL_AMT4,BILL_AMT5,BILL_AMT6,PAY_AMT1,PAY_AMT2,PAY_AMT3,PAY_AMT4,PAY_AMT5,PAY_AMT6
0.3164556962025316,1.0,0.5,0.6666666666666666,0.5185185185185185,0.0,0.0,0.0,0.0,0.0,0.0,0.015106968450232867,0.3149487984356507,0.40675988175076216,0.07993233970382889,0.1334137247020454,0.39829810370505775,0.4414096862724431,0.1632360347556235,0.007251404811841946,0.0007899091604465486,0.0007859386555552979,0.00643370508054523
