LIMIT_BAL,SEX,EDUCATION,MARRIAGE,AGE,PAY_0,PAY_2,PAY_3,PAY_4,PAY_5,PAY_6,BILL_AMT1,BILL_AMT2,BILL_AMT3,BILL_AMT4,BILL_AMT5,BILL_AMT6,PAY_AMT1,PAY_AMT2,PAY_AMT3,PAY_AMT4,PAY_AMT5,PAY_AMT6
0.10126582278481013,1.0,0.16666666666666666,0.6666666666666666,0.11111111111111116,0.4,0.4444444444444444,0.2,0.2,0.2,0.2,0.06830471998580974,0.07822904337981784,0.12320269906691382,0.12038169036874562,0.18214200514374043,0.43690012081073254,0.0,0.0014668946329585146,0.005256545713549798,0.002999655039670438,0.009276652983603516,0.0
