LIMIT_BAL,SEX,EDUCATION,MARRIAGE,AGE,PAY_0,PAY_2,PAY_3,PAY_4,PAY_5,PAY_6,BILL_AMT1,BILL_AMT2,BILL_AMT3,BILL_AMT4,BILL_AMT5,BILL_AMT6,PAY_AMT1,PAY_AMT2,PAY_AMT3,PAY_AMT4,PAY_AMT5,PAY_AMT6
0.1139240506329114,1.0,0.3333333333333333,0.3333333333333333,0.6851851851851851,0.4,0.4444444444444444,0.4,0.2,0.2,0.2,0.1600516123361018,0.15592162815828747,0.21741914931194595,0.20632345097475174,0.2772701574821162,0.48834955665624946,0.0070942398826004645,0.0,0.008673300427357167,0.007096683881353644,0.0077305441530029296,0.009913258983890954
