LIMIT_BAL,SEX,EDUCATION,MARRIAGE,AGE,PAY_0,PAY_2,PAY_3,PAY_4,PAY_5,PAY_6,BILL_AMT1,BILL_AMT2,BILL_AMT3,BILL_AMT4,BILL_AMT5,BILL_AMT6,PAY_AMT1,PAY_AMT2,PAY_AMT3,PAY_AMT4,PAY_AMT5,PAY_AMT6
0.5949367088607596,1.0,0.3333333333333333,0.3333333333333333,0.2962962962962963,0.1,0.1111111111111111,0.1,0.1,0.1,0.1,0.06309482510984103,0.07890444089950086,0.21292290526030844,0.154136926700347,0.16478923409247623,0.415265508242901,0.056741757506719254,0.06762302763792477,0.13736142431362655,0.04878938922023967,0.038098698434049436,0.01965551425030979
