LIMIT_BAL,SEX,EDUCATION,MARRIAGE,AGE,PAY_0,PAY_2,PAY_3,PAY_4,PAY_5,PAY_6,BILL_AMT1,BILL_AMT2,BILL_AMT3,BILL_AMT4,BILL_AMT5,BILL_AMT6,PAY_AMT1,PAY_AMT2,PAY_AMT3,PAY_AMT4,PAY_AMT5,PAY_AMT6
0.37974683544303794,1.0,0.16666666666666666,0.3333333333333333,0.2407407407407407,0.1,0.1111111111111111,0.1,0.2,0.1,0.1,0.024743468794786023,0.043489167910255755,0.07847299365012818,0.07715760833737857,0.13434018620732477,0.39915116106027526,0.0009222511847380604,0.0011531421697979435,0.0,0.0022072461666908304,0.002661884036684009,0.002188351920693928
