LIMIT_BAL,SEX,EDUCATION,MARRIAGE,AGE,PAY_0,PAY_2,PAY_3,PAY_4,PAY_5,PAY_6,BILL_AMT1,BILL_AMT2,BILL_AMT3,BILL_AMT4,BILL_AMT5,BILL_AMT6,PAY_AMT1,PAY_AMT2,PAY_AMT3,PAY_AMT4,PAY_AMT5,PAY_AMT6
0.12658227848101264,1.0,0.3333333333333333,0.3333333333333333,0.5,0.2,0.2222222222222222,0.2,0.2,0.2,0.2,0.3640019652872506,0.18552848247825865,0.19884325703693556,0.14647944721118522,0.21155348150181535,0.4555584068919534,0.017812622882369393,0.00256869549060291,0.0044338963093792545,0.004361998370187428,0.004718208781382788,0.004292441140024784
