LIMIT_BAL,SEX,EDUCATION,MARRIAGE,AGE,PAY_0,PAY_2,PAY_3,PAY_4,PAY_5,PAY_6,BILL_AMT1,BILL_AMT2,BILL_AMT3,BILL_AMT4,BILL_AMT5,BILL_AMT6,PAY_AMT1,PAY_AMT2,PAY_AMT3,PAY_AMT4,PAY_AMT5,PAY_AMT6
0.24050632911392406,0.0,0.16666666666666666,0.6666666666666666,0.11111111111111116,0.30000000000000004,0.1111111111111111,0.1,0.1,0.1,0.1,0.02397273713341192,0.052170277363248085,0.08498462462799523,0.08254825815189706,0.14977630938258776,0.40450151804368634,0.014672915002898503,0.00439660919156177,0.011835112674057369,0.025949515805682347,0.014499923982982495,0.012230483271375466
