LIMIT_BAL,SEX,EDUCATION,MARRIAGE,AGE,PAY_0,PAY_2,PAY_3,PAY_4,PAY_5,PAY_6,BILL_AMT1,BILL_AMT2,BILL_AMT3,BILL_AMT4,BILL_AMT5,BILL_AMT6,PAY_AMT1,PAY_AMT2,PAY_AMT3,PAY_AMT4,PAY_AMT5,PAY_AMT6
0.05063291139240507,0.0,0.16666666666666666,0.3333333333333333,0.5185185185185185,0.2,0.2222222222222222,0.2,0.2,0.2,0.2,0.1031901384020582,0.10327021046673185,0.1559457215530859,0.11844746888165741,0.18106848625667069,0.43336602605340274,0.005067314201857474,0.0020373536568868257,0.003942409285162349,0.0037495687995880472,0.0032365211520572266,0.002522924411400248
