LIMIT_BAL,SEX,EDUCATION,MARRIAGE,AGE,PAY_0,PAY_2,PAY_3,PAY_4,PAY_5,PAY_6,BILL_AMT1,BILL_AMT2,BILL_AMT3,BILL_AMT4,BILL_AMT5,BILL_AMT6,PAY_AMT1,PAY_AMT2,PAY_AMT3,PAY_AMT4,PAY_AMT5,PAY_AMT6
0.05063291139240507,0.0,0.5,0.3333333333333333,0.6666666666666667,0.5,0.4444444444444444,0.2,0.2,0.2,0.2,0.04420640539229614,0.0588071836566665,0.0983330554817369,0.09595146916931854,0.1553007650251795,0.4144429172217984,0.0,0.0013039063404075685,0.0013141364283874495,0.001249856266529349,0.001546108830600586,0.001486988847583643
