LIMIT_BAL,SEX,EDUCATION,MARRIAGE,AGE,PAY_0,PAY_2,PAY_3,PAY_4,PAY_5,PAY_6,BILL_AMT1,BILL_AMT2,BILL_AMT3,BILL_AMT4,BILL_AMT5,BILL_AMT6,PAY_AMT1,PAY_AMT2,PAY_AMT3,PAY_AMT4,PAY_AMT5,PAY_AMT6
0.05063291139240507,0.0,0.3333333333333333,0.6666666666666666,0.05555555555555558,0.2,0.2222222222222222,0.2,0.2,0.2,0.2,0.05335786279720653,0.0682344465599753,0.11083472671782438,0.1088962202525425,0.17030878782234163,0.4259146637981441,0.0026816226756229754,0.001347913179396324,0.004468063856517328,0.0037495687995880472,0.0038652720765014648,0.0024783147459727386
