LIMIT_BAL,SEX,EDUCATION,MARRIAGE,AGE,PAY_0,PAY_2,PAY_3,PAY_4,PAY_5,PAY_6,BILL_AMT1,BILL_AMT2,BILL_AMT3,BILL_AMT4,BILL_AMT5,BILL_AMT6,PAY_AMT1,PAY_AMT2,PAY_AMT3,PAY_AMT4,PAY_AMT5,PAY_AMT6
0.05063291139240507,0.0,0.5,0.3333333333333333,0.38888888888888884,0.2,0.2222222222222222,0.2,0.2,0.2,0.2,0.09033100648764553,0.08049966551741883,0.11543330818913936,0.102238063561125,0.16226638300931692,0.41944291136288797,0.0028883690950587603,0.0016298829255094608,0.0033983568038099443,0.0016098148712898016,0.0017161808019666505,0.0016753407682775713
