LIMIT_BAL,SEX,EDUCATION,MARRIAGE,AGE,PAY_0,PAY_2,PAY_3,PAY_4,PAY_5,PAY_6,BILL_AMT1,BILL_AMT2,BILL_AMT3,BILL_AMT4,BILL_AMT5,BILL_AMT6,PAY_AMT1,PAY_AMT2,PAY_AMT3,PAY_AMT4,PAY_AMT5,PAY_AMT6
0.3164556962025316,1.0,0.3333333333333333,0.6666666666666666,0.2592592592592593,0.1,0.1111111111111111,0.1,0.1,0.1,0.1,0.024324354021696644,0.04314568002881696,0.07644770310263949,0.07611633495742015,0.13321438025117402,0.39816100520154063,0.0003810620279796821,0.0001532089949978893,0.000494115297073681,0.00048494423141338743,0.0004844474335881836,0.0005477075588599753
