LIMIT_BAL,SEX,EDUCATION,MARRIAGE,AGE,PAY_0,PAY_2,PAY_3,PAY_4,PAY_5,PAY_6,BILL_AMT1,BILL_AMT2,BILL_AMT3,BILL_AMT4,BILL_AMT5,BILL_AMT6,PAY_AMT1,PAY_AMT2,PAY_AMT3,PAY_AMT4,PAY_AMT5,PAY_AMT6
0.4936708860759494,1.0,0.3333333333333333,0.6666666666666666,0.18518518518518523,0.2,0.2222222222222222,0.2,0.2,0.2,0.2,0.03834978659680374,0.052547213502804516,0.0886126512159171,0.0861380294013652,0.14087116792972618,0.40582446001352235,0.0030403885211144847,0.0012224121941320956,0.002628272856774899,0.002499712533058698,0.0077305441530029296,0.007434944237918216
