LIMIT_BAL,SEX,EDUCATION,MARRIAGE,AGE,PAY_0,PAY_2,PAY_3,PAY_4,PAY_5,PAY_6,BILL_AMT1,BILL_AMT2,BILL_AMT3,BILL_AMT4,BILL_AMT5,BILL_AMT6,PAY_AMT1,PAY_AMT2,PAY_AMT3,PAY_AMT4,PAY_AMT5,PAY_AMT6
0.24050632911392406,1.0,0.16666666666666666,0.6666666666666666,0.2962962962962963,0.2,0.2222222222222222,0.2,0.2,0.2,0.2,0.18950894503945487,0.1752431431070859,0.2241024430583043,0.21208116838364408,0.2840478688117437,0.5081245510609901,0.00810770272297196,0.0026485597539528736,0.008541886784518421,0.008748993865705443,0.009173579061563476,0.012391573729863693
