LIMIT_BAL,SEX,EDUCATION,MARRIAGE,AGE,PAY_0,PAY_2,PAY_3,PAY_4,PAY_5,PAY_6,BILL_AMT1,BILL_AMT2,BILL_AMT3,BILL_AMT4,BILL_AMT5,BILL_AMT6,PAY_AMT1,PAY_AMT2,PAY_AMT3,PAY_AMT4,PAY_AMT5,PAY_AMT6
0.3164556962025316,1.0,0.3333333333333333,0.6666666666666666,0.2592592592592593,0.0,0.0,0.0,0.0,0.0,0.0,0.024018258962698786,0.0428948180929347,0.08025234426968221,0.07926562509363969,0.1336032653274641,0.3979407101702482,0.0,0.002043058247126109,0.006037142752011943,0.0010798758142813575,0.0,0.0016084262701363075
