LIMIT_BAL,SEX,EDUCATION,MARRIAGE,AGE,PAY_0,PAY_2,PAY_3,PAY_4,PAY_5,PAY_6,BILL_AMT1,BILL_AMT2,BILL_AMT3,BILL_AMT4,BILL_AMT5,BILL_AMT6,PAY_AMT1,PAY_AMT2,PAY_AMT3,PAY_AMT4,PAY_AMT5,PAY_AMT6
0.06329113924050633,0.0,0.8333333333333333,0.6666666666666666,0.03703703703703709,0.1,0.1111111111111111,0.1,0.1,0.1,0.1,0.03244764597202448,0.04324087891730562,0.07589970272630188,0.07650887254813829,0.13322745201844427,0.39817037945819134,0.00202692568074299,0.0,0.002628272856774899,0.0,0.0010307392204003906,0.0007434944237918215
