LIMIT_BAL,SEX,EDUCATION,MARRIAGE,AGE,PAY_0,PAY_2,PAY_3,PAY_4,PAY_5,PAY_6,BILL_AMT1,BILL_AMT2,BILL_AMT3,BILL_AMT4,BILL_AMT5,BILL_AMT6,PAY_AMT1,PAY_AMT2,PAY_AMT3,PAY_AMT4,PAY_AMT5,PAY_AMT6
0.05063291139240507,1.0,0.3333333333333333,0.6666666666666666,0.07407407407407407,0.2,0.2222222222222222,0.2,0.2,0.2,0.2,0.060963147724614905,0.07878222611022488,0.1137711504211515,0.10869096204670897,0.17077773747316205,0.4185793079689384,0.00976978178118121,0.0012224121941320956,0.002628272856774899,0.004999425066117396,0.0025768480510009765,0.0012391573729863693
