LIMIT_BAL,SEX,EDUCATION,MARRIAGE,AGE,PAY_0,PAY_2,PAY_3,PAY_4,PAY_5,PAY_6,BILL_AMT1,BILL_AMT2,BILL_AMT3,BILL_AMT4,BILL_AMT5,BILL_AMT6,PAY_AMT1,PAY_AMT2,PAY_AMT3,PAY_AMT4,PAY_AMT5,PAY_AMT6
0.15189873417721517,0.0,0.5,0.6666666666666666,0.14814814814814814,0.2,0.2222222222222222,0.2,0.2,0.2,0.2,0.22746787179169212,0.2102467452271909,0.2779517330511902,0.22086382241719255,0.22794547765871576,0.46529825955207454,0.011020394926199635,0.004146422162496068,0.010986180541319078,0.005086915004774451,0.007753735785461939,0.004956629491945477
