LIMIT_BAL,SEX,EDUCATION,MARRIAGE,AGE,PAY_0,PAY_2,PAY_3,PAY_4,PAY_5,PAY_6,BILL_AMT1,BILL_AMT2,BILL_AMT3,BILL_AMT4,BILL_AMT5,BILL_AMT6,PAY_AMT1,PAY_AMT2,PAY_AMT3,PAY_AMT4,PAY_AMT5,PAY_AMT6
0.620253164556962,1.0,0.16666666666666666,0.3333333333333333,0.2222222222222222,0.1,0.1111111111111111,0.1,0.2,0.2,0.1,0.030298701686034372,0.05219472032110328,0.131965753277686,0.2716375110120278,0.25991575245994325,0.3981176492645309,0.016259997810920263,0.027708009733660832,0.2629008773174796,0.0,0.00038910405570114745,0.006646840148698885
