LIMIT_BAL,SEX,EDUCATION,MARRIAGE,AGE,PAY_0,PAY_2,PAY_3,PAY_4,PAY_5,PAY_6,BILL_AMT1,BILL_AMT2,BILL_AMT3,BILL_AMT4,BILL_AMT5,BILL_AMT6,PAY_AMT1,PAY_AMT2,PAY_AMT3,PAY_AMT4,PAY_AMT5,PAY_AMT6
0.3924050632911392,1.0,0.3333333333333333,0.6666666666666666,0.2222222222222222,0.1,0.1111111111111111,0.1,0.1,0.1,0.1,0.04914944816554877,0.04539057273709669,0.09072047194056507,0.0814200871373522,0.13414574366917972,0.4043480145910304,0.003930208894960657,0.007200007823438043,0.009858651485762645,0.0019097803752568454,0.01409020514287334,0.0018562577447335813
