LIMIT_BAL,SEX,EDUCATION,MARRIAGE,AGE,PAY_0,PAY_2,PAY_3,PAY_4,PAY_5,PAY_6,BILL_AMT1,BILL_AMT2,BILL_AMT3,BILL_AMT4,BILL_AMT5,BILL_AMT6,PAY_AMT1,PAY_AMT2,PAY_AMT3,PAY_AMT4,PAY_AMT5,PAY_AMT6
0.34177215189873417,0.0,0.3333333333333333,0.3333333333333333,0.2962962962962963,0.0,0.1111111111111111,0.1,0.0,0.0,0.0,0.027223623631794328,0.05706658776308342,0.0915870388007375,0.08704146515404854,0.14009012983532843,0.40221302763882394,0.022314424819299575,0.0076360015060118235,0.01967525060581689,0.01100373457052439,0.00939518799394956,0.015016109045848823
