LIMIT_BAL,SEX,EDUCATION,MARRIAGE,AGE,PAY_0,PAY_2,PAY_3,PAY_4,PAY_5,PAY_6,BILL_AMT1,BILL_AMT2,BILL_AMT3,BILL_AMT4,BILL_AMT5,BILL_AMT6,PAY_AMT1,PAY_AMT2,PAY_AMT3,PAY_AMT4,PAY_AMT5,PAY_AMT6
0.16455696202531644,0.0,0.5,0.3333333333333333,0.38888888888888884,0.2,0.2222222222222222,0.2,0.2,0.2,0.2,0.24057501918980564,0.2245124273143622,0.31252857607384144,0.16810497234258043,0.2482982192985036,0.48315621847173834,0.014188479765200929,0.004979292337431403,0.013141364283874494,0.025032121306049804,0.012912585583565894,0.012403965303593558
