LIMIT_BAL,SEX,EDUCATION,MARRIAGE,AGE,PAY_0,PAY_2,PAY_3,PAY_4,PAY_5,PAY_6,BILL_AMT1,BILL_AMT2,BILL_AMT3,BILL_AMT4,BILL_AMT5,BILL_AMT6,PAY_AMT1,PAY_AMT2,PAY_AMT3,PAY_AMT4,PAY_AMT5,PAY_AMT6
0.4430379746835443,0.0,0.16666666666666666,0.6666666666666666,0.14814814814814814,0.30000000000000004,0.0,0.1,0.1,0.1,0.1,0.02119119639215957,0.04057788298255545,0.08679698731841298,0.0770707107027921,0.13424541589461542,0.398907430387356,0.0,0.007408632837903254,0.0021683251068392918,0.0020622628397734257,0.002125899642075806,0.0020446096654275093
