LIMIT_BAL,SEX,EDUCATION,MARRIAGE,AGE,PAY_0,PAY_2,PAY_3,PAY_4,PAY_5,PAY_6,BILL_AMT1,BILL_AMT2,BILL_AMT3,BILL_AMT4,BILL_AMT5,BILL_AMT6,PAY_AMT1,PAY_AMT2,PAY_AMT3,PAY_AMT4,PAY_AMT5,PAY_AMT6
0.27848101265822783,1.0,0.16666666666666666,0.6666666666666666,0.14814814814814814,0.2,0.2222222222222222,0.2,0.1,0.2,0.2,0.19196398438444284,0.17496011938455208,0.0761373896365206,0.12207919071333968,0.185726937317608,0.4336566280095758,0.009425204415454903,0.0,0.08112426999721403,0.004999425066117396,0.005153696102001953,0.004956629491945477
