LIMIT_BAL,SEX,EDUCATION,MARRIAGE,AGE,PAY_0,PAY_2,PAY_3,PAY_4,PAY_5,PAY_6,BILL_AMT1,BILL_AMT2,BILL_AMT3,BILL_AMT4,BILL_AMT5,BILL_AMT6,PAY_AMT1,PAY_AMT2,PAY_AMT3,PAY_AMT4,PAY_AMT5,PAY_AMT6
0.012658227848101266,1.0,0.3333333333333333,0.6666666666666666,0.07407407407407407,0.4,0.4444444444444444,0.4,0.4,0.2,0.2,0.051493037514696485,0.06467478001337931,0.10967600303050812,0.10511467491295254,0.16481537762701673,0.4205795399817905,0.0,0.0032597658510189215,0.0,0.000977387600425951,0.0009946633476863769,0.0006171003717472119
