LIMIT_BAL,SEX,EDUCATION,MARRIAGE,AGE,PAY_0,PAY_2,PAY_3,PAY_4,PAY_5,PAY_6,BILL_AMT1,BILL_AMT2,BILL_AMT3,BILL_AMT4,BILL_AMT5,BILL_AMT6,PAY_AMT1,PAY_AMT2,PAY_AMT3,PAY_AMT4,PAY_AMT5,PAY_AMT6
0.10126582278481013,0.0,0.16666666666666666,0.6666666666666666,0.11111111111111116,0.1,0.1111111111111111,0.1,0.1,0.1,0.1,0.029338034116256472,0.04931431070858849,0.08174283926917877,0.07801759527276868,0.13412286807645676,0.40156268858367866,0.010100170667142317,0.0027675412075150643,0.003847791462318452,0.0018747843997940236,0.007965037325644018,0.014728624535315985
