LIMIT_BAL,SEX,EDUCATION,MARRIAGE,AGE,PAY_0,PAY_2,PAY_3,PAY_4,PAY_5,PAY_6,BILL_AMT1,BILL_AMT2,BILL_AMT3,BILL_AMT4,BILL_AMT5,BILL_AMT6,PAY_AMT1,PAY_AMT2,PAY_AMT3,PAY_AMT4,PAY_AMT5,PAY_AMT6
0.13924050632911392,0.0,0.16666666666666666,0.6666666666666666,0.12962962962962965,0.2,0.2222222222222222,0.2,0.2,0.1,0.1,0.20816190701930912,0.06284927700303608,0.1021310942346069,0.0990273457866633,0.1345280928618347,0.3990890566099641,0.002545818655013195,0.0012224121941320956,0.005256545713549798,0.0024947131079925806,0.002525311089980957,0.0
