LIMIT_BAL,SEX,EDUCATION,MARRIAGE,AGE,PAY_0,PAY_2,PAY_3,PAY_4,PAY_5,PAY_6,BILL_AMT1,BILL_AMT2,BILL_AMT3,BILL_AMT4,BILL_AMT5,BILL_AMT6,PAY_AMT1,PAY_AMT2,PAY_AMT3,PAY_AMT4,PAY_AMT5,PAY_AMT6
0.2151898734177215,1.0,0.3333333333333333,0.3333333333333333,0.14814814814814814,0.4,0.4444444444444444,0.4,0.4,0.4,0.4,0.2019269861252604,0.18883600061750633,0.25677779079920576,0.2423005699286241,0.31014401819590004,0.5205735638931757,0.011148091244086444,0.0010659434332831873,0.020035323987195056,0.009748878878928923,2.8345328561010742e-05,0.019083023543990087
