LIMIT_BAL,SEX,EDUCATION,MARRIAGE,AGE,PAY_0,PAY_2,PAY_3,PAY_4,PAY_5,PAY_6,BILL_AMT1,BILL_AMT2,BILL_AMT3,BILL_AMT4,BILL_AMT5,BILL_AMT6,PAY_AMT1,PAY_AMT2,PAY_AMT3,PAY_AMT4,PAY_AMT5,PAY_AMT6
0.4430379746835443,1.0,0.16666666666666666,0.6666666666666666,0.11111111111111116,0.1,0.1111111111111111,0.2,0.2,0.2,0.4,0.027159265183492213,0.04972855452066074,0.084324383210721,0.08366743975596747,0.1436031672892096,0.40242512019554694,0.010777163844510477,0.0008206460529940134,0.005272315350690447,0.006404263509696384,3.349902466301269e-05,0.0074076827757125156
