LIMIT_BAL,SEX,EDUCATION,MARRIAGE,AGE,PAY_0,PAY_2,PAY_3,PAY_4,PAY_5,PAY_6,BILL_AMT1,BILL_AMT2,BILL_AMT3,BILL_AMT4,BILL_AMT5,BILL_AMT6,PAY_AMT1,PAY_AMT2,PAY_AMT3,PAY_AMT4,PAY_AMT5,PAY_AMT6
0.05063291139240507,0.0,0.3333333333333333,0.3333333333333333,0.6111111111111112,0.4,0.4444444444444444,0.4,0.4,0.2,0.2,0.10135984692107614,0.10762620285082078,0.15995833876657,0.14975009438880998,0.21481325346483532,0.4577847928465047,0.005067314201857474,0.0015483887792339876,0.0,0.004841943176534698,0.005730910065426172,0.005323420074349443
