LIMIT_BAL,SEX,EDUCATION,MARRIAGE,AGE,PAY_0,PAY_2,PAY_3,PAY_4,PAY_5,PAY_6,BILL_AMT1,BILL_AMT2,BILL_AMT3,BILL_AMT4,BILL_AMT5,BILL_AMT6,PAY_AMT1,PAY_AMT2,PAY_AMT3,PAY_AMT4,PAY_AMT5,PAY_AMT6
0.620253164556962,0.0,0.3333333333333333,0.3333333333333333,0.18518518518518523,0.2,0.2222222222222222,0.2,0.2,0.2,0.0,0.044416747637966464,0.0522809139093295,0.08244764698211902,0.08249282345397121,0.1325183086440329,0.39477572676854134,0.0022742106137936344,0.0008776919553868446,0.00794526884603052,0.0001349844767851697,3.349902466301269e-05,0.41837918215613384
