LIMIT_BAL,SEX,EDUCATION,MARRIAGE,AGE,PAY_0,PAY_2,PAY_3,PAY_4,PAY_5,PAY_6,BILL_AMT1,BILL_AMT2,BILL_AMT3,BILL_AMT4,BILL_AMT5,BILL_AMT6,PAY_AMT1,PAY_AMT2,PAY_AMT3,PAY_AMT4,PAY_AMT5,PAY_AMT6
0.012658227848101266,0.0,0.5,0.3333333333333333,0.35185185185185186,0.2,0.2222222222222222,0.2,0.2,0.2,0.2,0.05568575496384154,0.09075798898780427,0.10561386771072843,0.100405722059414,0.15693473593396146,0.4198424890526259,0.0026512187904118305,0.0020096456471531653,0.0014586914355100688,0.001457332406773221,0.011016025418029174,0.0024114002478314747
