LIMIT_BAL,SEX,EDUCATION,MARRIAGE,AGE,PAY_0,PAY_2,PAY_3,PAY_4,PAY_5,PAY_6,BILL_AMT1,BILL_AMT2,BILL_AMT3,BILL_AMT4,BILL_AMT5,BILL_AMT6,PAY_AMT1,PAY_AMT2,PAY_AMT3,PAY_AMT4,PAY_AMT5,PAY_AMT6
0.012658227848101266,0.0,0.5,0.3333333333333333,0.42592592592592593,0.4,0.4444444444444444,0.4,0.4,0.2,0.2,0.043550263163264824,0.05955462357844903,0.10160290110078751,0.09813289944445443,0.1582141351555377,0.416789996730728,0.00202692568074299,0.002200341949437772,0.0,0.0021247556530998935,0.00219032084335083,0.0021065675340768276
