LIMIT_BAL,SEX,EDUCATION,MARRIAGE,AGE,PAY_0,PAY_2,PAY_3,PAY_4,PAY_5,PAY_6,BILL_AMT1,BILL_AMT2,BILL_AMT3,BILL_AMT4,BILL_AMT5,BILL_AMT6,PAY_AMT1,PAY_AMT2,PAY_AMT3,PAY_AMT4,PAY_AMT5,PAY_AMT6
0.16455696202531644,0.0,0.16666666666666666,0.6666666666666666,0.2222222222222222,0.2,0.2222222222222222,0.2,0.2,0.2,0.2,0.2263518021150384,0.17608320897442498,0.21898557207442904,0.17917093663664202,0.21013192681117507,0.4006346371752552,0.009398854381605244,0.0016975230669181033,0.003950294103732673,0.00270718867330257,0.002888646665172095,0.16664931846344486
