LIMIT_BAL,SEX,EDUCATION,MARRIAGE,AGE,PAY_0,PAY_2,PAY_3,PAY_4,PAY_5,PAY_6,BILL_AMT1,BILL_AMT2,BILL_AMT3,BILL_AMT4,BILL_AMT5,BILL_AMT6,PAY_AMT1,PAY_AMT2,PAY_AMT3,PAY_AMT4,PAY_AMT5,PAY_AMT6
0.08860759493670886,0.0,0.5,0.3333333333333333,0.462962962962963,0.4,0.4444444444444444,0.2,0.2,0.2,0.2,0.08705971365199659,0.0931032264704369,0.11222288429764343,0.10924081432073018,0.17009637160419996,0.42551391432632485,0.00016215405445943918,0.0012224121941320956,0.0020947334668495942,0.0020672622648395434,0.002947914170345117,0.001650557620817844
