LIMIT_BAL,SEX,EDUCATION,MARRIAGE,AGE,PAY_0,PAY_2,PAY_3,PAY_4,PAY_5,PAY_6,BILL_AMT1,BILL_AMT2,BILL_AMT3,BILL_AMT4,BILL_AMT5,BILL_AMT6,PAY_AMT1,PAY_AMT2,PAY_AMT3,PAY_AMT4,PAY_AMT5,PAY_AMT6
0.34177215189873417,0.0,0.16666666666666666,0.6666666666666666,0.2592592592592593,0.30000000000000004,0.1111111111111111,0.1,0.1,0.1,0.1,0.024029246990457682,0.0434389955230793,0.077510691784451,0.07583466676255371,0.1342568536909769,0.3984281715160868,0.0008432010831890838,0.0006780312970119356,0.0,0.0020797608275048367,0.0010719687892164062,0.0
