LIMIT_BAL,SEX,EDUCATION,MARRIAGE,AGE,PAY_0,PAY_2,PAY_3,PAY_4,PAY_5,PAY_6,BILL_AMT1,BILL_AMT2,BILL_AMT3,BILL_AMT4,BILL_AMT5,BILL_AMT6,PAY_AMT1,PAY_AMT2,PAY_AMT3,PAY_AMT4,PAY_AMT5,PAY_AMT6
0.16455696202531644,1.0,0.16666666666666666,0.6666666666666666,0.03703703703703709,0.2,0.2222222222222222,0.4,0.2,0.2,0.2,0.16575753817947217,0.16092342921833994,0.2240694309874406,0.19873489029922753,0.27144505119230855,0.4973007999756269,0.020283445287195098,0.0008459092383394101,0.010250264141422105,0.01249856266529349,0.010307392204003906,0.012391573729863693
