LIMIT_BAL,SEX,EDUCATION,MARRIAGE,AGE,PAY_0,PAY_2,PAY_3,PAY_4,PAY_5,PAY_6,BILL_AMT1,BILL_AMT2,BILL_AMT3,BILL_AMT4,BILL_AMT5,BILL_AMT6,PAY_AMT1,PAY_AMT2,PAY_AMT3,PAY_AMT4,PAY_AMT5,PAY_AMT6
0.12658227848101264,1.0,0.16666666666666666,0.6666666666666666,0.14814814814814814,0.2,0.2222222222222222,0.2,0.2,0.2,0.2,0.09956879839637583,0.10663176040755418,0.1593641214910232,0.15222967344468216,0.21788675274425415,0.4602865475901715,0.005067314201857474,0.0020373536568868257,0.005256545713549798,0.004999425066117396,0.0053005764409090085,0.006195786864931847
