LIMIT_BAL,SEX,EDUCATION,MARRIAGE,AGE,PAY_0,PAY_2,PAY_3,PAY_4,PAY_5,PAY_6,BILL_AMT1,BILL_AMT2,BILL_AMT3,BILL_AMT4,BILL_AMT5,BILL_AMT6,PAY_AMT1,PAY_AMT2,PAY_AMT3,PAY_AMT4,PAY_AMT5,PAY_AMT6
0.12658227848101264,1.0,0.3333333333333333,0.3333333333333333,0.35185185185185186,0.2,0.2222222222222222,0.2,0.2,0.2,0.2,0.03259519948764396,0.05147172335717594,0.08866547052929905,0.08880488784212198,0.14762436969572196,0.4089167929261859,0.0026350033849658868,0.0009779297553056765,0.0031539274281298787,0.001249856266529349,0.0012884240255004883,0.0024783147459727386
