LIMIT_BAL,SEX,EDUCATION,MARRIAGE,AGE,PAY_0,PAY_2,PAY_3,PAY_4,PAY_5,PAY_6,BILL_AMT1,BILL_AMT2,BILL_AMT3,BILL_AMT4,BILL_AMT5,BILL_AMT6,PAY_AMT1,PAY_AMT2,PAY_AMT3,PAY_AMT4,PAY_AMT5,PAY_AMT6
0.012658227848101266,0.0,0.5,0.3333333333333333,0.5555555555555556,0.2,0.2222222222222222,0.2,0.2,0.2,0.2,0.04751537146597557,0.06551999176658263,0.10873350840734916,0.1047356214379461,0.16721077897929107,0.3979407101702482,0.005857815217347241,0.0020031261154511274,0.002628272856774899,0.0005249396319423266,0.0,0.0
