LIMIT_BAL,SEX,EDUCATION,MARRIAGE,AGE,PAY_0,PAY_2,PAY_3,PAY_4,PAY_5,PAY_6,BILL_AMT1,BILL_AMT2,BILL_AMT3,BILL_AMT4,BILL_AMT5,BILL_AMT6,PAY_AMT1,PAY_AMT2,PAY_AMT3,PAY_AMT4,PAY_AMT5,PAY_AMT6
0.13924050632911392,1.0,0.3333333333333333,0.3333333333333333,0.16666666666666674,0.2,0.2222222222222222,0.2,0.2,0.2,0.2,0.2140248046878066,0.19883831626614523,0.27311876587674283,0.25911975692634076,0.3310228984683157,0.5410082716097122,0.009526550699492053,0.0035857424361208138,0.013141364283874494,0.011498677652070011,0.012884240255004883,0.011152416356877325
