LIMIT_BAL,SEX,EDUCATION,MARRIAGE,AGE,PAY_0,PAY_2,PAY_3,PAY_4,PAY_5,PAY_6,BILL_AMT1,BILL_AMT2,BILL_AMT3,BILL_AMT4,BILL_AMT5,BILL_AMT6,PAY_AMT1,PAY_AMT2,PAY_AMT3,PAY_AMT4,PAY_AMT5,PAY_AMT6
0.05063291139240507,0.0,0.5,0.3333333333333333,0.537037037037037,0.4,0.2222222222222222,0.2,0.2,0.2,0.2,0.10032854202999103,0.10663561982195235,0.15797926511829052,0.10534240664497221,0.16558334395414426,0.42126386071729466,0.004256543929560278,0.0012224121941320956,0.002628272856774899,0.002499712533058698,0.0025768480510009765,0.0017348203221809171
