LIMIT_BAL,SEX,EDUCATION,MARRIAGE,AGE,PAY_0,PAY_2,PAY_3,PAY_4,PAY_5,PAY_6,BILL_AMT1,BILL_AMT2,BILL_AMT3,BILL_AMT4,BILL_AMT5,BILL_AMT6,PAY_AMT1,PAY_AMT2,PAY_AMT3,PAY_AMT4,PAY_AMT5,PAY_AMT6
0.15189873417721517,1.0,0.16666666666666666,0.6666666666666666,0.05555555555555558,0.2,0.1111111111111111,0.1,0.4,0.2,0.2,0.03960085204306679,0.049979416456543,0.07724329401045493,0.0768384842655352,0.13399215040375423,0.39872580416474784,0.011259572156527307,0.0005460107800456693,0.0,0.0,0.0,0.0
