LIMIT_BAL,SEX,EDUCATION,MARRIAGE,AGE,PAY_0,PAY_2,PAY_3,PAY_4,PAY_5,PAY_6,BILL_AMT1,BILL_AMT2,BILL_AMT3,BILL_AMT4,BILL_AMT5,BILL_AMT6,PAY_AMT1,PAY_AMT2,PAY_AMT3,PAY_AMT4,PAY_AMT5,PAY_AMT6
0.2531645569620253,1.0,0.8333333333333333,0.3333333333333333,0.35185185185185186,0.2,0.2222222222222222,0.2,0.2,0.2,0.1,0.3480913010923669,0.30336540935522055,0.3620813450438153,0.2021388803988901,0.17517802113051179,0.5620675391756044,0.016497148115567194,0.008155119217786586,0.014741982453650408,0.004999425066117396,0.3894622375802366,0.014869888475836432
