LIMIT_BAL,SEX,EDUCATION,MARRIAGE,AGE,PAY_0,PAY_2,PAY_3,PAY_4,PAY_5,PAY_6,BILL_AMT1,BILL_AMT2,BILL_AMT3,BILL_AMT4,BILL_AMT5,BILL_AMT6,PAY_AMT1,PAY_AMT2,PAY_AMT3,PAY_AMT4,PAY_AMT5,PAY_AMT6
0.1139240506329114,1.0,0.16666666666666666,0.3333333333333333,0.09259259259259262,0.2,0.2222222222222222,0.2,0.2,0.2,0.2,0.17869358628819715,0.1662108269438584,0.2366338251581691,0.21596609194369032,0.20475126060855614,0.45127085625632024,0.0087178073528756,0.003760954850613081,0.007172556626138699,0.0031871334796498402,0.12124585449569796,0.004163568773234201
