LIMIT_BAL,SEX,EDUCATION,MARRIAGE,AGE,PAY_0,PAY_2,PAY_3,PAY_4,PAY_5,PAY_6,BILL_AMT1,BILL_AMT2,BILL_AMT3,BILL_AMT4,BILL_AMT5,BILL_AMT6,PAY_AMT1,PAY_AMT2,PAY_AMT3,PAY_AMT4,PAY_AMT5,PAY_AMT6
0.10126582278481013,1.0,0.3333333333333333,0.6666666666666666,0.12962962962962965,0.30000000000000004,0.4444444444444444,0.4,0.4,0.2,0.2,0.1550693266065674,0.15773941233983432,0.22452004575473022,0.20574063752899086,0.27568193775878014,0.5014688288389632,0.01621540544594392,0.002444824388264191,0.0,0.0074991375991760945,0.012884240255004883,0.012391573729863693
