LIMIT_BAL,SEX,EDUCATION,MARRIAGE,AGE,PAY_0,PAY_2,PAY_3,PAY_4,PAY_5,PAY_6,BILL_AMT1,BILL_AMT2,BILL_AMT3,BILL_AMT4,BILL_AMT5,BILL_AMT6,PAY_AMT1,PAY_AMT2,PAY_AMT3,PAY_AMT4,PAY_AMT5,PAY_AMT6
0.34177215189873417,1.0,0.3333333333333333,0.6666666666666666,0.09259259259259262,0.2,0.2222222222222222,0.2,0.2,0.2,0.2,0.1342532928764616,0.13229686615550867,0.2176485832044487,0.27231021856253335,0.3476240429015402,0.5511605915624659,0.006415219779551563,0.016310238435573172,0.1314504386587398,0.012536058353289371,0.011642199494422412,0.011422552664188353
