LIMIT_BAL,SEX,EDUCATION,MARRIAGE,AGE,PAY_0,PAY_2,PAY_3,PAY_4,PAY_5,PAY_6,BILL_AMT1,BILL_AMT2,BILL_AMT3,BILL_AMT4,BILL_AMT5,BILL_AMT6,PAY_AMT1,PAY_AMT2,PAY_AMT3,PAY_AMT4,PAY_AMT5,PAY_AMT6
0.13924050632911392,1.0,0.3333333333333333,0.3333333333333333,0.14814814814814814,0.1,0.1111111111111111,0.1,0.1,0.1,0.1,0.026675791962100723,0.04374903514640045,0.07973405475712195,0.07796665528008007,0.13289738989487032,0.40007335355829204,0.0013316901722481443,0.0018898492521282196,0.003740032275190681,0.0,0.004689863452821777,0.006185873605947956
