LIMIT_BAL,SEX,EDUCATION,MARRIAGE,AGE,PAY_0,PAY_2,PAY_3,PAY_4,PAY_5,PAY_6,BILL_AMT1,BILL_AMT2,BILL_AMT3,BILL_AMT4,BILL_AMT5,BILL_AMT6,PAY_AMT1,PAY_AMT2,PAY_AMT3,PAY_AMT4,PAY_AMT5,PAY_AMT6
0.0379746835443038,0.0,0.3333333333333333,0.3333333333333333,0.2962962962962963,0.2,0.2222222222222222,0.4,0.2,0.2,0.2,0.03911109994867021,0.058504862862141724,0.09536196910400288,0.09551847923146534,0.15724845834844758,0.41863906885508684,0.006080777042228969,0.0,0.005256545713549798,0.004999425066117396,0.0077305441530029296,0.004956629491945477
