LIMIT_BAL,SEX,EDUCATION,MARRIAGE,AGE,PAY_0,PAY_2,PAY_3,PAY_4,PAY_5,PAY_6,BILL_AMT1,BILL_AMT2,BILL_AMT3,BILL_AMT4,BILL_AMT5,BILL_AMT6,PAY_AMT1,PAY_AMT2,PAY_AMT3,PAY_AMT4,PAY_AMT5,PAY_AMT6
0.025316455696202535,1.0,0.5,0.3333333333333333,0.16666666666666674,0.1,0.1111111111111111,0.1,0.1,0.2,0.2,0.02635713915709269,0.044676581073431795,0.08006747667284543,0.08027993024217471,0.13575030310160358,0.39885470019369557,0.0027931035880638397,0.002266352207920905,0.008060912851728615,8.748993865705443e-05,0.002009941479780762,0.00819826517967782
