LIMIT_BAL,SEX,EDUCATION,MARRIAGE,AGE,PAY_0,PAY_2,PAY_3,PAY_4,PAY_5,PAY_6,BILL_AMT1,BILL_AMT2,BILL_AMT3,BILL_AMT4,BILL_AMT5,BILL_AMT6,PAY_AMT1,PAY_AMT2,PAY_AMT3,PAY_AMT4,PAY_AMT5,PAY_AMT6
0.0379746835443038,0.0,0.16666666666666666,0.6666666666666666,0.05555555555555558,0.2,0.2222222222222222,0.2,0.2,0.2,0.1,0.0827555462070113,0.0924136777646272,0.14146002485808937,0.13463589891108274,0.14872566608824098,0.43734188265539875,0.00405385136148598,0.016298829255094606,0.0035718228123570875,0.001499827519835219,0.08664651571490783,0.0015241635687732343
