LIMIT_BAL,SEX,EDUCATION,MARRIAGE,AGE,PAY_0,PAY_2,PAY_3,PAY_4,PAY_5,PAY_6,BILL_AMT1,BILL_AMT2,BILL_AMT3,BILL_AMT4,BILL_AMT5,BILL_AMT6,PAY_AMT1,PAY_AMT2,PAY_AMT3,PAY_AMT4,PAY_AMT5,PAY_AMT6
0.20253164556962022,1.0,0.16666666666666666,0.3333333333333333,0.2592592592592593,0.4,0.4444444444444444,0.4,0.4,0.4,0.4,0.2310892117973745,0.21423352030051976,0.29354003291303465,0.28430359037054354,0.36326604641130966,0.566896453132818,0.009729243267566351,0.0016298829255094608,0.028911001424523887,0.01374841893182284,0.01417266428050537,0.013382899628252789
