LIMIT_BAL,SEX,EDUCATION,MARRIAGE,AGE,PAY_0,PAY_2,PAY_3,PAY_4,PAY_5,PAY_6,BILL_AMT1,BILL_AMT2,BILL_AMT3,BILL_AMT4,BILL_AMT5,BILL_AMT6,PAY_AMT1,PAY_AMT2,PAY_AMT3,PAY_AMT4,PAY_AMT5,PAY_AMT6
0.2911392405063291,1.0,0.5,0.3333333333333333,0.3148148148148149,0.2,0.2222222222222222,0.4,0.2,0.2,0.2,0.19222141817765132,0.1887845417588638,0.2578424300845604,0.24404451556066953,0.32044293683395264,0.5349454711208447,0.019255793967058402,0.0,0.010563028611378318,0.0107912590052144,0.010833069206408105,0.010691449814126395
