LIMIT_BAL,SEX,EDUCATION,MARRIAGE,AGE,PAY_0,PAY_2,PAY_3,PAY_4,PAY_5,PAY_6,BILL_AMT1,BILL_AMT2,BILL_AMT3,BILL_AMT4,BILL_AMT5,BILL_AMT6,PAY_AMT1,PAY_AMT2,PAY_AMT3,PAY_AMT4,PAY_AMT5,PAY_AMT6
0.7721518987341772,1.0,0.16666666666666666,0.6666666666666666,0.5740740740740741,0.1,0.1111111111111111,0.1,0.2,0.1,0.1,0.07331840008036958,0.08428446457057584,0.10453767420057145,0.32241719254717943,0.2566592484387408,0.4620805459567073,0.06554064188682457,0.01405285058374257,0.4069249733230305,0.19072806627237868,0.14175756498166572,0.13664436183395293
