LIMIT_BAL,SEX,EDUCATION,MARRIAGE,AGE,PAY_0,PAY_2,PAY_3,PAY_4,PAY_5,PAY_6,BILL_AMT1,BILL_AMT2,BILL_AMT3,BILL_AMT4,BILL_AMT5,BILL_AMT6,PAY_AMT1,PAY_AMT2,PAY_AMT3,PAY_AMT4,PAY_AMT5,PAY_AMT6
0.16455696202531644,1.0,0.3333333333333333,0.3333333333333333,0.2407407407407407,0.1,0.2222222222222222,0.2,0.2,0.2,0.2,0.11303541127403043,0.11183811043071065,0.16658056018183048,0.15966241767198242,0.22620203069904543,0.46615014512521075,0.006080777042228969,0.002444824388264191,0.007884818570324697,0.0074991375991760945,0.006442120127502442,0.006195786864931847
