LIMIT_BAL,SEX,EDUCATION,MARRIAGE,AGE,PAY_0,PAY_2,PAY_3,PAY_4,PAY_5,PAY_6,BILL_AMT1,BILL_AMT2,BILL_AMT3,BILL_AMT4,BILL_AMT5,BILL_AMT6,PAY_AMT1,PAY_AMT2,PAY_AMT3,PAY_AMT4,PAY_AMT5,PAY_AMT6
0.4430379746835443,1.0,0.3333333333333333,0.6666666666666666,0.16666666666666674,0.2,0.2222222222222222,0.2,0.2,0.2,0.1,0.03566085923237638,0.051629959347501676,0.08880082001984026,0.0883898767252177,0.1403826106280004,0.40245558652966185,0.0022600221340284337,0.000946147038258242,0.0026966079510510462,0.0038070621878483974,0.009977555653475781,0.006508054522924411
