LIMIT_BAL,SEX,EDUCATION,MARRIAGE,AGE,PAY_0,PAY_2,PAY_3,PAY_4,PAY_5,PAY_6,BILL_AMT1,BILL_AMT2,BILL_AMT3,BILL_AMT4,BILL_AMT5,BILL_AMT6,PAY_AMT1,PAY_AMT2,PAY_AMT3,PAY_AMT4,PAY_AMT5,PAY_AMT6
0.2531645569620253,1.0,0.16666666666666666,0.3333333333333333,0.42592592592592593,0.0,0.0,0.0,0.0,0.0,0.0,0.024029246990457682,0.04299387639582154,0.11629492323868224,0.07700329012423365,0.13289738989487032,0.39983313823161676,0.00014188479765200928,0.019769664944967003,0.002050052828284421,0.0,0.004161609602366577,0.02031722428748451
