LIMIT_BAL,SEX,EDUCATION,MARRIAGE,AGE,PAY_0,PAY_2,PAY_3,PAY_4,PAY_5,PAY_6,BILL_AMT1,BILL_AMT2,BILL_AMT3,BILL_AMT4,BILL_AMT5,BILL_AMT6,PAY_AMT1,PAY_AMT2,PAY_AMT3,PAY_AMT4,PAY_AMT5,PAY_AMT6
0.36708860759493667,0.0,0.16666666666666666,0.6666666666666666,0.18518518518518523,0.2,0.2222222222222222,0.1,0.2,0.1,0.1,0.05035656150077622,0.044116965985694444,0.1396030958720056,0.12066935150392838,0.18807495351352765,0.4225715695200732,0.0018931485858139523,0.03137524631605712,0.0780597038462145,0.08441279252885918,0.054165346032040526,0.013427509293680298
