LIMIT_BAL,SEX,EDUCATION,MARRIAGE,AGE,PAY_0,PAY_2,PAY_3,PAY_4,PAY_5,PAY_6,BILL_AMT1,BILL_AMT2,BILL_AMT3,BILL_AMT4,BILL_AMT5,BILL_AMT6,PAY_AMT1,PAY_AMT2,PAY_AMT3,PAY_AMT4,PAY_AMT5,PAY_AMT6
0.3291139240506329,0.0,0.16666666666666666,0.6666666666666666,0.2777777777777778,0.0,0.0,0.0,0.0,0.0,0.0,0.042024497023029336,0.0453211032779293,0.08751995167032826,0.08869401844627028,0.13433528429459843,0.4036367428676554,0.003808593354116078,0.005630430566172432,0.022568979021126055,0.002199747029091654,0.012526058375915748,0.007960346964064436
