LIMIT_BAL,SEX,EDUCATION,MARRIAGE,AGE,PAY_0,PAY_2,PAY_3,PAY_4,PAY_5,PAY_6,BILL_AMT1,BILL_AMT2,BILL_AMT3,BILL_AMT4,BILL_AMT5,BILL_AMT6,PAY_AMT1,PAY_AMT2,PAY_AMT3,PAY_AMT4,PAY_AMT5,PAY_AMT6
0.1772151898734177,0.0,0.16666666666666666,0.6666666666666666,0.2407407407407407,0.4,0.5555555555555556,0.4,0.2,0.2,0.2,0.07481748101033345,0.08349071167601503,0.1269083040213654,0.12492284089342753,0.19209452194913124,0.49148055837759735,0.0,0.0,0.006662671691924369,0.01249856266529349,0.012884240255004883,0.007434944237918216
