LIMIT_BAL,SEX,EDUCATION,MARRIAGE,AGE,PAY_0,PAY_2,PAY_3,PAY_4,PAY_5,PAY_6,BILL_AMT1,BILL_AMT2,BILL_AMT3,BILL_AMT4,BILL_AMT5,BILL_AMT6,PAY_AMT1,PAY_AMT2,PAY_AMT3,PAY_AMT4,PAY_AMT5,PAY_AMT6
0.13924050632911392,0.0,0.3333333333333333,0.3333333333333333,0.3148148148148149,0.30000000000000004,0.4444444444444444,0.4,0.4,0.4,0.4,0.20665654721634014,0.1869371687335975,0.26728388235158185,0.21448433745048334,0.26946631242177366,0.47018107548502985,0.0,0.005526118058939827,0.0,0.013873404558475775,0.0,0.0
