LIMIT_BAL,SEX,EDUCATION,MARRIAGE,AGE,PAY_0,PAY_2,PAY_3,PAY_4,PAY_5,PAY_6,BILL_AMT1,BILL_AMT2,BILL_AMT3,BILL_AMT4,BILL_AMT5,BILL_AMT6,PAY_AMT1,PAY_AMT2,PAY_AMT3,PAY_AMT4,PAY_AMT5,PAY_AMT6
0.025316455696202535,1.0,0.3333333333333333,0.6666666666666666,0.2777777777777778,0.2,0.2222222222222222,0.2,0.2,0.2,0.2,0.06568172078793577,0.07780708073894921,0.12118896274422744,0.11756500842008114,0.17870249638075444,0.43163647570134084,0.0029045845005047045,0.0012069283063397558,0.0037584301851881054,0.002499712533058698,0.003976076542694507,0.002973977695167286
