LIMIT_BAL,SEX,EDUCATION,MARRIAGE,AGE,PAY_0,PAY_2,PAY_3,PAY_4,PAY_5,PAY_6,BILL_AMT1,BILL_AMT2,BILL_AMT3,BILL_AMT4,BILL_AMT5,BILL_AMT6,PAY_AMT1,PAY_AMT2,PAY_AMT3,PAY_AMT4,PAY_AMT5,PAY_AMT6
0.620253164556962,1.0,0.16666666666666666,0.3333333333333333,0.33333333333333337,0.1,0.2222222222222222,0.1,0.1,0.1,0.1,0.06931875797613087,0.18743117377656565,0.12042968511436207,0.1254562125815789,0.16847057054996195,0.45919796203660407,0.18377729762160538,0.021868139211560434,0.08792098360483391,0.05469620993585737,0.1353850197515403,0.14165799256505576
