LIMIT_BAL,SEX,EDUCATION,MARRIAGE,AGE,PAY_0,PAY_2,PAY_3,PAY_4,PAY_5,PAY_6,BILL_AMT1,BILL_AMT2,BILL_AMT3,BILL_AMT4,BILL_AMT5,BILL_AMT6,PAY_AMT1,PAY_AMT2,PAY_AMT3,PAY_AMT4,PAY_AMT5,PAY_AMT6
0.05063291139240507,1.0,0.3333333333333333,0.3333333333333333,0.05555555555555558,0.4,0.2222222222222222,0.2,0.2,0.2,0.2,0.10362965951241411,0.10161966757577318,0.12443239870658707,0.0899810023791973,0.1488972330336631,0.40928824784597156,0.004001151293786662,0.0012647891501953415,0.0008778431341628163,0.0012448568414632317,0.0012884240255004883,0.0012218091697645602
