LIMIT_BAL,SEX,EDUCATION,MARRIAGE,AGE,PAY_0,PAY_2,PAY_3,PAY_4,PAY_5,PAY_6,BILL_AMT1,BILL_AMT2,BILL_AMT3,BILL_AMT4,BILL_AMT5,BILL_AMT6,PAY_AMT1,PAY_AMT2,PAY_AMT3,PAY_AMT4,PAY_AMT5,PAY_AMT6
0.3164556962025316,1.0,0.5,0.3333333333333333,0.7037037037037037,0.2,0.2222222222222222,0.2,0.2,0.2,0.2,0.43040575647077106,0.37890830031389905,0.5094967474857182,0.4333345319213966,0.4517651787727571,0.6273416600168034,0.020269256807429897,0.008964356090302035,0.03434364141947761,0.025004624468186156,0.020614784408007812,0.028470879801734822
