LIMIT_BAL,SEX,EDUCATION,MARRIAGE,AGE,PAY_0,PAY_2,PAY_3,PAY_4,PAY_5,PAY_6,BILL_AMT1,BILL_AMT2,BILL_AMT3,BILL_AMT4,BILL_AMT5,BILL_AMT6,PAY_AMT1,PAY_AMT2,PAY_AMT3,PAY_AMT4,PAY_AMT5,PAY_AMT6
0.1139240506329114,1.0,0.3333333333333333,0.3333333333333333,0.2777777777777778,0.30000000000000004,0.0,0.1,0.2,0.2,0.2,0.024029246990457682,0.04290382339319714,0.10903061704512255,0.1106761235264858,0.17206040463655586,0.4266856964076676,0.0,0.016240153469776267,0.010513091427099596,0.002749683786364568,0.0028345328561010744,0.0034696406443618343
