LIMIT_BAL,SEX,EDUCATION,MARRIAGE,AGE,PAY_0,PAY_2,PAY_3,PAY_4,PAY_5,PAY_6,BILL_AMT1,BILL_AMT2,BILL_AMT3,BILL_AMT4,BILL_AMT5,BILL_AMT6,PAY_AMT1,PAY_AMT2,PAY_AMT3,PAY_AMT4,PAY_AMT5,PAY_AMT6
0.2531645569620253,1.0,0.16666666666666666,0.6666666666666666,0.2222222222222222,0.2,0.2222222222222222,0.2,0.2,0.4,0.1,0.04707585035561967,0.04447331858179386,0.08281903277933578,0.0786378645955065,0.1350542314944625,0.3982418581651533,0.002178945106798714,0.0031970153583868073,0.004528514132223151,1.249856266529349e-05,0.000662249949107251,0.026872366790582407
