LIMIT_BAL,SEX,EDUCATION,MARRIAGE,AGE,PAY_0,PAY_2,PAY_3,PAY_4,PAY_5,PAY_6,BILL_AMT1,BILL_AMT2,BILL_AMT3,BILL_AMT4,BILL_AMT5,BILL_AMT6,PAY_AMT1,PAY_AMT2,PAY_AMT3,PAY_AMT4,PAY_AMT5,PAY_AMT6
0.05063291139240507,0.0,0.16666666666666666,0.6666666666666666,0.12962962962962965,0.30000000000000004,0.0,0.1,0.2,0.2,0.2,0.024029246990457682,0.04290382339319714,0.10295639600619967,0.1014619777901632,0.16041672794057577,0.42353477439093695,0.0,0.013241168886838859,0.004205236570839838,0.0008424031236407812,0.012884240255004883,0.012391573729863693
