LIMIT_BAL,SEX,EDUCATION,MARRIAGE,AGE,PAY_0,PAY_2,PAY_3,PAY_4,PAY_5,PAY_6,BILL_AMT1,BILL_AMT2,BILL_AMT3,BILL_AMT4,BILL_AMT5,BILL_AMT6,PAY_AMT1,PAY_AMT2,PAY_AMT3,PAY_AMT4,PAY_AMT5,PAY_AMT6
0.0,1.0,0.3333333333333333,0.6666666666666666,0.35185185185185186,0.0,0.0,0.0,0.1,0.1,0.1,0.0240229681174526,0.042898677507332894,0.07613078722234785,0.0758736208746097,0.13343006441113323,0.3978387651291714,0.0,0.0,7.884818570324697e-05,0.0007499137599176095,0.0025768480510009765,0.004956629491945477
