LIMIT_BAL,SEX,EDUCATION,MARRIAGE,AGE,PAY_0,PAY_2,PAY_3,PAY_4,PAY_5,PAY_6,BILL_AMT1,BILL_AMT2,BILL_AMT3,BILL_AMT4,BILL_AMT5,BILL_AMT6,PAY_AMT1,PAY_AMT2,PAY_AMT3,PAY_AMT4,PAY_AMT5,PAY_AMT6
0.2151898734177215,0.0,0.5,0.6666666666666666,0.5740740740740741,0.2,0.2222222222222222,0.2,0.2,0.2,0.2,0.1455379973848494,0.13830340143055628,0.20102040311039732,0.18377651126972427,0.2478554131822237,0.48138096861850405,0.006674666266686665,0.002730053900228347,0.008176556857426711,0.006536748273948495,0.006929144409141626,0.006855018587360595
