LIMIT_BAL,SEX,EDUCATION,MARRIAGE,AGE,PAY_0,PAY_2,PAY_3,PAY_4,PAY_5,PAY_6,BILL_AMT1,BILL_AMT2,BILL_AMT3,BILL_AMT4,BILL_AMT5,BILL_AMT6,PAY_AMT1,PAY_AMT2,PAY_AMT3,PAY_AMT4,PAY_AMT5,PAY_AMT6
0.13924050632911392,1.0,0.3333333333333333,0.3333333333333333,0.3148148148148149,0.4,0.4444444444444444,0.4,0.4,0.4,0.4,0.12402029959642544,0.12661323521844287,0.18581999508120145,0.17677525874519817,0.24431133028107568,0.47874563071756415,0.006080777042228969,0.002444824388264191,0.006833509427614737,0.006249281332646745,0.005153696102001953,0.007434944237918216
