LIMIT_BAL,SEX,EDUCATION,MARRIAGE,AGE,PAY_0,PAY_2,PAY_3,PAY_4,PAY_5,PAY_6,BILL_AMT1,BILL_AMT2,BILL_AMT3,BILL_AMT4,BILL_AMT5,BILL_AMT6,PAY_AMT1,PAY_AMT2,PAY_AMT3,PAY_AMT4,PAY_AMT5,PAY_AMT6
0.18987341772151897,0.0,0.3333333333333333,0.6666666666666666,0.2962962962962963,0.1,0.1111111111111111,0.2,0.2,0.2,0.2,0.028879676386885315,0.1099611485617249,0.11958952791088062,0.12023935803623331,0.19086087391300086,0.4426910678567285,0.10573457813595806,0.0040747073137736515,0.018397909997424293,0.019997700264469585,0.012884240255004883,0.002973977695167286
