LIMIT_BAL,SEX,EDUCATION,MARRIAGE,AGE,PAY_0,PAY_2,PAY_3,PAY_4,PAY_5,PAY_6,BILL_AMT1,BILL_AMT2,BILL_AMT3,BILL_AMT4,BILL_AMT5,BILL_AMT6,PAY_AMT1,PAY_AMT2,PAY_AMT3,PAY_AMT4,PAY_AMT5,PAY_AMT6
0.24050632911392406,1.0,0.16666666666666666,0.6666666666666666,0.12962962962962965,0.2,0.2222222222222222,0.2,0.2,0.2,0.2,0.18892971900473585,0.1710981320434313,0.31536266235749105,0.277392231950762,0.34432505563670945,0.5438990580043848,0.06486162178377568,0.048896487765283825,0.016571260361965736,0.010748763892152402,0.011595816229504395,0.011152416356877325
