LIMIT_BAL,SEX,EDUCATION,MARRIAGE,AGE,PAY_0,PAY_2,PAY_3,PAY_4,PAY_5,PAY_6,BILL_AMT1,BILL_AMT2,BILL_AMT3,BILL_AMT4,BILL_AMT5,BILL_AMT6,PAY_AMT1,PAY_AMT2,PAY_AMT3,PAY_AMT4,PAY_AMT5,PAY_AMT6
0.1772151898734177,1.0,0.6666666666666666,0.6666666666666666,0.14814814814814814,0.2,0.2222222222222222,0.1,0.1,0.2,0.2,0.051022122039315165,0.05961637420882005,0.08159263434674889,0.09256096318536763,0.16362094489269713,0.4247639737942655,0.004078174469654895,0.0026974562417181576,0.029342038173034973,0.04699459562150352,0.025768480510009767,0.04190830235439901
