LIMIT_BAL,SEX,EDUCATION,MARRIAGE,AGE,PAY_0,PAY_2,PAY_3,PAY_4,PAY_5,PAY_6,BILL_AMT1,BILL_AMT2,BILL_AMT3,BILL_AMT4,BILL_AMT5,BILL_AMT6,PAY_AMT1,PAY_AMT2,PAY_AMT3,PAY_AMT4,PAY_AMT5,PAY_AMT6
0.5949367088607596,0.0,0.16666666666666666,0.3333333333333333,0.7777777777777777,0.2,0.2222222222222222,0.2,0.4,0.4,0.2,0.6865586595861909,0.5978129985076931,0.8674895475530628,0.8055740337881975,0.9027346137129375,0.948632588900177,0.03258891109498579,0.0453865348851992,0.04468063856517328,0.0,0.04638326491801758,0.05997521685254027
