LIMIT_BAL,SEX,EDUCATION,MARRIAGE,AGE,PAY_0,PAY_2,PAY_3,PAY_4,PAY_5,PAY_6,BILL_AMT1,BILL_AMT2,BILL_AMT3,BILL_AMT4,BILL_AMT5,BILL_AMT6,PAY_AMT1,PAY_AMT2,PAY_AMT3,PAY_AMT4,PAY_AMT5,PAY_AMT6
0.05063291139240507,1.0,0.16666666666666666,0.6666666666666666,0.5925925925925926,0.2,0.2222222222222222,0.2,0.2,0.2,0.2,0.10373483063524927,0.10862450470848559,0.15919741053316144,0.10601061949024049,0.16237259111838773,0.4206135216621494,0.005075421904580446,0.0016779644718119898,0.0017504297226120828,0.002499712533058698,0.005174310886409961,0.0037496902106567537
