LIMIT_BAL,SEX,EDUCATION,MARRIAGE,AGE,PAY_0,PAY_2,PAY_3,PAY_4,PAY_5,PAY_6,BILL_AMT1,BILL_AMT2,BILL_AMT3,BILL_AMT4,BILL_AMT5,BILL_AMT6,PAY_AMT1,PAY_AMT2,PAY_AMT3,PAY_AMT4,PAY_AMT5,PAY_AMT6
0.012658227848101266,1.0,0.3333333333333333,0.3333333333333333,0.40740740740740744,0.30000000000000004,0.4444444444444444,0.2,0.2,0.2,0.2,0.051009564293305,0.0642836926876962,0.1047605056789015,0.10333027693377202,0.16347878942363311,0.42033229396262717,0.0,0.0010545342528046212,0.003429896078091243,0.001672307684616269,0.0017883325473946777,0.0017273853779429988
