LIMIT_BAL,SEX,EDUCATION,MARRIAGE,AGE,PAY_0,PAY_2,PAY_3,PAY_4,PAY_5,PAY_6,BILL_AMT1,BILL_AMT2,BILL_AMT3,BILL_AMT4,BILL_AMT5,BILL_AMT6,PAY_AMT1,PAY_AMT2,PAY_AMT3,PAY_AMT4,PAY_AMT5,PAY_AMT6
0.24050632911392406,1.0,0.16666666666666666,0.6666666666666666,0.14814814814814814,0.2,0.2222222222222222,0.2,0.1,0.2,0.1,0.12637330725508078,0.07054880872742243,0.0761373896365206,0.07847455697188711,0.13578625046159679,0.39894844276020297,0.01323987854661321,0.0,0.004631016773637372,1.4998275198352189e-05,0.0032390980001082274,0.020589838909541514
