LIMIT_BAL,SEX,EDUCATION,MARRIAGE,AGE,PAY_0,PAY_2,PAY_3,PAY_4,PAY_5,PAY_6,BILL_AMT1,BILL_AMT2,BILL_AMT3,BILL_AMT4,BILL_AMT5,BILL_AMT6,PAY_AMT1,PAY_AMT2,PAY_AMT3,PAY_AMT4,PAY_AMT5,PAY_AMT6
0.06329113924050633,0.0,0.3333333333333333,0.3333333333333333,0.2962962962962963,0.2,0.2222222222222222,0.2,0.2,0.2,0.2,0.1100027156125747,0.11784979159162251,0.17463715607611924,0.1666966313682482,0.23105165635631025,0.4683249726681829,0.010134628403714948,0.002444824388264191,0.006570682141937247,0.006249281332646745,0.0077305441530029296,0.006195786864931847
