LIMIT_BAL,SEX,EDUCATION,MARRIAGE,AGE,PAY_0,PAY_2,PAY_3,PAY_4,PAY_5,PAY_6,BILL_AMT1,BILL_AMT2,BILL_AMT3,BILL_AMT4,BILL_AMT5,BILL_AMT6,PAY_AMT1,PAY_AMT2,PAY_AMT3,PAY_AMT4,PAY_AMT5,PAY_AMT6
0.025316455696202535,1.0,0.16666666666666666,0.3333333333333333,0.37037037037037035,0.2,0.2222222222222222,0.2,0.2,0.2,0.2,0.06531283699888707,0.07803478618844234,0.12305579535157031,0.1196325728292072,0.16815031225184068,0.42375389764014804,0.002939042237077335,0.0012713086818973793,0.0035481683566461137,0.002499712533058698,0.0020640552888517823,0.0024783147459727386
