LIMIT_BAL,SEX,EDUCATION,MARRIAGE,AGE,PAY_0,PAY_2,PAY_3,PAY_4,PAY_5,PAY_6,BILL_AMT1,BILL_AMT2,BILL_AMT3,BILL_AMT4,BILL_AMT5,BILL_AMT6,PAY_AMT1,PAY_AMT2,PAY_AMT3,PAY_AMT4,PAY_AMT5,PAY_AMT6
0.12658227848101264,0.0,0.3333333333333333,0.6666666666666666,0.18518518518518523,0.4,0.4444444444444444,0.5,0.5,0.4,0.1,0.024467198382562314,0.04326274893222869,0.07659790802506937,0.07625267434961615,0.1331081721421032,0.39815045916280856,0.0,0.0,0.0,0.0,0.0005153696102001953,0.0
