LIMIT_BAL,SEX,EDUCATION,MARRIAGE,AGE,PAY_0,PAY_2,PAY_3,PAY_4,PAY_5,PAY_6,BILL_AMT1,BILL_AMT2,BILL_AMT3,BILL_AMT4,BILL_AMT5,BILL_AMT6,PAY_AMT1,PAY_AMT2,PAY_AMT3,PAY_AMT4,PAY_AMT5,PAY_AMT6
0.06329113924050633,0.0,0.16666666666666666,0.3333333333333333,0.2222222222222222,0.1,0.1111111111111111,0.1,0.1,0.1,0.1,0.03707046622201781,0.05263598003396285,0.08995789310361334,0.08716881513577006,0.1452583798198057,0.4068052416156062,0.015333692774820717,0.006823504867645358,0.01988288416150211,0.01891032531258905,0.01949385550582239,0.01874845105328377
