LIMIT_BAL,SEX,EDUCATION,MARRIAGE,AGE,PAY_0,PAY_2,PAY_3,PAY_4,PAY_5,PAY_6,BILL_AMT1,BILL_AMT2,BILL_AMT3,BILL_AMT4,BILL_AMT5,BILL_AMT6,PAY_AMT1,PAY_AMT2,PAY_AMT3,PAY_AMT4,PAY_AMT5,PAY_AMT6
0.24050632911392406,1.0,0.5,0.3333333333333333,0.3148148148148149,0.2,0.2222222222222222,0.2,0.2,0.2,0.2,0.1772086328224947,0.1396297535120671,0.19589858031589252,0.17100855192583136,0.21445541383581207,0.4191124688159493,0.007296932450674763,0.0020373536568868257,0.007884818570324697,0.004999425066117396,0.005153696102001953,0.004956629491945477
