LIMIT_BAL,SEX,EDUCATION,MARRIAGE,AGE,PAY_0,PAY_2,PAY_3,PAY_4,PAY_5,PAY_6,BILL_AMT1,BILL_AMT2,BILL_AMT3,BILL_AMT4,BILL_AMT5,BILL_AMT6,PAY_AMT1,PAY_AMT2,PAY_AMT3,PAY_AMT4,PAY_AMT5,PAY_AMT6
0.012658227848101266,1.0,0.16666666666666666,0.6666666666666666,0.05555555555555558,0.2,0.2222222222222222,0.2,0.4,0.2,0.2,0.054379749378784,0.06875418103226472,0.1083159057109232,0.10406890682775691,0.16398041849262918,0.41894841932456134,0.0028680998382513306,0.0029337892659170293,0.0,0.0017497987731410886,0.011595816229504395,0.004708798017348204
