LIMIT_BAL,SEX,EDUCATION,MARRIAGE,AGE,PAY_0,PAY_2,PAY_3,PAY_4,PAY_5,PAY_6,BILL_AMT1,BILL_AMT2,BILL_AMT3,BILL_AMT4,BILL_AMT5,BILL_AMT6,PAY_AMT1,PAY_AMT2,PAY_AMT3,PAY_AMT4,PAY_AMT5,PAY_AMT6
0.24050632911392406,1.0,0.3333333333333333,0.3333333333333333,0.14814814814814814,0.2,0.2222222222222222,0.2,0.2,0.2,0.2,0.13971748210913623,0.13761899861061083,0.19816320837714313,0.18379748656083134,0.2511854458943213,0.48344447686374864,0.006696962449174838,0.0031090016804092963,0.007895331661751796,0.007514135874374447,0.010338314380615918,0.007464684014869888
