LIMIT_BAL,SEX,EDUCATION,MARRIAGE,AGE,PAY_0,PAY_2,PAY_3,PAY_4,PAY_5,PAY_6,BILL_AMT1,BILL_AMT2,BILL_AMT3,BILL_AMT4,BILL_AMT5,BILL_AMT6,PAY_AMT1,PAY_AMT2,PAY_AMT3,PAY_AMT4,PAY_AMT5,PAY_AMT6
0.2151898734177215,1.0,0.3333333333333333,1.0,0.40740740740740744,0.2,0.2222222222222222,0.2,0.2,0.2,0.2,0.15140717392635197,0.26536046930479085,0.36781719235638516,0.26611651474562964,0.3194625542886834,0.5498294471180605,0.2057775489603898,0.008364559173714552,0.012084798595450984,0.023997240317363503,0.051536961020019534,0.012391573729863693
