LIMIT_BAL,SEX,EDUCATION,MARRIAGE,AGE,PAY_0,PAY_2,PAY_3,PAY_4,PAY_5,PAY_6,BILL_AMT1,BILL_AMT2,BILL_AMT3,BILL_AMT4,BILL_AMT5,BILL_AMT6,PAY_AMT1,PAY_AMT2,PAY_AMT3,PAY_AMT4,PAY_AMT5,PAY_AMT6
0.10126582278481013,1.0,0.16666666666666666,0.6666666666666666,0.16666666666666674,0.4,0.4444444444444444,0.4,0.4,0.4,0.4,0.049111774927518254,0.06530643750321619,0.10394345692502464,0.10663688175329461,0.16546733201962072,0.42308012294337594,0.00405385136148598,0.0,0.010513091427099596,0.0,0.005153696102001953,0.0
