LIMIT_BAL,SEX,EDUCATION,MARRIAGE,AGE,PAY_0,PAY_2,PAY_3,PAY_4,PAY_5,PAY_6,BILL_AMT1,BILL_AMT2,BILL_AMT3,BILL_AMT4,BILL_AMT5,BILL_AMT6,PAY_AMT1,PAY_AMT2,PAY_AMT3,PAY_AMT4,PAY_AMT5,PAY_AMT6
0.08860759493670886,0.0,0.5,0.6666666666666666,0.2222222222222222,0.2,0.2222222222222222,0.2,0.2,0.2,0.2,0.11102931134890598,0.11571553542942417,0.1714168285633642,0.1640687270395474,0.23418888050117156,0.47202546048106336,0.004191682307776503,0.001695893183992594,0.005553540546365361,0.01249856266529349,0.005833983987466211,0.005804213135068154
