LIMIT_BAL,SEX,EDUCATION,MARRIAGE,AGE,PAY_0,PAY_2,PAY_3,PAY_4,PAY_5,PAY_6,BILL_AMT1,BILL_AMT2,BILL_AMT3,BILL_AMT4,BILL_AMT5,BILL_AMT6,PAY_AMT1,PAY_AMT2,PAY_AMT3,PAY_AMT4,PAY_AMT5,PAY_AMT6
0.18987341772151897,1.0,0.16666666666666666,0.6666666666666666,0.11111111111111116,0.1,0.1111111111111111,0.1,0.1,0.2,0.1,0.02448132584682375,0.0434840220243915,0.07888564453592457,0.07632908433864907,0.13316699509481933,0.39887110514283436,0.0009141434820150884,0.001369101657427947,0.0008673300427357166,0.0,0.0020460173524947754,0.005821561338289963
