LIMIT_BAL,SEX,EDUCATION,MARRIAGE,AGE,PAY_0,PAY_2,PAY_3,PAY_4,PAY_5,PAY_6,BILL_AMT1,BILL_AMT2,BILL_AMT3,BILL_AMT4,BILL_AMT5,BILL_AMT6,PAY_AMT1,PAY_AMT2,PAY_AMT3,PAY_AMT4,PAY_AMT5,PAY_AMT6
0.18987341772151897,1.0,0.3333333333333333,0.6666666666666666,0.38888888888888884,0.1,0.1111111111111111,0.1,0.1,0.1,0.1,0.04576827505231086,0.09547162043945866,0.07983309096971308,0.07666169252620413,0.16454250448525015,0.3979395383881668,0.08308571057933589,0.0018352481741236528,0.001453434889796519,0.048556915954665214,0.0,0.0016084262701363075
