LIMIT_BAL,SEX,EDUCATION,MARRIAGE,AGE,PAY_0,PAY_2,PAY_3,PAY_4,PAY_5,PAY_6,BILL_AMT1,BILL_AMT2,BILL_AMT3,BILL_AMT4,BILL_AMT5,BILL_AMT6,PAY_AMT1,PAY_AMT2,PAY_AMT3,PAY_AMT4,PAY_AMT5,PAY_AMT6
0.620253164556962,1.0,0.16666666666666666,0.6666666666666666,0.14814814814814814,0.2,0.2222222222222222,0.2,0.2,0.2,0.2,0.13436003371754804,0.13744275201976022,0.2036993326609875,0.19715724876095958,0.2711460345160015,0.5011430734203498,0.010134628403714948,0.0040747073137736515,0.013141364283874494,0.01249856266529349,0.012884240255004883,0.012391573729863693
