LIMIT_BAL,SEX,EDUCATION,MARRIAGE,AGE,PAY_0,PAY_2,PAY_3,PAY_4,PAY_5,PAY_6,BILL_AMT1,BILL_AMT2,BILL_AMT3,BILL_AMT4,BILL_AMT5,BILL_AMT6,PAY_AMT1,PAY_AMT2,PAY_AMT3,PAY_AMT4,PAY_AMT5,PAY_AMT6
0.22784810126582275,0.0,0.5,0.3333333333333333,0.3148148148148149,0.2,0.2222222222222222,0.2,0.2,0.2,0.2,0.17302847311935982,0.16820228477332375,0.24084946660746503,0.2288509136237512,0.30363264412440405,0.5230343062639954,0.00810770272297196,0.0032597658510189215,0.010513091427099596,0.009998850132234793,0.010307392204003906,0.009913258983890954
