LIMIT_BAL,SEX,EDUCATION,MARRIAGE,AGE,PAY_0,PAY_2,PAY_3,PAY_4,PAY_5,PAY_6,BILL_AMT1,BILL_AMT2,BILL_AMT3,BILL_AMT4,BILL_AMT5,BILL_AMT6,PAY_AMT1,PAY_AMT2,PAY_AMT3,PAY_AMT4,PAY_AMT5,PAY_AMT6
0.10126582278481013,1.0,0.5,0.3333333333333333,0.6296296296296295,0.2,0.2222222222222222,0.2,0.2,0.2,0.2,0.08639572283170893,0.0921396593423558,0.1369753350312542,0.12894260561059073,0.18757822635725796,0.4350627665071871,0.00405385136148598,0.0016298829255094608,0.005256545713549798,0.003499597546282177,0.0036075872714013673,0.004242874845105328
