LIMIT_BAL,SEX,EDUCATION,MARRIAGE,AGE,PAY_0,PAY_2,PAY_3,PAY_4,PAY_5,PAY_6,BILL_AMT1,BILL_AMT2,BILL_AMT3,BILL_AMT4,BILL_AMT5,BILL_AMT6,PAY_AMT1,PAY_AMT2,PAY_AMT3,PAY_AMT4,PAY_AMT5,PAY_AMT6
0.1139240506329114,1.0,0.3333333333333333,0.6666666666666666,0.12962962962962965,0.30000000000000004,0.4444444444444444,0.4,0.4,0.2,0.2,0.1826963678289384,0.15556270261925592,0.22806059035486326,0.1888929840647717,0.25419195236648007,0.4876324260224677,0.0,0.006266899848583876,0.0,0.006999195092564354,0.014688033890705566,0.0
