LIMIT_BAL,SEX,EDUCATION,MARRIAGE,AGE,PAY_0,PAY_2,PAY_3,PAY_4,PAY_5,PAY_6,BILL_AMT1,BILL_AMT2,BILL_AMT3,BILL_AMT4,BILL_AMT5,BILL_AMT6,PAY_AMT1,PAY_AMT2,PAY_AMT3,PAY_AMT4,PAY_AMT5,PAY_AMT6
0.45569620253164556,1.0,0.16666666666666666,0.3333333333333333,0.2777777777777778,0.0,0.0,0.0,0.0,0.0,0.0,0.02840562147500145,0.07608192250295889,0.0811007544908796,0.082196172908314,0.13900353918098843,0.40062409113652314,0.052282521009084676,0.002450528978503474,0.011314714648415939,0.009341425736040354,0.005900982036792237,0.05516480793060719
