LIMIT_BAL,SEX,EDUCATION,MARRIAGE,AGE,PAY_0,PAY_2,PAY_3,PAY_4,PAY_5,PAY_6,BILL_AMT1,BILL_AMT2,BILL_AMT3,BILL_AMT4,BILL_AMT5,BILL_AMT6,PAY_AMT1,PAY_AMT2,PAY_AMT3,PAY_AMT4,PAY_AMT5,PAY_AMT6
0.05063291139240507,0.0,0.5,0.6666666666666666,0.018518518518518545,0.2,0.2222222222222222,0.2,0.2,0.2,0.2,0.0910216825182048,0.09209720578397572,0.11359123463494428,0.0890296231039835,0.14456884409629972,0.40610451593096325,0.0030403885211144847,0.0008964356090302034,0.002628272856774899,0.001249856266529349,0.0012884240255004883,0.0024783147459727386
