LIMIT_BAL,SEX,EDUCATION,MARRIAGE,AGE,PAY_0,PAY_2,PAY_3,PAY_4,PAY_5,PAY_6,BILL_AMT1,BILL_AMT2,BILL_AMT3,BILL_AMT4,BILL_AMT5,BILL_AMT6,PAY_AMT1,PAY_AMT2,PAY_AMT3,PAY_AMT4,PAY_AMT5,PAY_AMT6
0.620253164556962,1.0,0.16666666666666666,0.3333333333333333,0.33333333333333337,0.1,0.1111111111111111,0.1,0.1,0.1,0.1,0.04104499283423618,0.04432923377759482,0.07962181371618533,0.07721304303530441,0.1344006431309497,0.39901874968508355,0.0022458336542632326,0.0017203414278752357,0.0024180110282329068,0.0022997355304140025,0.0023707002069208983,0.0
