LIMIT_BAL,SEX,EDUCATION,MARRIAGE,AGE,PAY_0,PAY_2,PAY_3,PAY_4,PAY_5,PAY_6,BILL_AMT1,BILL_AMT2,BILL_AMT3,BILL_AMT4,BILL_AMT5,BILL_AMT6,PAY_AMT1,PAY_AMT2,PAY_AMT3,PAY_AMT4,PAY_AMT5,PAY_AMT6
0.05063291139240507,1.0,0.16666666666666666,0.6666666666666666,0.42592592592592593,0.2,0.2222222222222222,0.2,0.2,0.2,0.2,0.03974526612218373,0.0571051819070653,0.09685081349995626,0.10129717193146473,0.16147554108946646,0.41932924850099773,0.0030403885211144847,0.0016298829255094608,0.013141364283874494,0.0019447763507196671,0.003092217661201172,0.0018636926889714996
