LIMIT_BAL,SEX,EDUCATION,MARRIAGE,AGE,PAY_0,PAY_2,PAY_3,PAY_4,PAY_5,PAY_6,BILL_AMT1,BILL_AMT2,BILL_AMT3,BILL_AMT4,BILL_AMT5,BILL_AMT6,PAY_AMT1,PAY_AMT2,PAY_AMT3,PAY_AMT4,PAY_AMT5,PAY_AMT6
0.2151898734177215,0.0,0.3333333333333333,0.3333333333333333,0.2222222222222222,0.2,0.2222222222222222,0.2,0.2,0.2,0.2,0.12641568964786512,0.13428317809910978,0.1997114745006512,0.19349706046277484,0.2672849612585497,0.49638680995217954,0.020269256807429897,0.0040747073137736515,0.013141364283874494,0.01249856266529349,0.009758523569140698,0.010882280049566295
