LIMIT_BAL,SEX,EDUCATION,MARRIAGE,AGE,PAY_0,PAY_2,PAY_3,PAY_4,PAY_5,PAY_6,BILL_AMT1,BILL_AMT2,BILL_AMT3,BILL_AMT4,BILL_AMT5,BILL_AMT6,PAY_AMT1,PAY_AMT2,PAY_AMT3,PAY_AMT4,PAY_AMT5,PAY_AMT6
0.08860759493670886,1.0,0.16666666666666666,0.6666666666666666,0.03703703703703709,0.2,0.2222222222222222,0.2,0.2,0.2,0.2,0.1498154796195631,0.13918077497041118,0.17962362938008283,0.11732529080742884,0.1747172413342353,0.4321040167517966,0.007173289984149441,0.0025915138515600427,0.0021499271968418673,0.0025447073586537545,0.025783941598315773,0.008961586121437423
