LIMIT_BAL,SEX,EDUCATION,MARRIAGE,AGE,PAY_0,PAY_2,PAY_3,PAY_4,PAY_5,PAY_6,BILL_AMT1,BILL_AMT2,BILL_AMT3,BILL_AMT4,BILL_AMT5,BILL_AMT6,PAY_AMT1,PAY_AMT2,PAY_AMT3,PAY_AMT4,PAY_AMT5,PAY_AMT6
0.2531645569620253,1.0,0.16666666666666666,0.3333333333333333,0.8333333333333333,0.2,0.2222222222222222,0.2,0.2,0.2,0.2,0.2324831216045032,0.21732491123346886,0.3049836672779402,0.2881031145310824,0.2835004885573017,0.5080858822523058,0.009974501274936253,0.004333043757466902,0.014799804456499456,0.008361538423081346,0.008658209451363282,0.008631970260223049
