LIMIT_BAL,SEX,EDUCATION,MARRIAGE,AGE,PAY_0,PAY_2,PAY_3,PAY_4,PAY_5,PAY_6,BILL_AMT1,BILL_AMT2,BILL_AMT3,BILL_AMT4,BILL_AMT5,BILL_AMT6,PAY_AMT1,PAY_AMT2,PAY_AMT3,PAY_AMT4,PAY_AMT5,PAY_AMT6
0.012658227848101266,0.0,0.5,0.6666666666666666,0.11111111111111116,0.5,0.4444444444444444,0.4,0.7,0.7,0.6000000000000001,0.025912908891982975,0.0444475891524726,0.07811811388834328,0.07763254885744593,0.13485815498540865,0.3986437794190538,0.0,0.0,0.0,0.0,0.0,0.0
