LIMIT_BAL,SEX,EDUCATION,MARRIAGE,AGE,PAY_0,PAY_2,PAY_3,PAY_4,PAY_5,PAY_6,BILL_AMT1,BILL_AMT2,BILL_AMT3,BILL_AMT4,BILL_AMT5,BILL_AMT6,PAY_AMT1,PAY_AMT2,PAY_AMT3,PAY_AMT4,PAY_AMT5,PAY_AMT6
0.08860759493670886,1.0,0.5,0.3333333333333333,0.35185185185185186,0.2,0.2222222222222222,0.1,0.1,0.1,0.0,0.05973562805212092,0.06382184943137961,0.08686631266722677,0.09909476636522177,0.13289738989487032,0.3979407101702482,0.006084830893590455,0.005297119507905747,0.04080393610143031,0.0,0.0,0.0
