LIMIT_BAL,SEX,EDUCATION,MARRIAGE,AGE,PAY_0,PAY_2,PAY_3,PAY_4,PAY_5,PAY_6,BILL_AMT1,BILL_AMT2,BILL_AMT3,BILL_AMT4,BILL_AMT5,BILL_AMT6,PAY_AMT1,PAY_AMT2,PAY_AMT3,PAY_AMT4,PAY_AMT5,PAY_AMT6
0.12658227848101264,1.0,0.3333333333333333,0.3333333333333333,0.12962962962962965,0.2,0.2222222222222222,0.2,0.2,0.2,0.2,0.08964190017533752,0.09841764009674267,0.14979557275117647,0.14412272343179733,0.20943748917494273,0.4542589005637443,0.00410857835486604,0.0020373536568868257,0.005256545713549798,0.004999425066117396,0.005153696102001953,0.003965303593556382
