LIMIT_BAL,SEX,EDUCATION,MARRIAGE,AGE,PAY_0,PAY_2,PAY_3,PAY_4,PAY_5,PAY_6,BILL_AMT1,BILL_AMT2,BILL_AMT3,BILL_AMT4,BILL_AMT5,BILL_AMT6,PAY_AMT1,PAY_AMT2,PAY_AMT3,PAY_AMT4,PAY_AMT5,PAY_AMT6
0.24050632911392406,1.0,0.5,0.3333333333333333,0.5925925925925926,0.2,0.2222222222222222,0.2,0.4,0.2,0.2,0.1635693509372003,0.14463026810065355,0.15424064809297522,0.10818755506013916,0.16405231321261557,0.41412770784191716,0.0052700067699317735,0.0026273712759212506,0.0,0.019997700264469585,0.020614784408007812,0.01982651796778191
