LIMIT_BAL,SEX,EDUCATION,MARRIAGE,AGE,PAY_0,PAY_2,PAY_3,PAY_4,PAY_5,PAY_6,BILL_AMT1,BILL_AMT2,BILL_AMT3,BILL_AMT4,BILL_AMT5,BILL_AMT6,PAY_AMT1,PAY_AMT2,PAY_AMT3,PAY_AMT4,PAY_AMT5,PAY_AMT6
0.34177215189873417,0.0,0.3333333333333333,0.3333333333333333,0.2407407407407407,0.2,0.2222222222222222,0.2,0.2,0.2,0.2,0.11073577403591829,0.11451397108012146,0.16103783348381337,0.1271642005717265,0.1926419022035732,0.436997378723484,0.005320679911950348,0.001462819925644741,0.0036059903594951614,0.009826369967453742,0.007851656011399975,0.0016629491945477075
