LIMIT_BAL,SEX,EDUCATION,MARRIAGE,AGE,PAY_0,PAY_2,PAY_3,PAY_4,PAY_5,PAY_6,BILL_AMT1,BILL_AMT2,BILL_AMT3,BILL_AMT4,BILL_AMT5,BILL_AMT6,PAY_AMT1,PAY_AMT2,PAY_AMT3,PAY_AMT4,PAY_AMT5,PAY_AMT6
0.2151898734177215,1.0,0.3333333333333333,0.3333333333333333,0.2777777777777778,0.1,0.1111111111111111,0.1,0.1,0.1,0.1,0.02559896524172876,0.043022178768074924,0.07628924516249368,0.07673810251523705,0.13577317869432654,0.3989086021694373,0.00018647716262835506,7.49746145734352e-05,0.001584848532635264,0.004399494058183308,0.0021284764901268066,0.0020470879801734823
