LIMIT_BAL,SEX,EDUCATION,MARRIAGE,AGE,PAY_0,PAY_2,PAY_3,PAY_4,PAY_5,PAY_6,BILL_AMT1,BILL_AMT2,BILL_AMT3,BILL_AMT4,BILL_AMT5,BILL_AMT6,PAY_AMT1,PAY_AMT2,PAY_AMT3,PAY_AMT4,PAY_AMT5,PAY_AMT6
0.569620253164557,0.0,0.3333333333333333,0.3333333333333333,0.33333333333333337,0.0,0.0,0.0,0.0,0.0,0.0,0.025128049766347436,0.05566047445067669,0.09248826833531681,0.08720027807243068,0.14058685699159812,0.40301218301829966,0.020098995050247488,0.008072810130048359,0.01996436062006213,0.011763647180574233,0.011152598364732227,0.01736802973977695
