LIMIT_BAL,SEX,EDUCATION,MARRIAGE,AGE,PAY_0,PAY_2,PAY_3,PAY_4,PAY_5,PAY_6,BILL_AMT1,BILL_AMT2,BILL_AMT3,BILL_AMT4,BILL_AMT5,BILL_AMT6,PAY_AMT1,PAY_AMT2,PAY_AMT3,PAY_AMT4,PAY_AMT5,PAY_AMT6
0.2911392405063291,1.0,0.3333333333333333,0.3333333333333333,0.2407407407407407,0.2,0.2222222222222222,0.2,0.2,0.2,0.2,0.036282467659879726,0.0559512170020069,0.09629290950235955,0.09655226143602835,0.15142171808773117,0.41150643132595344,0.005028802613923357,0.0020781007300245623,0.005695467280631206,0.002499712533058698,0.00100239389183938,0.0024783147459727386
