LIMIT_BAL,SEX,EDUCATION,MARRIAGE,AGE,PAY_0,PAY_2,PAY_3,PAY_4,PAY_5,PAY_6,BILL_AMT1,BILL_AMT2,BILL_AMT3,BILL_AMT4,BILL_AMT5,BILL_AMT6,PAY_AMT1,PAY_AMT2,PAY_AMT3,PAY_AMT4,PAY_AMT5,PAY_AMT6
0.0379746835443038,1.0,0.16666666666666666,0.6666666666666666,0.14814814814814814,0.2,0.2222222222222222,0.4,0.4,0.4,0.4,0.06556556163734172,0.08075824628209746,0.12589483344584948,0.11982434691932903,0.1882775659062166,0.4383519588095162,0.006891547314526165,0.0012224121941320956,0.0,0.01249856266529349,0.0033499024663012694,0.0
