LIMIT_BAL,SEX,EDUCATION,MARRIAGE,AGE,PAY_0,PAY_2,PAY_3,PAY_4,PAY_5,PAY_6,BILL_AMT1,BILL_AMT2,BILL_AMT3,BILL_AMT4,BILL_AMT5,BILL_AMT6,PAY_AMT1,PAY_AMT2,PAY_AMT3,PAY_AMT4,PAY_AMT5,PAY_AMT6
0.025316455696202535,1.0,0.3333333333333333,0.6666666666666666,0.18518518518518523,0.5,0.4444444444444444,0.4,0.4,0.4,0.2,0.06967351430091813,0.07932640354036949,0.12521478478605702,0.11955766107525334,0.17878256095528477,0.4300873797898057,0.0,0.0015483887792339876,0.006833509427614737,2.749683786364568e-05,0.0038652720765014648,0.004213135068153655
