LIMIT_BAL,SEX,EDUCATION,MARRIAGE,AGE,PAY_0,PAY_2,PAY_3,PAY_4,PAY_5,PAY_6,BILL_AMT1,BILL_AMT2,BILL_AMT3,BILL_AMT4,BILL_AMT5,BILL_AMT6,PAY_AMT1,PAY_AMT2,PAY_AMT3,PAY_AMT4,PAY_AMT5,PAY_AMT6
0.27848101265822783,1.0,0.3333333333333333,0.3333333333333333,0.11111111111111116,0.2,0.2222222222222222,0.2,0.2,0.2,0.2,0.06475872645618838,0.07763598003396285,0.11876422613928783,0.11465094119127667,0.1759378176030954,0.4306310866755487,0.0036484662253373815,0.0012224121941320956,0.003942409285162349,0.002499712533058698,0.005153696102001953,0.004956629491945477
