LIMIT_BAL,SEX,EDUCATION,MARRIAGE,AGE,PAY_0,PAY_2,PAY_3,PAY_4,PAY_5,PAY_6,BILL_AMT1,BILL_AMT2,BILL_AMT3,BILL_AMT4,BILL_AMT5,BILL_AMT6,PAY_AMT1,PAY_AMT2,PAY_AMT3,PAY_AMT4,PAY_AMT5,PAY_AMT6
0.30379746835443033,1.0,0.3333333333333333,0.3333333333333333,0.2962962962962963,0.1,0.1111111111111111,0.1,0.1,0.2,0.2,0.06384672015219989,0.08994622549271858,0.11588227235288584,0.09552297393670256,0.17003428070966625,0.4088382835267359,0.07429696082763429,0.01964334901824002,0.03454601842944927,0.029996550396704378,0.023964686874309082,0.03507806691449814
