LIMIT_BAL,SEX,EDUCATION,MARRIAGE,AGE,PAY_0,PAY_2,PAY_3,PAY_4,PAY_5,PAY_6,BILL_AMT1,BILL_AMT2,BILL_AMT3,BILL_AMT4,BILL_AMT5,BILL_AMT6,PAY_AMT1,PAY_AMT2,PAY_AMT3,PAY_AMT4,PAY_AMT5,PAY_AMT6
0.2531645569620253,0.0,0.16666666666666666,0.6666666666666666,0.33333333333333337,0.0,0.0,0.0,0.0,0.0,0.0,0.06866418546535083,0.05270030360726599,0.0761373896365206,0.07583466676255371,0.13289738989487032,0.3979407101702482,0.015479631423834213,0.0,0.0,0.0,0.0,0.03534820322180917
