LIMIT_BAL,SEX,EDUCATION,MARRIAGE,AGE,PAY_0,PAY_2,PAY_3,PAY_4,PAY_5,PAY_6,BILL_AMT1,BILL_AMT2,BILL_AMT3,BILL_AMT4,BILL_AMT5,BILL_AMT6,PAY_AMT1,PAY_AMT2,PAY_AMT3,PAY_AMT4,PAY_AMT5,PAY_AMT6
0.10126582278481013,1.0,0.3333333333333333,0.3333333333333333,0.6481481481481481,0.1,0.1111111111111111,0.1,0.1,0.1,0.1,0.025850120161932135,0.04895152575515875,0.09904446560884989,0.08565709594098152,0.1377127021630507,0.4035746384173442,0.009528577625172795,0.011313017385961167,0.017230956849016238,0.007366652834923984,0.012389485429212695,0.007759603469640644
