LIMIT_BAL,SEX,EDUCATION,MARRIAGE,AGE,PAY_0,PAY_2,PAY_3,PAY_4,PAY_5,PAY_6,BILL_AMT1,BILL_AMT2,BILL_AMT3,BILL_AMT4,BILL_AMT5,BILL_AMT6,PAY_AMT1,PAY_AMT2,PAY_AMT3,PAY_AMT4,PAY_AMT5,PAY_AMT6
0.5443037974683544,1.0,0.3333333333333333,0.3333333333333333,0.38888888888888884,0.30000000000000004,0.0,0.0,0.0,0.0,0.0,0.059500170314430265,0.052279627437863435,0.08551776957244417,0.07580470206097217,0.13286471047669468,0.4095190889159961,0.014845203685761657,0.004631312332835133,5.2565457135497976e-05,0.0,0.02551337255296067,0.30228252788104093
