LIMIT_BAL,SEX,EDUCATION,MARRIAGE,AGE,PAY_0,PAY_2,PAY_3,PAY_4,PAY_5,PAY_6,BILL_AMT1,BILL_AMT2,BILL_AMT3,BILL_AMT4,BILL_AMT5,BILL_AMT6,PAY_AMT1,PAY_AMT2,PAY_AMT3,PAY_AMT4,PAY_AMT5,PAY_AMT6
0.08860759493670886,0.0,0.16666666666666666,0.6666666666666666,0.07407407407407407,0.2,0.2222222222222222,0.2,0.1,0.2,0.2,0.0565349725377792,0.07672001235012607,0.10619322955438656,0.08403151088018314,0.14416525328183058,0.40907967063549255,0.013266228580462868,0.00717718946248091,0.014455500712261943,0.009998850132234793,0.009018968178503417,0.0024783147459727386
