LIMIT_BAL,SEX,EDUCATION,MARRIAGE,AGE,PAY_0,PAY_2,PAY_3,PAY_4,PAY_5,PAY_6,BILL_AMT1,BILL_AMT2,BILL_AMT3,BILL_AMT4,BILL_AMT5,BILL_AMT6,PAY_AMT1,PAY_AMT2,PAY_AMT3,PAY_AMT4,PAY_AMT5,PAY_AMT6
0.18987341772151897,1.0,0.3333333333333333,0.3333333333333333,0.09259259259259262,0.30000000000000004,0.4444444444444444,0.2,0.2,0.2,0.4,0.09754700128873868,0.10179977358102198,0.15378178030796963,0.14746079118798056,0.2157576886501113,0.44500650924946183,0.0,0.0016298829255094608,0.004468063856517328,0.008873979492358379,0.0,0.004956629491945477
