LIMIT_BAL,SEX,EDUCATION,MARRIAGE,AGE,PAY_0,PAY_2,PAY_3,PAY_4,PAY_5,PAY_6,BILL_AMT1,BILL_AMT2,BILL_AMT3,BILL_AMT4,BILL_AMT5,BILL_AMT6,PAY_AMT1,PAY_AMT2,PAY_AMT3,PAY_AMT4,PAY_AMT5,PAY_AMT6
0.10126582278481013,0.0,0.3333333333333333,0.6666666666666666,0.14814814814814814,0.2,0.2222222222222222,0.2,0.2,0.2,0.2,0.15866241168372688,0.1559550764164051,0.2243054672941161,0.17141157716210303,0.1725456939964641,0.42807074282781477,0.007165182281426469,0.0030177282365807666,0.005479948906375664,0.0025647050589182245,0.005153696102001953,0.004956629491945477
