LIMIT_BAL,SEX,EDUCATION,MARRIAGE,AGE,PAY_0,PAY_2,PAY_3,PAY_4,PAY_5,PAY_6,BILL_AMT1,BILL_AMT2,BILL_AMT3,BILL_AMT4,BILL_AMT5,BILL_AMT6,PAY_AMT1,PAY_AMT2,PAY_AMT3,PAY_AMT4,PAY_AMT5,PAY_AMT6
0.5063291139240507,1.0,0.8333333333333333,0.3333333333333333,0.38888888888888884,0.2,0.2222222222222222,0.2,0.2,0.2,0.2,0.5547604060547173,0.4840400349920239,0.6447108885363934,0.43670705908439855,0.5167808812331905,0.6793746433388289,0.030403885211144847,0.011409180478566225,0.02365445571097409,0.021247556530998933,0.02319163245900879,0.02057001239157373
