LIMIT_BAL,SEX,EDUCATION,MARRIAGE,AGE,PAY_0,PAY_2,PAY_3,PAY_4,PAY_5,PAY_6,BILL_AMT1,BILL_AMT2,BILL_AMT3,BILL_AMT4,BILL_AMT5,BILL_AMT6,PAY_AMT1,PAY_AMT2,PAY_AMT3,PAY_AMT4,PAY_AMT5,PAY_AMT6
0.13924050632911392,0.0,0.3333333333333333,0.6666666666666666,0.2777777777777778,0.1,0.1111111111111111,0.1,0.1,0.1,0.1,0.02465085541796103,0.04341326609375804,0.07679102863962209,0.07642197491355184,0.13354444237474797,0.3984047358744599,0.0008026625695742239,0.0003227168192508732,0.0010302829598557604,0.0009998850132234792,0.0010204318281963867,0.00233457249070632
