LIMIT_BAL,SEX,EDUCATION,MARRIAGE,AGE,PAY_0,PAY_2,PAY_3,PAY_4,PAY_5,PAY_6,BILL_AMT1,BILL_AMT2,BILL_AMT3,BILL_AMT4,BILL_AMT5,BILL_AMT6,PAY_AMT1,PAY_AMT2,PAY_AMT3,PAY_AMT4,PAY_AMT5,PAY_AMT6
0.34177215189873417,1.0,0.5,0.3333333333333333,0.537037037037037,0.0,0.0,0.0,0.0,0.0,0.0,0.024029246990457682,0.04290382339319714,0.0761373896365206,0.07685196838124689,0.13787609925392888,0.40466908288131836,0.0,0.0,0.0017845972697501564,0.007616624088229853,0.014796261508847608,0.001090458488228005
