LIMIT_BAL,SEX,EDUCATION,MARRIAGE,AGE,PAY_0,PAY_2,PAY_3,PAY_4,PAY_5,PAY_6,BILL_AMT1,BILL_AMT2,BILL_AMT3,BILL_AMT4,BILL_AMT5,BILL_AMT6,PAY_AMT1,PAY_AMT2,PAY_AMT3,PAY_AMT4,PAY_AMT5,PAY_AMT6
0.10126582278481013,1.0,0.16666666666666666,0.6666666666666666,0.09259259259259262,0.2,0.2222222222222222,0.2,0.2,0.2,0.2,0.051819538910960875,0.061529357278855557,0.1053217108835846,0.09866776936768487,0.1645376025725238,0.42000302319776983,0.010144763032118663,0.0041928738258730875,0.004733519415051593,0.0125585557660869,0.02063282234436482,0.012505576208178439
