LIMIT_BAL,SEX,EDUCATION,MARRIAGE,AGE,PAY_0,PAY_2,PAY_3,PAY_4,PAY_5,PAY_6,BILL_AMT1,BILL_AMT2,BILL_AMT3,BILL_AMT4,BILL_AMT5,BILL_AMT6,PAY_AMT1,PAY_AMT2,PAY_AMT3,PAY_AMT4,PAY_AMT5,PAY_AMT6
0.18987341772151897,1.0,0.3333333333333333,1.0,0.11111111111111116,0.2,0.2222222222222222,0.1,0.2,0.2,0.2,0.04198996322150137,0.052239746822415487,0.10216740751255697,0.11632297153952643,0.15657362836312064,0.40753760541644546,0.00202692568074299,0.012870370521285457,0.028911001424523887,0.014998275198352189,0.0025768480510009765,0.025556381660470882
