LIMIT_BAL,SEX,EDUCATION,MARRIAGE,AGE,PAY_0,PAY_2,PAY_3,PAY_4,PAY_5,PAY_6,BILL_AMT1,BILL_AMT2,BILL_AMT3,BILL_AMT4,BILL_AMT5,BILL_AMT6,PAY_AMT1,PAY_AMT2,PAY_AMT3,PAY_AMT4,PAY_AMT5,PAY_AMT6
0.05063291139240507,0.0,0.16666666666666666,0.6666666666666666,0.38888888888888884,0.1,0.1111111111111111,0.2,0.2,0.2,0.2,0.04404472441241521,0.06819585241599342,0.1003335869760778,0.09823477942983166,0.15609160694502996,0.4148975686693594,0.04593013592563615,0.0010594239015811495,0.0013640736126661725,0.0012948510921244056,0.001327076746265503,0.001308550185873606
