LIMIT_BAL,SEX,EDUCATION,MARRIAGE,AGE,PAY_0,PAY_2,PAY_3,PAY_4,PAY_5,PAY_6,BILL_AMT1,BILL_AMT2,BILL_AMT3,BILL_AMT4,BILL_AMT5,BILL_AMT6,PAY_AMT1,PAY_AMT2,PAY_AMT3,PAY_AMT4,PAY_AMT5,PAY_AMT6
0.3164556962025316,1.0,0.3333333333333333,0.3333333333333333,0.462962962962963,0.2,0.2222222222222222,0.2,0.4,0.4,0.4,0.04941159111351104,0.06638964647764113,0.10841659252705751,0.10300665815669141,0.17214210318199497,0.4231223070983043,0.006080777042228969,0.002391038251722379,0.0,0.019997700264469585,0.0,0.004956629491945477
