LIMIT_BAL,SEX,EDUCATION,MARRIAGE,AGE,PAY_0,PAY_2,PAY_3,PAY_4,PAY_5,PAY_6,BILL_AMT1,BILL_AMT2,BILL_AMT3,BILL_AMT4,BILL_AMT5,BILL_AMT6,PAY_AMT1,PAY_AMT2,PAY_AMT3,PAY_AMT4,PAY_AMT5,PAY_AMT6
0.6075949367088608,0.0,0.5,0.3333333333333333,0.5555555555555556,0.1,0.1111111111111111,0.1,0.1,0.1,0.1,0.02463986739020213,0.04338753666443679,0.07690822149118826,0.0759515290987217,0.1335493442874743,0.3979524279910616,0.0007641509816401071,0.00039198684358502533,2.628272856774899e-06,0.0017772956110047344,2.5768480510009766e-06,2.4783147459727386e-06
