LIMIT_BAL,SEX,EDUCATION,MARRIAGE,AGE,PAY_0,PAY_2,PAY_3,PAY_4,PAY_5,PAY_6,BILL_AMT1,BILL_AMT2,BILL_AMT3,BILL_AMT4,BILL_AMT5,BILL_AMT6,PAY_AMT1,PAY_AMT2,PAY_AMT3,PAY_AMT4,PAY_AMT5,PAY_AMT6
0.27848101265822783,1.0,0.5,0.6666666666666666,0.11111111111111116,0.1,0.4444444444444444,0.1,0.1,0.2,0.1,0.033690862827031175,0.05017238717645243,0.08109580268025005,0.08212725409467647,0.13518494916716503,0.40288797411767735,0.001013462840371495,0.00244808415411521,0.011038745998454575,0.0,0.010879452471326123,0.011521685254027261
