LIMIT_BAL,SEX,EDUCATION,MARRIAGE,AGE,PAY_0,PAY_2,PAY_3,PAY_4,PAY_5,PAY_6,BILL_AMT1,BILL_AMT2,BILL_AMT3,BILL_AMT4,BILL_AMT5,BILL_AMT6,PAY_AMT1,PAY_AMT2,PAY_AMT3,PAY_AMT4,PAY_AMT5,PAY_AMT6
0.05063291139240507,0.0,0.3333333333333333,0.6666666666666666,0.09259259259259262,0.2,0.2222222222222222,0.2,0.2,0.2,0.2,0.06730637917800134,0.07997993104512943,0.12466513380617623,0.08351162330774348,0.14412930592183737,0.40690953022084575,0.00405385136148598,0.0009779297553056765,0.002628272856774899,0.004999425066117396,0.0025768480510009765,0.004904584882280049
