LIMIT_BAL,SEX,EDUCATION,MARRIAGE,AGE,PAY_0,PAY_2,PAY_3,PAY_4,PAY_5,PAY_6,BILL_AMT1,BILL_AMT2,BILL_AMT3,BILL_AMT4,BILL_AMT5,BILL_AMT6,PAY_AMT1,PAY_AMT2,PAY_AMT3,PAY_AMT4,PAY_AMT5,PAY_AMT6
0.05063291139240507,1.0,0.3333333333333333,0.6666666666666666,0.05555555555555558,0.2,0.2222222222222222,0.2,0.2,0.2,0.2,0.049286013653409344,0.10840065867339063,0.13230247640049586,0.09016977999916098,0.14909494351362568,0.4098132062184131,0.0730240515001277,0.0014725992231977977,0.002628272856774899,0.001249856266529349,0.0010307392204003906,0.0012391573729863693
