LIMIT_BAL,SEX,EDUCATION,MARRIAGE,AGE,PAY_0,PAY_2,PAY_3,PAY_4,PAY_5,PAY_6,BILL_AMT1,BILL_AMT2,BILL_AMT3,BILL_AMT4,BILL_AMT5,BILL_AMT6,PAY_AMT1,PAY_AMT2,PAY_AMT3,PAY_AMT4,PAY_AMT5,PAY_AMT6
0.5189873417721519,1.0,0.5,0.6666666666666666,0.2592592592592593,0.2,0.2222222222222222,0.2,0.2,0.2,0.2,0.12756472340779554,0.12487135285339371,0.17880658062620597,0.15992311057574177,0.21314823710878653,0.45367418130515424,0.0070942398826004645,0.0024464542711897007,0.005782200284904777,0.004249511306199787,0.004638326491801758,0.004213135068153655
