LIMIT_BAL,SEX,EDUCATION,MARRIAGE,AGE,PAY_0,PAY_2,PAY_3,PAY_4,PAY_5,PAY_6,BILL_AMT1,BILL_AMT2,BILL_AMT3,BILL_AMT4,BILL_AMT5,BILL_AMT6,PAY_AMT1,PAY_AMT2,PAY_AMT3,PAY_AMT4,PAY_AMT5,PAY_AMT6
0.1139240506329114,1.0,0.3333333333333333,0.6666666666666666,0.33333333333333337,0.2,0.2222222222222222,0.2,0.2,0.2,0.2,0.18135268900585036,0.17314104873153915,0.24305467294116095,0.22081138418942486,0.29600526792220994,0.5106251340225755,0.00810770272297196,0.0028881525440027644,0.009248892182990869,0.01249856266529349,0.009018968178503417,0.009913258983890954
