LIMIT_BAL,SEX,EDUCATION,MARRIAGE,AGE,PAY_0,PAY_2,PAY_3,PAY_4,PAY_5,PAY_6,BILL_AMT1,BILL_AMT2,BILL_AMT3,BILL_AMT4,BILL_AMT5,BILL_AMT6,PAY_AMT1,PAY_AMT2,PAY_AMT3,PAY_AMT4,PAY_AMT5,PAY_AMT6
0.012658227848101266,0.0,0.3333333333333333,0.6666666666666666,0.018518518518518545,0.2,0.2222222222222222,0.2,0.2,0.2,0.2,0.049833845323102956,0.06495394432151495,0.1062922657669777,0.13289045504395822,0.1654509923105329,0.4059381228754126,0.002592437945670284,0.0011474375795586605,0.0031013619709943808,0.002499712533058698,0.0012884240255004883,0.0012391573729863693
