LIMIT_BAL,SEX,EDUCATION,MARRIAGE,AGE,PAY_0,PAY_2,PAY_3,PAY_4,PAY_5,PAY_6,BILL_AMT1,BILL_AMT2,BILL_AMT3,BILL_AMT4,BILL_AMT5,BILL_AMT6,PAY_AMT1,PAY_AMT2,PAY_AMT3,PAY_AMT4,PAY_AMT5,PAY_AMT6
0.012658227848101266,0.0,0.5,0.3333333333333333,0.33333333333333337,0.2,0.2222222222222222,0.1,0.2,0.2,0.2,0.055158329631414454,0.04469330520249061,0.10755992928814422,0.10570797600426697,0.15758669032656544,0.3979407101702482,0.0026350033849658868,0.01662317595727099,0.0034167547138073684,0.0017348004979427364,0.0,0.0
