LIMIT_BAL,SEX,EDUCATION,MARRIAGE,AGE,PAY_0,PAY_2,PAY_3,PAY_4,PAY_5,PAY_6,BILL_AMT1,BILL_AMT2,BILL_AMT3,BILL_AMT4,BILL_AMT5,BILL_AMT6,PAY_AMT1,PAY_AMT2,PAY_AMT3,PAY_AMT4,PAY_AMT5,PAY_AMT6
0.5063291139240507,0.0,0.16666666666666666,0.3333333333333333,0.35185185185185186,0.1,0.1111111111111111,0.1,0.4,0.1,0.1,0.07803540342543917,0.06684763031955951,0.10910819541165229,0.08917794837681212,0.15003937869890166,0.40889335728455906,0.03772514076998853,0.007288836442878309,1.839790999742429e-05,0.026224484184318803,0.024085798732706127,0.02410656753407683
