LIMIT_BAL,SEX,EDUCATION,MARRIAGE,AGE,PAY_0,PAY_2,PAY_3,PAY_4,PAY_5,PAY_6,BILL_AMT1,BILL_AMT2,BILL_AMT3,BILL_AMT4,BILL_AMT5,BILL_AMT6,PAY_AMT1,PAY_AMT2,PAY_AMT3,PAY_AMT4,PAY_AMT5,PAY_AMT6
0.05063291139240507,1.0,0.3333333333333333,0.6666666666666666,0.2407407407407407,0.2,0.2222222222222222,0.2,0.2,0.2,0.2,0.09545770629629688,0.10236839396902178,0.0972007414511116,0.0870369704488113,0.1465769943431927,0.4087679766018554,0.00405385136148598,0.001664925408407914,0.002628272856774899,0.002499712533058698,0.0035818187908913577,0.0028500619578686495
