LIMIT_BAL,SEX,EDUCATION,MARRIAGE,AGE,PAY_0,PAY_2,PAY_3,PAY_4,PAY_5,PAY_6,BILL_AMT1,BILL_AMT2,BILL_AMT3,BILL_AMT4,BILL_AMT5,BILL_AMT6,PAY_AMT1,PAY_AMT2,PAY_AMT3,PAY_AMT4,PAY_AMT5,PAY_AMT6
0.025316455696202535,0.0,0.16666666666666666,0.6666666666666666,0.12962962962962965,0.30000000000000004,0.4444444444444444,0.4,0.2,0.2,0.2,0.03981433372523965,0.055530540832604336,0.08864236207969445,0.08444352552692927,0.1392698764391199,0.4002186545363785,0.00405385136148598,0.0,0.00037847129137558546,0.00031996320423151336,0.00010049707398903809,0.004817843866171004
