LIMIT_BAL,SEX,EDUCATION,MARRIAGE,AGE,PAY_0,PAY_2,PAY_3,PAY_4,PAY_5,PAY_6,BILL_AMT1,BILL_AMT2,BILL_AMT3,BILL_AMT4,BILL_AMT5,BILL_AMT6,PAY_AMT1,PAY_AMT2,PAY_AMT3,PAY_AMT4,PAY_AMT5,PAY_AMT6
0.620253164556962,1.0,0.16666666666666666,0.3333333333333333,0.42592592592592593,0.2,0.2222222222222222,0.2,0.2,0.2,0.2,0.5308112146950744,0.46933823907785727,0.636150858561433,0.20393376602362417,0.2753665813733852,0.506425467043043,0.028376959530401858,0.012224121941320956,0.010513091427099596,0.009998850132234793,0.017481337177990625,0.0
