LIMIT_BAL,SEX,EDUCATION,MARRIAGE,AGE,PAY_0,PAY_2,PAY_3,PAY_4,PAY_5,PAY_6,BILL_AMT1,BILL_AMT2,BILL_AMT3,BILL_AMT4,BILL_AMT5,BILL_AMT6,PAY_AMT1,PAY_AMT2,PAY_AMT3,PAY_AMT4,PAY_AMT5,PAY_AMT6
0.0379746835443038,0.0,0.16666666666666666,0.6666666666666666,0.4444444444444444,0.1,0.1111111111111111,0.1,0.1,0.1,0.2,0.040616459751639175,0.043243451860237744,0.08179895978964709,0.07561442620592941,0.1339954183455718,0.4042777076661499,0.0005351083797161493,0.002795249217248725,0.0,0.0616729076156242,0.012884240255004883,0.0074845105328376705
