LIMIT_BAL,SEX,EDUCATION,MARRIAGE,AGE,PAY_0,PAY_2,PAY_3,PAY_4,PAY_5,PAY_6,BILL_AMT1,BILL_AMT2,BILL_AMT3,BILL_AMT4,BILL_AMT5,BILL_AMT6,PAY_AMT1,PAY_AMT2,PAY_AMT3,PAY_AMT4,PAY_AMT5,PAY_AMT6
0.08860759493670886,1.0,0.3333333333333333,0.6666666666666666,0.09259259259259262,0.2,0.2222222222222222,0.2,0.2,0.2,0.2,0.13045300499013432,0.13193536767354502,0.19177372206147178,0.18353679365707198,0.2533602611739101,0.4864079137474645,0.006283469610303269,0.002118847803162299,0.007884818570324697,0.0074991375991760945,0.0077305441530029296,0.016109045848822803
