LIMIT_BAL,SEX,EDUCATION,MARRIAGE,AGE,PAY_0,PAY_2,PAY_3,PAY_4,PAY_5,PAY_6,BILL_AMT1,BILL_AMT2,BILL_AMT3,BILL_AMT4,BILL_AMT5,BILL_AMT6,PAY_AMT1,PAY_AMT2,PAY_AMT3,PAY_AMT4,PAY_AMT5,PAY_AMT6
0.025316455696202535,0.0,0.3333333333333333,0.6666666666666666,0.018518518518518545,0.5,0.4444444444444444,0.4,0.4,0.4,0.5,0.06493767433683328,0.07551458858642515,0.12206708382920214,0.11640687270395474,0.18277435188543906,0.4328176320393343,0.0,0.002607812680815137,0.0,0.009748878878928923,0.0,0.0
