LIMIT_BAL,SEX,EDUCATION,MARRIAGE,AGE,PAY_0,PAY_2,PAY_3,PAY_4,PAY_5,PAY_6,BILL_AMT1,BILL_AMT2,BILL_AMT3,BILL_AMT4,BILL_AMT5,BILL_AMT6,PAY_AMT1,PAY_AMT2,PAY_AMT3,PAY_AMT4,PAY_AMT5,PAY_AMT6
0.24050632911392406,0.0,0.3333333333333333,0.3333333333333333,0.3148148148148149,0.4,0.4444444444444444,0.4,0.2,0.2,0.2,0.18881512957239305,0.17917202696444195,0.24559330119058037,0.22129831059012484,0.2931000676463956,0.5212742895778186,0.009121165563343454,0.0,0.009198954998712146,0.008748993865705443,0.02319163245900879,0.0
