LIMIT_BAL,SEX,EDUCATION,MARRIAGE,AGE,PAY_0,PAY_2,PAY_3,PAY_4,PAY_5,PAY_6,BILL_AMT1,BILL_AMT2,BILL_AMT3,BILL_AMT4,BILL_AMT5,BILL_AMT6,PAY_AMT1,PAY_AMT2,PAY_AMT3,PAY_AMT4,PAY_AMT5,PAY_AMT6
0.2911392405063291,0.0,0.16666666666666666,0.3333333333333333,0.2777777777777778,0.2,0.2222222222222222,0.2,0.2,0.4,0.4,0.04688277501071333,0.06286085524623064,0.10459709592812613,0.10347710397152154,0.1623301078747594,0.4206803132407859,0.0030403885211144847,0.0016298829255094608,0.003942409285162349,0.0,0.00438064168670166,0.0017348203221809171
