LIMIT_BAL,SEX,EDUCATION,MARRIAGE,AGE,PAY_0,PAY_2,PAY_3,PAY_4,PAY_5,PAY_6,BILL_AMT1,BILL_AMT2,BILL_AMT3,BILL_AMT4,BILL_AMT5,BILL_AMT6,PAY_AMT1,PAY_AMT2,PAY_AMT3,PAY_AMT4,PAY_AMT5,PAY_AMT6
0.025316455696202535,1.0,0.5,0.3333333333333333,0.0,0.6000000000000001,0.5555555555555556,0.4,0.2,0.2,0.2,0.07454121059810974,0.08329516801317347,0.126246412000548,0.12041914624572253,0.1815210961984033,0.4249338821960602,0.0,0.0,0.0,0.0,0.0025768480510009765,0.0
