LIMIT_BAL,SEX,EDUCATION,MARRIAGE,AGE,PAY_0,PAY_2,PAY_3,PAY_4,PAY_5,PAY_6,BILL_AMT1,BILL_AMT2,BILL_AMT3,BILL_AMT4,BILL_AMT5,BILL_AMT6,PAY_AMT1,PAY_AMT2,PAY_AMT3,PAY_AMT4,PAY_AMT5,PAY_AMT6
0.4177215189873417,1.0,0.5,0.3333333333333333,0.2962962962962963,0.1,0.1111111111111111,0.1,0.1,0.1,0.1,0.0495764115298945,0.06868085215869912,0.09113312282636146,0.09000946884569977,0.153573657774597,0.406490032235725,0.040633779121854716,0.007437155789099669,0.024918654955082817,0.03163886153092394,0.018826451860613134,0.02460470879801735
