LIMIT_BAL,SEX,EDUCATION,MARRIAGE,AGE,PAY_0,PAY_2,PAY_3,PAY_4,PAY_5,PAY_6,BILL_AMT1,BILL_AMT2,BILL_AMT3,BILL_AMT4,BILL_AMT5,BILL_AMT6,PAY_AMT1,PAY_AMT2,PAY_AMT3,PAY_AMT4,PAY_AMT5,PAY_AMT6
0.4936708860759494,1.0,0.16666666666666666,0.3333333333333333,0.20370370370370372,0.0,0.0,0.0,0.0,0.0,0.0,0.03535790360988106,0.04225158235990326,0.07613243782589105,0.08792092914546663,0.1347829923236047,0.4003557530398956,0.0,0.0008149414627547304,0.021210161954173433,0.0028846682631497376,0.005310883833113012,0.0
