LIMIT_BAL,SEX,EDUCATION,MARRIAGE,AGE,PAY_0,PAY_2,PAY_3,PAY_4,PAY_5,PAY_6,BILL_AMT1,BILL_AMT2,BILL_AMT3,BILL_AMT4,BILL_AMT5,BILL_AMT6,PAY_AMT1,PAY_AMT2,PAY_AMT3,PAY_AMT4,PAY_AMT5,PAY_AMT6
0.3924050632911392,0.0,0.16666666666666666,0.3333333333333333,0.462962962962963,0.0,0.0,0.0,0.1,0.1,0.0,0.029155946799109028,0.05858076467863943,0.07845318640760995,0.11224927035951648,0.14509171478710994,0.400233887703436,0.024835920366143852,0.002681157412463063,0.030133148302924215,0.01884033336166341,0.00506608326826792,0.0074027261462205705
