LIMIT_BAL,SEX,EDUCATION,MARRIAGE,AGE,PAY_0,PAY_2,PAY_3,PAY_4,PAY_5,PAY_6,BILL_AMT1,BILL_AMT2,BILL_AMT3,BILL_AMT4,BILL_AMT5,BILL_AMT6,PAY_AMT1,PAY_AMT2,PAY_AMT3,PAY_AMT4,PAY_AMT5,PAY_AMT6
0.6075949367088608,0.0,0.16666666666666666,0.3333333333333333,0.2592592592592593,0.2,0.2222222222222222,0.2,0.2,0.2,0.2,0.060754375197195856,0.06793083929398447,0.1045195175615964,0.09934347338834852,0.15653441306130986,0.4142378553575634,0.0024464992966567885,0.0009021401992694865,0.0013325343383848737,0.0037670667873194582,0.0038652720765014648,0.00895910780669145
