LIMIT_BAL,SEX,EDUCATION,MARRIAGE,AGE,PAY_0,PAY_2,PAY_3,PAY_4,PAY_5,PAY_6,BILL_AMT1,BILL_AMT2,BILL_AMT3,BILL_AMT4,BILL_AMT5,BILL_AMT6,PAY_AMT1,PAY_AMT2,PAY_AMT3,PAY_AMT4,PAY_AMT5,PAY_AMT6
0.05063291139240507,1.0,0.16666666666666666,0.6666666666666666,0.537037037037037,0.2,0.2222222222222222,0.2,0.2,0.2,0.2,0.10410999329730307,0.1059409252302784,0.10973707536160598,0.10616044299814818,0.16607353522677884,0.42151579386478333,0.004252490078198792,0.0010618687259694136,0.0018345344540288795,0.001797293311269204,0.0018450232045166993,0.0020644361833952914
