LIMIT_BAL,SEX,EDUCATION,MARRIAGE,AGE,PAY_0,PAY_2,PAY_3,PAY_4,PAY_5,PAY_6,BILL_AMT1,BILL_AMT2,BILL_AMT3,BILL_AMT4,BILL_AMT5,BILL_AMT6,PAY_AMT1,PAY_AMT2,PAY_AMT3,PAY_AMT4,PAY_AMT5,PAY_AMT6
0.05063291139240507,1.0,0.16666666666666666,0.6666666666666666,0.40740740740740744,0.2,0.2222222222222222,0.2,0.2,0.2,0.2,0.09094162688738998,0.09386095816394793,0.11994110646557915,0.10702492463877553,0.1651830210814927,0.41892381190085315,0.0032633503459962134,0.0010423101308633,0.0018056234526043556,0.0017248016478105016,0.0017290650422216553,0.0012540272614622058
