LIMIT_BAL,SEX,EDUCATION,MARRIAGE,AGE,PAY_0,PAY_2,PAY_3,PAY_4,PAY_5,PAY_6,BILL_AMT1,BILL_AMT2,BILL_AMT3,BILL_AMT4,BILL_AMT5,BILL_AMT6,PAY_AMT1,PAY_AMT2,PAY_AMT3,PAY_AMT4,PAY_AMT5,PAY_AMT6
0.0759493670886076,1.0,0.3333333333333333,0.3333333333333333,0.11111111111111116,0.5,0.4444444444444444,0.5,0.4,0.2,0.2,0.13404138091254,0.13473087016929966,0.19046479345172562,0.11560831340680677,0.17239536867285615,0.42678998501290716,0.006080777042228969,0.0,0.0,0.004999425066117396,0.0025768480510009765,0.0024783147459727386
