LIMIT_BAL,SEX,EDUCATION,MARRIAGE,AGE,PAY_0,PAY_2,PAY_3,PAY_4,PAY_5,PAY_6,BILL_AMT1,BILL_AMT2,BILL_AMT3,BILL_AMT4,BILL_AMT5,BILL_AMT6,PAY_AMT1,PAY_AMT2,PAY_AMT3,PAY_AMT4,PAY_AMT5,PAY_AMT6
0.012658227848101266,0.0,0.5,0.3333333333333333,0.37037037037037035,0.2,0.2222222222222222,0.2,0.4,0.2,0.2,0.04478877086351771,0.06047059126228581,0.10000676747452707,0.0956428327430287,0.15347071760734374,0.4127414896396887,0.0034457736572630826,0.0017113770717849337,0.0,0.0011448683401408838,0.0025768480510009765,0.0024783147459727386
