LIMIT_BAL,SEX,EDUCATION,MARRIAGE,AGE,PAY_0,PAY_2,PAY_3,PAY_4,PAY_5,PAY_6,BILL_AMT1,BILL_AMT2,BILL_AMT3,BILL_AMT4,BILL_AMT5,BILL_AMT6,PAY_AMT1,PAY_AMT2,PAY_AMT3,PAY_AMT4,PAY_AMT5,PAY_AMT6
0.24050632911392406,0.0,0.16666666666666666,0.3333333333333333,0.6111111111111112,0.30000000000000004,0.4444444444444444,0.2,0.2,0.2,0.2,0.03519151347524633,0.04908274584469717,0.08377803343792659,0.09818084296698489,0.1468237239504188,0.4044862848766289,2.0269256807429897e-05,0.0009901538772469974,0.03153927428129879,0.009998850132234793,0.012827549597882862,0.0024783147459727386
