LIMIT_BAL,SEX,EDUCATION,MARRIAGE,AGE,PAY_0,PAY_2,PAY_3,PAY_4,PAY_5,PAY_6,BILL_AMT1,BILL_AMT2,BILL_AMT3,BILL_AMT4,BILL_AMT5,BILL_AMT6,PAY_AMT1,PAY_AMT2,PAY_AMT3,PAY_AMT4,PAY_AMT5,PAY_AMT6
0.12658227848101264,0.0,0.3333333333333333,0.6666666666666666,0.3148148148148149,0.2,0.2222222222222222,0.2,0.2,0.2,0.2,0.17460447024363598,0.1694038491226265,0.24243734721600957,0.22939776942761428,0.26380460322284427,0.4792518405767042,0.00810770272297196,0.0032597658510189215,0.009198954998712146,0.006249281332646745,0.005900982036792237,0.005105328376703842
