LIMIT_BAL,SEX,EDUCATION,MARRIAGE,AGE,PAY_0,PAY_2,PAY_3,PAY_4,PAY_5,PAY_6,BILL_AMT1,BILL_AMT2,BILL_AMT3,BILL_AMT4,BILL_AMT5,BILL_AMT6,PAY_AMT1,PAY_AMT2,PAY_AMT3,PAY_AMT4,PAY_AMT5,PAY_AMT6
0.05063291139240507,1.0,0.3333333333333333,0.3333333333333333,0.37037037037037035,0.30000000000000004,0.4444444444444444,0.4,0.4,0.4,0.4,0.06255013287664997,0.07549014562856995,0.12007645595612036,0.11612070980385106,0.1756388009267883,0.43044242976045255,0.0030403885211144847,0.0016298829255094608,0.002628272856774899,0.0,0.005153696102001953,0.0
