LIMIT_BAL,SEX,EDUCATION,MARRIAGE,AGE,PAY_0,PAY_2,PAY_3,PAY_4,PAY_5,PAY_6,BILL_AMT1,BILL_AMT2,BILL_AMT3,BILL_AMT4,BILL_AMT5,BILL_AMT6,PAY_AMT1,PAY_AMT2,PAY_AMT3,PAY_AMT4,PAY_AMT5,PAY_AMT6
0.012658227848101266,0.0,0.3333333333333333,1.0,0.4814814814814815,0.1,0.1111111111111111,0.4,0.4,0.1,0.1,0.0246414371084534,0.04390727113672619,0.07678112501836297,0.07583466676255371,0.13417188720372022,0.3979407101702482,0.001581002030979532,0.0,0.0,0.0019497757757857845,0.0,0.0
