LIMIT_BAL,SEX,EDUCATION,MARRIAGE,AGE,PAY_0,PAY_2,PAY_3,PAY_4,PAY_5,PAY_6,BILL_AMT1,BILL_AMT2,BILL_AMT3,BILL_AMT4,BILL_AMT5,BILL_AMT6,PAY_AMT1,PAY_AMT2,PAY_AMT3,PAY_AMT4,PAY_AMT5,PAY_AMT6
0.27848101265822783,1.0,0.16666666666666666,0.6666666666666666,0.33333333333333337,0.1,0.1111111111111111,0.1,0.1,0.1,0.2,0.0312687875653199,0.04664230947357588,0.1153837900828438,0.19312699639824288,0.14758025248118484,0.4116107199311929,0.005890246028239128,0.019411905642817678,0.2057595971383365,0.08971468281147668,0.02834532856101074,0.02522924411400248
