LIMIT_BAL,SEX,EDUCATION,MARRIAGE,AGE,PAY_0,PAY_2,PAY_3,PAY_4,PAY_5,PAY_6,BILL_AMT1,BILL_AMT2,BILL_AMT3,BILL_AMT4,BILL_AMT5,BILL_AMT6,PAY_AMT1,PAY_AMT2,PAY_AMT3,PAY_AMT4,PAY_AMT5,PAY_AMT6
0.0759493670886076,1.0,0.3333333333333333,0.3333333333333333,0.11111111111111116,0.2,0.2222222222222222,0.4,0.4,0.4,0.4,0.1314372183336813,0.13525060464158906,0.19599761652848363,0.1780157973906738,0.21622173638820535,0.4551494549455648,0.01378309462905233,0.0025263185345396643,3.9424092851623485e-05,0.009623893252275988,0.0,0.0044609665427509295
