LIMIT_BAL,SEX,EDUCATION,MARRIAGE,AGE,PAY_0,PAY_2,PAY_3,PAY_4,PAY_5,PAY_6,BILL_AMT1,BILL_AMT2,BILL_AMT3,BILL_AMT4,BILL_AMT5,BILL_AMT6,PAY_AMT1,PAY_AMT2,PAY_AMT3,PAY_AMT4,PAY_AMT5,PAY_AMT6
0.0759493670886076,1.0,0.16666666666666666,0.6666666666666666,0.03703703703703709,0.2,0.2222222222222222,0.2,0.2,0.2,0.2,0.036065846541204316,0.05432511706890342,0.09277052154120155,0.09261939435345164,0.1513939405822819,0.41140097093863254,0.0030403885211144847,0.0012224121941320956,0.004205236570839838,0.001499827519835219,0.0012884240255004883,0.001486988847583643
