LIMIT_BAL,SEX,EDUCATION,MARRIAGE,AGE,PAY_0,PAY_2,PAY_3,PAY_4,PAY_5,PAY_6,BILL_AMT1,BILL_AMT2,BILL_AMT3,BILL_AMT4,BILL_AMT5,BILL_AMT6,PAY_AMT1,PAY_AMT2,PAY_AMT3,PAY_AMT4,PAY_AMT5,PAY_AMT6
0.1772151898734177,1.0,0.3333333333333333,0.6666666666666666,0.37037037037037035,0.1,0.1111111111111111,0.1,0.1,0.1,0.1,0.024525277957859342,0.04331034837647301,0.07665898035616724,0.076308109047542,0.1336588203383627,0.40738175839962687,0.0006405085151147847,0.0002575215022304948,0.000830534222740868,0.0011648660404053534,0.02076166474691487,0.0007831474597273854
