LIMIT_BAL,SEX,EDUCATION,MARRIAGE,AGE,PAY_0,PAY_2,PAY_3,PAY_4,PAY_5,PAY_6,BILL_AMT1,BILL_AMT2,BILL_AMT3,BILL_AMT4,BILL_AMT5,BILL_AMT6,PAY_AMT1,PAY_AMT2,PAY_AMT3,PAY_AMT4,PAY_AMT5,PAY_AMT6
0.025316455696202535,1.0,0.16666666666666666,0.6666666666666666,0.03703703703703709,0.1,0.1111111111111111,0.1,0.1,0.1,0.2,0.0604859533762285,0.08124195955333711,0.09265662989672174,0.08982218946081516,0.17266660784371396,0.41752118874948585,0.06089492822656164,0.008168973222653418,0.024548068482277554,0.06090049644290906,0.01472410976341958,9.913258983890955e-06
