LIMIT_BAL,SEX,EDUCATION,MARRIAGE,AGE,PAY_0,PAY_2,PAY_3,PAY_4,PAY_5,PAY_6,BILL_AMT1,BILL_AMT2,BILL_AMT3,BILL_AMT4,BILL_AMT5,BILL_AMT6,PAY_AMT1,PAY_AMT2,PAY_AMT3,PAY_AMT4,PAY_AMT5,PAY_AMT6
0.4430379746835443,1.0,0.5,0.3333333333333333,0.38888888888888884,0.1,0.1111111111111111,0.1,0.1,0.1,0.1,0.038395308426090596,0.05104590130190913,0.11217006498426149,0.08402851441002498,0.14769626441570835,0.39830630617962715,0.012893274255206158,0.018121038365814184,0.014933846372194975,0.02286487053988791,0.0008065534399633057,0.01622800495662949
