LIMIT_BAL,SEX,EDUCATION,MARRIAGE,AGE,PAY_0,PAY_2,PAY_3,PAY_4,PAY_5,PAY_6,BILL_AMT1,BILL_AMT2,BILL_AMT3,BILL_AMT4,BILL_AMT5,BILL_AMT6,PAY_AMT1,PAY_AMT2,PAY_AMT3,PAY_AMT4,PAY_AMT5,PAY_AMT6
0.025316455696202535,1.0,0.3333333333333333,0.6666666666666666,0.07407407407407407,0.2,0.2222222222222222,0.2,0.2,0.2,0.2,0.046075939829559986,0.06266788452632122,0.1027253115101537,0.10263509585708036,0.15986607974431624,0.41728800411529865,0.003151869433555349,0.0010594239015811495,0.012862767361056356,0.002499712533058698,0.002061478440800781,0.005452292441140025
