LIMIT_BAL,SEX,EDUCATION,MARRIAGE,AGE,PAY_0,PAY_2,PAY_3,PAY_4,PAY_5,PAY_6,BILL_AMT1,BILL_AMT2,BILL_AMT3,BILL_AMT4,BILL_AMT5,BILL_AMT6,PAY_AMT1,PAY_AMT2,PAY_AMT3,PAY_AMT4,PAY_AMT5,PAY_AMT6
0.025316455696202535,1.0,0.3333333333333333,0.3333333333333333,0.2777777777777778,0.2,0.2222222222222222,0.2,0.4,0.2,0.2,0.060617809709335266,0.07456388617300469,0.11971992559079228,0.11651025092441104,0.17805054198815046,0.4310025415953344,0.00405385136148598,0.0020373536568868257,0.003942409285162349,0.002999655039670438,0.0029427604742431153,0.003965303593556382
