LIMIT_BAL,SEX,EDUCATION,MARRIAGE,AGE,PAY_0,PAY_2,PAY_3,PAY_4,PAY_5,PAY_6,BILL_AMT1,BILL_AMT2,BILL_AMT3,BILL_AMT4,BILL_AMT5,BILL_AMT6,PAY_AMT1,PAY_AMT2,PAY_AMT3,PAY_AMT4,PAY_AMT5,PAY_AMT6
0.2151898734177215,1.0,0.3333333333333333,0.6666666666666666,0.12962962962962965,0.2,0.2222222222222222,0.2,0.2,0.2,0.4,0.09033100648764553,0.0927430144599393,0.13670793725725813,0.12949095964953283,0.19481344954134439,0.4385558488916699,0.005067314201857474,0.0016298829255094608,0.002964691782442086,0.006249281332646745,0.0,0.004956629491945477
