LIMIT_BAL,SEX,EDUCATION,MARRIAGE,AGE,PAY_0,PAY_2,PAY_3,PAY_4,PAY_5,PAY_6,BILL_AMT1,BILL_AMT2,BILL_AMT3,BILL_AMT4,BILL_AMT5,BILL_AMT6,PAY_AMT1,PAY_AMT2,PAY_AMT3,PAY_AMT4,PAY_AMT5,PAY_AMT6
0.08860759493670886,0.0,0.16666666666666666,0.6666666666666666,0.20370370370370372,0.2,0.2222222222222222,0.2,0.4,0.2,0.2,0.08311187225004983,0.09263752379972212,0.14781814970644017,0.13939129705207265,0.2020862540563328,0.44859567776461473,0.0033444273732259333,0.004400683898875544,0.0,0.004154522229943556,0.004424448103568677,0.003965303593556382
