LIMIT_BAL,SEX,EDUCATION,MARRIAGE,AGE,PAY_0,PAY_2,PAY_3,PAY_4,PAY_5,PAY_6,BILL_AMT1,BILL_AMT2,BILL_AMT3,BILL_AMT4,BILL_AMT5,BILL_AMT6,PAY_AMT1,PAY_AMT2,PAY_AMT3,PAY_AMT4,PAY_AMT5,PAY_AMT6
0.620253164556962,0.0,0.16666666666666666,0.6666666666666666,0.20370370370370372,0.2,0.1111111111111111,0.2,0.2,0.2,0.1,0.05273939380620572,0.07543482735552925,0.11638735703710062,0.10305460167922187,0.1401996058862168,0.43051156490325176,0.051254869688947984,0.0008450942968766554,0.0009540630470092883,0.00022247441544222414,0.07162606842562315,0.01982651796778191
