LIMIT_BAL,SEX,EDUCATION,MARRIAGE,AGE,PAY_0,PAY_2,PAY_3,PAY_4,PAY_5,PAY_6,BILL_AMT1,BILL_AMT2,BILL_AMT3,BILL_AMT4,BILL_AMT5,BILL_AMT6,PAY_AMT1,PAY_AMT2,PAY_AMT3,PAY_AMT4,PAY_AMT5,PAY_AMT6
0.36708860759493667,0.0,0.16666666666666666,0.6666666666666666,0.2222222222222222,0.2,0.1111111111111111,0.2,0.2,0.2,0.1,0.026567481402763018,0.052919003756496684,0.08178245375421524,0.07705423011692226,0.13209020826593204,0.40732199751347836,0.015779616424584177,0.002444824388264191,0.0,0.0,0.021903208433508303,0.0
