LIMIT_BAL,SEX,EDUCATION,MARRIAGE,AGE,PAY_0,PAY_2,PAY_3,PAY_4,PAY_5,PAY_6,BILL_AMT1,BILL_AMT2,BILL_AMT3,BILL_AMT4,BILL_AMT5,BILL_AMT6,PAY_AMT1,PAY_AMT2,PAY_AMT3,PAY_AMT4,PAY_AMT5,PAY_AMT6
0.4430379746835443,1.0,0.3333333333333333,0.3333333333333333,0.5185185185185185,0.2,0.2222222222222222,0.1,0.1,0.0,0.0,0.04477935255401008,0.0540240827458447,0.07688676364512685,0.07583167029239556,0.13289412195305275,0.3979383666060855,0.006182123326266119,0.00037161330701615704,0.0,0.0,0.0,0.0012862453531598513
