LIMIT_BAL,SEX,EDUCATION,MARRIAGE,AGE,PAY_0,PAY_2,PAY_3,PAY_4,PAY_5,PAY_6,BILL_AMT1,BILL_AMT2,BILL_AMT3,BILL_AMT4,BILL_AMT5,BILL_AMT6,PAY_AMT1,PAY_AMT2,PAY_AMT3,PAY_AMT4,PAY_AMT5,PAY_AMT6
0.10126582278481013,1.0,0.16666666666666666,0.6666666666666666,0.11111111111111116,0.30000000000000004,0.4444444444444444,0.4,0.4,0.4,0.4,0.051301531888041416,0.06452426285184995,0.1071159169350273,0.10305609991430095,0.16505720532151646,0.4204623617736562,0.0,0.001834433232660898,0.0,0.004516980547237068,0.0,0.024783147459727387
