LIMIT_BAL,SEX,EDUCATION,MARRIAGE,AGE,PAY_0,PAY_2,PAY_3,PAY_4,PAY_5,PAY_6,BILL_AMT1,BILL_AMT2,BILL_AMT3,BILL_AMT4,BILL_AMT5,BILL_AMT6,PAY_AMT1,PAY_AMT2,PAY_AMT3,PAY_AMT4,PAY_AMT5,PAY_AMT6
0.0759493670886076,1.0,0.5,0.3333333333333333,0.4814814814814815,0.2,0.2222222222222222,0.2,0.2,0.2,0.2,0.1360945723852026,0.13393068491740853,0.19407466340067248,0.1816909680396493,0.2488521354365807,0.4815743126619256,0.006486162178377567,0.0027708009733660834,0.007621991284647207,0.00687420946591142,0.008122225056755078,0.006691449814126394
