LIMIT_BAL,SEX,EDUCATION,MARRIAGE,AGE,PAY_0,PAY_2,PAY_3,PAY_4,PAY_5,PAY_6,BILL_AMT1,BILL_AMT2,BILL_AMT3,BILL_AMT4,BILL_AMT5,BILL_AMT6,PAY_AMT1,PAY_AMT2,PAY_AMT3,PAY_AMT4,PAY_AMT5,PAY_AMT6
0.025316455696202535,0.0,0.3333333333333333,0.3333333333333333,0.18518518518518523,0.2,0.2222222222222222,0.2,0.2,0.2,0.2,0.06999844597893123,0.08071321978078527,0.12615067699504323,0.11997716689739488,0.1811501848021098,0.4329781661844783,0.0036890047389522415,0.0014098487305656835,0.0030330268767182335,0.002584702759182694,0.0031231398378131834,0.0026121437422552667
