LIMIT_BAL,SEX,EDUCATION,MARRIAGE,AGE,PAY_0,PAY_2,PAY_3,PAY_4,PAY_5,PAY_6,BILL_AMT1,BILL_AMT2,BILL_AMT3,BILL_AMT4,BILL_AMT5,BILL_AMT6,PAY_AMT1,PAY_AMT2,PAY_AMT3,PAY_AMT4,PAY_AMT5,PAY_AMT6
0.13924050632911392,1.0,0.3333333333333333,0.3333333333333333,0.2407407407407407,0.2,0.1111111111111111,0.1,0.1,0.1,0.1,0.03737970071751821,0.04816034580353008,0.08668309567393317,0.08260668931998107,0.14712600856854346,0.3997218189338892,0.008282018331515857,0.005206661005539973,0.011879793312622544,0.021767496737875144,0.0039168090375214844,0.003767038413878563
