LIMIT_BAL,SEX,EDUCATION,MARRIAGE,AGE,PAY_0,PAY_2,PAY_3,PAY_4,PAY_5,PAY_6,BILL_AMT1,BILL_AMT2,BILL_AMT3,BILL_AMT4,BILL_AMT5,BILL_AMT6,PAY_AMT1,PAY_AMT2,PAY_AMT3,PAY_AMT4,PAY_AMT5,PAY_AMT6
0.025316455696202535,1.0,0.3333333333333333,0.3333333333333333,0.6111111111111112,0.2,0.2222222222222222,0.2,0.2,0.2,0.2,0.08503791654435945,0.08076725158235991,0.13120812625136383,0.12100495616164159,0.1770603556174286,0.4322282256524189,0.00405385136148598,0.0036680515238590415,0.006297341764832658,0.009998850132234793,0.007926384604879004,0.002646840148698885
