LIMIT_BAL,SEX,EDUCATION,MARRIAGE,AGE,PAY_0,PAY_2,PAY_3,PAY_4,PAY_5,PAY_6,BILL_AMT1,BILL_AMT2,BILL_AMT3,BILL_AMT4,BILL_AMT5,BILL_AMT6,PAY_AMT1,PAY_AMT2,PAY_AMT3,PAY_AMT4,PAY_AMT5,PAY_AMT6
0.012658227848101266,0.0,0.3333333333333333,0.3333333333333333,0.537037037037037,0.2,0.2222222222222222,0.2,0.2,0.2,0.1,0.05364198180068659,0.08929269798795864,0.10709776029605225,0.09908877342490546,0.1542795332071908,0.40694937081161137,0.0030403885211144847,0.0021025489739072045,0.0033615609838150958,0.0016348119966203885,0.019810807816095507,0.0
