LIMIT_BAL,SEX,EDUCATION,MARRIAGE,AGE,PAY_0,PAY_2,PAY_3,PAY_4,PAY_5,PAY_6,BILL_AMT1,BILL_AMT2,BILL_AMT3,BILL_AMT4,BILL_AMT5,BILL_AMT6,PAY_AMT1,PAY_AMT2,PAY_AMT3,PAY_AMT4,PAY_AMT5,PAY_AMT6
0.05063291139240507,0.0,0.5,0.6666666666666666,0.2407407407407407,0.30000000000000004,0.4444444444444444,0.4,0.4,0.4,0.4,0.07704805064538965,0.08770390572737097,0.1322381028623116,0.13023708071891313,0.19322032790528199,0.44034867547612433,0.0038511587934116805,0.0,0.008410473141679677,0.0037495687995880472,0.0,0.007434944237918216
