LIMIT_BAL,SEX,EDUCATION,MARRIAGE,AGE,PAY_0,PAY_2,PAY_3,PAY_4,PAY_5,PAY_6,BILL_AMT1,BILL_AMT2,BILL_AMT3,BILL_AMT4,BILL_AMT5,BILL_AMT6,PAY_AMT1,PAY_AMT2,PAY_AMT3,PAY_AMT4,PAY_AMT5,PAY_AMT6
0.06329113924050633,1.0,0.3333333333333333,0.6666666666666666,0.5,0.4,0.5555555555555556,0.4,0.5,0.4,0.4,0.1193378300528838,0.11904106416919674,0.1785986045797646,0.16647938728178208,0.23388986382486449,0.4690303854811513,0.0,0.0036672365823962865,0.0,0.005999310079340876,0.0,0.005452292441140025
