LIMIT_BAL,SEX,EDUCATION,MARRIAGE,AGE,PAY_0,PAY_2,PAY_3,PAY_4,PAY_5,PAY_6,BILL_AMT1,BILL_AMT2,BILL_AMT3,BILL_AMT4,BILL_AMT5,BILL_AMT6,PAY_AMT1,PAY_AMT2,PAY_AMT3,PAY_AMT4,PAY_AMT5,PAY_AMT6
0.18987341772151897,0.0,0.5,0.3333333333333333,0.462962962962963,0.4,0.4444444444444444,0.2,0.2,0.2,0.2,0.2885283420478858,0.24928086245047087,0.3363731948587001,0.18568825923062632,0.2273980974042738,0.4469704160177923,0.0,0.005152059927535406,0.005979320749162895,0.00585682646495653,0.007908346668521997,0.19084262701363075
