LIMIT_BAL,SEX,EDUCATION,MARRIAGE,AGE,PAY_0,PAY_2,PAY_3,PAY_4,PAY_5,PAY_6,BILL_AMT1,BILL_AMT2,BILL_AMT3,BILL_AMT4,BILL_AMT5,BILL_AMT6,PAY_AMT1,PAY_AMT2,PAY_AMT3,PAY_AMT4,PAY_AMT5,PAY_AMT6
0.12658227848101264,1.0,0.3333333333333333,0.6666666666666666,0.05555555555555558,0.1,0.2222222222222222,0.2,0.2,0.2,0.2,0.16676215786028567,0.16164899912519942,0.2281810844135158,0.18079652169744043,0.17945248902788535,0.5238522101567726,0.007195586166637614,0.002607812680815137,0.006570682141937247,0.003999540052893917,0.20614784408007814,0.009913258983890954
