LIMIT_BAL,SEX,EDUCATION,MARRIAGE,AGE,PAY_0,PAY_2,PAY_3,PAY_4,PAY_5,PAY_6,BILL_AMT1,BILL_AMT2,BILL_AMT3,BILL_AMT4,BILL_AMT5,BILL_AMT6,PAY_AMT1,PAY_AMT2,PAY_AMT3,PAY_AMT4,PAY_AMT5,PAY_AMT6
0.06329113924050633,1.0,0.3333333333333333,0.3333333333333333,0.05555555555555558,0.4,0.5555555555555556,0.4,0.4,0.4,0.2,0.0785110280555743,0.08647146606288272,0.13067498130691488,0.1286983932927012,0.1845341385541972,0.43569670061319354,0.0,0.0,0.007621991284647207,0.0,0.003092217661201172,0.003491945477075589
