LIMIT_BAL,SEX,EDUCATION,MARRIAGE,AGE,PAY_0,PAY_2,PAY_3,PAY_4,PAY_5,PAY_6,BILL_AMT1,BILL_AMT2,BILL_AMT3,BILL_AMT4,BILL_AMT5,BILL_AMT6,PAY_AMT1,PAY_AMT2,PAY_AMT3,PAY_AMT4,PAY_AMT5,PAY_AMT6
0.1139240506329114,1.0,0.3333333333333333,0.6666666666666666,0.14814814814814814,0.2,0.2222222222222222,0.2,0.2,0.2,0.2,0.16062298977956446,0.14024597334431124,0.19945232974437105,0.1899147803887021,0.25271157472312367,0.5707738800399812,0.006621966198987347,0.0027088654221967237,0.011091311455590074,0.006819215790184128,0.007215174542802735,0.007001239157372986
