LIMIT_BAL,SEX,EDUCATION,MARRIAGE,AGE,PAY_0,PAY_2,PAY_3,PAY_4,PAY_5,PAY_6,BILL_AMT1,BILL_AMT2,BILL_AMT3,BILL_AMT4,BILL_AMT5,BILL_AMT6,PAY_AMT1,PAY_AMT2,PAY_AMT3,PAY_AMT4,PAY_AMT5,PAY_AMT6
0.0379746835443038,0.0,0.16666666666666666,0.6666666666666666,0.05555555555555558,0.2,0.2222222222222222,0.2,0.2,0.2,0.2,0.08661077423213306,0.0759841506715381,0.10477701171433335,0.10814710271300408,0.16294284696555264,0.419446426709132,0.0025518994320554243,0.0013854004866830417,0.015769637140649394,0.0019997700264469584,0.002061478440800781,0.001982651796778191
