LIMIT_BAL,SEX,EDUCATION,MARRIAGE,AGE,PAY_0,PAY_2,PAY_3,PAY_4,PAY_5,PAY_6,BILL_AMT1,BILL_AMT2,BILL_AMT3,BILL_AMT4,BILL_AMT5,BILL_AMT6,PAY_AMT1,PAY_AMT2,PAY_AMT3,PAY_AMT4,PAY_AMT5,PAY_AMT6
0.08860759493670886,1.0,0.16666666666666666,0.6666666666666666,0.07407407407407407,0.2,0.2222222222222222,0.2,0.2,0.2,0.2,0.14698056845776752,0.14494931302423714,0.2020619339461474,0.1642110593720597,0.2275811021460574,0.46599429810839216,0.006080777042228969,0.0019998663496001083,0.005411613812099517,0.005249396319423266,0.005537646461601099,0.004847583643122677
