LIMIT_BAL,SEX,EDUCATION,MARRIAGE,AGE,PAY_0,PAY_2,PAY_3,PAY_4,PAY_5,PAY_6,BILL_AMT1,BILL_AMT2,BILL_AMT3,BILL_AMT4,BILL_AMT5,BILL_AMT6,PAY_AMT1,PAY_AMT2,PAY_AMT3,PAY_AMT4,PAY_AMT5,PAY_AMT6
0.34177215189873417,0.0,0.3333333333333333,0.6666666666666666,0.2222222222222222,0.0,0.0,0.0,0.0,0.0,0.0,0.024029246990457682,0.04631297277826378,0.08157447770777386,0.08128824245039343,0.1373417907667572,0.4068439104242905,0.005371353053968923,0.002684417178314082,0.009566913198660631,0.006799218089919659,0.01957889149150542,0.010988847583643123
