LIMIT_BAL,SEX,EDUCATION,MARRIAGE,AGE,PAY_0,PAY_2,PAY_3,PAY_4,PAY_5,PAY_6,BILL_AMT1,BILL_AMT2,BILL_AMT3,BILL_AMT4,BILL_AMT5,BILL_AMT6,PAY_AMT1,PAY_AMT2,PAY_AMT3,PAY_AMT4,PAY_AMT5,PAY_AMT6
0.0759493670886076,1.0,0.16666666666666666,0.6666666666666666,0.07407407407407407,0.2,0.2222222222222222,0.2,0.2,0.2,0.2,0.06252815682113218,0.07575001286471467,0.11900521425659294,0.09809694180255658,0.15729257556298468,0.4156240735597919,0.0036281969685299518,0.0010015630577255637,0.0013640736126661725,0.0017173025102113256,0.001435304364407544,0.0013531598513011154
