LIMIT_BAL,SEX,EDUCATION,MARRIAGE,AGE,PAY_0,PAY_2,PAY_3,PAY_4,PAY_5,PAY_6,BILL_AMT1,BILL_AMT2,BILL_AMT3,BILL_AMT4,BILL_AMT5,BILL_AMT6,PAY_AMT1,PAY_AMT2,PAY_AMT3,PAY_AMT4,PAY_AMT5,PAY_AMT6
0.3164556962025316,1.0,0.16666666666666666,0.6666666666666666,0.2777777777777778,0.1,0.1111111111111111,0.1,0.2,0.2,0.2,0.03212899316701645,0.04290382339319714,0.10149396126693726,0.10739948340854473,0.17810773096995783,0.43567443675364803,0.0,0.012519130750838168,0.02628272856774899,0.017497987731410886,0.012884240255004883,0.012391573729863693
