LIMIT_BAL,SEX,EDUCATION,MARRIAGE,AGE,PAY_0,PAY_2,PAY_3,PAY_4,PAY_5,PAY_6,BILL_AMT1,BILL_AMT2,BILL_AMT3,BILL_AMT4,BILL_AMT5,BILL_AMT6,PAY_AMT1,PAY_AMT2,PAY_AMT3,PAY_AMT4,PAY_AMT5,PAY_AMT6
0.36708860759493667,1.0,0.3333333333333333,0.6666666666666666,0.4814814814814815,0.2,0.2222222222222222,0.2,0.2,0.2,0.2,0.37806664081863944,0.31686821386301656,0.39888485224622383,0.2228984256545789,0.24145514913252486,0.4786331396377552,0.014299960677641792,0.004511515937810187,0.01327803447242679,0.004484484284307305,0.012884240255004883,0.004956629491945477
