LIMIT_BAL,SEX,EDUCATION,MARRIAGE,AGE,PAY_0,PAY_2,PAY_3,PAY_4,PAY_5,PAY_6,BILL_AMT1,BILL_AMT2,BILL_AMT3,BILL_AMT4,BILL_AMT5,BILL_AMT6,PAY_AMT1,PAY_AMT2,PAY_AMT3,PAY_AMT4,PAY_AMT5,PAY_AMT6
0.3164556962025316,1.0,0.3333333333333333,0.6666666666666666,0.5555555555555556,0.2,0.2222222222222222,0.2,0.2,0.2,0.2,0.33948610563889886,0.30754901456285705,0.4207107828977666,0.32877869869293974,0.3872151580213266,0.5844122516847297,0.01621540544594392,0.006572502897116901,0.018397909997424293,0.02499712533058698,0.025768480510009767,0.024783147459727387
