LIMIT_BAL,SEX,EDUCATION,MARRIAGE,AGE,PAY_0,PAY_2,PAY_3,PAY_4,PAY_5,PAY_6,BILL_AMT1,BILL_AMT2,BILL_AMT3,BILL_AMT4,BILL_AMT5,BILL_AMT6,PAY_AMT1,PAY_AMT2,PAY_AMT3,PAY_AMT4,PAY_AMT5,PAY_AMT6
0.24050632911392406,0.0,0.3333333333333333,0.6666666666666666,0.2222222222222222,0.2,0.2222222222222222,0.2,0.2,0.2,0.4,0.1496255437111593,0.14801240158493287,0.21361615874844636,0.20331199846580728,0.27947601820897183,0.47268517379285935,0.006024023123168166,0.002405707198051964,0.00816604376599961,0.015138259100203475,0.0,0.007434944237918216
