LIMIT_BAL,SEX,EDUCATION,MARRIAGE,AGE,PAY_0,PAY_2,PAY_3,PAY_4,PAY_5,PAY_6,BILL_AMT1,BILL_AMT2,BILL_AMT3,BILL_AMT4,BILL_AMT5,BILL_AMT6,PAY_AMT1,PAY_AMT2,PAY_AMT3,PAY_AMT4,PAY_AMT5,PAY_AMT6
0.27848101265822783,1.0,0.6666666666666666,0.6666666666666666,0.16666666666666674,0.2,0.2222222222222222,0.2,0.2,0.2,0.2,0.2888532737258989,0.2501209283178099,0.3268376581897171,0.2947462888717091,0.37415319457652374,0.4491511024711712,0.02168607785826925,0.00413990263079403,0.02628272856774899,0.008898976617688965,0.11595816229504395,0.21313506815365552
