LIMIT_BAL,SEX,EDUCATION,MARRIAGE,AGE,PAY_0,PAY_2,PAY_3,PAY_4,PAY_5,PAY_6,BILL_AMT1,BILL_AMT2,BILL_AMT3,BILL_AMT4,BILL_AMT5,BILL_AMT6,PAY_AMT1,PAY_AMT2,PAY_AMT3,PAY_AMT4,PAY_AMT5,PAY_AMT6
0.05063291139240507,1.0,0.5,0.3333333333333333,0.11111111111111116,0.4,0.4444444444444444,0.4,0.4,0.4,0.4,0.06697359890873188,0.07946791540163639,0.12377050668576967,0.1197164739936355,0.17976784541328028,0.43408667203342854,0.0036484662253373815,0.0009779297553056765,0.0031539274281298787,0.0,0.007215174542802735,0.002973977695167286
