LIMIT_BAL,SEX,EDUCATION,MARRIAGE,AGE,PAY_0,PAY_2,PAY_3,PAY_4,PAY_5,PAY_6,BILL_AMT1,BILL_AMT2,BILL_AMT3,BILL_AMT4,BILL_AMT5,BILL_AMT6,PAY_AMT1,PAY_AMT2,PAY_AMT3,PAY_AMT4,PAY_AMT5,PAY_AMT6
0.025316455696202535,1.0,0.16666666666666666,0.6666666666666666,0.018518518518518545,0.1,0.1111111111111111,0.4,0.2,0.2,0.2,0.047394503160627696,0.06423223382905367,0.10501965043518163,0.11333848726200535,0.17476952840331633,0.4298026367440394,0.003930208894960657,0.0012224121941320956,0.021586004972692245,0.002499712533058698,0.005153696102001953,0.007930607187112764
