LIMIT_BAL,SEX,EDUCATION,MARRIAGE,AGE,PAY_0,PAY_2,PAY_3,PAY_4,PAY_5,PAY_6,BILL_AMT1,BILL_AMT2,BILL_AMT3,BILL_AMT4,BILL_AMT5,BILL_AMT6,PAY_AMT1,PAY_AMT2,PAY_AMT3,PAY_AMT4,PAY_AMT5,PAY_AMT6
0.20253164556962022,1.0,0.3333333333333333,0.6666666666666666,0.18518518518518523,0.2,0.2222222222222222,0.2,0.2,0.2,0.2,0.2845820703641903,0.261333813616014,0.2672541714878045,0.18417054709552147,0.25350405061388287,0.4859989618010759,0.017026175718241113,0.0032597658510189215,0.005808483013472527,0.005704344000439949,0.005563414942111109,0.0044609665427509295
