LIMIT_BAL,SEX,EDUCATION,MARRIAGE,AGE,PAY_0,PAY_2,PAY_3,PAY_4,PAY_5,PAY_6,BILL_AMT1,BILL_AMT2,BILL_AMT3,BILL_AMT4,BILL_AMT5,BILL_AMT6,PAY_AMT1,PAY_AMT2,PAY_AMT3,PAY_AMT4,PAY_AMT5,PAY_AMT6
0.5569620253164557,0.0,0.16666666666666666,0.6666666666666666,0.2407407407407407,0.1,0.1111111111111111,0.1,0.1,0.1,0.1,0.043983505400615644,0.04525806617609222,0.07809005362810913,0.07844908697554281,0.13289738989487032,0.40675133963986443,0.0037092739957596712,0.0009681504577526196,0.004586336135072199,0.0,0.019375320495476342,0.0
