LIMIT_BAL,SEX,EDUCATION,MARRIAGE,AGE,PAY_0,PAY_2,PAY_3,PAY_4,PAY_5,PAY_6,BILL_AMT1,BILL_AMT2,BILL_AMT3,BILL_AMT4,BILL_AMT5,BILL_AMT6,PAY_AMT1,PAY_AMT2,PAY_AMT3,PAY_AMT4,PAY_AMT5,PAY_AMT6
0.025316455696202535,0.0,0.5,0.3333333333333333,0.6481481481481481,0.30000000000000004,0.9999999999999999,0.8,0.7,0.6000000000000001,0.5,0.07241738180413998,0.08199197241805177,0.12508768831323175,0.11915463583898167,0.17892961833707513,0.4300990976106191,0.0,0.0,0.0,0.0,0.0,0.0
