LIMIT_BAL,SEX,EDUCATION,MARRIAGE,AGE,PAY_0,PAY_2,PAY_3,PAY_4,PAY_5,PAY_6,BILL_AMT1,BILL_AMT2,BILL_AMT3,BILL_AMT4,BILL_AMT5,BILL_AMT6,PAY_AMT1,PAY_AMT2,PAY_AMT3,PAY_AMT4,PAY_AMT5,PAY_AMT6
0.05063291139240507,1.0,0.16666666666666666,0.6666666666666666,0.05555555555555558,0.4,0.2222222222222222,0.2,0.2,0.2,0.2,0.0929053444197301,0.09756599598620903,0.13645044310452117,0.09992179212887219,0.15272399290203037,0.41245791837600376,0.004191682307776503,0.0016828541205885182,0.003274827979541524,0.0011248706398764143,0.0011621584710014405,0.001177199504337051
