LIMIT_BAL,SEX,EDUCATION,MARRIAGE,AGE,PAY_0,PAY_2,PAY_3,PAY_4,PAY_5,PAY_6,BILL_AMT1,BILL_AMT2,BILL_AMT3,BILL_AMT4,BILL_AMT5,BILL_AMT6,PAY_AMT1,PAY_AMT2,PAY_AMT3,PAY_AMT4,PAY_AMT5,PAY_AMT6
0.1139240506329114,1.0,0.3333333333333333,0.6666666666666666,0.35185185185185186,0.1,0.1111111111111111,0.0,0.0,0.1,0.1,0.02649841379970709,0.042867802192147385,0.0760911727373114,0.07579271618033956,0.13749865197400027,0.40042254461853216,0.0,0.0,0.0,0.007109182444018937,0.005457764172020069,0.0
