LIMIT_BAL,SEX,EDUCATION,MARRIAGE,AGE,PAY_0,PAY_2,PAY_3,PAY_4,PAY_5,PAY_6,BILL_AMT1,BILL_AMT2,BILL_AMT3,BILL_AMT4,BILL_AMT5,BILL_AMT6,PAY_AMT1,PAY_AMT2,PAY_AMT3,PAY_AMT4,PAY_AMT5,PAY_AMT6
0.2531645569620253,1.0,0.3333333333333333,0.3333333333333333,0.4444444444444444,0.2,0.2222222222222222,0.2,0.2,0.2,0.2,0.3528773720404924,0.31781119744764064,0.42965870470537554,0.3638299083679426,0.337816949507031,0.5306813561268383,0.01621540544594392,0.008744321895358257,0.018660737283101782,0.010128835183953844,0.010307392204003906,0.008178438661710037
