LIMIT_BAL,SEX,EDUCATION,MARRIAGE,AGE,PAY_0,PAY_2,PAY_3,PAY_4,PAY_5,PAY_6,BILL_AMT1,BILL_AMT2,BILL_AMT3,BILL_AMT4,BILL_AMT5,BILL_AMT6,PAY_AMT1,PAY_AMT2,PAY_AMT3,PAY_AMT4,PAY_AMT5,PAY_AMT6
0.025316455696202535,1.0,0.5,0.6666666666666666,0.3148148148148149,0.2,0.2222222222222222,0.2,0.2,0.2,0.2,0.06412926943742868,0.07997993104512943,0.12324231355195028,0.11809688187315343,0.1808152207658095,0.4325176558265106,0.007499625018749062,0.0005851279702578964,0.003942409285162349,0.0037495687995880472,0.0077305441530029296,0.030624535315985132
