LIMIT_BAL,SEX,EDUCATION,MARRIAGE,AGE,PAY_0,PAY_2,PAY_3,PAY_4,PAY_5,PAY_6,BILL_AMT1,BILL_AMT2,BILL_AMT3,BILL_AMT4,BILL_AMT5,BILL_AMT6,PAY_AMT1,PAY_AMT2,PAY_AMT3,PAY_AMT4,PAY_AMT5,PAY_AMT6
0.025316455696202535,0.0,0.16666666666666666,0.6666666666666666,0.09259259259259262,0.2,0.2222222222222222,0.1,0.1,0.1,0.1,0.06668163131399545,0.07763855297689498,0.07742486040020534,0.07583466676255371,0.18277435188543906,0.3979407101702482,0.00202692568074299,0.0006356543409486897,0.0,0.07630372507161676,0.0,0.0
