LIMIT_BAL,SEX,EDUCATION,MARRIAGE,AGE,PAY_0,PAY_2,PAY_3,PAY_4,PAY_5,PAY_6,BILL_AMT1,BILL_AMT2,BILL_AMT3,BILL_AMT4,BILL_AMT5,BILL_AMT6,PAY_AMT1,PAY_AMT2,PAY_AMT3,PAY_AMT4,PAY_AMT5,PAY_AMT6
0.48101265822784806,1.0,0.16666666666666666,0.6666666666666666,0.18518518518518523,0.2,0.2222222222222222,0.2,0.2,0.2,0.2,0.10348838486979972,0.09850512015643494,0.1491551385764205,0.14549510676423172,0.21092113476011676,0.4588042432572729,0.010134628403714948,0.002444824388264191,0.007884818570324697,0.004999425066117396,0.012884240255004883,0.012391573729863693
