LIMIT_BAL,SEX,EDUCATION,MARRIAGE,AGE,PAY_0,PAY_2,PAY_3,PAY_4,PAY_5,PAY_6,BILL_AMT1,BILL_AMT2,BILL_AMT3,BILL_AMT4,BILL_AMT5,BILL_AMT6,PAY_AMT1,PAY_AMT2,PAY_AMT3,PAY_AMT4,PAY_AMT5,PAY_AMT6
0.05063291139240507,0.0,0.5,0.6666666666666666,0.12962962962962965,0.2,0.2222222222222222,0.2,0.2,0.2,0.2,0.11382811899092231,0.1177906139041836,0.15563045627633745,0.14834624811971497,0.1622140959402359,0.41708059868690095,0.00405385136148598,0.0017113770717849337,0.0034167547138073684,0.0016248131464881538,0.001546108830600586,0.0040941759603469645
