LIMIT_BAL,SEX,EDUCATION,MARRIAGE,AGE,PAY_0,PAY_2,PAY_3,PAY_4,PAY_5,PAY_6,BILL_AMT1,BILL_AMT2,BILL_AMT3,BILL_AMT4,BILL_AMT5,BILL_AMT6,PAY_AMT1,PAY_AMT2,PAY_AMT3,PAY_AMT4,PAY_AMT5,PAY_AMT6
0.06329113924050633,1.0,0.16666666666666666,0.6666666666666666,0.11111111111111116,0.2,0.2222222222222222,0.4,0.4,0.2,0.2,0.030719386177375022,0.052126537333401946,0.0899958569851066,0.08798984795910417,0.1475557429175531,0.4106240794187023,0.006080777042228969,0.0012224121941320956,0.0,0.002499712533058698,0.005153696102001953,0.0024783147459727386
