LIMIT_BAL,SEX,EDUCATION,MARRIAGE,AGE,PAY_0,PAY_2,PAY_3,PAY_4,PAY_5,PAY_6,BILL_AMT1,BILL_AMT2,BILL_AMT3,BILL_AMT4,BILL_AMT5,BILL_AMT6,PAY_AMT1,PAY_AMT2,PAY_AMT3,PAY_AMT4,PAY_AMT5,PAY_AMT6
0.20253164556962022,1.0,0.3333333333333333,0.6666666666666666,0.11111111111111116,0.2,0.2222222222222222,0.2,0.2,0.2,0.2,0.09284412540793052,0.10144084804199044,0.15366128624931708,0.1490564115471974,0.2163099708172796,0.4928761508364766,0.004864621633783176,0.0017928712180604069,0.007884818570324697,0.0074991375991760945,0.07992867284594829,0.007434944237918216
