LIMIT_BAL,SEX,EDUCATION,MARRIAGE,AGE,PAY_0,PAY_2,PAY_3,PAY_4,PAY_5,PAY_6,BILL_AMT1,BILL_AMT2,BILL_AMT3,BILL_AMT4,BILL_AMT5,BILL_AMT6,PAY_AMT1,PAY_AMT2,PAY_AMT3,PAY_AMT4,PAY_AMT5,PAY_AMT6
0.24050632911392406,0.0,0.5,0.3333333333333333,0.42592592592592593,0.4,0.2222222222222222,0.2,0.2,0.2,0.2,0.2560602897385948,0.19942623372613597,0.18712397188031804,0.1804084788119595,0.250940350258004,0.48614894990748775,0.02229618248817289,0.008964356090302035,0.013141364283874494,0.01249856266529349,0.012884240255004883,0.007434944237918216
