LIMIT_BAL,SEX,EDUCATION,MARRIAGE,AGE,PAY_0,PAY_2,PAY_3,PAY_4,PAY_5,PAY_6,BILL_AMT1,BILL_AMT2,BILL_AMT3,BILL_AMT4,BILL_AMT5,BILL_AMT6,PAY_AMT1,PAY_AMT2,PAY_AMT3,PAY_AMT4,PAY_AMT5,PAY_AMT6
0.16455696202531644,1.0,0.3333333333333333,0.3333333333333333,0.5,0.2,0.2222222222222222,0.2,0.2,0.2,0.2,0.2141158483463803,0.20122214789275975,0.28534973813174785,0.26647609116460813,0.34448845272758766,0.5463621439393673,0.008932661475034355,0.0049711429228038555,0.011874536766908993,0.011733650630177528,0.012227144001999634,0.012084262701363074
