LIMIT_BAL,SEX,EDUCATION,MARRIAGE,AGE,PAY_0,PAY_2,PAY_3,PAY_4,PAY_5,PAY_6,BILL_AMT1,BILL_AMT2,BILL_AMT3,BILL_AMT4,BILL_AMT5,BILL_AMT6,PAY_AMT1,PAY_AMT2,PAY_AMT3,PAY_AMT4,PAY_AMT5,PAY_AMT6
0.05063291139240507,1.0,0.3333333333333333,0.3333333333333333,0.33333333333333337,0.4,0.4444444444444444,0.4,0.4,0.2,0.2,0.1478392043412128,0.13844748623475533,0.1858497059449788,0.16100483630283524,0.21570703555193904,0.429261273422459,0.009577223841510626,0.0011409180478566224,0.0,0.0038620558635756885,0.005210386759123975,0.12639405204460968
