LIMIT_BAL,SEX,EDUCATION,MARRIAGE,AGE,PAY_0,PAY_2,PAY_3,PAY_4,PAY_5,PAY_6,BILL_AMT1,BILL_AMT2,BILL_AMT3,BILL_AMT4,BILL_AMT5,BILL_AMT6,PAY_AMT1,PAY_AMT2,PAY_AMT3,PAY_AMT4,PAY_AMT5,PAY_AMT6
0.08860759493670886,0.0,0.16666666666666666,0.6666666666666666,0.14814814814814814,0.2,0.2222222222222222,0.2,0.2,0.2,0.2,0.1050738003035835,0.11260870683888233,0.16805124793880882,0.1636941682697782,0.2318065509161675,0.47038379378510214,0.00810770272297196,0.002444824388264191,0.011827227855487045,0.0074991375991760945,0.005926750517302246,0.016109045848822803
