LIMIT_BAL,SEX,EDUCATION,MARRIAGE,AGE,PAY_0,PAY_2,PAY_3,PAY_4,PAY_5,PAY_6,BILL_AMT1,BILL_AMT2,BILL_AMT3,BILL_AMT4,BILL_AMT5,BILL_AMT6,PAY_AMT1,PAY_AMT2,PAY_AMT3,PAY_AMT4,PAY_AMT5,PAY_AMT6
0.06329113924050633,1.0,0.3333333333333333,0.3333333333333333,0.33333333333333337,0.2,0.2222222222222222,0.2,0.2,0.2,0.2,0.07541240422756519,0.0843719446302681,0.12918118510033194,0.12258559417006766,0.18245572755822656,0.4330168349931626,0.003052550075198943,0.0015329048914416478,0.0037374040023339062,0.0025522064962529307,0.0038652720765014648,0.002617100371747212
