LIMIT_BAL,SEX,EDUCATION,MARRIAGE,AGE,PAY_0,PAY_2,PAY_3,PAY_4,PAY_5,PAY_6,BILL_AMT1,BILL_AMT2,BILL_AMT3,BILL_AMT4,BILL_AMT5,BILL_AMT6,PAY_AMT1,PAY_AMT2,PAY_AMT3,PAY_AMT4,PAY_AMT5,PAY_AMT6
0.1139240506329114,1.0,0.5,0.3333333333333333,0.35185185185185186,0.0,0.1111111111111111,0.4,0.4,0.0,0.1,0.02910571581506835,0.05083234703854269,0.08238657465102116,0.08151147947717588,0.1364839560396467,0.40226575783248436,0.012491942970419046,0.0,0.01001109131145559,0.0,0.009511146156244604,0.003291201982651797
