LIMIT_BAL,SEX,EDUCATION,MARRIAGE,AGE,PAY_0,PAY_2,PAY_3,PAY_4,PAY_5,PAY_6,BILL_AMT1,BILL_AMT2,BILL_AMT3,BILL_AMT4,BILL_AMT5,BILL_AMT6,PAY_AMT1,PAY_AMT2,PAY_AMT3,PAY_AMT4,PAY_AMT5,PAY_AMT6
0.3164556962025316,1.0,0.3333333333333333,0.3333333333333333,0.6111111111111112,0.1,0.1111111111111111,0.2,0.2,0.2,0.2,0.05003947841401947,0.05311068800494005,0.1095753162143738,0.1546028778099399,0.16469936569249322,0.421641174547487,0.016689706055237778,0.01632653726482827,0.1367884608308496,0.017497987731410886,0.020802894315730885,0.07462949194547708
