LIMIT_BAL,SEX,EDUCATION,MARRIAGE,AGE,PAY_0,PAY_2,PAY_3,PAY_4,PAY_5,PAY_6,BILL_AMT1,BILL_AMT2,BILL_AMT3,BILL_AMT4,BILL_AMT5,BILL_AMT6,PAY_AMT1,PAY_AMT2,PAY_AMT3,PAY_AMT4,PAY_AMT5,PAY_AMT6
0.569620253164557,0.0,0.16666666666666666,0.3333333333333333,0.42592592592592593,0.1,0.1111111111111111,0.1,0.2,0.1,0.1,0.026795090549197324,0.04695878145422735,0.07701386011795214,0.07661674547383182,0.14014241690440946,0.409385505758723,0.006388869745701904,0.0004327339167227618,0.0013141364283874495,0.011083725371582268,0.025168074914126537,0.0
