LIMIT_BAL,SEX,EDUCATION,MARRIAGE,AGE,PAY_0,PAY_2,PAY_3,PAY_4,PAY_5,PAY_6,BILL_AMT1,BILL_AMT2,BILL_AMT3,BILL_AMT4,BILL_AMT5,BILL_AMT6,PAY_AMT1,PAY_AMT2,PAY_AMT3,PAY_AMT4,PAY_AMT5,PAY_AMT6
0.08860759493670886,1.0,0.3333333333333333,0.3333333333333333,0.2407407407407407,0.30000000000000004,0.4444444444444444,0.4,0.4,0.4,0.4,0.09695992666276329,0.1040446662893017,0.1528343338741811,0.14802412757771344,0.21305510076698597,0.4578082284881316,0.004256543929560278,0.0,0.007359163998969717,0.004499482559505657,0.0077305441530029296,0.0
