LIMIT_BAL,SEX,EDUCATION,MARRIAGE,AGE,PAY_0,PAY_2,PAY_3,PAY_4,PAY_5,PAY_6,BILL_AMT1,BILL_AMT2,BILL_AMT3,BILL_AMT4,BILL_AMT5,BILL_AMT6,PAY_AMT1,PAY_AMT2,PAY_AMT3,PAY_AMT4,PAY_AMT5,PAY_AMT6
0.1139240506329114,1.0,0.3333333333333333,0.3333333333333333,0.5185185185185185,0.0,0.0,0.0,0.0,0.0,0.0,0.026008661705310514,0.04452606391190244,0.07821880070447759,0.07641897844339368,0.1335346385492953,0.3983977051819719,0.0025559532834169103,0.001027641184533715,0.0010250264141422106,0.0009748878878928923,0.001004970739890381,0.0
