LIMIT_BAL,SEX,EDUCATION,MARRIAGE,AGE,PAY_0,PAY_2,PAY_3,PAY_4,PAY_5,PAY_6,BILL_AMT1,BILL_AMT2,BILL_AMT3,BILL_AMT4,BILL_AMT5,BILL_AMT6,PAY_AMT1,PAY_AMT2,PAY_AMT3,PAY_AMT4,PAY_AMT5,PAY_AMT6
0.3164556962025316,0.0,0.16666666666666666,0.6666666666666666,0.2962962962962963,0.2,0.2222222222222222,0.2,0.2,0.2,0.2,0.19992088620013596,0.18260947872176198,0.2412059969727931,0.22829357017433463,0.29743499246739413,0.5142072718452404,0.010134628403714948,0.0040747073137736515,0.013141364283874494,0.01249856266529349,0.012884240255004883,0.012391573729863693
