LIMIT_BAL,SEX,EDUCATION,MARRIAGE,AGE,PAY_0,PAY_2,PAY_3,PAY_4,PAY_5,PAY_6,BILL_AMT1,BILL_AMT2,BILL_AMT3,BILL_AMT4,BILL_AMT5,BILL_AMT6,PAY_AMT1,PAY_AMT2,PAY_AMT3,PAY_AMT4,PAY_AMT5,PAY_AMT6
0.012658227848101266,1.0,0.3333333333333333,0.6666666666666666,0.05555555555555558,0.30000000000000004,0.4444444444444444,0.5,0.4,0.1,0.2,0.03931673303958672,0.05875572479802398,0.08112716414757057,0.07995181675985688,0.15307856458923608,0.4142601192171089,0.006127396332886058,0.0,0.0,0.03087394949580798,0.010307392204003906,0.004956629491945477
