LIMIT_BAL,SEX,EDUCATION,MARRIAGE,AGE,PAY_0,PAY_2,PAY_3,PAY_4,PAY_5,PAY_6,BILL_AMT1,BILL_AMT2,BILL_AMT3,BILL_AMT4,BILL_AMT5,BILL_AMT6,PAY_AMT1,PAY_AMT2,PAY_AMT3,PAY_AMT4,PAY_AMT5,PAY_AMT6
0.06329113924050633,1.0,0.16666666666666666,0.6666666666666666,0.2777777777777778,0.1,0.4444444444444444,0.1,0.2,0.2,0.1,0.02737274686566508,0.04539957803735913,0.0890137478769112,0.07779435824598623,0.1378940729339255,0.40050691292838886,0.0,0.006357358350949652,0.003043539968145333,0.004749453812811526,0.005643297231692139,0.0053358116480793066
