LIMIT_BAL,SEX,EDUCATION,MARRIAGE,AGE,PAY_0,PAY_2,PAY_3,PAY_4,PAY_5,PAY_6,BILL_AMT1,BILL_AMT2,BILL_AMT3,BILL_AMT4,BILL_AMT5,BILL_AMT6,PAY_AMT1,PAY_AMT2,PAY_AMT3,PAY_AMT4,PAY_AMT5,PAY_AMT6
0.2911392405063291,1.0,0.3333333333333333,0.6666666666666666,0.5,0.2,0.2222222222222222,0.2,0.2,0.2,0.2,0.39183306988228683,0.3406023259404107,0.46201713656598536,0.4056711194213217,0.44362963761793184,0.6252875260282094,0.019162555385744226,0.008253727134779908,0.02105772212848049,0.01624813146488154,0.018037936357006835,0.01734820322180917
