LIMIT_BAL,SEX,EDUCATION,MARRIAGE,AGE,PAY_0,PAY_2,PAY_3,PAY_4,PAY_5,PAY_6,BILL_AMT1,BILL_AMT2,BILL_AMT3,BILL_AMT4,BILL_AMT5,BILL_AMT6,PAY_AMT1,PAY_AMT2,PAY_AMT3,PAY_AMT4,PAY_AMT5,PAY_AMT6
0.05063291139240507,0.0,0.5,0.3333333333333333,0.5555555555555556,0.2,0.2222222222222222,0.2,0.2,0.2,0.2,0.09159776911642128,0.0981770699325889,0.14733122166120044,0.1417495190665396,0.2035339522815136,0.44871871488315573,0.003522796833131316,0.0013470982379335692,0.003984461650870747,0.003824560175579808,0.005511877981091089,0.003895910780669145
