LIMIT_BAL,SEX,EDUCATION,MARRIAGE,AGE,PAY_0,PAY_2,PAY_3,PAY_4,PAY_5,PAY_6,BILL_AMT1,BILL_AMT2,BILL_AMT3,BILL_AMT4,BILL_AMT5,BILL_AMT6,PAY_AMT1,PAY_AMT2,PAY_AMT3,PAY_AMT4,PAY_AMT5,PAY_AMT6
0.0379746835443038,0.0,0.3333333333333333,0.6666666666666666,0.11111111111111116,0.2,0.2222222222222222,0.4,0.2,0.2,0.2,0.06588264472409847,0.08354217053465754,0.1285803654106124,0.12399693161455805,0.18702757816099844,0.4376910737156389,0.011553476380235041,0.0008149414627547304,0.0031539274281298787,0.0037495687995880472,0.0038652720765014648,0.004708798017348204
