LIMIT_BAL,SEX,EDUCATION,MARRIAGE,AGE,PAY_0,PAY_2,PAY_3,PAY_4,PAY_5,PAY_6,BILL_AMT1,BILL_AMT2,BILL_AMT3,BILL_AMT4,BILL_AMT5,BILL_AMT6,PAY_AMT1,PAY_AMT2,PAY_AMT3,PAY_AMT4,PAY_AMT5,PAY_AMT6
0.20253164556962022,0.0,0.3333333333333333,0.6666666666666666,0.11111111111111116,0.1,0.1111111111111111,0.1,0.1,0.2,0.2,0.02514531666711142,0.04313024237122421,0.07690492028410188,0.07796515704500098,0.13384836096378142,0.3982816987559189,0.0003567389198107662,0.0008149414627547304,0.0037374040023339062,0.0007274163471200812,0.0,0.0007211895910780669
