LIMIT_BAL,SEX,EDUCATION,MARRIAGE,AGE,PAY_0,PAY_2,PAY_3,PAY_4,PAY_5,PAY_6,BILL_AMT1,BILL_AMT2,BILL_AMT3,BILL_AMT4,BILL_AMT5,BILL_AMT6,PAY_AMT1,PAY_AMT2,PAY_AMT3,PAY_AMT4,PAY_AMT5,PAY_AMT6
0.2151898734177215,1.0,0.16666666666666666,0.6666666666666666,0.12962962962962965,0.4,0.4444444444444444,0.4,0.4,0.4,0.4,0.2724293116628496,0.25091982709823496,0.3462091413725429,0.3239483887979959,0.40916102129717685,0.5999571127758228,0.014999250037498125,0.004889648776528382,0.016032464426326883,0.01549821770496393,0.015976457916206055,0.015613382899628254
