LIMIT_BAL,SEX,EDUCATION,MARRIAGE,AGE,PAY_0,PAY_2,PAY_3,PAY_4,PAY_5,PAY_6,BILL_AMT1,BILL_AMT2,BILL_AMT3,BILL_AMT4,BILL_AMT5,BILL_AMT6,PAY_AMT1,PAY_AMT2,PAY_AMT3,PAY_AMT4,PAY_AMT5,PAY_AMT6
0.06329113924050633,1.0,0.3333333333333333,0.3333333333333333,0.4814814814814815,0.2,0.2222222222222222,0.2,0.2,0.2,0.2,0.03855384996946898,0.11510060206864611,0.1712352621736138,0.1637795676692856,0.22652719090989304,0.4586530833687797,0.10134628403714949,0.002444824388264191,0.007096336713292227,0.0074991375991760945,0.0077305441530029296,0.007434944237918216
