LIMIT_BAL,SEX,EDUCATION,MARRIAGE,AGE,PAY_0,PAY_2,PAY_3,PAY_4,PAY_5,PAY_6,BILL_AMT1,BILL_AMT2,BILL_AMT3,BILL_AMT4,BILL_AMT5,BILL_AMT6,PAY_AMT1,PAY_AMT2,PAY_AMT3,PAY_AMT4,PAY_AMT5,PAY_AMT6
0.025316455696202535,0.0,0.16666666666666666,0.6666666666666666,0.2222222222222222,0.1,0.5555555555555556,0.4,0.1,0.2,0.2,0.0738269887937814,0.08268538053825966,0.1255366524769782,0.12002960512516256,0.17705545370470224,0.3979407101702482,0.0,0.0,0.08200211313137684,0.0013523444803847557,0.0,0.0
