LIMIT_BAL,SEX,EDUCATION,MARRIAGE,AGE,PAY_0,PAY_2,PAY_3,PAY_4,PAY_5,PAY_6,BILL_AMT1,BILL_AMT2,BILL_AMT3,BILL_AMT4,BILL_AMT5,BILL_AMT6,PAY_AMT1,PAY_AMT2,PAY_AMT3,PAY_AMT4,PAY_AMT5,PAY_AMT6
0.3924050632911392,1.0,0.16666666666666666,0.6666666666666666,0.18518518518518523,0.1,0.1111111111111111,0.1,0.2,0.1,0.1,0.12857876139811666,0.054859002727319514,0.10899265316362929,0.09927455457471099,0.15150505060407904,0.4307705287432285,0.018836220351144604,0.016221409816132907,0.04061207218288574,0.028466726326472454,0.07219555184489436,0.04799008674101611
