LIMIT_BAL,SEX,EDUCATION,MARRIAGE,AGE,PAY_0,PAY_2,PAY_3,PAY_4,PAY_5,PAY_6,BILL_AMT1,BILL_AMT2,BILL_AMT3,BILL_AMT4,BILL_AMT5,BILL_AMT6,PAY_AMT1,PAY_AMT2,PAY_AMT3,PAY_AMT4,PAY_AMT5,PAY_AMT6
0.26582278481012656,0.0,0.16666666666666666,0.3333333333333333,0.6296296296296295,0.1,0.1111111111111111,0.0,0.1,0.1,0.1,0.026826484914222744,0.04290382339319714,0.0761373896365206,0.19679767234198114,0.14168978735502594,0.40055612777580524,0.0,0.0,0.212198865637435,0.013450953140388855,0.00575152484983418,0.3022379182156134
