LIMIT_BAL,SEX,EDUCATION,MARRIAGE,AGE,PAY_0,PAY_2,PAY_3,PAY_4,PAY_5,PAY_6,BILL_AMT1,BILL_AMT2,BILL_AMT3,BILL_AMT4,BILL_AMT5,BILL_AMT6,PAY_AMT1,PAY_AMT2,PAY_AMT3,PAY_AMT4,PAY_AMT5,PAY_AMT6
0.012658227848101266,0.0,0.5,0.3333333333333333,0.35185185185185186,0.2,0.2222222222222222,0.2,0.2,0.2,0.2,0.03682402045656825,0.05449621777388978,0.09405964290842947,0.09481730521445736,0.1543955451417143,0.4140433395320605,0.002337045309896667,0.0016298829255094608,0.005256545713549798,0.002499712533058698,0.002061478440800781,0.0024783147459727386
