LIMIT_BAL,SEX,EDUCATION,MARRIAGE,AGE,PAY_0,PAY_2,PAY_3,PAY_4,PAY_5,PAY_6,BILL_AMT1,BILL_AMT2,BILL_AMT3,BILL_AMT4,BILL_AMT5,BILL_AMT6,PAY_AMT1,PAY_AMT2,PAY_AMT3,PAY_AMT4,PAY_AMT5,PAY_AMT6
0.27848101265822783,1.0,0.5,0.3333333333333333,0.4444444444444444,0.2,0.2222222222222222,0.2,0.2,0.2,0.2,0.047826175679727245,0.06157438378016776,0.10126122616734809,0.10055704380240077,0.149699512749875,0.4085875221613286,0.0030403885211144847,0.002444824388264191,0.007884818570324697,0.002499712533058698,0.0025768480510009765,0.005303593556381661
