LIMIT_BAL,SEX,EDUCATION,MARRIAGE,AGE,PAY_0,PAY_2,PAY_3,PAY_4,PAY_5,PAY_6,BILL_AMT1,BILL_AMT2,BILL_AMT3,BILL_AMT4,BILL_AMT5,BILL_AMT6,PAY_AMT1,PAY_AMT2,PAY_AMT3,PAY_AMT4,PAY_AMT5,PAY_AMT6
0.1139240506329114,1.0,0.16666666666666666,0.6666666666666666,0.07407407407407407,0.30000000000000004,0.1111111111111111,0.1,0.1,0.1,0.0,0.024029246990457682,0.047371738794833536,0.0761373896365206,0.07735088066257947,0.13289738989487032,0.3979407101702482,0.007039512889220403,0.0,0.0026598121310561977,0.0,0.0,0.0
