LIMIT_BAL,SEX,EDUCATION,MARRIAGE,AGE,PAY_0,PAY_2,PAY_3,PAY_4,PAY_5,PAY_6,BILL_AMT1,BILL_AMT2,BILL_AMT3,BILL_AMT4,BILL_AMT5,BILL_AMT6,PAY_AMT1,PAY_AMT2,PAY_AMT3,PAY_AMT4,PAY_AMT5,PAY_AMT6
0.620253164556962,1.0,0.5,0.3333333333333333,0.2777777777777778,0.0,0.0,0.0,0.0,0.0,0.0,0.06777101578037759,0.044270056090155926,0.12171055346387408,0.10300216345145419,0.13699212099227787,0.596244907142129,0.002152595072949055,0.022531501562242786,0.06573836069365377,0.006264279607845097,0.43608772621504827,0.029620817843866172
