LIMIT_BAL,SEX,EDUCATION,MARRIAGE,AGE,PAY_0,PAY_2,PAY_3,PAY_4,PAY_5,PAY_6,BILL_AMT1,BILL_AMT2,BILL_AMT3,BILL_AMT4,BILL_AMT5,BILL_AMT6,PAY_AMT1,PAY_AMT2,PAY_AMT3,PAY_AMT4,PAY_AMT5,PAY_AMT6
0.05063291139240507,0.0,0.3333333333333333,0.6666666666666666,0.05555555555555558,0.2,0.2222222222222222,0.4,0.4,0.2,0.2,0.05601696551485974,0.0729377862399012,0.11520717550372295,0.11028508417084673,0.17125158903670878,0.4259837989409433,0.006688854746451867,0.0008149414627547304,0.0,0.002499712533058698,0.0025768480510009765,0.0023841387856257746
