LIMIT_BAL,SEX,EDUCATION,MARRIAGE,AGE,PAY_0,PAY_2,PAY_3,PAY_4,PAY_5,PAY_6,BILL_AMT1,BILL_AMT2,BILL_AMT3,BILL_AMT4,BILL_AMT5,BILL_AMT6,PAY_AMT1,PAY_AMT2,PAY_AMT3,PAY_AMT4,PAY_AMT5,PAY_AMT6
0.025316455696202535,1.0,0.5,0.6666666666666666,0.2222222222222222,0.30000000000000004,0.4444444444444444,0.4,0.2,0.2,0.4,0.062419846261794476,0.07567539751968302,0.11945087721325304,0.11387185895015672,0.17599664055581155,0.4305092213390891,0.0034782044681549705,0.0012224121941320956,0.002394356572521933,0.003499597546282177,0.005153696102001953,0.0
