LIMIT_BAL,SEX,EDUCATION,MARRIAGE,AGE,PAY_0,PAY_2,PAY_3,PAY_4,PAY_5,PAY_6,BILL_AMT1,BILL_AMT2,BILL_AMT3,BILL_AMT4,BILL_AMT5,BILL_AMT6,PAY_AMT1,PAY_AMT2,PAY_AMT3,PAY_AMT4,PAY_AMT5,PAY_AMT6
0.5569620253164557,0.0,0.16666666666666666,0.3333333333333333,0.5740740740740741,0.2,0.2222222222222222,0.2,0.2,0.2,0.2,0.6330940559478979,0.5491753717902537,0.7428013052972819,0.6978913839497072,0.37014669790819044,0.5601024606251925,0.030403885211144847,0.013610337369466752,0.05283091269403224,0.017497987731410886,0.014816876293255616,0.024783147459727387
