LIMIT_BAL,SEX,EDUCATION,MARRIAGE,AGE,PAY_0,PAY_2,PAY_3,PAY_4,PAY_5,PAY_6,BILL_AMT1,BILL_AMT2,BILL_AMT3,BILL_AMT4,BILL_AMT5,BILL_AMT6,PAY_AMT1,PAY_AMT2,PAY_AMT3,PAY_AMT4,PAY_AMT5,PAY_AMT6
0.6075949367088608,0.0,0.3333333333333333,0.6666666666666666,0.2592592592592593,0.4,0.4444444444444444,0.2,0.2,0.2,0.2,0.694330334648234,0.5194488756239387,0.6331038444207124,0.5046999634430641,0.5522037365646741,0.6184161959032155,0.0,0.011353764459098904,0.030937399797097333,0.025464571574268957,0.020648283432670826,0.01738289962825279
