LIMIT_BAL,SEX,EDUCATION,MARRIAGE,AGE,PAY_0,PAY_2,PAY_3,PAY_4,PAY_5,PAY_6,BILL_AMT1,BILL_AMT2,BILL_AMT3,BILL_AMT4,BILL_AMT5,BILL_AMT6,PAY_AMT1,PAY_AMT2,PAY_AMT3,PAY_AMT4,PAY_AMT5,PAY_AMT6
0.13924050632911392,0.0,0.3333333333333333,0.6666666666666666,0.16666666666666674,0.4,0.4444444444444444,0.4,0.4,0.4,0.4,0.13303519151347526,0.13410950445119127,0.19560972469583504,0.18165351216267236,0.25516253108629655,0.4875468859305297,0.006486162178377567,0.002607812680815137,0.0,0.014998275198352189,0.0077305441530029296,0.007434944237918216
