LIMIT_BAL,SEX,EDUCATION,MARRIAGE,AGE,PAY_0,PAY_2,PAY_3,PAY_4,PAY_5,PAY_6,BILL_AMT1,BILL_AMT2,BILL_AMT3,BILL_AMT4,BILL_AMT5,BILL_AMT6,PAY_AMT1,PAY_AMT2,PAY_AMT3,PAY_AMT4,PAY_AMT5,PAY_AMT6
0.1772151898734177,1.0,0.5,0.6666666666666666,0.4814814814814815,0.2,0.2222222222222222,0.2,0.2,0.2,0.2,0.23137803995560838,0.20992770030360727,0.2849139787963469,0.26243535115633787,0.32466675163315395,0.5354704294932862,0.010134628403714948,0.0040747073137736515,0.013141364283874494,0.01249856266529349,0.012884240255004883,0.012391573729863693
