LIMIT_BAL,SEX,EDUCATION,MARRIAGE,AGE,PAY_0,PAY_2,PAY_3,PAY_4,PAY_5,PAY_6,BILL_AMT1,BILL_AMT2,BILL_AMT3,BILL_AMT4,BILL_AMT5,BILL_AMT6,PAY_AMT1,PAY_AMT2,PAY_AMT3,PAY_AMT4,PAY_AMT5,PAY_AMT6
0.1772151898734177,0.0,0.16666666666666666,0.6666666666666666,0.14814814814814814,0.0,0.0,0.0,0.0,0.0,0.0,0.03122326573603304,0.0518023465239541,0.0775090411809078,0.08552674948910184,0.14129273242419194,0.4070923282255352,0.014166183582712755,0.0006788462384746904,0.017052234294755542,0.01288101868285147,0.02018445078349065,0.017670384138785626
