LIMIT_BAL,SEX,EDUCATION,MARRIAGE,AGE,PAY_0,PAY_2,PAY_3,PAY_4,PAY_5,PAY_6,BILL_AMT1,BILL_AMT2,BILL_AMT3,BILL_AMT4,BILL_AMT5,BILL_AMT6,PAY_AMT1,PAY_AMT2,PAY_AMT3,PAY_AMT4,PAY_AMT5,PAY_AMT6
0.1772151898734177,0.0,0.3333333333333333,0.3333333333333333,0.18518518518518523,0.2,0.2222222222222222,0.1,0.1,0.2,0.2,0.12492445730915758,0.12552873977255186,0.08315905710923199,0.293944733104403,0.37474469204550287,0.5465789236244156,0.0070942398826004645,0.0036737561140983243,0.3826187059435762,0.01278602960659524,0.025768480510009767,0.01883023543990087
