LIMIT_BAL,SEX,EDUCATION,MARRIAGE,AGE,PAY_0,PAY_2,PAY_3,PAY_4,PAY_5,PAY_6,BILL_AMT1,BILL_AMT2,BILL_AMT3,BILL_AMT4,BILL_AMT5,BILL_AMT6,PAY_AMT1,PAY_AMT2,PAY_AMT3,PAY_AMT4,PAY_AMT5,PAY_AMT6
0.10126582278481013,1.0,0.3333333333333333,0.3333333333333333,0.2222222222222222,0.2,0.2222222222222222,0.2,0.2,0.4,0.4,0.14246605876711188,0.14118381104307107,0.20681237094343546,0.20304081791649436,0.27654630836952576,0.503451484120595,0.0056753919060803714,0.0032597658510189215,0.02102618285419919,0.013368462626797917,0.009534337788703613,0.007752168525402727
