LIMIT_BAL,SEX,EDUCATION,MARRIAGE,AGE,PAY_0,PAY_2,PAY_3,PAY_4,PAY_5,PAY_6,BILL_AMT1,BILL_AMT2,BILL_AMT3,BILL_AMT4,BILL_AMT5,BILL_AMT6,PAY_AMT1,PAY_AMT2,PAY_AMT3,PAY_AMT4,PAY_AMT5,PAY_AMT6
0.025316455696202535,1.0,0.16666666666666666,0.6666666666666666,0.6481481481481481,0.1,0.2222222222222222,0.2,0.0,0.0,0.0,0.06960287697961093,0.06479056244532497,0.08773122892385601,0.08635826995798948,0.14437440155815467,0.4061713075095998,0.002600545648393256,0.005724148834389226,0.01846098854598689,0.017557980832204296,0.01809978071023086,0.017407682775712516
