LIMIT_BAL,SEX,EDUCATION,MARRIAGE,AGE,PAY_0,PAY_2,PAY_3,PAY_4,PAY_5,PAY_6,BILL_AMT1,BILL_AMT2,BILL_AMT3,BILL_AMT4,BILL_AMT5,BILL_AMT6,PAY_AMT1,PAY_AMT2,PAY_AMT3,PAY_AMT4,PAY_AMT5,PAY_AMT6
0.24050632911392406,1.0,0.16666666666666666,0.6666666666666666,0.16666666666666674,0.1,0.1111111111111111,0.2,0.2,0.2,0.2,0.02665695534308547,0.05242113929913035,0.08747208416757588,0.0870369704488113,0.1447142675071813,0.4054893303382583,0.014995196186136638,0.0008149414627547304,0.002628272856774899,0.00036245831729351125,0.0007112100620762696,0.0019330855018587362
