LIMIT_BAL,SEX,EDUCATION,MARRIAGE,AGE,PAY_0,PAY_2,PAY_3,PAY_4,PAY_5,PAY_6,BILL_AMT1,BILL_AMT2,BILL_AMT3,BILL_AMT4,BILL_AMT5,BILL_AMT6,PAY_AMT1,PAY_AMT2,PAY_AMT3,PAY_AMT4,PAY_AMT5,PAY_AMT6
0.10126582278481013,1.0,0.16666666666666666,0.3333333333333333,0.2962962962962963,0.0,0.0,0.0,0.0,0.0,0.1,0.025980406776787632,0.04290382339319714,0.08004271761969765,0.07368020471884121,0.1305477397280419,0.47542948742736413,0.0,0.001928151500877692,0.002806995411035592,0.0,0.17410989226198298,0.006195786864931847
