LIMIT_BAL,SEX,EDUCATION,MARRIAGE,AGE,PAY_0,PAY_2,PAY_3,PAY_4,PAY_5,PAY_6,BILL_AMT1,BILL_AMT2,BILL_AMT3,BILL_AMT4,BILL_AMT5,BILL_AMT6,PAY_AMT1,PAY_AMT2,PAY_AMT3,PAY_AMT4,PAY_AMT5,PAY_AMT6
0.1139240506329114,1.0,0.3333333333333333,0.6666666666666666,0.14814814814814814,0.2,0.2222222222222222,0.2,0.2,0.2,0.2,0.1417769524548039,0.14297071990943241,0.19751452118467117,0.1838079742063849,0.23011048911285184,0.4645565214945846,0.00810770272297196,0.0025303932418534376,0.010694442254217064,0.0074991375991760945,0.006442120127502442,0.004956629491945477
