LIMIT_BAL,SEX,EDUCATION,MARRIAGE,AGE,PAY_0,PAY_2,PAY_3,PAY_4,PAY_5,PAY_6,BILL_AMT1,BILL_AMT2,BILL_AMT3,BILL_AMT4,BILL_AMT5,BILL_AMT6,PAY_AMT1,PAY_AMT2,PAY_AMT3,PAY_AMT4,PAY_AMT5,PAY_AMT6
0.5316455696202532,1.0,0.3333333333333333,0.3333333333333333,0.4814814814814815,0.1,0.1111111111111111,0.1,0.1,0.1,0.1,0.026137378601914743,0.044073225955848304,0.08483772091265171,0.07696883071741488,0.13315392332754908,0.398124679957019,0.0018424754437953777,0.004334673640392411,0.0019896025525785984,0.0003924548676902156,0.00040456514400715333,0.014842627013630733
