LIMIT_BAL,SEX,EDUCATION,MARRIAGE,AGE,PAY_0,PAY_2,PAY_3,PAY_4,PAY_5,PAY_6,BILL_AMT1,BILL_AMT2,BILL_AMT3,BILL_AMT4,BILL_AMT5,BILL_AMT6,PAY_AMT1,PAY_AMT2,PAY_AMT3,PAY_AMT4,PAY_AMT5,PAY_AMT6
0.5569620253164557,0.0,0.16666666666666666,0.6666666666666666,0.2407407407407407,0.2,0.2222222222222222,0.2,0.2,0.2,0.2,0.43330659579912,0.3368818504605568,0.46033517155547926,0.3874750543859333,0.4508812005111061,0.6335204669317237,0.04105537966344926,0.04088642812786758,0.018650224191674683,0.016508101568319642,0.02579940268662178,0.024783147459727387
