LIMIT_BAL,SEX,EDUCATION,MARRIAGE,AGE,PAY_0,PAY_2,PAY_3,PAY_4,PAY_5,PAY_6,BILL_AMT1,BILL_AMT2,BILL_AMT3,BILL_AMT4,BILL_AMT5,BILL_AMT6,PAY_AMT1,PAY_AMT2,PAY_AMT3,PAY_AMT4,PAY_AMT5,PAY_AMT6
0.012658227848101266,1.0,0.3333333333333333,0.6666666666666666,0.07407407407407407,0.2,0.2222222222222222,0.2,0.2,0.2,0.2,0.0530988592857468,0.06888411465033706,0.10855194201759874,0.10160131365251733,0.15618637725773932,0.41958938412305585,0.00405385136148598,0.001121359452750509,0.0029462938724446617,0.0011498677652070012,0.015461088306005859,0.001546468401486989
