LIMIT_BAL,SEX,EDUCATION,MARRIAGE,AGE,PAY_0,PAY_2,PAY_3,PAY_4,PAY_5,PAY_6,BILL_AMT1,BILL_AMT2,BILL_AMT3,BILL_AMT4,BILL_AMT5,BILL_AMT6,PAY_AMT1,PAY_AMT2,PAY_AMT3,PAY_AMT4,PAY_AMT5,PAY_AMT6
0.16455696202531644,0.0,0.5,0.6666666666666666,0.03703703703703709,0.1,0.1111111111111111,0.1,0.1,0.1,0.1,0.0246414371084534,0.043405547264961666,0.07678112501836297,0.0779831358659499,0.13503625781446588,0.3985734724941733,0.000790501015489766,0.00031782717047434484,0.003768943276615205,0.0032721237057738357,0.0013914979475405274,0.0013382899628252788
