LIMIT_BAL,SEX,EDUCATION,MARRIAGE,AGE,PAY_0,PAY_2,PAY_3,PAY_4,PAY_5,PAY_6,BILL_AMT1,BILL_AMT2,BILL_AMT3,BILL_AMT4,BILL_AMT5,BILL_AMT6,PAY_AMT1,PAY_AMT2,PAY_AMT3,PAY_AMT4,PAY_AMT5,PAY_AMT6
0.620253164556962,1.0,0.5,0.6666666666666666,0.2592592592592593,0.1,0.1111111111111111,0.1,0.1,0.1,0.1,0.027011711667872734,0.044819379406164775,0.07942044008391669,0.07763254885744593,0.1352682816835129,0.398582846750824,0.003018092338626312,0.0016209185694191588,0.0031539274281298787,0.003627082885468171,0.001412112731948535,0.00259727385377943
