LIMIT_BAL,SEX,EDUCATION,MARRIAGE,AGE,PAY_0,PAY_2,PAY_3,PAY_4,PAY_5,PAY_6,BILL_AMT1,BILL_AMT2,BILL_AMT3,BILL_AMT4,BILL_AMT5,BILL_AMT6,PAY_AMT1,PAY_AMT2,PAY_AMT3,PAY_AMT4,PAY_AMT5,PAY_AMT6
0.05063291139240507,0.0,0.3333333333333333,0.6666666666666666,0.03703703703703709,0.4,0.4444444444444444,0.2,0.2,0.2,0.2,0.10447102849509542,0.10691607060155406,0.15611903492512036,0.14193080551110793,0.1676143697937602,0.42145368941447214,1.6215405445943918e-05,0.0019566744520741076,0.005924127019170622,0.005009423916249631,0.0018141010279046875,0.0017521685254027262
