LIMIT_BAL,SEX,EDUCATION,MARRIAGE,AGE,PAY_0,PAY_2,PAY_3,PAY_4,PAY_5,PAY_6,BILL_AMT1,BILL_AMT2,BILL_AMT3,BILL_AMT4,BILL_AMT5,BILL_AMT6,PAY_AMT1,PAY_AMT2,PAY_AMT3,PAY_AMT4,PAY_AMT5,PAY_AMT6
0.2911392405063291,1.0,0.3333333333333333,0.3333333333333333,0.35185185185185186,0.1,0.1111111111111111,0.1,0.1,0.1,0.1,0.031061584756152116,0.04512298667215561,0.09274576248805376,0.08881237901751736,0.14035810106436866,0.4025282370187051,0.0035167160560890874,0.008227649007971757,0.022800267032522248,0.011413687425946015,0.010119282296280835,0.0062676579925650565
