LIMIT_BAL,SEX,EDUCATION,MARRIAGE,AGE,PAY_0,PAY_2,PAY_3,PAY_4,PAY_5,PAY_6,BILL_AMT1,BILL_AMT2,BILL_AMT3,BILL_AMT4,BILL_AMT5,BILL_AMT6,PAY_AMT1,PAY_AMT2,PAY_AMT3,PAY_AMT4,PAY_AMT5,PAY_AMT6
0.12658227848101264,1.0,0.3333333333333333,0.3333333333333333,0.05555555555555558,0.30000000000000004,0.1111111111111111,0.2,0.2,0.2,0.2,0.022057680866861207,0.12660680286111256,0.18524558504817287,0.1571513756794496,0.2175223772315958,0.4599607921715582,0.1388444091308948,0.0025377277150182304,0.010555143792807994,0.004999425066117396,0.005153696102001953,0.004956629491945477
