LIMIT_BAL,SEX,EDUCATION,MARRIAGE,AGE,PAY_0,PAY_2,PAY_3,PAY_4,PAY_5,PAY_6,BILL_AMT1,BILL_AMT2,BILL_AMT3,BILL_AMT4,BILL_AMT5,BILL_AMT6,PAY_AMT1,PAY_AMT2,PAY_AMT3,PAY_AMT4,PAY_AMT5,PAY_AMT6
0.05063291139240507,0.0,0.16666666666666666,0.6666666666666666,0.2777777777777778,0.30000000000000004,0.4444444444444444,0.4,0.4,0.2,0.2,0.10227185322506463,0.10879045952760769,0.15383790082843793,0.10408089270838952,0.16460459537978386,0.42048228206903904,0.00507744883026119,0.0018743653643358798,0.0,0.002499712533058698,0.002061478440800781,0.0024783147459727386
