LIMIT_BAL,SEX,EDUCATION,MARRIAGE,AGE,PAY_0,PAY_2,PAY_3,PAY_4,PAY_5,PAY_6,BILL_AMT1,BILL_AMT2,BILL_AMT3,BILL_AMT4,BILL_AMT5,BILL_AMT6,PAY_AMT1,PAY_AMT2,PAY_AMT3,PAY_AMT4,PAY_AMT5,PAY_AMT6
0.0759493670886076,1.0,0.5,0.6666666666666666,0.3148148148148149,0.2,0.2222222222222222,0.2,0.2,0.2,0.2,0.13488431961347258,0.1327265476251737,0.18950579279313481,0.1788697913857476,0.2230402969905524,0.4561478132788689,0.005079475755941932,0.002852295119641556,0.005529886090654387,0.0050369207541132765,0.005156272950052954,0.0052094175960346965
