LIMIT_BAL,SEX,EDUCATION,MARRIAGE,AGE,PAY_0,PAY_2,PAY_3,PAY_4,PAY_5,PAY_6,BILL_AMT1,BILL_AMT2,BILL_AMT3,BILL_AMT4,BILL_AMT5,BILL_AMT6,PAY_AMT1,PAY_AMT2,PAY_AMT3,PAY_AMT4,PAY_AMT5,PAY_AMT6
0.27848101265822783,1.0,0.3333333333333333,0.6666666666666666,0.11111111111111116,0.2,0.2222222222222222,0.2,0.2,0.2,0.2,0.09862225829085937,0.10241084752740184,0.1290045705212111,0.12287475354032949,0.17837733616990684,0.43092989110629115,0.00405385136148598,0.0020373536568868257,0.0031539274281298787,0.004999425066117396,0.04638326491801758,0.012391573729863693
