LIMIT_BAL,SEX,EDUCATION,MARRIAGE,AGE,PAY_0,PAY_2,PAY_3,PAY_4,PAY_5,PAY_6,BILL_AMT1,BILL_AMT2,BILL_AMT3,BILL_AMT4,BILL_AMT5,BILL_AMT6,PAY_AMT1,PAY_AMT2,PAY_AMT3,PAY_AMT4,PAY_AMT5,PAY_AMT6
0.5822784810126582,1.0,0.3333333333333333,0.3333333333333333,0.11111111111111116,0.2,0.2222222222222222,0.2,0.2,0.1,0.2,0.2633767465077693,0.12277311789224515,0.1661794635208364,0.09735381720333447,0.2921115152465825,0.5042412652434201,0.006082803967909712,0.0032638405583326952,0.0053117394435420705,0.2435744889337726,0.012886817103055883,0.012394052044609666
