LIMIT_BAL,SEX,EDUCATION,MARRIAGE,AGE,PAY_0,PAY_2,PAY_3,PAY_4,PAY_5,PAY_6,BILL_AMT1,BILL_AMT2,BILL_AMT3,BILL_AMT4,BILL_AMT5,BILL_AMT6,PAY_AMT1,PAY_AMT2,PAY_AMT3,PAY_AMT4,PAY_AMT5,PAY_AMT6
0.012658227848101266,1.0,0.3333333333333333,0.3333333333333333,0.0,0.2,0.2222222222222222,0.2,0.4,0.2,0.2,0.04651703065816716,0.06263057685380538,0.10618827774375701,0.10202681241497516,0.1898608837168263,0.4153533918990017,0.002537710952290223,0.002545877129645778,0.0,0.0008723996740374856,0.0007653238711472901,0.0
