LIMIT_BAL,SEX,EDUCATION,MARRIAGE,AGE,PAY_0,PAY_2,PAY_3,PAY_4,PAY_5,PAY_6,BILL_AMT1,BILL_AMT2,BILL_AMT3,BILL_AMT4,BILL_AMT5,BILL_AMT6,PAY_AMT1,PAY_AMT2,PAY_AMT3,PAY_AMT4,PAY_AMT5,PAY_AMT6
0.2151898734177215,0.0,0.3333333333333333,0.6666666666666666,0.2777777777777778,0.1,0.1111111111111111,0.1,0.1,0.2,0.1,0.02418621881558479,0.04303247053980343,0.07631730542272783,0.07862587871487388,0.13577808060705288,0.39863323338032175,0.00020269256807429898,8.882861944026561e-05,0.009530117378665784,0.0,0.002337201182257886,0.0029938042131350683
