LIMIT_BAL,SEX,EDUCATION,MARRIAGE,AGE,PAY_0,PAY_2,PAY_3,PAY_4,PAY_5,PAY_6,BILL_AMT1,BILL_AMT2,BILL_AMT3,BILL_AMT4,BILL_AMT5,BILL_AMT6,PAY_AMT1,PAY_AMT2,PAY_AMT3,PAY_AMT4,PAY_AMT5,PAY_AMT6
0.05063291139240507,1.0,0.5,0.3333333333333333,0.40740740740740744,0.1,0.1111111111111111,0.1,0.1,0.1,0.1,0.034621705750034926,0.04466114341583904,0.07807354759267728,0.0780415670340339,0.1353042290435061,0.39984251248826747,0.002768780479894924,0.0009559263358112988,0.004659927775061896,0.0036820765611954623,0.004182224386774585,0.002344485749690211
