LIMIT_BAL,SEX,EDUCATION,MARRIAGE,AGE,PAY_0,PAY_2,PAY_3,PAY_4,PAY_5,PAY_6,BILL_AMT1,BILL_AMT2,BILL_AMT3,BILL_AMT4,BILL_AMT5,BILL_AMT6,PAY_AMT1,PAY_AMT2,PAY_AMT3,PAY_AMT4,PAY_AMT5,PAY_AMT6
0.025316455696202535,1.0,0.3333333333333333,0.3333333333333333,0.18518518518518523,0.5,0.5555555555555556,0.4,0.4,0.4,0.4,0.06377451311264141,0.07457675088766531,0.11826409326570261,0.11480076469918435,0.17422705006160072,0.42949445805664627,0.0,0.0013039063404075685,0.0031539274281298787,0.0,0.005669065712202149,0.0
