LIMIT_BAL,SEX,EDUCATION,MARRIAGE,AGE,PAY_0,PAY_2,PAY_3,PAY_4,PAY_5,PAY_6,BILL_AMT1,BILL_AMT2,BILL_AMT3,BILL_AMT4,BILL_AMT5,BILL_AMT6,PAY_AMT1,PAY_AMT2,PAY_AMT3,PAY_AMT4,PAY_AMT5,PAY_AMT6
0.24050632911392406,1.0,0.3333333333333333,0.3333333333333333,0.20370370370370372,0.0,0.0,0.0,0.0,0.0,0.0,0.02544042369835038,0.04290253692173108,0.07613573903297742,0.07617626436058324,0.1351424659235367,0.39838598736115843,0.0,0.0,0.0006018744842014518,0.0034496032956210032,0.000981779107431372,0.009615861214374227
