LIMIT_BAL,SEX,EDUCATION,MARRIAGE,AGE,PAY_0,PAY_2,PAY_3,PAY_4,PAY_5,PAY_6,BILL_AMT1,BILL_AMT2,BILL_AMT3,BILL_AMT4,BILL_AMT5,BILL_AMT6,PAY_AMT1,PAY_AMT2,PAY_AMT3,PAY_AMT4,PAY_AMT5,PAY_AMT6
0.1772151898734177,1.0,0.16666666666666666,0.6666666666666666,0.11111111111111116,0.1,0.5555555555555556,0.4,0.1,0.1,0.1,0.025507921583155038,0.04369628981629188,0.07661606466404441,0.07632309139833277,0.13410652836736894,0.4184246327342011,0.0,0.0,0.0009514347741525134,0.0018497872744634367,0.04504588077954807,0.0024783147459727386
