LIMIT_BAL,SEX,EDUCATION,MARRIAGE,AGE,PAY_0,PAY_2,PAY_3,PAY_4,PAY_5,PAY_6,BILL_AMT1,BILL_AMT2,BILL_AMT3,BILL_AMT4,BILL_AMT5,BILL_AMT6,PAY_AMT1,PAY_AMT2,PAY_AMT3,PAY_AMT4,PAY_AMT5,PAY_AMT6
0.16455696202531644,1.0,0.16666666666666666,0.6666666666666666,0.12962962962962965,0.2,0.1111111111111111,0.1,0.1,0.1,0.1,0.0267856722396897,0.04573534709000155,0.07766089670688088,0.07845807638601728,0.13383365522560237,0.3989636759272604,0.0044774788287612645,0.0007521909701226162,0.004602105772212848,0.001432335281442634,0.0022495883485238524,0.002438661710037175
