LIMIT_BAL,SEX,EDUCATION,MARRIAGE,AGE,PAY_0,PAY_2,PAY_3,PAY_4,PAY_5,PAY_6,BILL_AMT1,BILL_AMT2,BILL_AMT3,BILL_AMT4,BILL_AMT5,BILL_AMT6,PAY_AMT1,PAY_AMT2,PAY_AMT3,PAY_AMT4,PAY_AMT5,PAY_AMT6
0.2151898734177215,0.0,0.5,0.3333333333333333,0.33333333333333337,0.2,0.2222222222222222,0.2,0.2,0.2,0.2,0.061809225862050024,0.07515694951885968,0.11922309392429342,0.11645631446156428,0.17782342003182977,0.43064983518885025,0.0034579352113475407,0.0014163682622677213,0.004594220953642523,0.002824675162356329,0.0026051933795619873,0.0025179677819083023
