LIMIT_BAL,SEX,EDUCATION,MARRIAGE,AGE,PAY_0,PAY_2,PAY_3,PAY_4,PAY_5,PAY_6,BILL_AMT1,BILL_AMT2,BILL_AMT3,BILL_AMT4,BILL_AMT5,BILL_AMT6,PAY_AMT1,PAY_AMT2,PAY_AMT3,PAY_AMT4,PAY_AMT5,PAY_AMT6
0.45569620253164556,1.0,0.3333333333333333,0.6666666666666666,0.33333333333333337,0.2,0.2222222222222222,0.2,0.2,0.2,0.2,0.30849515820405393,0.2752611537076108,0.26442668761832766,0.16222290142212475,0.17063068009137167,0.41954368462188346,0.020417222382124137,0.005188732293359369,0.013404191569551985,0.004999425066117396,0.0077305441530029296,0.007434944237918216
