LIMIT_BAL,SEX,EDUCATION,MARRIAGE,AGE,PAY_0,PAY_2,PAY_3,PAY_4,PAY_5,PAY_6,BILL_AMT1,BILL_AMT2,BILL_AMT3,BILL_AMT4,BILL_AMT5,BILL_AMT6,PAY_AMT1,PAY_AMT2,PAY_AMT3,PAY_AMT4,PAY_AMT5,PAY_AMT6
0.012658227848101266,0.0,0.16666666666666666,0.6666666666666666,0.07407407407407407,0.2,0.2222222222222222,0.2,0.2,0.2,0.2,0.03694174932541358,0.054843565069726756,0.09317987121991156,0.09138335041321323,0.14447407378359037,0.4056065085463926,0.002734322743322293,0.0011352134576173394,0.0011722096941216048,0.0009748878878928923,0.0010874298775224122,0.005187112763320942
