LIMIT_BAL,SEX,EDUCATION,MARRIAGE,AGE,PAY_0,PAY_2,PAY_3,PAY_4,PAY_5,PAY_6,BILL_AMT1,BILL_AMT2,BILL_AMT3,BILL_AMT4,BILL_AMT5,BILL_AMT6,PAY_AMT1,PAY_AMT2,PAY_AMT3,PAY_AMT4,PAY_AMT5,PAY_AMT6
0.4936708860759494,1.0,0.3333333333333333,0.6666666666666666,0.42592592592592593,0.1,0.1111111111111111,0.1,0.1,0.1,0.1,0.031859001627797826,0.04674522719086091,0.23602805365781998,0.12639260950600192,0.14130090227873585,0.39981673328247797,0.006086857819271198,0.07933699622356126,0.08913261739180714,0.012918514370847352,0.004151302210162573,0.0
