LIMIT_BAL,SEX,EDUCATION,MARRIAGE,AGE,PAY_0,PAY_2,PAY_3,PAY_4,PAY_5,PAY_6,BILL_AMT1,BILL_AMT2,BILL_AMT3,BILL_AMT4,BILL_AMT5,BILL_AMT6,PAY_AMT1,PAY_AMT2,PAY_AMT3,PAY_AMT4,PAY_AMT5,PAY_AMT6
0.24050632911392406,1.0,0.3333333333333333,0.6666666666666666,0.33333333333333337,0.0,0.0,0.0,0.0,0.0,0.0,0.02855003555411839,0.04290382339319714,0.0761373896365206,0.07583466676255371,0.13762610170488526,0.3981867844073302,0.0,0.0,0.0,0.007234168070671872,0.0005411380907102051,0.006431226765799256
