LIMIT_BAL,SEX,EDUCATION,MARRIAGE,AGE,PAY_0,PAY_2,PAY_3,PAY_4,PAY_5,PAY_6,BILL_AMT1,BILL_AMT2,BILL_AMT3,BILL_AMT4,BILL_AMT5,BILL_AMT6,PAY_AMT1,PAY_AMT2,PAY_AMT3,PAY_AMT4,PAY_AMT5,PAY_AMT6
0.10126582278481013,1.0,0.3333333333333333,0.6666666666666666,0.05555555555555558,0.4,0.4444444444444444,0.4,0.2,0.2,0.2,0.21939167138890242,0.1955642463850152,0.25078114812681257,0.2230467509274075,0.28231095773570847,0.4761712254848541,0.013377709492903733,0.0,0.00766141537749883,0.007884093329267134,0.007671276647829907,0.22304832713754646
