LIMIT_BAL,SEX,EDUCATION,MARRIAGE,AGE,PAY_0,PAY_2,PAY_3,PAY_4,PAY_5,PAY_6,BILL_AMT1,BILL_AMT2,BILL_AMT3,BILL_AMT4,BILL_AMT5,BILL_AMT6,PAY_AMT1,PAY_AMT2,PAY_AMT3,PAY_AMT4,PAY_AMT5,PAY_AMT6
0.08860759493670886,1.0,0.16666666666666666,0.6666666666666666,0.14814814814814814,0.2,0.2222222222222222,0.2,0.2,0.2,0.2,0.05061399529398468,0.0660127103380847,0.1074592424720099,0.10528996841720453,0.16613726009222132,0.42255164922469035,0.002641084162008116,0.0010724629649852251,0.002628272856774899,0.002499712533058698,0.0025768480510009765,0.002312267657992565
