LIMIT_BAL,SEX,EDUCATION,MARRIAGE,AGE,PAY_0,PAY_2,PAY_3,PAY_4,PAY_5,PAY_6,BILL_AMT1,BILL_AMT2,BILL_AMT3,BILL_AMT4,BILL_AMT5,BILL_AMT6,PAY_AMT1,PAY_AMT2,PAY_AMT3,PAY_AMT4,PAY_AMT5,PAY_AMT6
0.05063291139240507,1.0,0.3333333333333333,0.3333333333333333,0.018518518518518545,0.30000000000000004,0.3333333333333333,0.4,0.4,0.4,0.4,0.0939303704378101,0.10833762157155355,0.15793304821908133,0.127739522842092,0.1800652281186786,0.4319024702338056,0.01454927253637318,0.0,0.0043524198508192325,0.002359728631207411,0.0024918120653179446,0.0027558859975216855
