LIMIT_BAL,SEX,EDUCATION,MARRIAGE,AGE,PAY_0,PAY_2,PAY_3,PAY_4,PAY_5,PAY_6,BILL_AMT1,BILL_AMT2,BILL_AMT3,BILL_AMT4,BILL_AMT5,BILL_AMT6,PAY_AMT1,PAY_AMT2,PAY_AMT3,PAY_AMT4,PAY_AMT5,PAY_AMT6
0.15189873417721517,1.0,0.16666666666666666,0.6666666666666666,0.05555555555555558,0.2,0.2222222222222222,0.2,0.4,0.2,0.2,0.14424141010929947,0.153968764472804,0.22752249359978477,0.20954465639476696,0.2813060656268076,0.500798569488435,0.024323108168915877,0.006275049263211424,0.0,0.007501637311709153,0.00775888948156394,0.006978934324659232
