LIMIT_BAL,SEX,EDUCATION,MARRIAGE,AGE,PAY_0,PAY_2,PAY_3,PAY_4,PAY_5,PAY_6,BILL_AMT1,BILL_AMT2,BILL_AMT3,BILL_AMT4,BILL_AMT5,BILL_AMT6,PAY_AMT1,PAY_AMT2,PAY_AMT3,PAY_AMT4,PAY_AMT5,PAY_AMT6
0.1772151898734177,1.0,0.16666666666666666,0.6666666666666666,0.2407407407407407,0.1,0.2222222222222222,0.2,0.2,0.2,0.2,0.03540813459392174,0.04816549168939433,0.13703970856943842,0.1294040620149464,0.15945105113348562,0.4066025233155339,0.002168810478394999,0.029138232000795385,0.005256545713549798,0.0,0.005153696102001953,0.007263940520446097
