LIMIT_BAL,SEX,EDUCATION,MARRIAGE,AGE,PAY_0,PAY_2,PAY_3,PAY_4,PAY_5,PAY_6,BILL_AMT1,BILL_AMT2,BILL_AMT3,BILL_AMT4,BILL_AMT5,BILL_AMT6,PAY_AMT1,PAY_AMT2,PAY_AMT3,PAY_AMT4,PAY_AMT5,PAY_AMT6
0.1139240506329114,0.0,0.5,0.6666666666666666,0.07407407407407407,0.2,0.2222222222222222,0.2,0.2,0.2,0.2,0.14343457492814615,0.13210003602120104,0.16672746389717402,0.15881142014706676,0.19187556984735443,0.43464326852206636,0.005867949845750955,0.001701597774231877,0.003971320286586872,0.0028096768871579765,0.002713420997704028,0.002500619578686493
