LIMIT_BAL,SEX,EDUCATION,MARRIAGE,AGE,PAY_0,PAY_2,PAY_3,PAY_4,PAY_5,PAY_6,BILL_AMT1,BILL_AMT2,BILL_AMT3,BILL_AMT4,BILL_AMT5,BILL_AMT6,PAY_AMT1,PAY_AMT2,PAY_AMT3,PAY_AMT4,PAY_AMT5,PAY_AMT6
0.4430379746835443,0.0,0.3333333333333333,0.6666666666666666,0.16666666666666674,0.2,0.2222222222222222,0.2,0.1,0.1,0.1,0.4670382713006842,0.24108475274018423,0.0761373896365206,0.07586163499397709,0.1329268013712284,0.3979618022477123,0.014391172333275228,0.0,4.730891142194818e-05,0.0,0.0,0.0050408921933085505
