LIMIT_BAL,SEX,EDUCATION,MARRIAGE,AGE,PAY_0,PAY_2,PAY_3,PAY_4,PAY_5,PAY_6,BILL_AMT1,BILL_AMT2,BILL_AMT3,BILL_AMT4,BILL_AMT5,BILL_AMT6,PAY_AMT1,PAY_AMT2,PAY_AMT3,PAY_AMT4,PAY_AMT5,PAY_AMT6
0.05063291139240507,0.0,0.8333333333333333,0.6666666666666666,0.03703703703703709,0.2,0.2222222222222222,0.2,0.2,0.2,0.2,0.09059628887211034,0.059941851489733966,0.15676111970341955,0.14045204748805906,0.1792776541406457,0.4259181791443881,0.014745884327405251,0.038437529032289613,0.03170748374413238,0.030436499802522707,0.002009941479780762,0.015365551425030979
