LIMIT_BAL,SEX,EDUCATION,MARRIAGE,AGE,PAY_0,PAY_2,PAY_3,PAY_4,PAY_5,PAY_6,BILL_AMT1,BILL_AMT2,BILL_AMT3,BILL_AMT4,BILL_AMT5,BILL_AMT6,PAY_AMT1,PAY_AMT2,PAY_AMT3,PAY_AMT4,PAY_AMT5,PAY_AMT6
0.012658227848101266,1.0,0.5,0.6666666666666666,0.35185185185185186,0.2,0.2222222222222222,0.2,0.2,0.2,0.1,0.053992028970720043,0.060693150825914685,0.0914714965527145,0.08577695474730768,0.137702898337598,0.39869299426647026,0.002529603249567251,0.0009779297553056765,0.0030382834224317833,0.002499712533058698,0.0018037936357006836,0.011400247831474598
