LIMIT_BAL,SEX,EDUCATION,MARRIAGE,AGE,PAY_0,PAY_2,PAY_3,PAY_4,PAY_5,PAY_6,BILL_AMT1,BILL_AMT2,BILL_AMT3,BILL_AMT4,BILL_AMT5,BILL_AMT6,PAY_AMT1,PAY_AMT2,PAY_AMT3,PAY_AMT4,PAY_AMT5,PAY_AMT6
0.4050632911392405,1.0,0.3333333333333333,0.6666666666666666,0.18518518518518523,0.2,0.2222222222222222,0.2,0.2,0.2,0.2,0.07195588463826627,0.08640456954664746,0.1392614209385662,0.13516927059923411,0.19914183847870773,0.4462638314227426,0.007730694546353763,0.0040747073137736515,0.005256545713549798,0.0039945406278278,0.0038652720765014648,0.004956629491945477
