LIMIT_BAL,SEX,EDUCATION,MARRIAGE,AGE,PAY_0,PAY_2,PAY_3,PAY_4,PAY_5,PAY_6,BILL_AMT1,BILL_AMT2,BILL_AMT3,BILL_AMT4,BILL_AMT5,BILL_AMT6,PAY_AMT1,PAY_AMT2,PAY_AMT3,PAY_AMT4,PAY_AMT5,PAY_AMT6
0.15189873417721517,0.0,0.3333333333333333,0.6666666666666666,0.6111111111111112,0.2,0.2222222222222222,0.2,0.2,0.0,0.0,0.07140962268682394,0.0838071836566665,0.1280769313299408,0.0751754433277599,0.13250523687676266,0.3976594824707259,0.004903133221717293,0.0008149414627547304,0.0,0.0004999425066117396,0.0,0.0
