LIMIT_BAL,SEX,EDUCATION,MARRIAGE,AGE,PAY_0,PAY_2,PAY_3,PAY_4,PAY_5,PAY_6,BILL_AMT1,BILL_AMT2,BILL_AMT3,BILL_AMT4,BILL_AMT5,BILL_AMT6,PAY_AMT1,PAY_AMT2,PAY_AMT3,PAY_AMT4,PAY_AMT5,PAY_AMT6
0.08860759493670886,1.0,0.3333333333333333,0.6666666666666666,0.7222222222222223,0.0,0.0,0.0,0.0,0.0,0.0,0.024934974421441096,0.04353934029743221,0.07686035398843588,0.07641448373815644,0.1332993467384307,0.39904101354462906,0.001013462840371495,0.0003569443606865719,0.001017141595571886,0.0006149292831324398,0.002419660319889917,0.0008674101610904586
