LIMIT_BAL,SEX,EDUCATION,MARRIAGE,AGE,PAY_0,PAY_2,PAY_3,PAY_4,PAY_5,PAY_6,BILL_AMT1,BILL_AMT2,BILL_AMT3,BILL_AMT4,BILL_AMT5,BILL_AMT6,PAY_AMT1,PAY_AMT2,PAY_AMT3,PAY_AMT4,PAY_AMT5,PAY_AMT6
0.2531645569620253,0.0,0.16666666666666666,0.6666666666666666,0.2592592592592593,0.30000000000000004,0.0,0.0,0.0,0.0,0.0,0.02397273713341192,0.04288066690680801,0.07610767877274326,0.07580769853113033,0.13286797841851225,0.39791961809278403,0.0,0.0,0.0,0.0,0.0,0.0
