LIMIT_BAL,SEX,EDUCATION,MARRIAGE,AGE,PAY_0,PAY_2,PAY_3,PAY_4,PAY_5,PAY_6,BILL_AMT1,BILL_AMT2,BILL_AMT3,BILL_AMT4,BILL_AMT5,BILL_AMT6,PAY_AMT1,PAY_AMT2,PAY_AMT3,PAY_AMT4,PAY_AMT5,PAY_AMT6
0.24050632911392406,1.0,0.3333333333333333,0.3333333333333333,0.462962962962963,0.30000000000000004,0.4444444444444444,0.4,0.2,0.2,0.4,0.07234988391933532,0.08537925178819535,0.12633719519542322,0.12465016210903555,0.18964029764414075,0.4401670492535162,0.006198338731712063,0.0,0.007884818570324697,0.0074991375991760945,0.005158849798103955,0.0
