LIMIT_BAL,SEX,EDUCATION,MARRIAGE,AGE,PAY_0,PAY_2,PAY_3,PAY_4,PAY_5,PAY_6,BILL_AMT1,BILL_AMT2,BILL_AMT3,BILL_AMT4,BILL_AMT5,BILL_AMT6,PAY_AMT1,PAY_AMT2,PAY_AMT3,PAY_AMT4,PAY_AMT5,PAY_AMT6
0.13924050632911392,0.0,0.16666666666666666,0.6666666666666666,0.2777777777777778,0.2,0.2222222222222222,0.4,0.2,0.2,0.4,0.062433973726055914,0.0792530746668039,0.12154054129892597,0.11771333369290976,0.1837727081107048,0.4336636587020638,0.009121165563343454,0.0,0.0031539274281298787,0.009498907625623053,0.0,0.003717472118959108
