LIMIT_BAL,SEX,EDUCATION,MARRIAGE,AGE,PAY_0,PAY_2,PAY_3,PAY_4,PAY_5,PAY_6,BILL_AMT1,BILL_AMT2,BILL_AMT3,BILL_AMT4,BILL_AMT5,BILL_AMT6,PAY_AMT1,PAY_AMT2,PAY_AMT3,PAY_AMT4,PAY_AMT5,PAY_AMT6
0.1772151898734177,0.0,0.16666666666666666,0.3333333333333333,0.40740740740740744,0.0,0.0,0.0,0.0,0.1,0.1,0.02559896524172876,0.04290382339319714,0.0761373896365206,0.07811498055290868,0.14109012003150298,0.39911249225159096,0.0,0.0,0.004000231288011396,0.012533558640756313,0.003623048359707373,0.0
