LIMIT_BAL,SEX,EDUCATION,MARRIAGE,AGE,PAY_0,PAY_2,PAY_3,PAY_4,PAY_5,PAY_6,BILL_AMT1,BILL_AMT2,BILL_AMT3,BILL_AMT4,BILL_AMT5,BILL_AMT6,PAY_AMT1,PAY_AMT2,PAY_AMT3,PAY_AMT4,PAY_AMT5,PAY_AMT6
0.012658227848101266,0.0,0.5,0.6666666666666666,0.09259259259259262,0.5,0.5555555555555556,0.4,0.2,0.2,0.2,0.05804033234074815,0.07002392836926877,0.10858990589909201,0.11502549996104589,0.15505403541795343,0.4158970987847448,0.0,2.0373536568868258e-05,0.005256545713549798,0.002499712533058698,0.005153696102001953,0.0024783147459727386
