LIMIT_BAL,SEX,EDUCATION,MARRIAGE,AGE,PAY_0,PAY_2,PAY_3,PAY_4,PAY_5,PAY_6,BILL_AMT1,BILL_AMT2,BILL_AMT3,BILL_AMT4,BILL_AMT5,BILL_AMT6,PAY_AMT1,PAY_AMT2,PAY_AMT3,PAY_AMT4,PAY_AMT5,PAY_AMT6
0.025316455696202535,1.0,0.3333333333333333,0.6666666666666666,0.018518518518518545,0.4,0.2222222222222222,0.2,0.2,0.2,0.2,0.0716293832420019,0.08165620336540935,0.12614902639150005,0.11742267608756884,0.170021208942396,0.4203639320788234,0.0038511587934116805,0.0013039063404075685,0.005256545713549798,0.004999425066117396,0.0015821847033145996,0.0022899628252788106
