LIMIT_BAL,SEX,EDUCATION,MARRIAGE,AGE,PAY_0,PAY_2,PAY_3,PAY_4,PAY_5,PAY_6,BILL_AMT1,BILL_AMT2,BILL_AMT3,BILL_AMT4,BILL_AMT5,BILL_AMT6,PAY_AMT1,PAY_AMT2,PAY_AMT3,PAY_AMT4,PAY_AMT5,PAY_AMT6
0.05063291139240507,0.0,0.3333333333333333,1.0,0.5,0.4,0.4444444444444444,0.4,0.4,0.4,0.2,0.09129167405742343,0.09802912571399167,0.15163764630537158,0.14429502046589118,0.20747999202622197,0.45237819032318916,0.00202692568074299,0.0031782717047434484,0.002628272856774899,0.002499712533058698,0.00438064168670166,0.011152416356877325
