LIMIT_BAL,SEX,EDUCATION,MARRIAGE,AGE,PAY_0,PAY_2,PAY_3,PAY_4,PAY_5,PAY_6,BILL_AMT1,BILL_AMT2,BILL_AMT3,BILL_AMT4,BILL_AMT5,BILL_AMT6,PAY_AMT1,PAY_AMT2,PAY_AMT3,PAY_AMT4,PAY_AMT5,PAY_AMT6
0.24050632911392406,1.0,0.16666666666666666,0.3333333333333333,0.20370370370370372,0.1,0.2222222222222222,0.2,0.2,0.2,0.2,0.040919415374134495,0.05827072505531827,0.1001734784323888,0.10948053193338247,0.15833668297369635,0.40944643842695283,0.00405385136148598,0.0040747073137736515,0.02628272856774899,0.01249856266529349,0.0015512625267025879,0.024783147459727387
