LIMIT_BAL,SEX,EDUCATION,MARRIAGE,AGE,PAY_0,PAY_2,PAY_3,PAY_4,PAY_5,PAY_6,BILL_AMT1,BILL_AMT2,BILL_AMT3,BILL_AMT4,BILL_AMT5,BILL_AMT6,PAY_AMT1,PAY_AMT2,PAY_AMT3,PAY_AMT4,PAY_AMT5,PAY_AMT6
0.05063291139240507,1.0,0.16666666666666666,0.3333333333333333,0.05555555555555558,0.2,0.2222222222222222,0.4,0.2,0.2,0.2,0.04654685530494132,0.06467992589924357,0.10315116722429557,0.10187399243690931,0.1621062538602563,0.4191464504963083,0.005748361230587119,0.0,0.0033878437123828447,0.001962274338451078,0.0016929891695076416,0.0017843866171003719
