LIMIT_BAL,SEX,EDUCATION,MARRIAGE,AGE,PAY_0,PAY_2,PAY_3,PAY_4,PAY_5,PAY_6,BILL_AMT1,BILL_AMT2,BILL_AMT3,BILL_AMT4,BILL_AMT5,BILL_AMT6,PAY_AMT1,PAY_AMT2,PAY_AMT3,PAY_AMT4,PAY_AMT5,PAY_AMT6
0.05063291139240507,0.0,0.3333333333333333,0.6666666666666666,0.2777777777777778,0.6000000000000001,0.5555555555555556,0.4,0.2,0.2,0.2,0.1051664136804085,0.10795682601759893,0.156115733718034,0.15051119780898103,0.21680996591536683,0.4322458023836391,6.08077704222897e-06,0.0,0.005737519646339604,0.006736725276593192,0.07543980354110459,9.913258983890955e-06
