LIMIT_BAL,SEX,EDUCATION,MARRIAGE,AGE,PAY_0,PAY_2,PAY_3,PAY_4,PAY_5,PAY_6,BILL_AMT1,BILL_AMT2,BILL_AMT3,BILL_AMT4,BILL_AMT5,BILL_AMT6,PAY_AMT1,PAY_AMT2,PAY_AMT3,PAY_AMT4,PAY_AMT5,PAY_AMT6
0.24050632911392406,0.0,0.16666666666666666,0.3333333333333333,0.12962962962962965,0.1,0.1111111111111111,0.1,0.1,0.1,0.1,0.026959910965580786,0.04418257603046365,0.0795343317283965,0.07815093819480652,0.1365166354578223,0.40008272781494275,0.002020844903700761,0.0016820391791257635,0.004073822928001093,0.005571859236187838,0.0047233624774847905,0.002002478314745973
