LIMIT_BAL,SEX,EDUCATION,MARRIAGE,AGE,PAY_0,PAY_2,PAY_3,PAY_4,PAY_5,PAY_6,BILL_AMT1,BILL_AMT2,BILL_AMT3,BILL_AMT4,BILL_AMT5,BILL_AMT6,PAY_AMT1,PAY_AMT2,PAY_AMT3,PAY_AMT4,PAY_AMT5,PAY_AMT6
0.10126582278481013,1.0,0.5,0.6666666666666666,0.018518518518518545,0.2,0.2222222222222222,0.2,0.2,0.2,0.2,0.1318108112774838,0.12683836772500387,0.1627148466836899,0.12827439276532243,0.18138547661297438,0.4315321870961013,0.008798884380105319,0.0016852989449767824,0.008712724520208789,0.0025722041965174003,0.003437515300035303,0.004146220570012391
