LIMIT_BAL,SEX,EDUCATION,MARRIAGE,AGE,PAY_0,PAY_2,PAY_3,PAY_4,PAY_5,PAY_6,BILL_AMT1,BILL_AMT2,BILL_AMT3,BILL_AMT4,BILL_AMT5,BILL_AMT6,PAY_AMT1,PAY_AMT2,PAY_AMT3,PAY_AMT4,PAY_AMT5,PAY_AMT6
0.15189873417721517,1.0,0.3333333333333333,0.6666666666666666,0.12962962962962965,0.2,0.2222222222222222,0.1,0.2,0.2,0.2,0.23065126040526987,0.12694257191375496,0.07995853683899519,0.227208847977083,0.2673535880367186,0.4996373334458244,0.007296932450674763,0.0018865894862772007,0.26282728567748986,0.008748993865705443,0.020614784408007812,0.009913258983890954
