LIMIT_BAL,SEX,EDUCATION,MARRIAGE,AGE,PAY_0,PAY_2,PAY_3,PAY_4,PAY_5,PAY_6,BILL_AMT1,BILL_AMT2,BILL_AMT3,BILL_AMT4,BILL_AMT5,BILL_AMT6,PAY_AMT1,PAY_AMT2,PAY_AMT3,PAY_AMT4,PAY_AMT5,PAY_AMT6
0.24050632911392406,0.0,0.16666666666666666,0.3333333333333333,0.35185185185185186,0.0,0.0,0.0,0.0,0.0,0.0,0.024018258962698786,0.04517444553079813,0.08451255201464417,0.10470266026620641,0.14205743080950187,0.40091000596437076,0.003591712306276578,0.0041553865185863705,0.05089387559858914,0.014083380411252705,0.006563231985899487,0.0825278810408922
