LIMIT_BAL,SEX,EDUCATION,MARRIAGE,AGE,PAY_0,PAY_2,PAY_3,PAY_4,PAY_5,PAY_6,BILL_AMT1,BILL_AMT2,BILL_AMT3,BILL_AMT4,BILL_AMT5,BILL_AMT6,PAY_AMT1,PAY_AMT2,PAY_AMT3,PAY_AMT4,PAY_AMT5,PAY_AMT6
0.15189873417721517,0.0,0.16666666666666666,0.6666666666666666,0.11111111111111116,0.2,0.2222222222222222,0.2,0.2,0.2,0.2,0.13289391687086086,0.1070704471774816,0.12605494198953848,0.12263803239783536,0.18500962408865274,0.436081045135874,0.004335594031109255,0.0012248570185203597,0.003942409285162349,0.002892167400748914,0.0030561417884871584,0.012391573729863693
