LIMIT_BAL,SEX,EDUCATION,MARRIAGE,AGE,PAY_0,PAY_2,PAY_3,PAY_4,PAY_5,PAY_6,BILL_AMT1,BILL_AMT2,BILL_AMT3,BILL_AMT4,BILL_AMT5,BILL_AMT6,PAY_AMT1,PAY_AMT2,PAY_AMT3,PAY_AMT4,PAY_AMT5,PAY_AMT6
0.08860759493670886,1.0,0.3333333333333333,0.6666666666666666,0.20370370370370372,0.2,0.2222222222222222,0.4,0.2,0.2,0.2,0.042194026594166614,0.06096330983378789,0.09958751417455794,0.09777332302547599,0.15717166171573482,0.41570492652340457,0.005411891567583782,0.0005704590239283112,0.0017661993597527321,0.001499827519835219,0.0014172664280505372,0.001412639405204461
