LIMIT_BAL,SEX,EDUCATION,MARRIAGE,AGE,PAY_0,PAY_2,PAY_3,PAY_4,PAY_5,PAY_6,BILL_AMT1,BILL_AMT2,BILL_AMT3,BILL_AMT4,BILL_AMT5,BILL_AMT6,PAY_AMT1,PAY_AMT2,PAY_AMT3,PAY_AMT4,PAY_AMT5,PAY_AMT6
0.15189873417721517,1.0,0.3333333333333333,0.3333333333333333,0.16666666666666674,0.2,0.2222222222222222,0.2,0.2,0.2,0.1,0.19166887735320387,0.18270853702464881,0.2486832310234237,0.23367223410822052,0.3048793639278046,0.5394404271848755,0.00810770272297196,0.0032597658510189215,0.017083773569036842,0.01349844767851697,0.32102888388980366,0.024783147459727387
