LIMIT_BAL,SEX,EDUCATION,MARRIAGE,AGE,PAY_0,PAY_2,PAY_3,PAY_4,PAY_5,PAY_6,BILL_AMT1,BILL_AMT2,BILL_AMT3,BILL_AMT4,BILL_AMT5,BILL_AMT6,PAY_AMT1,PAY_AMT2,PAY_AMT3,PAY_AMT4,PAY_AMT5,PAY_AMT6
0.3291139240506329,1.0,0.16666666666666666,0.6666666666666666,0.16666666666666674,0.4,0.4444444444444444,0.4,0.2,0.2,0.2,0.29548533333751925,0.28059357793444145,0.3468512261508421,0.31831352666558793,0.3810354800443133,0.3979407101702482,0.03856834185317761,0.0,0.009070169628730177,0.012508561515425726,0.0,0.0
