LIMIT_BAL,SEX,EDUCATION,MARRIAGE,AGE,PAY_0,PAY_2,PAY_3,PAY_4,PAY_5,PAY_6,BILL_AMT1,BILL_AMT2,BILL_AMT3,BILL_AMT4,BILL_AMT5,BILL_AMT6,PAY_AMT1,PAY_AMT2,PAY_AMT3,PAY_AMT4,PAY_AMT5,PAY_AMT6
0.15189873417721517,1.0,0.3333333333333333,0.3333333333333333,0.2962962962962963,0.2,0.2222222222222222,0.2,0.2,0.2,0.2,0.19737951235132806,0.18279473061287502,0.27895199879836063,0.25992281092872593,0.3295833700976788,0.5551305892540552,0.008310395291046258,0.016298829255094606,0.015769637140649394,0.01249856266529349,0.051536961020019534,0.014869888475836432
