LIMIT_BAL,SEX,EDUCATION,MARRIAGE,AGE,PAY_0,PAY_2,PAY_3,PAY_4,PAY_5,PAY_6,BILL_AMT1,BILL_AMT2,BILL_AMT3,BILL_AMT4,BILL_AMT5,BILL_AMT6,PAY_AMT1,PAY_AMT2,PAY_AMT3,PAY_AMT4,PAY_AMT5,PAY_AMT6
0.37974683544303794,1.0,0.16666666666666666,0.6666666666666666,0.20370370370370372,0.1,0.1111111111111111,0.1,0.1,0.0,0.0,0.04531462647769352,0.042820202747903054,0.08686631266722677,0.07583466676255371,0.13289738989487032,0.3979407101702482,0.0,0.005350090702984805,0.0,0.0,0.0,0.0
