LIMIT_BAL,SEX,EDUCATION,MARRIAGE,AGE,PAY_0,PAY_2,PAY_3,PAY_4,PAY_5,PAY_6,BILL_AMT1,BILL_AMT2,BILL_AMT3,BILL_AMT4,BILL_AMT5,BILL_AMT6,PAY_AMT1,PAY_AMT2,PAY_AMT3,PAY_AMT4,PAY_AMT5,PAY_AMT6
0.35443037974683544,1.0,0.3333333333333333,0.0,0.5185185185185185,0.2,0.2222222222222222,0.2,0.2,0.2,0.2,0.10651323193999908,0.11215329593989606,0.16500753500517465,0.15746750328113482,0.22308931611781585,0.4634175493115194,0.00515244508044868,0.0015695772572656107,0.005075194886432329,0.0049719282282537506,0.005158849798103955,0.0050260223048327135
