LIMIT_BAL,SEX,EDUCATION,MARRIAGE,AGE,PAY_0,PAY_2,PAY_3,PAY_4,PAY_5,PAY_6,BILL_AMT1,BILL_AMT2,BILL_AMT3,BILL_AMT4,BILL_AMT5,BILL_AMT6,PAY_AMT1,PAY_AMT2,PAY_AMT3,PAY_AMT4,PAY_AMT5,PAY_AMT6
0.1139240506329114,1.0,0.5,0.3333333333333333,0.462962962962963,0.4,0.4444444444444444,0.4,0.4,0.4,0.4,0.0925898310512246,0.09780270673596461,0.15203709236282248,0.14614234431839293,0.21093420652738698,0.452856277412377,0.0,0.0032597658510189215,0.005256545713549798,0.004749453812811526,0.0,0.004956629491945477
