LIMIT_BAL,SEX,EDUCATION,MARRIAGE,AGE,PAY_0,PAY_2,PAY_3,PAY_4,PAY_5,PAY_6,BILL_AMT1,BILL_AMT2,BILL_AMT3,BILL_AMT4,BILL_AMT5,BILL_AMT6,PAY_AMT1,PAY_AMT2,PAY_AMT3,PAY_AMT4,PAY_AMT5,PAY_AMT6
0.012658227848101266,0.0,0.3333333333333333,0.6666666666666666,0.05555555555555558,0.30000000000000004,0.4444444444444444,0.1,0.2,0.1,0.1,0.0429600491007869,0.05711547367879381,0.07742486040020534,0.07641897844339368,0.15290699764381396,0.4124813540176306,0.0,0.0006356543409486897,0.0,0.030611479679836816,0.00234750857446189,0.0
