LIMIT_BAL,SEX,EDUCATION,MARRIAGE,AGE,PAY_0,PAY_2,PAY_3,PAY_4,PAY_5,PAY_6,BILL_AMT1,BILL_AMT2,BILL_AMT3,BILL_AMT4,BILL_AMT5,BILL_AMT6,PAY_AMT1,PAY_AMT2,PAY_AMT3,PAY_AMT4,PAY_AMT5,PAY_AMT6
0.10126582278481013,0.0,0.3333333333333333,0.3333333333333333,0.4444444444444444,0.2,0.2222222222222222,0.4,0.2,0.2,0.2,0.09719067524570014,0.10722611022487522,0.14875734312251276,0.1418603884623913,0.20040816593301375,0.44119353035677245,0.009121165563343454,0.0,0.004599477499356073,0.003562090359608645,0.003638509448013379,0.003050805452292441
