LIMIT_BAL,SEX,EDUCATION,MARRIAGE,AGE,PAY_0,PAY_2,PAY_3,PAY_4,PAY_5,PAY_6,BILL_AMT1,BILL_AMT2,BILL_AMT3,BILL_AMT4,BILL_AMT5,BILL_AMT6,PAY_AMT1,PAY_AMT2,PAY_AMT3,PAY_AMT4,PAY_AMT5,PAY_AMT6
0.18987341772151897,0.0,0.3333333333333333,0.6666666666666666,0.07407407407407407,0.2,0.2222222222222222,0.2,0.2,0.2,0.2,0.030419569991382248,0.04876241444964751,0.08401076853751575,0.08406597028700191,0.1403907804825443,0.4034316810034204,0.0021485412215875694,0.001039865306475036,0.002628272856774899,0.00022997355304140023,0.00025768480510009764,0.0024783147459727386
