LIMIT_BAL,SEX,EDUCATION,MARRIAGE,AGE,PAY_0,PAY_2,PAY_3,PAY_4,PAY_5,PAY_6,BILL_AMT1,BILL_AMT2,BILL_AMT3,BILL_AMT4,BILL_AMT5,BILL_AMT6,PAY_AMT1,PAY_AMT2,PAY_AMT3,PAY_AMT4,PAY_AMT5,PAY_AMT6
0.05063291139240507,0.0,0.3333333333333333,0.6666666666666666,0.018518518518518545,0.2,0.2222222222222222,0.2,0.2,0.2,0.2,0.084166722914904,0.1107034425976432,0.15972230245989447,0.15531903417773862,0.21024140286206344,0.4360107382109934,0.04064391375025843,0.013215090760030707,0.022955335131071966,0.0025447073586537545,0.0242764854884802,0.024919454770755887
