LIMIT_BAL,SEX,EDUCATION,MARRIAGE,AGE,PAY_0,PAY_2,PAY_3,PAY_4,PAY_5,PAY_6,BILL_AMT1,BILL_AMT2,BILL_AMT3,BILL_AMT4,BILL_AMT5,BILL_AMT6,PAY_AMT1,PAY_AMT2,PAY_AMT3,PAY_AMT4,PAY_AMT5,PAY_AMT6
0.10126582278481013,0.0,0.5,0.6666666666666666,0.537037037037037,0.2,0.2222222222222222,0.2,0.2,0.2,0.2,0.15106026619282106,0.14131245818967736,0.19434701298529808,0.16599395911616116,0.22185076616895916,0.45159426811077086,0.006994920524244058,0.0026428551637135904,0.006281572127692008,0.004599471060828005,0.00435487320619165,0.0048426270136307315
