LIMIT_BAL,SEX,EDUCATION,MARRIAGE,AGE,PAY_0,PAY_2,PAY_3,PAY_4,PAY_5,PAY_6,BILL_AMT1,BILL_AMT2,BILL_AMT3,BILL_AMT4,BILL_AMT5,BILL_AMT6,PAY_AMT1,PAY_AMT2,PAY_AMT3,PAY_AMT4,PAY_AMT5,PAY_AMT6
0.06329113924050633,1.0,0.3333333333333333,0.3333333333333333,0.2407407407407407,0.4,0.4444444444444444,0.4,0.4,0.4,0.2,0.08762010306770038,0.09953301085781918,0.15044756115073477,0.14443135985808717,0.20601758806286213,0.45134819387368885,0.008513087859120557,0.0016298829255094608,0.004730891142194818,0.0,0.00438064168670166,0.008921933085501859
