LIMIT_BAL,SEX,EDUCATION,MARRIAGE,AGE,PAY_0,PAY_2,PAY_3,PAY_4,PAY_5,PAY_6,BILL_AMT1,BILL_AMT2,BILL_AMT3,BILL_AMT4,BILL_AMT5,BILL_AMT6,PAY_AMT1,PAY_AMT2,PAY_AMT3,PAY_AMT4,PAY_AMT5,PAY_AMT6
0.24050632911392406,1.0,0.16666666666666666,0.6666666666666666,0.2592592592592593,0.2,0.2222222222222222,0.2,0.2,0.2,0.2,0.14207676864079666,0.14318298770133278,0.19970982389710798,0.18485524052665958,0.2480008365931053,0.47879718912914326,0.00810770272297196,0.0032597658510189215,0.013172903558155794,0.009998850132234793,0.0077305441530029296,0.009913258983890954
