LIMIT_BAL,SEX,EDUCATION,MARRIAGE,AGE,PAY_0,PAY_2,PAY_3,PAY_4,PAY_5,PAY_6,BILL_AMT1,BILL_AMT2,BILL_AMT3,BILL_AMT4,BILL_AMT5,BILL_AMT6,PAY_AMT1,PAY_AMT2,PAY_AMT3,PAY_AMT4,PAY_AMT5,PAY_AMT6
0.20253164556962022,1.0,0.16666666666666666,0.6666666666666666,0.12962962962962965,0.2,0.2222222222222222,0.2,0.2,0.2,0.2,0.11313587324211177,0.11984896824988422,0.17845335146796426,0.17149547832653134,0.2411904458453022,0.4778644505923944,0.00810770272297196,0.002964757041501709,0.009198954998712146,0.008748993865705443,0.0077305441530029296,0.007434944237918216
