LIMIT_BAL,SEX,EDUCATION,MARRIAGE,AGE,PAY_0,PAY_2,PAY_3,PAY_4,PAY_5,PAY_6,BILL_AMT1,BILL_AMT2,BILL_AMT3,BILL_AMT4,BILL_AMT5,BILL_AMT6,PAY_AMT1,PAY_AMT2,PAY_AMT3,PAY_AMT4,PAY_AMT5,PAY_AMT6
0.27848101265822783,1.0,0.16666666666666666,0.6666666666666666,0.07407407407407407,0.2,0.2222222222222222,0.2,0.2,0.2,0.2,0.1070767607922054,0.11295734060618537,0.16437370324459138,0.15842937020190218,0.21915144622765137,0.4608314262579959,0.006080777042228969,0.0016298829255094608,0.006570682141937247,0.006249281332646745,0.005153696102001953,0.004956629491945477
