LIMIT_BAL,SEX,EDUCATION,MARRIAGE,AGE,PAY_0,PAY_2,PAY_3,PAY_4,PAY_5,PAY_6,BILL_AMT1,BILL_AMT2,BILL_AMT3,BILL_AMT4,BILL_AMT5,BILL_AMT6,PAY_AMT1,PAY_AMT2,PAY_AMT3,PAY_AMT4,PAY_AMT5,PAY_AMT6
0.12658227848101264,1.0,0.16666666666666666,0.3333333333333333,0.12962962962962965,0.2,0.2222222222222222,0.2,0.2,0.2,0.4,0.19587258283010783,0.18534580353007774,0.2595607083730166,0.23588812379017518,0.27134211102505534,0.49509316253437713,0.02351639174798017,0.0034537219191545475,0.011343625649840464,0.027971783244926832,0.0,0.007434944237918216
