LIMIT_BAL,SEX,EDUCATION,MARRIAGE,AGE,PAY_0,PAY_2,PAY_3,PAY_4,PAY_5,PAY_6,BILL_AMT1,BILL_AMT2,BILL_AMT3,BILL_AMT4,BILL_AMT5,BILL_AMT6,PAY_AMT1,PAY_AMT2,PAY_AMT3,PAY_AMT4,PAY_AMT5,PAY_AMT6
0.05063291139240507,0.0,0.16666666666666666,0.6666666666666666,0.07407407407407407,0.1,0.1111111111111111,0.1,0.1,0.1,0.1,0.039280629519807486,0.07512350126074205,0.10119355142207749,0.08626837585324487,0.1453221046852482,0.400486992633006,0.05076435367420818,0.012649521384878924,0.018303292174580398,0.01900781410137834,0.005599490814825122,0.016322180916976455
