LIMIT_BAL,SEX,EDUCATION,MARRIAGE,AGE,PAY_0,PAY_2,PAY_3,PAY_4,PAY_5,PAY_6,BILL_AMT1,BILL_AMT2,BILL_AMT3,BILL_AMT4,BILL_AMT5,BILL_AMT6,PAY_AMT1,PAY_AMT2,PAY_AMT3,PAY_AMT4,PAY_AMT5,PAY_AMT6
0.06329113924050633,1.0,0.16666666666666666,0.6666666666666666,0.09259259259259262,0.2,0.2222222222222222,0.2,0.2,0.2,0.2,0.08921179737448925,0.08652421139299131,0.12155704733435782,0.11704512084764147,0.17883648199527458,0.43170561084414005,0.0036788701105485264,0.0014342969744483255,0.0028911001424523886,0.0026296975847777504,0.003092217661201172,0.0027261462205700124
