LIMIT_BAL,SEX,EDUCATION,MARRIAGE,AGE,PAY_0,PAY_2,PAY_3,PAY_4,PAY_5,PAY_6,BILL_AMT1,BILL_AMT2,BILL_AMT3,BILL_AMT4,BILL_AMT5,BILL_AMT6,PAY_AMT1,PAY_AMT2,PAY_AMT3,PAY_AMT4,PAY_AMT5,PAY_AMT6
0.34177215189873417,1.0,0.16666666666666666,0.6666666666666666,0.20370370370370372,0.1,0.1111111111111111,0.1,0.1,0.1,0.1,0.09550793728033755,0.05770982349611486,0.07962016311264214,0.0790124233652757,0.14399041839459092,0.41546939832505464,0.02332788765967107,0.0040747073137736515,0.00557456672921956,0.016970548386935503,0.03854706999492361,0.03981908302354399
