LIMIT_BAL,SEX,EDUCATION,MARRIAGE,AGE,PAY_0,PAY_2,PAY_3,PAY_4,PAY_5,PAY_6,BILL_AMT1,BILL_AMT2,BILL_AMT3,BILL_AMT4,BILL_AMT5,BILL_AMT6,PAY_AMT1,PAY_AMT2,PAY_AMT3,PAY_AMT4,PAY_AMT5,PAY_AMT6
0.1139240506329114,1.0,0.16666666666666666,0.6666666666666666,0.12962962962962965,0.4,0.2222222222222222,0.2,0.2,0.2,0.2,0.031129082640956773,0.05225261153707611,0.09258895515145113,0.10535888723084207,0.1661944490740287,0.4237644436788801,0.006080777042228969,0.002444824388264191,0.02628272856774899,0.002499712533058698,0.005153696102001953,0.009913258983890954
