LIMIT_BAL,SEX,EDUCATION,MARRIAGE,AGE,PAY_0,PAY_2,PAY_3,PAY_4,PAY_5,PAY_6,BILL_AMT1,BILL_AMT2,BILL_AMT3,BILL_AMT4,BILL_AMT5,BILL_AMT6,PAY_AMT1,PAY_AMT2,PAY_AMT3,PAY_AMT4,PAY_AMT5,PAY_AMT6
0.025316455696202535,1.0,0.3333333333333333,0.6666666666666666,0.018518518518518545,0.2,0.2222222222222222,0.2,0.2,0.2,0.2,0.062371184996005066,0.0756175063037102,0.11986352809904943,0.11648478092806674,0.17811263288268417,0.43104706931442544,0.0034700967654319984,0.0014457061549268916,0.0037190060923364817,0.0023872254690710565,0.0025536564185419676,0.003365551425030979
