LIMIT_BAL,SEX,EDUCATION,MARRIAGE,AGE,PAY_0,PAY_2,PAY_3,PAY_4,PAY_5,PAY_6,BILL_AMT1,BILL_AMT2,BILL_AMT3,BILL_AMT4,BILL_AMT5,BILL_AMT6,PAY_AMT1,PAY_AMT2,PAY_AMT3,PAY_AMT4,PAY_AMT5,PAY_AMT6
0.012658227848101266,0.0,0.3333333333333333,0.6666666666666666,0.03703703703703709,0.2,0.2222222222222222,0.2,0.2,0.2,0.2,0.05306432548421884,0.0624221684763032,0.10500314439974978,0.10268753408484804,0.16041019205694063,0.4196596910479364,0.0038511587934116805,0.002363330241988718,0.002628272856774899,0.0019997700264469584,0.005153696102001953,0.0024783147459727386
