LIMIT_BAL,SEX,EDUCATION,MARRIAGE,AGE,PAY_0,PAY_2,PAY_3,PAY_4,PAY_5,PAY_6,BILL_AMT1,BILL_AMT2,BILL_AMT3,BILL_AMT4,BILL_AMT5,BILL_AMT6,PAY_AMT1,PAY_AMT2,PAY_AMT3,PAY_AMT4,PAY_AMT5,PAY_AMT6
0.2911392405063291,1.0,0.3333333333333333,0.3333333333333333,0.6296296296296295,0.4,0.2222222222222222,0.2,0.2,0.4,0.2,0.13734406811321437,0.13845005917768743,0.20151558417335297,0.19640213828110487,0.26178991709231614,0.4924156404785089,0.006080777042228969,0.002607812680815137,0.016032464426326883,0.0,0.0074728593479028325,0.007434944237918216
