LIMIT_BAL,SEX,EDUCATION,MARRIAGE,AGE,PAY_0,PAY_2,PAY_3,PAY_4,PAY_5,PAY_6,BILL_AMT1,BILL_AMT2,BILL_AMT3,BILL_AMT4,BILL_AMT5,BILL_AMT6,PAY_AMT1,PAY_AMT2,PAY_AMT3,PAY_AMT4,PAY_AMT5,PAY_AMT6
0.025316455696202535,1.0,0.16666666666666666,0.6666666666666666,0.14814814814814814,0.2,0.2222222222222222,0.2,0.2,0.4,0.2,0.04911648408227207,0.05863222353728195,0.0985278266998328,0.09909626460030084,0.157372640137515,0.4163787012201766,0.004511936565333895,0.00125419491117953,0.006570682141937247,0.0,0.0025768480510009765,0.0024783147459727386
