LIMIT_BAL,SEX,EDUCATION,MARRIAGE,AGE,PAY_0,PAY_2,PAY_3,PAY_4,PAY_5,PAY_6,BILL_AMT1,BILL_AMT2,BILL_AMT3,BILL_AMT4,BILL_AMT5,BILL_AMT6,PAY_AMT1,PAY_AMT2,PAY_AMT3,PAY_AMT4,PAY_AMT5,PAY_AMT6
0.025316455696202535,0.0,0.5,0.3333333333333333,0.38888888888888884,0.2,0.2222222222222222,0.4,0.1,0.1,0.4,0.04697381866928705,0.06908351772757682,0.10660092862955341,0.0821122717438857,0.15528605928700046,0.4134633074017958,0.012161554084457939,2.281836095713245e-05,0.013141364283874494,0.03425106112797028,0.0,0.024783147459727387
