LIMIT_BAL,SEX,EDUCATION,MARRIAGE,AGE,PAY_0,PAY_2,PAY_3,PAY_4,PAY_5,PAY_6,BILL_AMT1,BILL_AMT2,BILL_AMT3,BILL_AMT4,BILL_AMT5,BILL_AMT6,PAY_AMT1,PAY_AMT2,PAY_AMT3,PAY_AMT4,PAY_AMT5,PAY_AMT6
0.5949367088607596,0.0,0.16666666666666666,0.3333333333333333,0.6851851851851851,0.0,0.0,0.0,0.0,0.0,0.0,0.06266001315423894,0.04250501723871765,0.3213246423554773,0.10398800213348675,0.14255252399486282,0.4787796123979231,8.107702722971959e-06,0.12195924966709641,0.04963493290019397,0.014848292446368667,0.1786709133122547,0.49728624535315985
