LIMIT_BAL,SEX,EDUCATION,MARRIAGE,AGE,PAY_0,PAY_2,PAY_3,PAY_4,PAY_5,PAY_6,BILL_AMT1,BILL_AMT2,BILL_AMT3,BILL_AMT4,BILL_AMT5,BILL_AMT6,PAY_AMT1,PAY_AMT2,PAY_AMT3,PAY_AMT4,PAY_AMT5,PAY_AMT6
0.2151898734177215,0.0,0.3333333333333333,0.6666666666666666,0.537037037037037,0.1,0.1111111111111111,0.1,0.1,0.1,0.2,0.02584384128892705,0.04341326609375804,0.0774182579860326,0.07699729718391735,0.1354333127452999,0.39885001306537016,0.0008026625695742239,0.0006323945750976708,0.0020395397368573216,0.0038795538513070995,0.0,0.0019231722428748451
