LIMIT_BAL,SEX,EDUCATION,MARRIAGE,AGE,PAY_0,PAY_2,PAY_3,PAY_4,PAY_5,PAY_6,BILL_AMT1,BILL_AMT2,BILL_AMT3,BILL_AMT4,BILL_AMT5,BILL_AMT6,PAY_AMT1,PAY_AMT2,PAY_AMT3,PAY_AMT4,PAY_AMT5,PAY_AMT6
0.2531645569620253,1.0,0.3333333333333333,0.3333333333333333,0.2407407407407407,0.2,0.2222222222222222,0.2,0.2,0.4,0.2,0.03052945026897122,0.049782586322235374,0.11750811684292362,0.1218065119289477,0.18174004830018006,0.4336988121645041,0.002600545648393256,0.016298829255094606,0.015956244513480412,0.0,0.002852570792458081,0.002760842627013631
