LIMIT_BAL,SEX,EDUCATION,MARRIAGE,AGE,PAY_0,PAY_2,PAY_3,PAY_4,PAY_5,PAY_6,BILL_AMT1,BILL_AMT2,BILL_AMT3,BILL_AMT4,BILL_AMT5,BILL_AMT6,PAY_AMT1,PAY_AMT2,PAY_AMT3,PAY_AMT4,PAY_AMT5,PAY_AMT6
0.06329113924050633,1.0,0.3333333333333333,0.3333333333333333,0.3148148148148149,0.30000000000000004,0.4444444444444444,0.4,0.4,0.2,0.2,0.058895828787690896,0.0706504399732414,0.11609685081349996,0.11107914876275747,0.1729149714218488,0.4272739310125017,0.0,0.002444824388264191,0.0,0.0037495687995880472,0.0028345328561010744,0.0024783147459727386
