LIMIT_BAL,SEX,EDUCATION,MARRIAGE,AGE,PAY_0,PAY_2,PAY_3,PAY_4,PAY_5,PAY_6,BILL_AMT1,BILL_AMT2,BILL_AMT3,BILL_AMT4,BILL_AMT5,BILL_AMT6,PAY_AMT1,PAY_AMT2,PAY_AMT3,PAY_AMT4,PAY_AMT5,PAY_AMT6
0.05063291139240507,0.0,0.3333333333333333,0.6666666666666666,0.38888888888888884,0.2,0.2222222222222222,0.2,0.2,0.2,0.2,0.09889068011182672,0.10560386970616992,0.1562989507113276,0.14820091931704452,0.21598644457734076,0.45788087897717483,0.006696962449174838,0.0018743653643358798,0.005256545713549798,0.008748993865705443,0.0077305441530029296,0.009913258983890954
