LIMIT_BAL,SEX,EDUCATION,MARRIAGE,AGE,PAY_0,PAY_2,PAY_3,PAY_4,PAY_5,PAY_6,BILL_AMT1,BILL_AMT2,BILL_AMT3,BILL_AMT4,BILL_AMT5,BILL_AMT6,PAY_AMT1,PAY_AMT2,PAY_AMT3,PAY_AMT4,PAY_AMT5,PAY_AMT6
0.06329113924050633,0.0,0.16666666666666666,0.6666666666666666,0.09259259259259262,0.1,0.1111111111111111,0.4,0.1,0.2,0.1,0.024719923021016957,0.044035918283332476,0.07686365519552225,0.07715311363214133,0.1336163370947344,0.39991047584898537,0.001783694599053831,0.0,0.002312880113961911,0.0,0.004331681573732642,0.002009913258983891
