LIMIT_BAL,SEX,EDUCATION,MARRIAGE,AGE,PAY_0,PAY_2,PAY_3,PAY_4,PAY_5,PAY_6,BILL_AMT1,BILL_AMT2,BILL_AMT3,BILL_AMT4,BILL_AMT5,BILL_AMT6,PAY_AMT1,PAY_AMT2,PAY_AMT3,PAY_AMT4,PAY_AMT5,PAY_AMT6
0.36708860759493667,0.0,0.16666666666666666,0.3333333333333333,0.2222222222222222,0.2,0.2222222222222222,0.2,0.2,0.2,0.2,0.07395884512688818,0.07216204394586528,0.11310430658970452,0.10738000635251674,0.1569396378466878,0.40652167035192127,0.0030687654806448865,0.0009909688187097522,0.00821860922313511,0.007614124375696795,0.005182041430562964,0.0003519206939281289
