LIMIT_BAL,SEX,EDUCATION,MARRIAGE,AGE,PAY_0,PAY_2,PAY_3,PAY_4,PAY_5,PAY_6,BILL_AMT1,BILL_AMT2,BILL_AMT3,BILL_AMT4,BILL_AMT5,BILL_AMT6,PAY_AMT1,PAY_AMT2,PAY_AMT3,PAY_AMT4,PAY_AMT5,PAY_AMT6
0.08860759493670886,0.0,0.3333333333333333,0.6666666666666666,0.09259259259259262,0.0,0.0,0.0,0.0,0.0,0.0,0.028691310196732787,0.04289095867853651,0.07612088360108875,0.07581968441176294,0.16000006535883637,0.3979407101702482,0.0,0.0,0.0,0.04148772891117521,0.0,0.0
