LIMIT_BAL,SEX,EDUCATION,MARRIAGE,AGE,PAY_0,PAY_2,PAY_3,PAY_4,PAY_5,PAY_6,BILL_AMT1,BILL_AMT2,BILL_AMT3,BILL_AMT4,BILL_AMT5,BILL_AMT6,PAY_AMT1,PAY_AMT2,PAY_AMT3,PAY_AMT4,PAY_AMT5,PAY_AMT6
0.620253164556962,1.0,0.16666666666666666,0.6666666666666666,0.2962962962962963,0.0,0.0,0.0,0.0,0.0,0.0,0.02520182652415718,0.04290382339319714,0.0761373896365206,0.07731642125576071,0.13289738989487032,0.3979407101702482,0.0,0.0,0.002599361855350375,0.0,0.0,0.00218091697645601
