LIMIT_BAL,SEX,EDUCATION,MARRIAGE,AGE,PAY_0,PAY_2,PAY_3,PAY_4,PAY_5,PAY_6,BILL_AMT1,BILL_AMT2,BILL_AMT3,BILL_AMT4,BILL_AMT5,BILL_AMT6,PAY_AMT1,PAY_AMT2,PAY_AMT3,PAY_AMT4,PAY_AMT5,PAY_AMT6
0.06329113924050633,0.0,0.3333333333333333,0.3333333333333333,0.14814814814814814,0.4,0.4444444444444444,0.4,0.4,0.4,0.4,0.08773940165479698,0.0964750681829877,0.14327238754850713,0.14077117155990243,0.20528066718300148,0.45093103945273083,0.00405385136148598,0.0,0.008799457524482362,0.004499482559505657,0.004638326491801758,0.0
