LIMIT_BAL,SEX,EDUCATION,MARRIAGE,AGE,PAY_0,PAY_2,PAY_3,PAY_4,PAY_5,PAY_6,BILL_AMT1,BILL_AMT2,BILL_AMT3,BILL_AMT4,BILL_AMT5,BILL_AMT6,PAY_AMT1,PAY_AMT2,PAY_AMT3,PAY_AMT4,PAY_AMT5,PAY_AMT6
0.08860759493670886,1.0,0.5,0.3333333333333333,0.6666666666666667,0.1,0.4444444444444444,0.1,0.2,0.2,0.2,0.025168862440880485,0.043837801677558796,0.10155668420157832,0.09830819294870642,0.15740695352659942,0.4155174413903897,0.0,0.012550098526422847,0.0,0.0,0.0,0.00024783147459727387
