LIMIT_BAL,SEX,EDUCATION,MARRIAGE,AGE,PAY_0,PAY_2,PAY_3,PAY_4,PAY_5,PAY_6,BILL_AMT1,BILL_AMT2,BILL_AMT3,BILL_AMT4,BILL_AMT5,BILL_AMT6,PAY_AMT1,PAY_AMT2,PAY_AMT3,PAY_AMT4,PAY_AMT5,PAY_AMT6
0.24050632911392406,1.0,0.3333333333333333,0.6666666666666666,0.11111111111111116,0.1,0.1111111111111111,0.1,0.2,0.1,0.1,0.04488295395859397,0.04566973704523234,0.09944721287338716,0.11690578498528734,0.19070237873484902,0.4330027736081865,0.004368024842001143,0.011508603337022302,0.0604686736158201,0.01802792678841933,0.07710444738205122,0.0936555142503098
