LIMIT_BAL,SEX,EDUCATION,MARRIAGE,AGE,PAY_0,PAY_2,PAY_3,PAY_4,PAY_5,PAY_6,BILL_AMT1,BILL_AMT2,BILL_AMT3,BILL_AMT4,BILL_AMT5,BILL_AMT6,PAY_AMT1,PAY_AMT2,PAY_AMT3,PAY_AMT4,PAY_AMT5,PAY_AMT6
0.16455696202531644,0.0,0.3333333333333333,0.6666666666666666,0.12962962962962965,0.30000000000000004,0.5555555555555556,0.6000000000000001,0.5,0.4,0.2,0.15316211893127304,0.15370375135079506,0.21496470184322897,0.199232304345481,0.25381123714473386,0.4693924661442862,0.011648741887229962,0.0,0.0,0.0,0.006699804932602539,0.0069392812887236685
