LIMIT_BAL,SEX,EDUCATION,MARRIAGE,AGE,PAY_0,PAY_2,PAY_3,PAY_4,PAY_5,PAY_6,BILL_AMT1,BILL_AMT2,BILL_AMT3,BILL_AMT4,BILL_AMT5,BILL_AMT6,PAY_AMT1,PAY_AMT2,PAY_AMT3,PAY_AMT4,PAY_AMT5,PAY_AMT6
0.4936708860759494,1.0,0.3333333333333333,0.3333333333333333,0.40740740740740744,0.2,0.2222222222222222,0.2,0.2,0.2,0.2,0.6498931806730011,0.5673519271342562,0.3832833475560339,0.36047985473112676,0.44960016731862107,0.6342879841950032,0.03445773657263083,0.005704590239283112,0.018397909997424293,0.017497987731410886,0.02834532856101074,0.024783147459727387
