LIMIT_BAL,SEX,EDUCATION,MARRIAGE,AGE,PAY_0,PAY_2,PAY_3,PAY_4,PAY_5,PAY_6,BILL_AMT1,BILL_AMT2,BILL_AMT3,BILL_AMT4,BILL_AMT5,BILL_AMT6,PAY_AMT1,PAY_AMT2,PAY_AMT3,PAY_AMT4,PAY_AMT5,PAY_AMT6
0.4050632911392405,1.0,0.3333333333333333,0.3333333333333333,0.4814814814814815,0.30000000000000004,0.0,0.0,0.1,0.1,0.1,0.024029246990457682,0.04290382339319714,0.0761373896365206,0.08056159843704117,0.14033195752982816,0.39942184272106546,0.0,0.0,0.008292200863124806,0.011373692025417076,0.0032571359364652343,0.0020148698884758366
