LIMIT_BAL,SEX,EDUCATION,MARRIAGE,AGE,PAY_0,PAY_2,PAY_3,PAY_4,PAY_5,PAY_6,BILL_AMT1,BILL_AMT2,BILL_AMT3,BILL_AMT4,BILL_AMT5,BILL_AMT6,PAY_AMT1,PAY_AMT2,PAY_AMT3,PAY_AMT4,PAY_AMT5,PAY_AMT6
0.012658227848101266,1.0,0.3333333333333333,0.3333333333333333,0.2222222222222222,0.4,0.2222222222222222,0.2,0.2,0.2,0.2,0.05240190438218244,0.06744326660834662,0.10767382093262402,0.10350257396786586,0.16397224863808527,0.42065336225291505,0.0032430810891887836,0.0013047212818703233,0.002128901013987668,0.002499712533058698,0.0017831788512926757,0.001603469640644362
