LIMIT_BAL,SEX,EDUCATION,MARRIAGE,AGE,PAY_0,PAY_2,PAY_3,PAY_4,PAY_5,PAY_6,BILL_AMT1,BILL_AMT2,BILL_AMT3,BILL_AMT4,BILL_AMT5,BILL_AMT6,PAY_AMT1,PAY_AMT2,PAY_AMT3,PAY_AMT4,PAY_AMT5,PAY_AMT6
0.5443037974683544,1.0,0.3333333333333333,0.6666666666666666,0.12962962962962965,0.2,0.2222222222222222,0.2,0.2,0.2,0.2,0.6722632354718652,0.5701152678433592,0.7252454860119603,0.6304842895069608,0.5550942311023095,0.6976122596528478,0.030403885211144847,0.016298829255094606,0.04022571607293983,0.02517210520790109,0.03874806414290168,0.02491201982651797
