LIMIT_BAL,SEX,EDUCATION,MARRIAGE,AGE,PAY_0,PAY_2,PAY_3,PAY_4,PAY_5,PAY_6,BILL_AMT1,BILL_AMT2,BILL_AMT3,BILL_AMT4,BILL_AMT5,BILL_AMT6,PAY_AMT1,PAY_AMT2,PAY_AMT3,PAY_AMT4,PAY_AMT5,PAY_AMT6
0.08860759493670886,1.0,0.3333333333333333,0.6666666666666666,0.14814814814814814,0.2,0.2222222222222222,0.2,0.4,0.4,0.2,0.11745887730611232,0.12072505531827304,0.17873890588093538,0.17279145166993282,0.234889854021039,0.4717512634740292,0.005580126399085451,0.002801768748950763,0.011564400569809554,0.0,0.006184435322402344,0.024718711276332093
