LIMIT_BAL,SEX,EDUCATION,MARRIAGE,AGE,PAY_0,PAY_2,PAY_3,PAY_4,PAY_5,PAY_6,BILL_AMT1,BILL_AMT2,BILL_AMT3,BILL_AMT4,BILL_AMT5,BILL_AMT6,PAY_AMT1,PAY_AMT2,PAY_AMT3,PAY_AMT4,PAY_AMT5,PAY_AMT6
0.08860759493670886,1.0,0.3333333333333333,0.3333333333333333,0.2592592592592593,0.0,0.0,0.0,0.0,0.0,0.0,0.050851022749926617,0.044984047753820824,0.0895733024780511,0.08670885696649347,0.16585621709591084,0.4043655913222506,0.0032775388257614145,0.00666540622387094,0.019146967761605137,0.050421701504327,0.014128857863638355,0.10428996282527882
