LIMIT_BAL,SEX,EDUCATION,MARRIAGE,AGE,PAY_0,PAY_2,PAY_3,PAY_4,PAY_5,PAY_6,BILL_AMT1,BILL_AMT2,BILL_AMT3,BILL_AMT4,BILL_AMT5,BILL_AMT6,PAY_AMT1,PAY_AMT2,PAY_AMT3,PAY_AMT4,PAY_AMT5,PAY_AMT6
0.025316455696202535,1.0,0.3333333333333333,0.3333333333333333,0.07407407407407407,0.1,0.4444444444444444,0.4,0.2,0.2,0.2,0.07130759100049132,0.08309319199300161,0.1261688336340183,0.12118624260620989,0.18021391947137774,0.4342354883577591,0.0038511587934116805,0.0,0.002515257123933578,0.017497987731410886,0.011673121671034424,0.0
