LIMIT_BAL,SEX,EDUCATION,MARRIAGE,AGE,PAY_0,PAY_2,PAY_3,PAY_4,PAY_5,PAY_6,BILL_AMT1,BILL_AMT2,BILL_AMT3,BILL_AMT4,BILL_AMT5,BILL_AMT6,PAY_AMT1,PAY_AMT2,PAY_AMT3,PAY_AMT4,PAY_AMT5,PAY_AMT6
0.012658227848101266,0.0,0.16666666666666666,0.3333333333333333,0.16666666666666674,0.30000000000000004,0.4444444444444444,0.4,0.4,0.4,0.2,0.034836757150459065,0.05400221273092163,0.08990342318668822,0.09088293989680157,0.14881063257549765,0.4103276185521226,0.00405385136148598,0.0,0.004875446149317437,0.0,0.0025768480510009765,0.0009838909541511772
