LIMIT_BAL,SEX,EDUCATION,MARRIAGE,AGE,PAY_0,PAY_2,PAY_3,PAY_4,PAY_5,PAY_6,BILL_AMT1,BILL_AMT2,BILL_AMT3,BILL_AMT4,BILL_AMT5,BILL_AMT6,PAY_AMT1,PAY_AMT2,PAY_AMT3,PAY_AMT4,PAY_AMT5,PAY_AMT6
0.3291139240506329,0.0,0.16666666666666666,0.6666666666666666,0.20370370370370372,0.0,0.0,0.0,0.0,0.0,0.0,0.024029246990457682,0.04290382339319714,0.07795305353402472,0.07628413728627677,0.13257059571311394,0.3977063537539796,0.0,0.0008964356090302034,0.0007884818570324697,0.0,0.0,0.0
