LIMIT_BAL,SEX,EDUCATION,MARRIAGE,AGE,PAY_0,PAY_2,PAY_3,PAY_4,PAY_5,PAY_6,BILL_AMT1,BILL_AMT2,BILL_AMT3,BILL_AMT4,BILL_AMT5,BILL_AMT6,PAY_AMT1,PAY_AMT2,PAY_AMT3,PAY_AMT4,PAY_AMT5,PAY_AMT6
0.012658227848101266,1.0,0.3333333333333333,0.3333333333333333,0.11111111111111116,0.2,0.2222222222222222,0.2,0.2,0.2,0.2,0.05536239300407969,0.06404955488087274,0.1035027457789941,0.1019593918364167,0.1628219331183028,0.4209263874778679,0.0030403885211144847,0.0021017340324444495,0.00377682809518553,0.0032846222684391295,0.0041641864504175785,0.001982651796778191
