LIMIT_BAL,SEX,EDUCATION,MARRIAGE,AGE,PAY_0,PAY_2,PAY_3,PAY_4,PAY_5,PAY_6,BILL_AMT1,BILL_AMT2,BILL_AMT3,BILL_AMT4,BILL_AMT5,BILL_AMT6,PAY_AMT1,PAY_AMT2,PAY_AMT3,PAY_AMT4,PAY_AMT5,PAY_AMT6
0.22784810126582275,1.0,0.3333333333333333,0.6666666666666666,0.07407407407407407,0.30000000000000004,0.0,0.1,0.2,0.2,0.1,0.024029246990457682,0.04290382339319714,0.07985289821223131,0.0792071939255557,0.13370947343653494,0.40694116833704197,0.0,0.001834433232660898,0.0,0.001499827519835219,0.02393634154574807,0.015796778190830234
