LIMIT_BAL,SEX,EDUCATION,MARRIAGE,AGE,PAY_0,PAY_2,PAY_3,PAY_4,PAY_5,PAY_6,BILL_AMT1,BILL_AMT2,BILL_AMT3,BILL_AMT4,BILL_AMT5,BILL_AMT6,PAY_AMT1,PAY_AMT2,PAY_AMT3,PAY_AMT4,PAY_AMT5,PAY_AMT6
0.025316455696202535,0.0,0.3333333333333333,0.6666666666666666,0.2962962962962963,0.4,0.4444444444444444,0.4,0.2,0.2,0.2,0.0645452447740155,0.0802964030257809,0.12288578318662219,0.11965954106063058,0.15826478825370993,0.3979407101702482,0.007499625018749062,0.0,0.004730891142194818,0.00981137169225539,0.0,0.0
