LIMIT_BAL,SEX,EDUCATION,MARRIAGE,AGE,PAY_0,PAY_2,PAY_3,PAY_4,PAY_5,PAY_6,BILL_AMT1,BILL_AMT2,BILL_AMT3,BILL_AMT4,BILL_AMT5,BILL_AMT6,PAY_AMT1,PAY_AMT2,PAY_AMT3,PAY_AMT4,PAY_AMT5,PAY_AMT6
0.4050632911392405,1.0,0.3333333333333333,0.6666666666666666,0.2777777777777778,0.2,0.2222222222222222,0.2,0.2,0.2,0.2,0.42769171361432334,0.37426799773581026,0.4987150051416301,0.4432678304956761,0.5241370182645269,0.6815412684072317,0.02034425305761739,0.008238243246987569,0.02642202702915806,0.025032121306049804,0.02319420930705979,0.022307311028500622
