LIMIT_BAL,SEX,EDUCATION,MARRIAGE,AGE,PAY_0,PAY_2,PAY_3,PAY_4,PAY_5,PAY_6,BILL_AMT1,BILL_AMT2,BILL_AMT3,BILL_AMT4,BILL_AMT5,BILL_AMT6,PAY_AMT1,PAY_AMT2,PAY_AMT3,PAY_AMT4,PAY_AMT5,PAY_AMT6
0.36708860759493667,1.0,0.16666666666666666,0.6666666666666666,0.09259259259259262,0.2,0.2222222222222222,0.1,0.1,0.2,0.1,0.4848263185240881,0.4178086245047085,0.08234365895889832,0.08086723839317284,0.15033185949157363,0.4014197311697549,0.01596609358721253,0.004087746377177727,0.013162390466728693,0.025077116131644858,0.007671276647829907,0.029429987608426272
