LIMIT_BAL,SEX,EDUCATION,MARRIAGE,AGE,PAY_0,PAY_2,PAY_3,PAY_4,PAY_5,PAY_6,BILL_AMT1,BILL_AMT2,BILL_AMT3,BILL_AMT4,BILL_AMT5,BILL_AMT6,PAY_AMT1,PAY_AMT2,PAY_AMT3,PAY_AMT4,PAY_AMT5,PAY_AMT6
0.012658227848101266,0.0,0.3333333333333333,0.6666666666666666,0.16666666666666674,0.5,0.4444444444444444,0.5,0.5,0.7,0.6000000000000001,0.04844778410723059,0.06475711418720734,0.10651839845239412,0.10699046523195675,0.16586275297954595,0.4228586561300022,0.00405385136148598,0.0016298829255094608,0.007884818570324697,0.0,0.005153696102001953,0.0
