LIMIT_BAL,SEX,EDUCATION,MARRIAGE,AGE,PAY_0,PAY_2,PAY_3,PAY_4,PAY_5,PAY_6,BILL_AMT1,BILL_AMT2,BILL_AMT3,BILL_AMT4,BILL_AMT5,BILL_AMT6,PAY_AMT1,PAY_AMT2,PAY_AMT3,PAY_AMT4,PAY_AMT5,PAY_AMT6
0.4430379746835443,1.0,0.3333333333333333,0.3333333333333333,0.2592592592592593,0.2,0.2222222222222222,0.2,0.1,0.1,0.2,0.03212428401226264,0.0460698296711779,0.0761373896365206,0.076249677879458,0.1371440802867946,0.40255870335282,0.0020512487889119057,0.0,0.0007280315813266469,0.006504252011018732,0.0052026562149709715,0.0027831474597273856
