LIMIT_BAL,SEX,EDUCATION,MARRIAGE,AGE,PAY_0,PAY_2,PAY_3,PAY_4,PAY_5,PAY_6,BILL_AMT1,BILL_AMT2,BILL_AMT3,BILL_AMT4,BILL_AMT5,BILL_AMT6,PAY_AMT1,PAY_AMT2,PAY_AMT3,PAY_AMT4,PAY_AMT5,PAY_AMT6
0.15189873417721517,1.0,0.5,0.6666666666666666,0.537037037037037,0.1,0.1111111111111111,0.1,0.1,0.2,0.2,0.0246414371084534,0.11003190449235836,0.07647741396641683,0.08072640429573961,0.14214729920948488,0.40617365107376247,0.21843569983662978,0.00016787794132747444,0.008581310877370045,0.0074991375991760945,0.005153696102001953,0.004956629491945477
