LIMIT_BAL,SEX,EDUCATION,MARRIAGE,AGE,PAY_0,PAY_2,PAY_3,PAY_4,PAY_5,PAY_6,BILL_AMT1,BILL_AMT2,BILL_AMT3,BILL_AMT4,BILL_AMT5,BILL_AMT6,PAY_AMT1,PAY_AMT2,PAY_AMT3,PAY_AMT4,PAY_AMT5,PAY_AMT6
0.13924050632911392,1.0,0.3333333333333333,0.3333333333333333,0.6111111111111112,0.2,0.2222222222222222,0.2,0.2,0.2,0.2,0.16404340584908417,0.15494005042968148,0.21690085979938567,0.20149613754996615,0.26189122328866055,0.4923828305802313,0.006226715691242465,0.0025051300565080412,0.007587823737509133,0.0069342025667048285,0.007398130754423804,0.007434944237918216
