LIMIT_BAL,SEX,EDUCATION,MARRIAGE,AGE,PAY_0,PAY_2,PAY_3,PAY_4,PAY_5,PAY_6,BILL_AMT1,BILL_AMT2,BILL_AMT3,BILL_AMT4,BILL_AMT5,BILL_AMT6,PAY_AMT1,PAY_AMT2,PAY_AMT3,PAY_AMT4,PAY_AMT5,PAY_AMT6
0.5569620253164557,0.0,0.16666666666666666,0.3333333333333333,0.2962962962962963,0.0,0.0,0.0,0.0,0.0,0.0,0.05019017136614149,0.0643390109607369,0.10820531527352978,0.08032038258930979,0.17176465590206633,0.4461888373695367,0.033772635692539694,0.015835942504249922,0.00789795993460857,0.05946316173640031,0.10620221557395425,0.09038909541511772
