LIMIT_BAL,SEX,EDUCATION,MARRIAGE,AGE,PAY_0,PAY_2,PAY_3,PAY_4,PAY_5,PAY_6,BILL_AMT1,BILL_AMT2,BILL_AMT3,BILL_AMT4,BILL_AMT5,BILL_AMT6,PAY_AMT1,PAY_AMT2,PAY_AMT3,PAY_AMT4,PAY_AMT5,PAY_AMT6
0.0379746835443038,1.0,0.5,0.3333333333333333,0.09259259259259262,0.4,0.4444444444444444,0.4,0.4,0.4,0.2,0.07710299078418414,0.08748520557814028,0.1348939239632972,0.13008725721100545,0.1906321179857714,0.4403240680524161,0.0034457736572630826,0.0014668946329585146,0.003942409285162349,0.0,0.0038652720765014648,0.003717472118959108
