LIMIT_BAL,SEX,EDUCATION,MARRIAGE,AGE,PAY_0,PAY_2,PAY_3,PAY_4,PAY_5,PAY_6,BILL_AMT1,BILL_AMT2,BILL_AMT3,BILL_AMT4,BILL_AMT5,BILL_AMT6,PAY_AMT1,PAY_AMT2,PAY_AMT3,PAY_AMT4,PAY_AMT5,PAY_AMT6
0.26582278481012656,1.0,0.16666666666666666,0.6666666666666666,0.12962962962962965,0.2,0.2222222222222222,0.2,0.2,0.2,0.2,0.11111250641622335,0.09964879328976484,0.1305709932836942,0.12140348669267603,0.17871066623529835,0.4280191844162357,0.006080777042228969,0.0040747073137736515,0.035481683566461135,0.03499597546282177,0.03478744868851318,0.033457249070631974
