LIMIT_BAL,SEX,EDUCATION,MARRIAGE,AGE,PAY_0,PAY_2,PAY_3,PAY_4,PAY_5,PAY_6,BILL_AMT1,BILL_AMT2,BILL_AMT3,BILL_AMT4,BILL_AMT5,BILL_AMT6,PAY_AMT1,PAY_AMT2,PAY_AMT3,PAY_AMT4,PAY_AMT5,PAY_AMT6
0.35443037974683544,0.0,0.16666666666666666,0.6666666666666666,0.12962962962962965,0.2,0.2222222222222222,0.2,0.4,0.4,0.4,0.03406759520733624,0.05233365923943807,0.09051579710121006,0.08993156062158777,0.14948709653173337,0.40947807654314905,0.002432310816891588,0.0012224121941320956,0.002628272856774899,0.0022497412797528285,0.0,0.001982651796778191
