LIMIT_BAL,SEX,EDUCATION,MARRIAGE,AGE,PAY_0,PAY_2,PAY_3,PAY_4,PAY_5,PAY_6,BILL_AMT1,BILL_AMT2,BILL_AMT3,BILL_AMT4,BILL_AMT5,BILL_AMT6,PAY_AMT1,PAY_AMT2,PAY_AMT3,PAY_AMT4,PAY_AMT5,PAY_AMT6
0.24050632911392406,0.0,0.16666666666666666,0.3333333333333333,0.37037037037037035,0.1,0.1111111111111111,0.1,0.1,0.1,0.1,0.02493968357619491,0.04364997684351361,0.07709473969156823,0.07670364310841828,0.13384509302196385,0.398620343777427,0.0011756168948309342,0.0004726660483977436,0.0015243982569294414,0.001449833269174045,0.0014945718695805665,0.0017323420074349444
