LIMIT_BAL,SEX,EDUCATION,MARRIAGE,AGE,PAY_0,PAY_2,PAY_3,PAY_4,PAY_5,PAY_6,BILL_AMT1,BILL_AMT2,BILL_AMT3,BILL_AMT4,BILL_AMT5,BILL_AMT6,PAY_AMT1,PAY_AMT2,PAY_AMT3,PAY_AMT4,PAY_AMT5,PAY_AMT6
0.2911392405063291,1.0,0.16666666666666666,0.6666666666666666,0.12962962962962965,0.0,0.0,0.0,0.0,0.0,0.0,0.037294935931949574,0.044729326403540375,0.1377164560221445,0.07746175005843117,0.13533854243259055,0.4069915549665397,0.0028762075409743027,0.030403021150990726,0.00285430432245754,0.003734570524389695,0.019903574345931544,0.0027286245353159854
