LIMIT_BAL,SEX,EDUCATION,MARRIAGE,AGE,PAY_0,PAY_2,PAY_3,PAY_4,PAY_5,PAY_6,BILL_AMT1,BILL_AMT2,BILL_AMT3,BILL_AMT4,BILL_AMT5,BILL_AMT6,PAY_AMT1,PAY_AMT2,PAY_AMT3,PAY_AMT4,PAY_AMT5,PAY_AMT6
0.025316455696202535,0.0,0.3333333333333333,0.6666666666666666,0.2592592592592593,0.4,0.4444444444444444,0.0,0.0,0.0,0.0,0.02946361157635816,0.04247414192353214,0.07420618349099349,0.07349742003919382,0.12971114662274555,0.3960424231984729,0.0,0.0,0.0,0.0,0.004174493842621582,0.0022304832713754648
