LIMIT_BAL,SEX,EDUCATION,MARRIAGE,AGE,PAY_0,PAY_2,PAY_3,PAY_4,PAY_5,PAY_6,BILL_AMT1,BILL_AMT2,BILL_AMT3,BILL_AMT4,BILL_AMT5,BILL_AMT6,PAY_AMT1,PAY_AMT2,PAY_AMT3,PAY_AMT4,PAY_AMT5,PAY_AMT6
0.05063291139240507,1.0,0.3333333333333333,0.3333333333333333,0.05555555555555558,0.2,0.2222222222222222,0.2,0.2,0.2,0.4,0.0969975999007938,0.08723820305665621,0.12038842002578243,0.11749908607660176,0.18143449574023784,0.42941008974678957,0.0030870078117715733,0.0013112408135723611,0.003942409285162349,0.005761837388700299,0.0,0.004215613382899629
