LIMIT_BAL,SEX,EDUCATION,MARRIAGE,AGE,PAY_0,PAY_2,PAY_3,PAY_4,PAY_5,PAY_6,BILL_AMT1,BILL_AMT2,BILL_AMT3,BILL_AMT4,BILL_AMT5,BILL_AMT6,PAY_AMT1,PAY_AMT2,PAY_AMT3,PAY_AMT4,PAY_AMT5,PAY_AMT6
0.05063291139240507,0.0,0.3333333333333333,0.6666666666666666,0.11111111111111116,0.4,0.4444444444444444,0.2,0.2,0.2,0.2,0.06154708291408775,0.05996500797612309,0.09040355606027345,0.086894638116299,0.13612448243971464,0.4571321102271968,0.008403633872360436,0.0009779297553056765,0.0,0.0,0.12832703293984862,0.0
