LIMIT_BAL,SEX,EDUCATION,MARRIAGE,AGE,PAY_0,PAY_2,PAY_3,PAY_4,PAY_5,PAY_6,BILL_AMT1,BILL_AMT2,BILL_AMT3,BILL_AMT4,BILL_AMT5,BILL_AMT6,PAY_AMT1,PAY_AMT2,PAY_AMT3,PAY_AMT4,PAY_AMT5,PAY_AMT6
0.26582278481012656,0.0,0.16666666666666666,0.3333333333333333,0.33333333333333337,0.2,0.2222222222222222,0.2,0.2,0.2,0.2,0.17546467584533254,0.16883265579169457,0.2325749910454758,0.18496910639266945,0.20928062796769967,0.4497756623205269,0.020269256807429897,0.0032597658510189215,0.013306945473851313,0.004999425066117396,0.004135841121856568,0.004205700123915738
