LIMIT_BAL,SEX,EDUCATION,MARRIAGE,AGE,PAY_0,PAY_2,PAY_3,PAY_4,PAY_5,PAY_6,BILL_AMT1,BILL_AMT2,BILL_AMT3,BILL_AMT4,BILL_AMT5,BILL_AMT6,PAY_AMT1,PAY_AMT2,PAY_AMT3,PAY_AMT4,PAY_AMT5,PAY_AMT6
0.13924050632911392,1.0,0.3333333333333333,0.3333333333333333,0.42592592592592593,0.2,0.2222222222222222,0.2,0.2,0.2,0.2,0.04978361433906228,0.06533088046107138,0.10658112138703518,0.10401646859998921,0.16429904281984165,0.4229992699797633,0.0026268956822429147,0.0010651284918204325,0.001768827632609507,0.0017772956110047344,0.006442120127502442,0.001965303593556382
