LIMIT_BAL,SEX,EDUCATION,MARRIAGE,AGE,PAY_0,PAY_2,PAY_3,PAY_4,PAY_5,PAY_6,BILL_AMT1,BILL_AMT2,BILL_AMT3,BILL_AMT4,BILL_AMT5,BILL_AMT6,PAY_AMT1,PAY_AMT2,PAY_AMT3,PAY_AMT4,PAY_AMT5,PAY_AMT6
0.22784810126582275,0.0,0.3333333333333333,0.3333333333333333,0.20370370370370372,0.30000000000000004,0.4444444444444444,0.4,0.4,0.4,0.2,0.04449994270528383,0.06083208974424947,0.09828023616835496,0.09769391656628491,0.15612592033411438,0.415310035961992,0.0028376959530401857,0.0,0.0036795819994848585,0.0,0.0025768480510009765,0.0024783147459727386
