LIMIT_BAL,SEX,EDUCATION,MARRIAGE,AGE,PAY_0,PAY_2,PAY_3,PAY_4,PAY_5,PAY_6,BILL_AMT1,BILL_AMT2,BILL_AMT3,BILL_AMT4,BILL_AMT5,BILL_AMT6,PAY_AMT1,PAY_AMT2,PAY_AMT3,PAY_AMT4,PAY_AMT5,PAY_AMT6
0.05063291139240507,0.0,0.5,0.6666666666666666,0.03703703703703709,0.1,0.1111111111111111,0.4,0.2,0.2,0.0,0.026837472941981643,0.04837004065249833,0.08280252674390391,0.08373785680468408,0.13289738989487032,0.3979407101702482,0.005067314201857474,0.0,0.003942409285162349,0.0,0.0,0.0
