LIMIT_BAL,SEX,EDUCATION,MARRIAGE,AGE,PAY_0,PAY_2,PAY_3,PAY_4,PAY_5,PAY_6,BILL_AMT1,BILL_AMT2,BILL_AMT3,BILL_AMT4,BILL_AMT5,BILL_AMT6,PAY_AMT1,PAY_AMT2,PAY_AMT3,PAY_AMT4,PAY_AMT5,PAY_AMT6
0.16455696202531644,1.0,0.5,0.3333333333333333,0.462962962962963,0.2,0.2222222222222222,0.2,0.2,0.2,0.2,0.232151911053485,0.2167897391035867,0.28316764024765656,0.2676327286456554,0.34093946791371327,0.5502958163864349,0.009729243267566351,0.0036672365823962865,0.012090055141164536,0.011998620158681752,0.012368870644804688,0.011152416356877325
