LIMIT_BAL,SEX,EDUCATION,MARRIAGE,AGE,PAY_0,PAY_2,PAY_3,PAY_4,PAY_5,PAY_6,BILL_AMT1,BILL_AMT2,BILL_AMT3,BILL_AMT4,BILL_AMT5,BILL_AMT6,PAY_AMT1,PAY_AMT2,PAY_AMT3,PAY_AMT4,PAY_AMT5,PAY_AMT6
0.24050632911392406,1.0,0.16666666666666666,0.6666666666666666,0.09259259259259262,0.2,0.2222222222222222,0.2,0.2,0.2,0.2,0.05327309801163789,0.06348222096433902,0.10304882980461806,0.09826774060157134,0.16646242030306893,0.41646658487627736,0.0030444423724759707,0.0009779297553056765,0.0007884818570324697,0.017497987731410886,0.020614784408007812,0.009913258983890954
