LIMIT_BAL,SEX,EDUCATION,MARRIAGE,AGE,PAY_0,PAY_2,PAY_3,PAY_4,PAY_5,PAY_6,BILL_AMT1,BILL_AMT2,BILL_AMT3,BILL_AMT4,BILL_AMT5,BILL_AMT6,PAY_AMT1,PAY_AMT2,PAY_AMT3,PAY_AMT4,PAY_AMT5,PAY_AMT6
0.18987341772151897,1.0,0.16666666666666666,0.3333333333333333,0.2222222222222222,0.1,0.4444444444444444,0.4,0.0,0.0,0.1,0.036343686671679296,0.046706633046879026,0.08135494743653017,0.07673360780999981,0.23910549896569644,0.40052566144169033,0.0,0.002576029963767703,0.0,0.16248131464881538,0.005684526800508154,0.0008401486988847584
