LIMIT_BAL,SEX,EDUCATION,MARRIAGE,AGE,PAY_0,PAY_2,PAY_3,PAY_4,PAY_5,PAY_6,BILL_AMT1,BILL_AMT2,BILL_AMT3,BILL_AMT4,BILL_AMT5,BILL_AMT6,PAY_AMT1,PAY_AMT2,PAY_AMT3,PAY_AMT4,PAY_AMT5,PAY_AMT6
0.5949367088607596,0.0,0.3333333333333333,0.3333333333333333,0.5925925925925926,0.30000000000000004,0.1111111111111111,0.1,0.1,0.1,0.1,0.0240119800896937,0.0575039880615448,0.0983561639313415,0.08980870534510346,0.13513266209808403,0.39974291101135334,0.023025875733240365,0.010976446561843463,0.02451390093513948,0.003419606745224299,0.003963192302439502,0.038674101610904586
