LIMIT_BAL,SEX,EDUCATION,MARRIAGE,AGE,PAY_0,PAY_2,PAY_3,PAY_4,PAY_5,PAY_6,BILL_AMT1,BILL_AMT2,BILL_AMT3,BILL_AMT4,BILL_AMT5,BILL_AMT6,PAY_AMT1,PAY_AMT2,PAY_AMT3,PAY_AMT4,PAY_AMT5,PAY_AMT6
0.27848101265822783,0.0,0.3333333333333333,0.3333333333333333,0.5555555555555556,0.4,0.2222222222222222,0.2,0.2,0.2,0.2,0.34526109908532515,0.2976161683733855,0.21491353313339023,0.19234641592204382,0.2473831955895857,0.4716047907138613,0.011766303576713056,0.0024163014370677757,0.009198954998712146,0.006499252585952615,0.006442120127502442,0.004711276332094176
