LIMIT_BAL,SEX,EDUCATION,MARRIAGE,AGE,PAY_0,PAY_2,PAY_3,PAY_4,PAY_5,PAY_6,BILL_AMT1,BILL_AMT2,BILL_AMT3,BILL_AMT4,BILL_AMT5,BILL_AMT6,PAY_AMT1,PAY_AMT2,PAY_AMT3,PAY_AMT4,PAY_AMT5,PAY_AMT6
0.15189873417721517,0.0,0.16666666666666666,0.6666666666666666,0.2222222222222222,0.30000000000000004,0.4444444444444444,0.4,0.4,0.2,0.2,0.0815939547010707,0.08896850717851079,0.14356619497919415,0.1350539064981452,0.2004555510893684,0.44555021613520485,0.0,0.004889648776528382,0.0,0.0074991375991760945,0.0025768480510009765,0.0027261462205700124
