LIMIT_BAL,SEX,EDUCATION,MARRIAGE,AGE,PAY_0,PAY_2,PAY_3,PAY_4,PAY_5,PAY_6,BILL_AMT1,BILL_AMT2,BILL_AMT3,BILL_AMT4,BILL_AMT5,BILL_AMT6,PAY_AMT1,PAY_AMT2,PAY_AMT3,PAY_AMT4,PAY_AMT5,PAY_AMT6
0.0759493670886076,1.0,0.5,0.6666666666666666,0.7222222222222223,0.2,0.2222222222222222,0.2,0.2,0.2,0.2,0.03985671611802398,0.057172078423300576,0.0961377527693001,0.09549900217543733,0.15480403786890978,0.4139847504279934,0.0023998800059997,0.0009860791699332237,0.003201236339551827,0.001249856266529349,0.0012884240255004883,0.001345724907063197
