LIMIT_BAL,SEX,EDUCATION,MARRIAGE,AGE,PAY_0,PAY_2,PAY_3,PAY_4,PAY_5,PAY_6,BILL_AMT1,BILL_AMT2,BILL_AMT3,BILL_AMT4,BILL_AMT5,BILL_AMT6,PAY_AMT1,PAY_AMT2,PAY_AMT3,PAY_AMT4,PAY_AMT5,PAY_AMT6
0.16455696202531644,0.0,0.5,0.3333333333333333,0.2962962962962963,0.1,0.1111111111111111,0.1,0.1,0.1,0.1,0.0457007771675062,0.044194154273658214,0.07806859578204771,0.07733739654686779,0.1345362627163786,0.399116007597835,0.0020330064577852185,0.0009534815114230345,0.0026361576753452234,0.0025072116706578744,0.0025845785951539796,0.002485749690210657
