LIMIT_BAL,SEX,EDUCATION,MARRIAGE,AGE,PAY_0,PAY_2,PAY_3,PAY_4,PAY_5,PAY_6,BILL_AMT1,BILL_AMT2,BILL_AMT3,BILL_AMT4,BILL_AMT5,BILL_AMT6,PAY_AMT1,PAY_AMT2,PAY_AMT3,PAY_AMT4,PAY_AMT5,PAY_AMT6
0.36708860759493667,0.0,0.16666666666666666,0.6666666666666666,0.2407407407407407,0.30000000000000004,0.0,0.1,0.2,0.1,0.1,0.024029246990457682,0.04290382339319714,0.09759688630147614,0.09471392699400107,0.16491504985245242,0.3981785819327608,0.0,0.01059505395727425,0.0,0.04898186708528519,0.0005231001543531983,0.0
