LIMIT_BAL,SEX,EDUCATION,MARRIAGE,AGE,PAY_0,PAY_2,PAY_3,PAY_4,PAY_5,PAY_6,BILL_AMT1,BILL_AMT2,BILL_AMT3,BILL_AMT4,BILL_AMT5,BILL_AMT6,PAY_AMT1,PAY_AMT2,PAY_AMT3,PAY_AMT4,PAY_AMT5,PAY_AMT6
0.620253164556962,0.0,0.3333333333333333,0.3333333333333333,0.2222222222222222,0.1,0.1111111111111111,0.2,0.1,0.2,0.2,0.025096655401322016,0.04431122317706994,0.07862649977964443,0.0786243804797948,0.13890386695555273,0.40375392107578967,0.002231645174498032,0.0008964356090302034,0.0055272578177976124,0.006249281332646745,0.005153696102001953,0.004956629491945477
