LIMIT_BAL,SEX,EDUCATION,MARRIAGE,AGE,PAY_0,PAY_2,PAY_3,PAY_4,PAY_5,PAY_6,BILL_AMT1,BILL_AMT2,BILL_AMT3,BILL_AMT4,BILL_AMT5,BILL_AMT6,PAY_AMT1,PAY_AMT2,PAY_AMT3,PAY_AMT4,PAY_AMT5,PAY_AMT6
0.5189873417721519,0.0,0.16666666666666666,0.3333333333333333,0.6111111111111112,0.0,0.1111111111111111,0.4,0.1,0.2,0.2,0.025603674396482576,0.04500334482581177,0.07717561926518432,0.09586756800489024,0.15313085165831708,0.4076196301621394,0.0033079427109725594,0.0,0.03514263636793717,3.7495687995880474e-05,0.0,0.00622552664188352
