LIMIT_BAL,SEX,EDUCATION,MARRIAGE,AGE,PAY_0,PAY_2,PAY_3,PAY_4,PAY_5,PAY_6,BILL_AMT1,BILL_AMT2,BILL_AMT3,BILL_AMT4,BILL_AMT5,BILL_AMT6,PAY_AMT1,PAY_AMT2,PAY_AMT3,PAY_AMT4,PAY_AMT5,PAY_AMT6
0.0,0.0,0.3333333333333333,0.3333333333333333,0.6851851851851851,0.4,0.4444444444444444,0.4,0.4,0.4,0.2,0.03793224154196563,0.05572222508104771,0.09207231624243406,0.09133840336084093,0.14930899370267614,0.40966907702240796,0.0028376959530401857,0.0,0.002628272856774899,0.0,0.001327076746265503,0.0008525402726146221
