LIMIT_BAL,SEX,EDUCATION,MARRIAGE,AGE,PAY_0,PAY_2,PAY_3,PAY_4,PAY_5,PAY_6,BILL_AMT1,BILL_AMT2,BILL_AMT3,BILL_AMT4,BILL_AMT5,BILL_AMT6,PAY_AMT1,PAY_AMT2,PAY_AMT3,PAY_AMT4,PAY_AMT5,PAY_AMT6
0.5316455696202532,1.0,0.16666666666666666,0.6666666666666666,0.3148148148148149,0.2,0.2222222222222222,0.2,0.2,0.2,0.2,0.08853210937168887,0.09834431122317708,0.14990616318856992,0.14422610165225364,0.21113845289098473,0.558124492471886,0.006080777042228969,0.0018743653643358798,0.005256545713549798,0.0074991375991760945,0.2319163245900879,0.009913258983890954
