LIMIT_BAL,SEX,EDUCATION,MARRIAGE,AGE,PAY_0,PAY_2,PAY_3,PAY_4,PAY_5,PAY_6,BILL_AMT1,BILL_AMT2,BILL_AMT3,BILL_AMT4,BILL_AMT5,BILL_AMT6,PAY_AMT1,PAY_AMT2,PAY_AMT3,PAY_AMT4,PAY_AMT5,PAY_AMT6
0.4936708860759494,1.0,0.16666666666666666,0.3333333333333333,0.37037037037037035,0.1,0.1111111111111111,0.1,0.2,0.2,0.2,0.024041804736467852,0.044542788040961255,0.10773489326372189,0.1062563300432091,0.16894769005532626,0.4221907403436368,0.002582303317266569,0.015600424421513803,0.003429896078091243,0.005156906955700094,0.004367757446446656,0.483271375464684
