LIMIT_BAL,SEX,EDUCATION,MARRIAGE,AGE,PAY_0,PAY_2,PAY_3,PAY_4,PAY_5,PAY_6,BILL_AMT1,BILL_AMT2,BILL_AMT3,BILL_AMT4,BILL_AMT5,BILL_AMT6,PAY_AMT1,PAY_AMT2,PAY_AMT3,PAY_AMT4,PAY_AMT5,PAY_AMT6
0.10126582278481013,1.0,0.3333333333333333,0.6666666666666666,0.16666666666666674,0.30000000000000004,0.4444444444444444,0.2,0.2,0.2,0.4,0.1623104368996809,0.1531930221787681,0.16646996974443706,0.15899570306179323,0.2285320732149685,0.4649162585935568,0.0,0.001616843862105385,0.0052670588049768974,0.010626277978032526,0.0,0.005162329615861215
