LIMIT_BAL,SEX,EDUCATION,MARRIAGE,AGE,PAY_0,PAY_2,PAY_3,PAY_4,PAY_5,PAY_6,BILL_AMT1,BILL_AMT2,BILL_AMT3,BILL_AMT4,BILL_AMT5,BILL_AMT6,PAY_AMT1,PAY_AMT2,PAY_AMT3,PAY_AMT4,PAY_AMT5,PAY_AMT6
0.012658227848101266,1.0,0.3333333333333333,0.6666666666666666,0.03703703703703709,0.2,0.2222222222222222,0.2,0.2,0.2,0.2,0.044892372268101596,0.06138527247465651,0.10160620230787387,0.10035628030180448,0.16033829733695423,0.418239491165349,0.0032430810891887836,0.0013039063404075685,0.003942409285162349,0.0017497987731410886,0.002061478440800781,0.0024783147459727386
