LIMIT_BAL,SEX,EDUCATION,MARRIAGE,AGE,PAY_0,PAY_2,PAY_3,PAY_4,PAY_5,PAY_6,BILL_AMT1,BILL_AMT2,BILL_AMT3,BILL_AMT4,BILL_AMT5,BILL_AMT6,PAY_AMT1,PAY_AMT2,PAY_AMT3,PAY_AMT4,PAY_AMT5,PAY_AMT6
0.26582278481012656,1.0,0.16666666666666666,0.6666666666666666,0.11111111111111116,0.1,0.1111111111111111,0.1,0.1,0.1,0.1,0.02929094256871834,0.047216075747439926,0.08167021271327862,0.0808567507476193,0.13837446038110737,0.4018685237069091,0.006794254881850502,0.0027316837831538564,0.008809970615909461,0.008379036410812757,0.008637594666955274,0.00830731102850062
