LIMIT_BAL,SEX,EDUCATION,MARRIAGE,AGE,PAY_0,PAY_2,PAY_3,PAY_4,PAY_5,PAY_6,BILL_AMT1,BILL_AMT2,BILL_AMT3,BILL_AMT4,BILL_AMT5,BILL_AMT6,PAY_AMT1,PAY_AMT2,PAY_AMT3,PAY_AMT4,PAY_AMT5,PAY_AMT6
0.2151898734177215,1.0,0.3333333333333333,0.6666666666666666,0.2407407407407407,0.2,0.2222222222222222,0.2,0.2,0.2,0.2,0.3087525919972624,0.2628209746307827,0.35852099320116404,0.26569700892348813,0.33842805462691544,0.5472480111928624,0.016608629028008057,0.006927002433415208,0.012090055141164536,0.01249856266529349,0.011853501034604492,0.012391573729863693
