LIMIT_BAL,SEX,EDUCATION,MARRIAGE,AGE,PAY_0,PAY_2,PAY_3,PAY_4,PAY_5,PAY_6,BILL_AMT1,BILL_AMT2,BILL_AMT3,BILL_AMT4,BILL_AMT5,BILL_AMT6,PAY_AMT1,PAY_AMT2,PAY_AMT3,PAY_AMT4,PAY_AMT5,PAY_AMT6
0.05063291139240507,0.0,0.3333333333333333,0.6666666666666666,0.2407407407407407,0.4,0.4444444444444444,0.2,0.2,0.2,0.1,0.12012739833327316,0.11544537642155098,0.16496131810596545,0.10979516129998862,0.17127609860034054,0.4214021310028931,1.8242331126686908e-05,0.0016795943547374993,0.0,0.002052263989641191,0.05518062416413491,0.0017422552664188352
