LIMIT_BAL,SEX,EDUCATION,MARRIAGE,AGE,PAY_0,PAY_2,PAY_3,PAY_4,PAY_5,PAY_6,BILL_AMT1,BILL_AMT2,BILL_AMT3,BILL_AMT4,BILL_AMT5,BILL_AMT6,PAY_AMT1,PAY_AMT2,PAY_AMT3,PAY_AMT4,PAY_AMT5,PAY_AMT6
0.13924050632911392,0.0,0.3333333333333333,0.3333333333333333,0.6666666666666667,0.2,0.2222222222222222,0.2,0.2,0.2,0.2,0.21036893088059624,0.19802655277105954,0.2720376205559563,0.2085138706603621,0.2817913549867158,0.501167680844058,0.010134628403714948,0.004080411904012935,0.010513091427099596,0.010006349269833969,0.01031512274815691,0.009913258983890954
