LIMIT_BAL,SEX,EDUCATION,MARRIAGE,AGE,PAY_0,PAY_2,PAY_3,PAY_4,PAY_5,PAY_6,BILL_AMT1,BILL_AMT2,BILL_AMT3,BILL_AMT4,BILL_AMT5,BILL_AMT6,PAY_AMT1,PAY_AMT2,PAY_AMT3,PAY_AMT4,PAY_AMT5,PAY_AMT6
0.18987341772151897,1.0,0.16666666666666666,0.3333333333333333,0.2777777777777778,0.1,0.1111111111111111,0.2,0.1,0.1,0.1,0.026719744073136313,0.046563834714146046,0.08165370667784676,0.07609086496107585,0.13578951840341436,0.3989214917723321,0.005766603561713806,0.0008149414627547304,0.0004494346585085077,0.004424491183513896,0.0021568218186878174,0.0007410161090458489
