LIMIT_BAL,SEX,EDUCATION,MARRIAGE,AGE,PAY_0,PAY_2,PAY_3,PAY_4,PAY_5,PAY_6,BILL_AMT1,BILL_AMT2,BILL_AMT3,BILL_AMT4,BILL_AMT5,BILL_AMT6,PAY_AMT1,PAY_AMT2,PAY_AMT3,PAY_AMT4,PAY_AMT5,PAY_AMT6
0.4936708860759494,1.0,0.3333333333333333,0.6666666666666666,0.14814814814814814,0.1,0.2222222222222222,0.1,0.1,0.1,0.1,0.054688983874284405,0.047688210775485004,0.07853571658476922,0.08324194099350965,0.13599539873792088,0.4008537604244663,0.006338196603683329,0.0011971490087866988,0.013057259552457698,0.00476195237547682,0.0064266590391964355,0.0021363073110285007
