LIMIT_BAL,SEX,EDUCATION,MARRIAGE,AGE,PAY_0,PAY_2,PAY_3,PAY_4,PAY_5,PAY_6,BILL_AMT1,BILL_AMT2,BILL_AMT3,BILL_AMT4,BILL_AMT5,BILL_AMT6,PAY_AMT1,PAY_AMT2,PAY_AMT3,PAY_AMT4,PAY_AMT5,PAY_AMT6
0.05063291139240507,1.0,0.16666666666666666,0.6666666666666666,0.14814814814814814,0.2,0.2222222222222222,0.2,0.2,0.1,0.2,0.05875141470857395,0.061656717953995785,0.10300096230186569,0.1114776792937919,0.13657382443962968,0.400401452541068,0.00810770272297196,0.002523058768688645,0.03153927428129879,0.005624353199382071,0.0012884240255004883,0.0
