LIMIT_BAL,SEX,EDUCATION,MARRIAGE,AGE,PAY_0,PAY_2,PAY_3,PAY_4,PAY_5,PAY_6,BILL_AMT1,BILL_AMT2,BILL_AMT3,BILL_AMT4,BILL_AMT5,BILL_AMT6,PAY_AMT1,PAY_AMT2,PAY_AMT3,PAY_AMT4,PAY_AMT5,PAY_AMT6
0.12658227848101264,1.0,0.3333333333333333,0.3333333333333333,0.7592592592592593,0.2,0.2222222222222222,0.2,0.2,0.2,0.2,0.0766713182650846,0.08169737045232336,0.11914221435067733,0.1101712183048369,0.17083165851315185,0.4147803904612251,0.006080777042228969,0.0016298829255094608,0.007884818570324697,0.014998275198352189,0.006029824439342285,0.000275092936802974
