LIMIT_BAL,SEX,EDUCATION,MARRIAGE,AGE,PAY_0,PAY_2,PAY_3,PAY_4,PAY_5,PAY_6,BILL_AMT1,BILL_AMT2,BILL_AMT3,BILL_AMT4,BILL_AMT5,BILL_AMT6,PAY_AMT1,PAY_AMT2,PAY_AMT3,PAY_AMT4,PAY_AMT5,PAY_AMT6
0.05063291139240507,0.0,0.5,0.6666666666666666,0.462962962962963,0.2,0.2222222222222222,0.2,0.2,0.2,0.1,0.03335651283951044,0.049907374054443475,0.08020447676692984,0.07961171739690644,0.13289575592396155,0.39813639777783244,0.0021404335188645973,0.0008149414627547304,0.00014981155283616922,0.0,0.00043291047256816407,0.002483271375464684
