LIMIT_BAL,SEX,EDUCATION,MARRIAGE,AGE,PAY_0,PAY_2,PAY_3,PAY_4,PAY_5,PAY_6,BILL_AMT1,BILL_AMT2,BILL_AMT3,BILL_AMT4,BILL_AMT5,BILL_AMT6,PAY_AMT1,PAY_AMT2,PAY_AMT3,PAY_AMT4,PAY_AMT5,PAY_AMT6
0.0759493670886076,1.0,0.5,0.6666666666666666,0.018518518518518545,0.2,0.2222222222222222,0.2,0.2,0.2,0.2,0.10791969949313797,0.1071476354654454,0.14203938670174748,0.10377375451717877,0.14110319179877323,0.40489523682301753,0.006080777042228969,0.0020373536568868257,0.006570682141937247,0.002499712533058698,0.0025768480510009765,0.0012391573729863693
