LIMIT_BAL,SEX,EDUCATION,MARRIAGE,AGE,PAY_0,PAY_2,PAY_3,PAY_4,PAY_5,PAY_6,BILL_AMT1,BILL_AMT2,BILL_AMT3,BILL_AMT4,BILL_AMT5,BILL_AMT6,PAY_AMT1,PAY_AMT2,PAY_AMT3,PAY_AMT4,PAY_AMT5,PAY_AMT6
0.08860759493670886,1.0,0.5,0.3333333333333333,0.8148148148148149,0.2,0.2222222222222222,0.2,0.2,0.2,0.2,0.15286230274528026,0.1461560232594041,0.21167835018874653,0.19614144537734549,0.26592876540426075,0.4935780483032009,0.007033432112178175,0.003056030485330239,0.009251520455847644,0.0076716177639571444,0.008428869974824194,0.008084262701363074
