LIMIT_BAL,SEX,EDUCATION,MARRIAGE,AGE,PAY_0,PAY_2,PAY_3,PAY_4,PAY_5,PAY_6,BILL_AMT1,BILL_AMT2,BILL_AMT3,BILL_AMT4,BILL_AMT5,BILL_AMT6,PAY_AMT1,PAY_AMT2,PAY_AMT3,PAY_AMT4,PAY_AMT5,PAY_AMT6
0.16455696202531644,0.0,0.16666666666666666,0.3333333333333333,0.4444444444444444,0.2,0.2222222222222222,0.2,0.2,0.4,0.4,0.08637217705793987,0.0953905727370967,0.1452200997294661,0.14243421249767774,0.2071335901935602,0.45229147844916984,0.0032430810891887836,0.0013039063404075685,0.008328996683119655,0.004249511306199787,0.00438064168670166,0.0037050805452292445
