LIMIT_BAL,SEX,EDUCATION,MARRIAGE,AGE,PAY_0,PAY_2,PAY_3,PAY_4,PAY_5,PAY_6,BILL_AMT1,BILL_AMT2,BILL_AMT3,BILL_AMT4,BILL_AMT5,BILL_AMT6,PAY_AMT1,PAY_AMT2,PAY_AMT3,PAY_AMT4,PAY_AMT5,PAY_AMT6
0.2151898734177215,0.0,0.16666666666666666,0.3333333333333333,0.5,0.2,0.2222222222222222,0.2,0.2,0.2,0.2,0.28639195550790586,0.24964879328976486,0.3443225015226818,0.32583167029239557,0.412442034882011,0.5963995823768662,0.01621540544594392,0.004889648776528382,0.018397909997424293,0.017497987731410886,0.018037936357006835,0.01734820322180917
