LIMIT_BAL,SEX,EDUCATION,MARRIAGE,AGE,PAY_0,PAY_2,PAY_3,PAY_4,PAY_5,PAY_6,BILL_AMT1,BILL_AMT2,BILL_AMT3,BILL_AMT4,BILL_AMT5,BILL_AMT6,PAY_AMT1,PAY_AMT2,PAY_AMT3,PAY_AMT4,PAY_AMT5,PAY_AMT6
0.0379746835443038,1.0,0.3333333333333333,0.3333333333333333,0.05555555555555558,0.4,0.4444444444444444,0.4,0.4,0.4,0.2,0.06947729951950925,0.0884307621056965,0.13259628383118288,0.1348066977100975,0.19029061806583597,0.4399959690696401,0.014022271859380004,0.0,0.015769637140649394,0.0,0.005153696102001953,0.012391573729863693
