LIMIT_BAL,SEX,EDUCATION,MARRIAGE,AGE,PAY_0,PAY_2,PAY_3,PAY_4,PAY_5,PAY_6,BILL_AMT1,BILL_AMT2,BILL_AMT3,BILL_AMT4,BILL_AMT5,BILL_AMT6,PAY_AMT1,PAY_AMT2,PAY_AMT3,PAY_AMT4,PAY_AMT5,PAY_AMT6
0.2911392405063291,0.0,0.3333333333333333,0.3333333333333333,0.35185185185185186,0.2,0.2222222222222222,0.2,0.2,0.2,0.2,0.04234942870104245,0.055807132197807856,0.08956009764970563,0.08842283789695739,0.1403891465116355,0.4021017083410964,0.0036687354821448117,0.0009379976236306946,0.00533276562639627,0.0025072116706578744,0.0002886069817121094,0.00042874845105328376
