LIMIT_BAL,SEX,EDUCATION,MARRIAGE,AGE,PAY_0,PAY_2,PAY_3,PAY_4,PAY_5,PAY_6,BILL_AMT1,BILL_AMT2,BILL_AMT3,BILL_AMT4,BILL_AMT5,BILL_AMT6,PAY_AMT1,PAY_AMT2,PAY_AMT3,PAY_AMT4,PAY_AMT5,PAY_AMT6
0.012658227848101266,0.0,0.3333333333333333,0.3333333333333333,0.2962962962962963,0.2,0.2222222222222222,0.2,0.2,0.1,0.1,0.034031491687557,0.046529099984562346,0.0823007432667755,0.08156691417510173,0.13634506851240022,0.4003475505653262,0.002229618248817289,0.0008149414627547304,0.0013141364283874495,0.005274393444753853,0.005292845896756006,0.00620817843866171
