LIMIT_BAL,SEX,EDUCATION,MARRIAGE,AGE,PAY_0,PAY_2,PAY_3,PAY_4,PAY_5,PAY_6,BILL_AMT1,BILL_AMT2,BILL_AMT3,BILL_AMT4,BILL_AMT5,BILL_AMT6,PAY_AMT1,PAY_AMT2,PAY_AMT3,PAY_AMT4,PAY_AMT5,PAY_AMT6
0.26582278481012656,1.0,0.3333333333333333,0.6666666666666666,0.462962962962963,0.2,0.2222222222222222,0.2,0.4,0.4,0.2,0.16052723696623694,0.15299619204446047,0.22678137260889447,0.2077557637103492,0.26656111214595934,0.4908466242715909,0.00810770272297196,0.009779297553056765,0.008147645856002186,0.0,0.0074728593479028325,0.007434944237918216
