LIMIT_BAL,SEX,EDUCATION,MARRIAGE,AGE,PAY_0,PAY_2,PAY_3,PAY_4,PAY_5,PAY_6,BILL_AMT1,BILL_AMT2,BILL_AMT3,BILL_AMT4,BILL_AMT5,BILL_AMT6,PAY_AMT1,PAY_AMT2,PAY_AMT3,PAY_AMT4,PAY_AMT5,PAY_AMT6
0.08860759493670886,1.0,0.3333333333333333,0.6666666666666666,0.33333333333333337,0.4,0.4444444444444444,0.4,0.2,0.2,0.2,0.22803924923515478,0.20210080790408072,0.2520620164763246,0.21714520295092382,0.3183106047979922,0.46511194620114105,0.019630775217995857,0.0,0.009616850382939355,0.033746119196292425,0.005354690249980029,0.005333333333333333
