LIMIT_BAL,SEX,EDUCATION,MARRIAGE,AGE,PAY_0,PAY_2,PAY_3,PAY_4,PAY_5,PAY_6,BILL_AMT1,BILL_AMT2,BILL_AMT3,BILL_AMT4,BILL_AMT5,BILL_AMT6,PAY_AMT1,PAY_AMT2,PAY_AMT3,PAY_AMT4,PAY_AMT5,PAY_AMT6
0.0759493670886076,1.0,0.3333333333333333,0.6666666666666666,0.07407407407407407,0.2,0.2222222222222222,0.2,0.2,0.2,0.2,0.0546513106362539,0.06816111768640973,0.10862952038412846,0.10413183270107812,0.16406211703806828,0.42162008247002286,0.00405385136148598,0.0016298829255094608,0.002628272856774899,0.004999425066117396,0.007738274697155933,0.007452292441140025
