LIMIT_BAL,SEX,EDUCATION,MARRIAGE,AGE,PAY_0,PAY_2,PAY_3,PAY_4,PAY_5,PAY_6,BILL_AMT1,BILL_AMT2,BILL_AMT3,BILL_AMT4,BILL_AMT5,BILL_AMT6,PAY_AMT1,PAY_AMT2,PAY_AMT3,PAY_AMT4,PAY_AMT5,PAY_AMT6
0.08860759493670886,1.0,0.3333333333333333,0.6666666666666666,0.14814814814814814,0.2,0.2222222222222222,0.2,0.2,0.2,0.2,0.043482765278460164,0.06115499408223126,0.09802934442979076,0.09238267321095749,0.14966029744806425,0.40470540812584,0.004098443726462325,0.0010659434332831873,0.0013299060655280988,0.0037895642001169864,0.0025768480510009765,0.0024783147459727386
