LIMIT_BAL,SEX,EDUCATION,MARRIAGE,AGE,PAY_0,PAY_2,PAY_3,PAY_4,PAY_5,PAY_6,BILL_AMT1,BILL_AMT2,BILL_AMT3,BILL_AMT4,BILL_AMT5,BILL_AMT6,PAY_AMT1,PAY_AMT2,PAY_AMT3,PAY_AMT4,PAY_AMT5,PAY_AMT6
0.2151898734177215,1.0,0.3333333333333333,0.3333333333333333,0.11111111111111116,0.2,0.2222222222222222,0.2,0.2,0.2,0.2,0.20878979431981753,0.19261308084186696,0.26669131567957827,0.2450423401233347,0.311500214050189,0.5199302555305184,0.00845430701437901,0.0034227541435698674,0.010513091427099596,0.009471410787759408,0.010201741433912866,0.008178438661710037
