LIMIT_BAL,SEX,EDUCATION,MARRIAGE,AGE,PAY_0,PAY_2,PAY_3,PAY_4,PAY_5,PAY_6,BILL_AMT1,BILL_AMT2,BILL_AMT3,BILL_AMT4,BILL_AMT5,BILL_AMT6,PAY_AMT1,PAY_AMT2,PAY_AMT3,PAY_AMT4,PAY_AMT5,PAY_AMT6
0.012658227848101266,0.0,0.5,0.6666666666666666,0.40740740740740744,0.2,0.2222222222222222,0.2,0.2,0.2,0.2,0.0438830434325343,0.06107651932280142,0.10116384055830015,0.10263959056231758,0.1632729090891266,0.4205396993910248,0.00405385136148598,0.0010357905991612622,0.007884818570324697,0.002499712533058698,0.0025768480510009765,0.0024783147459727386
