LIMIT_BAL,SEX,EDUCATION,MARRIAGE,AGE,PAY_0,PAY_2,PAY_3,PAY_4,PAY_5,PAY_6,BILL_AMT1,BILL_AMT2,BILL_AMT3,BILL_AMT4,BILL_AMT5,BILL_AMT6,PAY_AMT1,PAY_AMT2,PAY_AMT3,PAY_AMT4,PAY_AMT5,PAY_AMT6
0.2531645569620253,0.0,0.5,0.6666666666666666,0.5,0.2,0.2222222222222222,0.2,0.2,0.1,0.1,0.15762325820138545,0.1505274533010858,0.1977274490417421,0.13337438497450005,0.1956337029375529,0.40387227106600526,0.06822226456244755,0.024450688707030176,0.002628272856774899,0.09597646270678871,0.013044004834166944,0.03236926889714994
