LIMIT_BAL,SEX,EDUCATION,MARRIAGE,AGE,PAY_0,PAY_2,PAY_3,PAY_4,PAY_5,PAY_6,BILL_AMT1,BILL_AMT2,BILL_AMT3,BILL_AMT4,BILL_AMT5,BILL_AMT6,PAY_AMT1,PAY_AMT2,PAY_AMT3,PAY_AMT4,PAY_AMT5,PAY_AMT6
0.012658227848101266,0.0,0.5,0.6666666666666666,0.3148148148148149,0.2,0.2222222222222222,0.2,0.2,0.2,0.2,0.043255156132025865,0.06223048422785983,0.1038229628663721,0.10339320280709324,0.16438074136528075,0.4153416740781883,0.006080777042228969,0.0016298829255094608,0.005256545713549798,0.004999425066117396,0.0025845785951539796,0.002240396530359356
