LIMIT_BAL,SEX,EDUCATION,MARRIAGE,AGE,PAY_0,PAY_2,PAY_3,PAY_4,PAY_5,PAY_6,BILL_AMT1,BILL_AMT2,BILL_AMT3,BILL_AMT4,BILL_AMT5,BILL_AMT6,PAY_AMT1,PAY_AMT2,PAY_AMT3,PAY_AMT4,PAY_AMT5,PAY_AMT6
0.24050632911392406,1.0,0.3333333333333333,0.3333333333333333,0.40740740740740744,0.1,0.1111111111111111,0.1,0.1,0.1,0.1,0.026972468711590956,0.04578423300571194,0.07665898035616724,0.07985143500955874,0.13859341248288418,0.40063112182901117,0.004538286599183554,0.0002575215022304948,0.007046399529013504,0.008713997890242622,0.005916443125098242,0.008458488228004957
