LIMIT_BAL,SEX,EDUCATION,MARRIAGE,AGE,PAY_0,PAY_2,PAY_3,PAY_4,PAY_5,PAY_6,BILL_AMT1,BILL_AMT2,BILL_AMT3,BILL_AMT4,BILL_AMT5,BILL_AMT6,PAY_AMT1,PAY_AMT2,PAY_AMT3,PAY_AMT4,PAY_AMT5,PAY_AMT6
0.3164556962025316,1.0,0.5,1.0,0.6296296296296295,0.2,0.2222222222222222,0.2,0.2,0.2,0.2,0.3151193692244179,0.2885452580661761,0.3966202241849733,0.37141697080838776,0.4148570438851907,0.5917640124630742,0.020269256807429897,0.006519531702037843,0.018792150925940526,0.017640471345795234,0.019058368185203223,0.010061957868649319
