LIMIT_BAL,SEX,EDUCATION,MARRIAGE,AGE,PAY_0,PAY_2,PAY_3,PAY_4,PAY_5,PAY_6,BILL_AMT1,BILL_AMT2,BILL_AMT3,BILL_AMT4,BILL_AMT5,BILL_AMT6,PAY_AMT1,PAY_AMT2,PAY_AMT3,PAY_AMT4,PAY_AMT5,PAY_AMT6
0.3164556962025316,1.0,0.8333333333333333,0.3333333333333333,0.2222222222222222,0.2,0.2222222222222222,0.1,0.1,0.2,0.2,0.027528148972540918,0.0469433437966346,0.08066004334484905,0.23635407489976806,0.304771521847825,0.5202958515398974,0.00202692568074299,0.0022329396079479613,0.28159052560200587,0.009998850132234793,0.010307392204003906,0.011638166047087981
