LIMIT_BAL,SEX,EDUCATION,MARRIAGE,AGE,PAY_0,PAY_2,PAY_3,PAY_4,PAY_5,PAY_6,BILL_AMT1,BILL_AMT2,BILL_AMT3,BILL_AMT4,BILL_AMT5,BILL_AMT6,PAY_AMT1,PAY_AMT2,PAY_AMT3,PAY_AMT4,PAY_AMT5,PAY_AMT6
0.2531645569620253,1.0,0.16666666666666666,0.6666666666666666,0.37037037037037035,0.1,0.2222222222222222,0.2,0.2,0.2,0.2,0.025252057508197853,0.057106468378531366,0.0967220664235878,0.09633651558464129,0.15798864717012578,0.417084114033145,0.02229618248817289,0.0017928712180604069,0.005256545713549798,0.004999425066117396,0.005153696102001953,0.004956629491945477
