LIMIT_BAL,SEX,EDUCATION,MARRIAGE,AGE,PAY_0,PAY_2,PAY_3,PAY_4,PAY_5,PAY_6,BILL_AMT1,BILL_AMT2,BILL_AMT3,BILL_AMT4,BILL_AMT5,BILL_AMT6,PAY_AMT1,PAY_AMT2,PAY_AMT3,PAY_AMT4,PAY_AMT5,PAY_AMT6
0.13924050632911392,0.0,0.5,0.3333333333333333,0.16666666666666674,0.4,0.4444444444444444,0.4,0.2,0.2,0.4,0.21592102433534205,0.20243914989965525,0.2749674418451107,0.2582432894050808,0.2653241961680114,0.4912239381017833,0.012161554084457939,0.0,0.013193929741009993,0.015248246451658058,0.0,0.0069392812887236685
