LIMIT_BAL,SEX,EDUCATION,MARRIAGE,AGE,PAY_0,PAY_2,PAY_3,PAY_4,PAY_5,PAY_6,BILL_AMT1,BILL_AMT2,BILL_AMT3,BILL_AMT4,BILL_AMT5,BILL_AMT6,PAY_AMT1,PAY_AMT2,PAY_AMT3,PAY_AMT4,PAY_AMT5,PAY_AMT6
0.24050632911392406,1.0,0.5,0.3333333333333333,0.2592592592592593,0.2,0.2222222222222222,0.2,0.2,0.2,0.2,0.3192869711815426,0.26357870632429375,0.35323576065588386,0.26843278617788247,0.34778253807969206,0.5476721963063085,0.01621540544594392,0.005460107800456694,0.013141364283874494,0.012748533918599361,0.01211118583970459,0.011895910780669145
