LIMIT_BAL,SEX,EDUCATION,MARRIAGE,AGE,PAY_0,PAY_2,PAY_3,PAY_4,PAY_5,PAY_6,BILL_AMT1,BILL_AMT2,BILL_AMT3,BILL_AMT4,BILL_AMT5,BILL_AMT6,PAY_AMT1,PAY_AMT2,PAY_AMT3,PAY_AMT4,PAY_AMT5,PAY_AMT6
0.36708860759493667,0.0,0.16666666666666666,0.6666666666666666,0.09259259259259262,0.4,0.4444444444444444,0.4,0.2,0.2,0.4,0.4527789507061377,0.40222430916482277,0.5273018079060608,0.4912503071381912,0.5984402113704768,0.7340511670363639,0.024323108168915877,0.0,0.02628272856774899,0.030446498652654943,0.025768480510009767,0.026807930607187114
