LIMIT_BAL,SEX,EDUCATION,MARRIAGE,AGE,PAY_0,PAY_2,PAY_3,PAY_4,PAY_5,PAY_6,BILL_AMT1,BILL_AMT2,BILL_AMT3,BILL_AMT4,BILL_AMT5,BILL_AMT6,PAY_AMT1,PAY_AMT2,PAY_AMT3,PAY_AMT4,PAY_AMT5,PAY_AMT6
0.27848101265822783,1.0,0.3333333333333333,0.3333333333333333,0.3148148148148149,0.1,0.1111111111111111,0.1,0.2,0.2,0.2,0.03116989531548982,0.04290382339319714,0.11733975528151869,0.1273320029005831,0.18621386064842502,0.43700089406972803,0.0,0.02034256879328358,0.02628272856774899,0.002357228918674352,0.0025768480510009765,0.0026220570012391573
