LIMIT_BAL,SEX,EDUCATION,MARRIAGE,AGE,PAY_0,PAY_2,PAY_3,PAY_4,PAY_5,PAY_6,BILL_AMT1,BILL_AMT2,BILL_AMT3,BILL_AMT4,BILL_AMT5,BILL_AMT6,PAY_AMT1,PAY_AMT2,PAY_AMT3,PAY_AMT4,PAY_AMT5,PAY_AMT6
0.025316455696202535,1.0,0.16666666666666666,0.6666666666666666,0.12962962962962965,0.4,0.4444444444444444,0.6000000000000001,0.6000000000000001,0.6000000000000001,0.6000000000000001,0.024087326565754713,0.042951422837441466,0.07619846196761847,0.07589010146047956,0.13295784681849526,0.39798406610725784,0.0,0.0,0.0,0.0,0.0,0.0
