LIMIT_BAL,SEX,EDUCATION,MARRIAGE,AGE,PAY_0,PAY_2,PAY_3,PAY_4,PAY_5,PAY_6,BILL_AMT1,BILL_AMT2,BILL_AMT3,BILL_AMT4,BILL_AMT5,BILL_AMT6,PAY_AMT1,PAY_AMT2,PAY_AMT3,PAY_AMT4,PAY_AMT5,PAY_AMT6
0.1772151898734177,0.0,0.16666666666666666,0.6666666666666666,0.09259259259259262,0.0,0.0,0.0,0.0,0.2,0.2,0.04554537506063037,0.05849457109041322,0.2761410209643156,0.11770883898767251,0.17073688820044247,0.477323087270814,0.033257796569630974,0.07853835359006163,0.07360478135398105,0.012551056628487723,0.12884240255004883,0.009923172242874846
