LIMIT_BAL,SEX,EDUCATION,MARRIAGE,AGE,PAY_0,PAY_2,PAY_3,PAY_4,PAY_5,PAY_6,BILL_AMT1,BILL_AMT2,BILL_AMT3,BILL_AMT4,BILL_AMT5,BILL_AMT6,PAY_AMT1,PAY_AMT2,PAY_AMT3,PAY_AMT4,PAY_AMT5,PAY_AMT6
0.15189873417721517,1.0,0.3333333333333333,0.6666666666666666,0.14814814814814814,0.4,0.4444444444444444,0.2,0.2,0.2,0.1,0.2941683397247028,0.2443511037925179,0.3161318436086155,0.2797669345510988,0.3598445113283203,0.5473452691056139,0.0,0.0026893068270906102,0.006570682141937247,0.006944201416837064,0.33499024663012694,0.009142503097893433
