LIMIT_BAL,SEX,EDUCATION,MARRIAGE,AGE,PAY_0,PAY_2,PAY_3,PAY_4,PAY_5,PAY_6,BILL_AMT1,BILL_AMT2,BILL_AMT3,BILL_AMT4,BILL_AMT5,BILL_AMT6,PAY_AMT1,PAY_AMT2,PAY_AMT3,PAY_AMT4,PAY_AMT5,PAY_AMT6
0.620253164556962,0.0,0.16666666666666666,0.6666666666666666,0.20370370370370372,0.1,0.2222222222222222,0.2,0.2,0.2,0.2,0.6305762278728592,0.54193896979365,0.5600563846170352,0.48715862713723235,0.5470158789292916,0.6951878425265496,0.05070557282946663,0.016313498201424192,0.02628272856774899,0.19841968173660027,0.13600088643572955,0.024783147459727387
