LIMIT_BAL,SEX,EDUCATION,MARRIAGE,AGE,PAY_0,PAY_2,PAY_3,PAY_4,PAY_5,PAY_6,BILL_AMT1,BILL_AMT2,BILL_AMT3,BILL_AMT4,BILL_AMT5,BILL_AMT6,PAY_AMT1,PAY_AMT2,PAY_AMT3,PAY_AMT4,PAY_AMT5,PAY_AMT6
0.37974683544303794,1.0,0.3333333333333333,0.6666666666666666,0.2962962962962963,0.2,0.2222222222222222,0.2,0.1,0.1,0.0,0.13144506692493765,0.1358899809602223,0.20339397100549816,0.08727518982638452,0.13289738989487032,0.3979407101702482,0.010134628403714948,0.005783639561170321,0.020069491534333128,0.0,0.0,0.005053283767038414
