LIMIT_BAL,SEX,EDUCATION,MARRIAGE,AGE,PAY_0,PAY_2,PAY_3,PAY_4,PAY_5,PAY_6,BILL_AMT1,BILL_AMT2,BILL_AMT3,BILL_AMT4,BILL_AMT5,BILL_AMT6,PAY_AMT1,PAY_AMT2,PAY_AMT3,PAY_AMT4,PAY_AMT5,PAY_AMT6
0.2911392405063291,1.0,0.3333333333333333,0.3333333333333333,0.2222222222222222,0.2,0.2222222222222222,0.2,0.2,0.2,0.2,0.4021398399201327,0.34372973807440954,0.4690916233520787,0.4392750340099363,0.5221827890576236,0.6717979004008666,0.020269256807429897,0.008964356090302035,0.02628272856774899,0.02499712533058698,0.025768480510009767,0.01982651796778191
