LIMIT_BAL,SEX,EDUCATION,MARRIAGE,AGE,PAY_0,PAY_2,PAY_3,PAY_4,PAY_5,PAY_6,BILL_AMT1,BILL_AMT2,BILL_AMT3,BILL_AMT4,BILL_AMT5,BILL_AMT6,PAY_AMT1,PAY_AMT2,PAY_AMT3,PAY_AMT4,PAY_AMT5,PAY_AMT6
0.10126582278481013,1.0,0.5,0.6666666666666666,0.2222222222222222,0.2,0.2222222222222222,0.2,0.2,0.2,0.1,0.22929345411792038,0.1696289816291875,0.2320781593789769,0.13481718535565104,0.1898968310768195,0.3984375457727375,0.009729243267566351,0.0032597658510189215,0.002628272856774899,0.0017447993480749712,0.001092583573624414,0.06686245353159852
