LIMIT_BAL,SEX,EDUCATION,MARRIAGE,AGE,PAY_0,PAY_2,PAY_3,PAY_4,PAY_5,PAY_6,BILL_AMT1,BILL_AMT2,BILL_AMT3,BILL_AMT4,BILL_AMT5,BILL_AMT6,PAY_AMT1,PAY_AMT2,PAY_AMT3,PAY_AMT4,PAY_AMT5,PAY_AMT6
0.27848101265822783,1.0,0.16666666666666666,0.6666666666666666,0.07407407407407407,0.2,0.2222222222222222,0.2,0.2,0.2,0.2,0.10370343627022385,0.11096588277672001,0.1660193549771474,0.15592581938476474,0.2229749381542011,0.45979674268017023,0.006080777042228969,0.002444824388264191,0.005256545713549798,0.006249281332646745,0.006442120127502442,0.004956629491945477
