LIMIT_BAL,SEX,EDUCATION,MARRIAGE,AGE,PAY_0,PAY_2,PAY_3,PAY_4,PAY_5,PAY_6,BILL_AMT1,BILL_AMT2,BILL_AMT3,BILL_AMT4,BILL_AMT5,BILL_AMT6,PAY_AMT1,PAY_AMT2,PAY_AMT3,PAY_AMT4,PAY_AMT5,PAY_AMT6
0.05063291139240507,0.0,0.16666666666666666,0.6666666666666666,0.09259259259259262,0.2,0.2222222222222222,0.2,0.2,0.2,0.2,0.06958404036059568,0.07944990480111153,0.12419801300345472,0.11892990057712015,0.1792858239951896,0.43244148999122334,0.0035836046035536057,0.0012036685404887369,0.003795226005182954,0.002749683786364568,0.0038652720765014648,0.0027261462205700124
