LIMIT_BAL,SEX,EDUCATION,MARRIAGE,AGE,PAY_0,PAY_2,PAY_3,PAY_4,PAY_5,PAY_6,BILL_AMT1,BILL_AMT2,BILL_AMT3,BILL_AMT4,BILL_AMT5,BILL_AMT6,PAY_AMT1,PAY_AMT2,PAY_AMT3,PAY_AMT4,PAY_AMT5,PAY_AMT6
0.0759493670886076,0.0,0.3333333333333333,0.3333333333333333,0.05555555555555558,0.2,0.2222222222222222,0.2,0.2,0.2,0.2,0.10121072368720538,0.10588946637163588,0.15844308471392565,0.14847060163127834,0.20960578817854728,0.45413703522728466,0.003729543252567101,0.0014212579110442498,0.0052591739864065725,0.004999425066117396,0.004638326491801758,0.004228004956629492
