LIMIT_BAL,SEX,EDUCATION,MARRIAGE,AGE,PAY_0,PAY_2,PAY_3,PAY_4,PAY_5,PAY_6,BILL_AMT1,BILL_AMT2,BILL_AMT3,BILL_AMT4,BILL_AMT5,BILL_AMT6,PAY_AMT1,PAY_AMT2,PAY_AMT3,PAY_AMT4,PAY_AMT5,PAY_AMT6
0.08860759493670886,1.0,0.16666666666666666,0.6666666666666666,0.16666666666666674,0.2,0.2222222222222222,0.2,0.2,0.2,0.2,0.09466499857940498,0.10187953481191789,0.15351603313751674,0.14744880530734794,0.2127593520324964,0.45642318206798443,0.004256543929560278,0.0017113770717849337,0.005256545713549798,0.004999425066117396,0.005153696102001953,0.011152416356877325
