LIMIT_BAL,SEX,EDUCATION,MARRIAGE,AGE,PAY_0,PAY_2,PAY_3,PAY_4,PAY_5,PAY_6,BILL_AMT1,BILL_AMT2,BILL_AMT3,BILL_AMT4,BILL_AMT5,BILL_AMT6,PAY_AMT1,PAY_AMT2,PAY_AMT3,PAY_AMT4,PAY_AMT5,PAY_AMT6
0.5569620253164557,1.0,0.5,0.3333333333333333,0.2777777777777778,0.0,0.0,0.0,0.0,0.0,0.0,0.030301841122536914,0.05463644316369064,0.0902137366528071,0.07583466676255371,0.14330251664199373,0.4014560564142765,0.018485562208376067,0.00694982079437234,0.0,0.01591816941051779,0.0077305441530029296,0.008024783147459727
