LIMIT_BAL,SEX,EDUCATION,MARRIAGE,AGE,PAY_0,PAY_2,PAY_3,PAY_4,PAY_5,PAY_6,BILL_AMT1,BILL_AMT2,BILL_AMT3,BILL_AMT4,BILL_AMT5,BILL_AMT6,PAY_AMT1,PAY_AMT2,PAY_AMT3,PAY_AMT4,PAY_AMT5,PAY_AMT6
0.24050632911392406,0.0,0.16666666666666666,0.3333333333333333,0.3148148148148149,0.30000000000000004,0.0,0.1,0.2,0.2,0.2,0.02393977305013523,0.04241239129316112,0.07827162001785953,0.0772849583191001,0.1339480331892171,0.3983133368721152,0.0,0.0016298829255094608,0.0,0.0,0.0,0.003395291201982652
