LIMIT_BAL,SEX,EDUCATION,MARRIAGE,AGE,PAY_0,PAY_2,PAY_3,PAY_4,PAY_5,PAY_6,BILL_AMT1,BILL_AMT2,BILL_AMT3,BILL_AMT4,BILL_AMT5,BILL_AMT6,PAY_AMT1,PAY_AMT2,PAY_AMT3,PAY_AMT4,PAY_AMT5,PAY_AMT6
0.16455696202531644,1.0,0.3333333333333333,0.3333333333333333,0.2777777777777778,0.1,0.1111111111111111,0.1,0.4,0.1,0.4,0.024704225838504245,0.043293624247414196,0.09088388169134044,0.07670364310841828,0.1477191400084313,0.40534285757809047,0.0006141584812651259,0.007384184594020612,0.0,0.02267489238737545,0.0,0.0016257744733581166
