LIMIT_BAL,SEX,EDUCATION,MARRIAGE,AGE,PAY_0,PAY_2,PAY_3,PAY_4,PAY_5,PAY_6,BILL_AMT1,BILL_AMT2,BILL_AMT3,BILL_AMT4,BILL_AMT5,BILL_AMT6,PAY_AMT1,PAY_AMT2,PAY_AMT3,PAY_AMT4,PAY_AMT5,PAY_AMT6
0.22784810126582275,0.0,0.16666666666666666,0.3333333333333333,0.2962962962962963,0.2,0.2222222222222222,0.2,0.2,0.2,0.1,0.05797911332894859,0.06978207173364895,0.08582478183147668,0.11961759047841641,0.16494936324153686,0.5719292571721851,0.00405385136148598,0.0031530085193980516,0.06604324034503965,0.025284592271888732,0.382615552308727,0.011895910780669145
