LIMIT_BAL,SEX,EDUCATION,MARRIAGE,AGE,PAY_0,PAY_2,PAY_3,PAY_4,PAY_5,PAY_6,BILL_AMT1,BILL_AMT2,BILL_AMT3,BILL_AMT4,BILL_AMT5,BILL_AMT6,PAY_AMT1,PAY_AMT2,PAY_AMT3,PAY_AMT4,PAY_AMT5,PAY_AMT6
0.025316455696202535,1.0,0.16666666666666666,0.6666666666666666,0.018518518518518545,0.2,0.2222222222222222,0.4,0.2,0.2,0.1,0.0679813580260479,0.08209360366387075,0.12515536305850233,0.1204221427158807,0.16731045120472676,0.40016006543231136,0.007505705795791291,0.0,0.002628272856774899,0.001052378976417712,0.00488055020859585,0.013665427509293681
