LIMIT_BAL,SEX,EDUCATION,MARRIAGE,AGE,PAY_0,PAY_2,PAY_3,PAY_4,PAY_5,PAY_6,BILL_AMT1,BILL_AMT2,BILL_AMT3,BILL_AMT4,BILL_AMT5,BILL_AMT6,PAY_AMT1,PAY_AMT2,PAY_AMT3,PAY_AMT4,PAY_AMT5,PAY_AMT6
0.012658227848101266,1.0,0.5,0.3333333333333333,0.40740740740740744,0.4,0.2222222222222222,0.2,0.2,0.2,0.2,0.052770788171231146,0.06701101219574951,0.10817725501329561,0.10611249947561772,0.16538073156145527,0.40302741618535715,0.0026350033849658868,0.0012224121941320956,0.003303738980966048,0.0011398689150747664,0.0003839503595991455,0.00047335811648079306
