LIMIT_BAL,SEX,EDUCATION,MARRIAGE,AGE,PAY_0,PAY_2,PAY_3,PAY_4,PAY_5,PAY_6,BILL_AMT1,BILL_AMT2,BILL_AMT3,BILL_AMT4,BILL_AMT5,BILL_AMT6,PAY_AMT1,PAY_AMT2,PAY_AMT3,PAY_AMT4,PAY_AMT5,PAY_AMT6
0.24050632911392406,1.0,0.3333333333333333,0.6666666666666666,0.20370370370370372,0.2,0.2222222222222222,0.2,0.4,0.2,0.2,0.22359066771105254,0.20548808727422427,0.2814939282548664,0.2532541665917549,0.3306846664901978,0.5429124174918941,0.010252190093198043,0.009386495768008984,0.0,0.011498677652070011,0.012368870644804688,0.010656753407682776
