LIMIT_BAL,SEX,EDUCATION,MARRIAGE,AGE,PAY_0,PAY_2,PAY_3,PAY_4,PAY_5,PAY_6,BILL_AMT1,BILL_AMT2,BILL_AMT3,BILL_AMT4,BILL_AMT5,BILL_AMT6,PAY_AMT1,PAY_AMT2,PAY_AMT3,PAY_AMT4,PAY_AMT5,PAY_AMT6
0.30379746835443033,1.0,0.3333333333333333,0.3333333333333333,0.2592592592592593,0.30000000000000004,0.4444444444444444,0.4,0.4,0.4,0.4,0.33199541014383327,0.2895782946534246,0.415635177002471,0.3769619388360511,0.4888252729548403,0.6595457469583466,0.0,0.013854004866830416,0.0,0.04999425066117396,0.023392626606986867,0.021065675340768277
