LIMIT_BAL,SEX,EDUCATION,MARRIAGE,AGE,PAY_0,PAY_2,PAY_3,PAY_4,PAY_5,PAY_6,BILL_AMT1,BILL_AMT2,BILL_AMT3,BILL_AMT4,BILL_AMT5,BILL_AMT6,PAY_AMT1,PAY_AMT2,PAY_AMT3,PAY_AMT4,PAY_AMT5,PAY_AMT6
0.012658227848101266,0.0,0.5,0.3333333333333333,0.37037037037037035,0.4,0.2222222222222222,0.2,0.2,0.2,0.2,0.05344262758277517,0.06732877064786703,0.10933102688998234,0.1051761025511947,0.15992163475521481,0.4207506201656665,0.002789049736702354,0.0012224121941320956,0.001558565804067515,0.006751723551791543,0.010979949545315162,0.0023320941759603473
