LIMIT_BAL,SEX,EDUCATION,MARRIAGE,AGE,PAY_0,PAY_2,PAY_3,PAY_4,PAY_5,PAY_6,BILL_AMT1,BILL_AMT2,BILL_AMT3,BILL_AMT4,BILL_AMT5,BILL_AMT6,PAY_AMT1,PAY_AMT2,PAY_AMT3,PAY_AMT4,PAY_AMT5,PAY_AMT6
0.4430379746835443,1.0,0.3333333333333333,0.3333333333333333,0.38888888888888884,0.1,0.1111111111111111,0.1,0.1,0.0,0.0,0.09369334298186818,0.04414912777234601,0.07777148714427431,0.07641897844339368,0.1335346385492953,0.4015767499686548,0.001962064058959214,0.0008067920481271831,0.0010250264141422106,0.0009748878878928923,0.00799595950225603,0.0
