LIMIT_BAL,SEX,EDUCATION,MARRIAGE,AGE,PAY_0,PAY_2,PAY_3,PAY_4,PAY_5,PAY_6,BILL_AMT1,BILL_AMT2,BILL_AMT3,BILL_AMT4,BILL_AMT5,BILL_AMT6,PAY_AMT1,PAY_AMT2,PAY_AMT3,PAY_AMT4,PAY_AMT5,PAY_AMT6
0.24050632911392406,0.0,0.5,0.3333333333333333,0.8888888888888888,0.2,0.2222222222222222,0.2,0.2,0.2,0.2,0.15566268010554787,0.12907039571862297,0.18462825932302146,0.1724558470122196,0.21980176664934659,0.4590327407631348,0.006500350658142768,0.00247905192969989,0.0055193729992272875,0.005019422766381866,0.006462734911910449,0.004956629491945477
