LIMIT_BAL,SEX,EDUCATION,MARRIAGE,AGE,PAY_0,PAY_2,PAY_3,PAY_4,PAY_5,PAY_6,BILL_AMT1,BILL_AMT2,BILL_AMT3,BILL_AMT4,BILL_AMT5,BILL_AMT6,PAY_AMT1,PAY_AMT2,PAY_AMT3,PAY_AMT4,PAY_AMT5,PAY_AMT6
0.0759493670886076,1.0,0.3333333333333333,0.6666666666666666,0.018518518518518545,0.2,0.2222222222222222,0.4,0.2,0.2,0.2,0.07328229656059033,0.08332475685689292,0.127207063262682,0.11293845849589185,0.17528586321049142,0.42966436645844097,0.012161554084457939,0.0009168091455990716,0.0034167547138073684,0.0074991375991760945,0.006442120127502442,0.002973977695167286
