LIMIT_BAL,SEX,EDUCATION,MARRIAGE,AGE,PAY_0,PAY_2,PAY_3,PAY_4,PAY_5,PAY_6,BILL_AMT1,BILL_AMT2,BILL_AMT3,BILL_AMT4,BILL_AMT5,BILL_AMT6,PAY_AMT1,PAY_AMT2,PAY_AMT3,PAY_AMT4,PAY_AMT5,PAY_AMT6
0.34177215189873417,1.0,0.16666666666666666,0.6666666666666666,0.12962962962962965,0.2,0.1111111111111111,0.1,0.1,0.1,0.1,0.03559807050232554,0.047271394020480625,0.07920751222684576,0.07938248742980769,0.13835975464292835,0.4039285166059097,0.006932085828141025,0.0015198658280375721,0.006242148034840385,0.008381536123345815,0.013203769413329004,0.022374225526641884
