LIMIT_BAL,SEX,EDUCATION,MARRIAGE,AGE,PAY_0,PAY_2,PAY_3,PAY_4,PAY_5,PAY_6,BILL_AMT1,BILL_AMT2,BILL_AMT3,BILL_AMT4,BILL_AMT5,BILL_AMT6,PAY_AMT1,PAY_AMT2,PAY_AMT3,PAY_AMT4,PAY_AMT5,PAY_AMT6
0.34177215189873417,0.0,0.16666666666666666,0.6666666666666666,0.2777777777777778,0.1,0.1111111111111111,0.1,0.4,0.1,0.1,0.041030865369974745,0.04832115473678794,0.08118328466803887,0.07783181412296315,0.13339084910932247,0.40429059726904465,0.008545518670012445,0.0037365066067304386,0.0,0.0007549131849837269,0.013963939588374292,0.002490706319702602
