LIMIT_BAL,SEX,EDUCATION,MARRIAGE,AGE,PAY_0,PAY_2,PAY_3,PAY_4,PAY_5,PAY_6,BILL_AMT1,BILL_AMT2,BILL_AMT3,BILL_AMT4,BILL_AMT5,BILL_AMT6,PAY_AMT1,PAY_AMT2,PAY_AMT3,PAY_AMT4,PAY_AMT5,PAY_AMT6
0.012658227848101266,1.0,0.3333333333333333,0.6666666666666666,0.3148148148148149,0.2,0.2222222222222222,0.2,0.2,0.2,0.1,0.04902701014194962,0.06462332115473679,0.10508237336982268,0.09802352828368183,0.14854919723009252,0.4095882240587953,0.0032795657514421575,0.001353617769635607,0.002749173408186544,0.00047994480634727004,0.026995060182286233,0.00734820322180917
