LIMIT_BAL,SEX,EDUCATION,MARRIAGE,AGE,PAY_0,PAY_2,PAY_3,PAY_4,PAY_5,PAY_6,BILL_AMT1,BILL_AMT2,BILL_AMT3,BILL_AMT4,BILL_AMT5,BILL_AMT6,PAY_AMT1,PAY_AMT2,PAY_AMT3,PAY_AMT4,PAY_AMT5,PAY_AMT6
0.1772151898734177,0.0,0.16666666666666666,0.6666666666666666,0.20370370370370372,0.2,0.1111111111111111,0.1,0.1,0.1,0.0,0.09666324991327306,0.04429192610507899,0.0761373896365206,0.13748254556132875,0.13289248798214398,0.39793719482400414,0.002193133586563915,0.0,0.10814554323771676,0.0,0.0,0.0
