LIMIT_BAL,SEX,EDUCATION,MARRIAGE,AGE,PAY_0,PAY_2,PAY_3,PAY_4,PAY_5,PAY_6,BILL_AMT1,BILL_AMT2,BILL_AMT3,BILL_AMT4,BILL_AMT5,BILL_AMT6,PAY_AMT1,PAY_AMT2,PAY_AMT3,PAY_AMT4,PAY_AMT5,PAY_AMT6
0.1139240506329114,0.0,0.16666666666666666,0.3333333333333333,0.3148148148148149,0.4,0.4444444444444444,0.4,0.4,0.4,0.2,0.13773492795778086,0.13893248597746102,0.2016872469418443,0.19153437250918418,0.25607428685339684,0.4905009485575948,0.00810770272297196,0.002607812680815137,0.007884818570324697,0.0,0.012884240255004883,0.007930607187112764
