LIMIT_BAL,SEX,EDUCATION,MARRIAGE,AGE,PAY_0,PAY_2,PAY_3,PAY_4,PAY_5,PAY_6,BILL_AMT1,BILL_AMT2,BILL_AMT3,BILL_AMT4,BILL_AMT5,BILL_AMT6,PAY_AMT1,PAY_AMT2,PAY_AMT3,PAY_AMT4,PAY_AMT5,PAY_AMT6
0.20253164556962022,1.0,0.5,0.6666666666666666,0.2222222222222222,0.4,0.2222222222222222,0.2,0.2,0.2,0.2,0.2914276116579835,0.25690577882982557,0.34406170616285847,0.32393040997704703,0.4065581056394872,0.5984396549804839,0.015449227538623067,0.005993079517098287,0.019617428602967845,0.015315738690050644,0.016878354734056397,0.015117719950433706
