LIMIT_BAL,SEX,EDUCATION,MARRIAGE,AGE,PAY_0,PAY_2,PAY_3,PAY_4,PAY_5,PAY_6,BILL_AMT1,BILL_AMT2,BILL_AMT3,BILL_AMT4,BILL_AMT5,BILL_AMT6,PAY_AMT1,PAY_AMT2,PAY_AMT3,PAY_AMT4,PAY_AMT5,PAY_AMT6
0.6962025316455697,1.0,0.16666666666666666,0.3333333333333333,0.4444444444444444,0.2,0.2222222222222222,0.2,0.2,0.2,0.2,0.07844980904377473,0.2361678587968919,0.3260800311633949,0.29059617770266627,0.3407793387646526,0.5508336643617713,0.3040388521114485,0.04893886472134707,0.02698710569336466,0.06805467371252305,0.03865272076501465,0.04956629491945477
