LIMIT_BAL,SEX,EDUCATION,MARRIAGE,AGE,PAY_0,PAY_2,PAY_3,PAY_4,PAY_5,PAY_6,BILL_AMT1,BILL_AMT2,BILL_AMT3,BILL_AMT4,BILL_AMT5,BILL_AMT6,PAY_AMT1,PAY_AMT2,PAY_AMT3,PAY_AMT4,PAY_AMT5,PAY_AMT6
0.012658227848101266,0.0,0.5,0.6666666666666666,0.05555555555555558,0.2,0.2222222222222222,0.2,0.2,0.2,0.1,0.05332175927742729,0.06592523027839242,0.10848591787587132,0.10535139605544669,0.13859341248288418,0.3981738948044354,0.0028376959530401857,0.0016298829255094608,0.002628272856774899,0.0009998850132234792,0.0005127927621491943,0.0
