LIMIT_BAL,SEX,EDUCATION,MARRIAGE,AGE,PAY_0,PAY_2,PAY_3,PAY_4,PAY_5,PAY_6,BILL_AMT1,BILL_AMT2,BILL_AMT3,BILL_AMT4,BILL_AMT5,BILL_AMT6,PAY_AMT1,PAY_AMT2,PAY_AMT3,PAY_AMT4,PAY_AMT5,PAY_AMT6
0.0759493670886076,0.0,0.16666666666666666,0.6666666666666666,0.05555555555555558,0.2,0.2222222222222222,0.2,0.2,0.2,0.1,0.04303696529509918,0.06262285802500901,0.10395666175337012,0.1009166202213792,0.15765858504655184,0.40504170958318536,0.01079946002699865,0.0032597658510189215,0.007884818570324697,0.007516635586907505,0.015615699189065918,0.012721189591078068
