LIMIT_BAL,SEX,EDUCATION,MARRIAGE,AGE,PAY_0,PAY_2,PAY_3,PAY_4,PAY_5,PAY_6,BILL_AMT1,BILL_AMT2,BILL_AMT3,BILL_AMT4,BILL_AMT5,BILL_AMT6,PAY_AMT1,PAY_AMT2,PAY_AMT3,PAY_AMT4,PAY_AMT5,PAY_AMT6
0.2151898734177215,0.0,0.5,0.6666666666666666,0.14814814814814814,0.0,0.0,0.0,0.0,0.0,0.1,0.030870079129497047,0.04696907322595585,0.08044711548777811,0.08888429430131305,0.14127475874419532,0.40820317763864816,0.006423327482274535,0.002133516749491884,0.022960591676785515,0.012853521844987826,0.02258865001507456,0.03727385377942999
