LIMIT_BAL,SEX,EDUCATION,MARRIAGE,AGE,PAY_0,PAY_2,PAY_3,PAY_4,PAY_5,PAY_6,BILL_AMT1,BILL_AMT2,BILL_AMT3,BILL_AMT4,BILL_AMT5,BILL_AMT6,PAY_AMT1,PAY_AMT2,PAY_AMT3,PAY_AMT4,PAY_AMT5,PAY_AMT6
0.1139240506329114,1.0,0.16666666666666666,0.6666666666666666,0.018518518518518545,0.4,0.2222222222222222,0.2,0.2,0.2,0.2,0.13739743853375758,0.1379213194051356,0.20063746308837827,0.1905799967638122,0.2615088740960056,0.4922808855391545,0.006891547314526165,0.0027708009733660834,0.007884818570324697,0.008748993865705443,0.008245913763203125,0.004956629491945477
