LIMIT_BAL,SEX,EDUCATION,MARRIAGE,AGE,PAY_0,PAY_2,PAY_3,PAY_4,PAY_5,PAY_6,BILL_AMT1,BILL_AMT2,BILL_AMT3,BILL_AMT4,BILL_AMT5,BILL_AMT6,PAY_AMT1,PAY_AMT2,PAY_AMT3,PAY_AMT4,PAY_AMT5,PAY_AMT6
0.2911392405063291,1.0,0.5,0.3333333333333333,0.6296296296296295,0.2,0.2222222222222222,0.2,0.2,0.2,0.2,0.3633552413677269,0.32439535841095046,0.4491952482425199,0.41895147516225884,0.42513635487233786,0.6118460137731265,0.01621540544594392,0.008964356090302035,0.02365445571097409,0.017497987731410886,0.018037936357006835,0.017843866171003718
