LIMIT_BAL,SEX,EDUCATION,MARRIAGE,AGE,PAY_0,PAY_2,PAY_3,PAY_4,PAY_5,PAY_6,BILL_AMT1,BILL_AMT2,BILL_AMT3,BILL_AMT4,BILL_AMT5,BILL_AMT6,PAY_AMT1,PAY_AMT2,PAY_AMT3,PAY_AMT4,PAY_AMT5,PAY_AMT6
0.620253164556962,0.0,0.16666666666666666,0.6666666666666666,0.14814814814814814,0.1,0.1111111111111111,0.1,0.1,0.1,0.1,0.0699843185146698,0.05311068800494005,0.07718552288644344,0.09443675350437185,0.13946922088999128,0.39824420172931596,0.016158651526883113,0.0005191177117747632,0.03299270917109531,0.010173830009548902,0.0006674036452092529,0.028934324659231722
