LIMIT_BAL,SEX,EDUCATION,MARRIAGE,AGE,PAY_0,PAY_2,PAY_3,PAY_4,PAY_5,PAY_6,BILL_AMT1,BILL_AMT2,BILL_AMT3,BILL_AMT4,BILL_AMT5,BILL_AMT6,PAY_AMT1,PAY_AMT2,PAY_AMT3,PAY_AMT4,PAY_AMT5,PAY_AMT6
0.36708860759493667,0.0,0.16666666666666666,0.6666666666666666,0.18518518518518523,0.1,0.1111111111111111,0.1,0.1,0.2,0.1,0.027429256722710838,0.04662687181598313,0.0908327129815017,0.09448020232166507,0.17317477279634513,0.4077122009465655,0.005914569136408044,0.00731328468676095,0.032740394976844917,0.03777815551211611,0.021565641338827175,0.009496902106567534
