LIMIT_BAL,SEX,EDUCATION,MARRIAGE,AGE,PAY_0,PAY_2,PAY_3,PAY_4,PAY_5,PAY_6,BILL_AMT1,BILL_AMT2,BILL_AMT3,BILL_AMT4,BILL_AMT5,BILL_AMT6,PAY_AMT1,PAY_AMT2,PAY_AMT3,PAY_AMT4,PAY_AMT5,PAY_AMT6
0.012658227848101266,1.0,0.5,0.3333333333333333,0.6111111111111112,0.30000000000000004,0.4444444444444444,0.4,0.4,0.2,0.2,0.035313951498845475,0.051812638295682605,0.09000576060636573,0.08948508656802287,0.1489135727427509,0.410253796280998,0.0,0.0013039063404075685,0.002628272856774899,0.002499712533058698,0.002231550412166846,0.0
