LIMIT_BAL,SEX,EDUCATION,MARRIAGE,AGE,PAY_0,PAY_2,PAY_3,PAY_4,PAY_5,PAY_6,BILL_AMT1,BILL_AMT2,BILL_AMT3,BILL_AMT4,BILL_AMT5,BILL_AMT6,PAY_AMT1,PAY_AMT2,PAY_AMT3,PAY_AMT4,PAY_AMT5,PAY_AMT6
0.24050632911392406,1.0,0.3333333333333333,0.3333333333333333,0.14814814814814814,0.2,0.2222222222222222,0.2,0.2,0.2,0.1,0.09645447738585401,0.11999305305408328,0.15037163338774823,0.1220462295416,0.15876805129361476,0.4164935358641482,0.06080777042228969,0.0010594239015811495,0.005256545713549798,0.002499712533058698,0.04208508236894795,0.03923915737298637
