LIMIT_BAL,SEX,EDUCATION,MARRIAGE,AGE,PAY_0,PAY_2,PAY_3,PAY_4,PAY_5,PAY_6,BILL_AMT1,BILL_AMT2,BILL_AMT3,BILL_AMT4,BILL_AMT5,BILL_AMT6,PAY_AMT1,PAY_AMT2,PAY_AMT3,PAY_AMT4,PAY_AMT5,PAY_AMT6
0.012658227848101266,1.0,0.5,0.3333333333333333,0.42592592592592593,0.2,0.2222222222222222,0.4,0.2,0.2,0.0,0.05086358049593678,0.06749086605259096,0.10581524134299708,0.10397152154761691,0.13289738989487032,0.3979407101702482,0.006080777042228969,0.0,0.002628272856774899,0.002499712533058698,0.0,0.0
