LIMIT_BAL,SEX,EDUCATION,MARRIAGE,AGE,PAY_0,PAY_2,PAY_3,PAY_4,PAY_5,PAY_6,BILL_AMT1,BILL_AMT2,BILL_AMT3,BILL_AMT4,BILL_AMT5,BILL_AMT6,PAY_AMT1,PAY_AMT2,PAY_AMT3,PAY_AMT4,PAY_AMT5,PAY_AMT6
0.025316455696202535,0.0,0.3333333333333333,0.6666666666666666,0.05555555555555558,0.2,0.2222222222222222,0.2,0.1,0.1,0.4,0.06337109552206474,0.07155997529974786,0.0761373896365206,0.07660925429843644,0.17443293039610724,0.4270747280586734,0.0031316001767479193,0.0,0.003987089923727522,0.06354269259035211,0.0,0.002428748451053284
