LIMIT_BAL,SEX,EDUCATION,MARRIAGE,AGE,PAY_0,PAY_2,PAY_3,PAY_4,PAY_5,PAY_6,BILL_AMT1,BILL_AMT2,BILL_AMT3,BILL_AMT4,BILL_AMT5,BILL_AMT6,PAY_AMT1,PAY_AMT2,PAY_AMT3,PAY_AMT4,PAY_AMT5,PAY_AMT6
0.36708860759493667,0.0,0.5,0.3333333333333333,0.42592592592592593,0.1,0.1111111111111111,0.1,0.1,0.1,0.1,0.024861197663631353,0.07580661760922143,0.07871398176743327,0.07898994983908955,0.13723721662859514,0.40294890678590717,0.05184065121068271,0.0012721236233601341,0.005535142636367937,0.006639236487803902,0.011013448569978174,0.010681536555142503
