LIMIT_BAL,SEX,EDUCATION,MARRIAGE,AGE,PAY_0,PAY_2,PAY_3,PAY_4,PAY_5,PAY_6,BILL_AMT1,BILL_AMT2,BILL_AMT3,BILL_AMT4,BILL_AMT5,BILL_AMT6,PAY_AMT1,PAY_AMT2,PAY_AMT3,PAY_AMT4,PAY_AMT5,PAY_AMT6
0.1139240506329114,0.0,0.3333333333333333,0.6666666666666666,0.14814814814814814,0.1,0.1111111111111111,0.1,0.2,0.1,0.1,0.027944124309127752,0.045475479853856846,0.08708419233492727,0.08504881249887632,0.1494364434335611,0.4010916321869789,0.0040639859898896945,0.005405506722452127,4.730891142194818e-05,0.025377081635611903,0.006949759193549634,0.008939281288723669
