LIMIT_BAL,SEX,EDUCATION,MARRIAGE,AGE,PAY_0,PAY_2,PAY_3,PAY_4,PAY_5,PAY_6,BILL_AMT1,BILL_AMT2,BILL_AMT3,BILL_AMT4,BILL_AMT5,BILL_AMT6,PAY_AMT1,PAY_AMT2,PAY_AMT3,PAY_AMT4,PAY_AMT5,PAY_AMT6
0.2151898734177215,0.0,0.16666666666666666,0.6666666666666666,0.09259259259259262,0.2,0.2222222222222222,0.2,0.2,0.2,0.2,0.2306873639250491,0.21331240673081872,0.2917029111694691,0.2231651114986546,0.2748273709734872,0.5017816946546816,0.010138682255076435,0.004077967079624671,0.008978180078743054,0.007684116326622438,0.009018968178503417,0.007878562577447337
