LIMIT_BAL,SEX,EDUCATION,MARRIAGE,AGE,PAY_0,PAY_2,PAY_3,PAY_4,PAY_5,PAY_6,BILL_AMT1,BILL_AMT2,BILL_AMT3,BILL_AMT4,BILL_AMT5,BILL_AMT6,PAY_AMT1,PAY_AMT2,PAY_AMT3,PAY_AMT4,PAY_AMT5,PAY_AMT6
0.34177215189873417,1.0,0.5,0.3333333333333333,0.7407407407407407,0.2,0.2222222222222222,0.2,0.2,0.2,0.2,0.2794757768928055,0.2320022641897803,0.3224090888833502,0.3041312334070465,0.38741123453038045,0.5717183363975434,0.014188479765200929,0.004889648776528382,0.014455500712261943,0.014498332691740449,0.013399609865205078,0.014869888475836432
