LIMIT_BAL,SEX,EDUCATION,MARRIAGE,AGE,PAY_0,PAY_2,PAY_3,PAY_4,PAY_5,PAY_6,BILL_AMT1,BILL_AMT2,BILL_AMT3,BILL_AMT4,BILL_AMT5,BILL_AMT6,PAY_AMT1,PAY_AMT2,PAY_AMT3,PAY_AMT4,PAY_AMT5,PAY_AMT6
0.0379746835443038,1.0,0.5,0.6666666666666666,0.37037037037037035,0.2,0.2222222222222222,0.2,0.2,0.0,0.0,0.1384491497621092,0.09150800185251892,0.13497645414045645,0.07583466676255371,0.13289738989487032,0.3979407101702482,0.003995070516744433,0.0008149414627547304,0.0,0.0,0.0,0.0
