LIMIT_BAL,SEX,EDUCATION,MARRIAGE,AGE,PAY_0,PAY_2,PAY_3,PAY_4,PAY_5,PAY_6,BILL_AMT1,BILL_AMT2,BILL_AMT3,BILL_AMT4,BILL_AMT5,BILL_AMT6,PAY_AMT1,PAY_AMT2,PAY_AMT3,PAY_AMT4,PAY_AMT5,PAY_AMT6
0.0759493670886076,1.0,0.5,0.3333333333333333,0.40740740740740744,0.4,0.4444444444444444,0.2,0.1,0.2,0.2,0.15880996519934637,0.14340940667935986,0.1898623231584629,0.17940915601421525,0.18075476384218456,0.4329746508382343,0.0,0.0011229893356760185,0.18397909997424292,0.0029621593516745573,0.0031437546222211916,0.0027732342007434946
