LIMIT_BAL,SEX,EDUCATION,MARRIAGE,AGE,PAY_0,PAY_2,PAY_3,PAY_4,PAY_5,PAY_6,BILL_AMT1,BILL_AMT2,BILL_AMT3,BILL_AMT4,BILL_AMT5,BILL_AMT6,PAY_AMT1,PAY_AMT2,PAY_AMT3,PAY_AMT4,PAY_AMT5,PAY_AMT6
0.12658227848101264,0.0,0.3333333333333333,0.3333333333333333,0.20370370370370372,0.2,0.2222222222222222,0.2,0.2,0.2,0.4,0.19700905884402808,0.18146966500283027,0.21464448475585096,0.1468045642233449,0.2128067371888511,0.4518965878877573,0.007805690796541254,0.0024619381589820405,0.004334021940821808,0.008781490128635206,0.0,0.004123915737298637
