LIMIT_BAL,SEX,EDUCATION,MARRIAGE,AGE,PAY_0,PAY_2,PAY_3,PAY_4,PAY_5,PAY_6,BILL_AMT1,BILL_AMT2,BILL_AMT3,BILL_AMT4,BILL_AMT5,BILL_AMT6,PAY_AMT1,PAY_AMT2,PAY_AMT3,PAY_AMT4,PAY_AMT5,PAY_AMT6
0.0,0.0,0.3333333333333333,0.3333333333333333,0.40740740740740744,0.5,0.4444444444444444,0.4,0.6000000000000001,0.5,0.4,0.03699668946420807,0.055086708176812646,0.09456307698910107,0.09209351384069565,0.14988415146256737,0.40975813246059,0.0030403885211144847,0.0016298829255094608,0.0,0.0,0.0,0.0008674101610904586
