LIMIT_BAL,SEX,EDUCATION,MARRIAGE,AGE,PAY_0,PAY_2,PAY_3,PAY_4,PAY_5,PAY_6,BILL_AMT1,BILL_AMT2,BILL_AMT3,BILL_AMT4,BILL_AMT5,BILL_AMT6,PAY_AMT1,PAY_AMT2,PAY_AMT3,PAY_AMT4,PAY_AMT5,PAY_AMT6
0.08860759493670886,1.0,0.5,0.3333333333333333,0.6296296296296295,0.2,0.2222222222222222,0.2,0.2,0.2,0.2,0.11795804771001653,0.12505789121597283,0.17437305950920956,0.1484151669333525,0.20539994705934256,0.45115367804818596,0.020269256807429897,0.0040747073137736515,0.010513091427099596,0.012126105497867745,0.0077305441530029296,0.005452292441140025
