LIMIT_BAL,SEX,EDUCATION,MARRIAGE,AGE,PAY_0,PAY_2,PAY_3,PAY_4,PAY_5,PAY_6,BILL_AMT1,BILL_AMT2,BILL_AMT3,BILL_AMT4,BILL_AMT5,BILL_AMT6,PAY_AMT1,PAY_AMT2,PAY_AMT3,PAY_AMT4,PAY_AMT5,PAY_AMT6
0.06329113924050633,1.0,0.3333333333333333,0.6666666666666666,0.4444444444444444,0.2,0.2222222222222222,0.2,0.2,0.2,0.2,0.11461925698956293,0.11849688673905215,0.1579677108934882,0.15194800524981572,0.15105080669143767,0.41263837281653054,0.005067314201857474,0.0019428204472072771,0.007884818570324697,0.004999425066117396,0.005153696102001953,0.004956629491945477
