LIMIT_BAL,SEX,EDUCATION,MARRIAGE,AGE,PAY_0,PAY_2,PAY_3,PAY_4,PAY_5,PAY_6,BILL_AMT1,BILL_AMT2,BILL_AMT3,BILL_AMT4,BILL_AMT5,BILL_AMT6,PAY_AMT1,PAY_AMT2,PAY_AMT3,PAY_AMT4,PAY_AMT5,PAY_AMT6
0.012658227848101266,0.0,0.3333333333333333,0.3333333333333333,0.05555555555555558,0.30000000000000004,0.6666666666666666,0.5,0.4,0.4,0.4,0.05167355511359266,0.06610919569803941,0.10497838534660199,0.10115483959895244,0.16180233527122284,0.4193315920651604,0.00202692568074299,0.0,0.0,0.0034396044454887685,0.0025768480510009765,0.0016084262701363075
