LIMIT_BAL,SEX,EDUCATION,MARRIAGE,AGE,PAY_0,PAY_2,PAY_3,PAY_4,PAY_5,PAY_6,BILL_AMT1,BILL_AMT2,BILL_AMT3,BILL_AMT4,BILL_AMT5,BILL_AMT6,PAY_AMT1,PAY_AMT2,PAY_AMT3,PAY_AMT4,PAY_AMT5,PAY_AMT6
0.025316455696202535,0.0,0.3333333333333333,0.6666666666666666,0.14814814814814814,0.4,0.4444444444444444,0.4,0.2,0.2,0.2,0.05621004085976608,0.07525986723614471,0.11649959807803724,0.1130643102425343,0.1743986170070228,0.4296022620081298,0.010134628403714948,0.0,0.0028911001424523886,0.002749683786364568,0.005669065712202149,0.002973977695167286
