LIMIT_BAL,SEX,EDUCATION,MARRIAGE,AGE,PAY_0,PAY_2,PAY_3,PAY_4,PAY_5,PAY_6,BILL_AMT1,BILL_AMT2,BILL_AMT3,BILL_AMT4,BILL_AMT5,BILL_AMT6,PAY_AMT1,PAY_AMT2,PAY_AMT3,PAY_AMT4,PAY_AMT5,PAY_AMT6
0.4430379746835443,1.0,0.3333333333333333,0.6666666666666666,0.6111111111111112,0.2,0.2222222222222222,0.2,0.2,0.2,0.2,0.36612736379947164,0.3038581279267226,0.36871016887324853,0.3239753570294194,0.4071169236902906,0.5817359014109428,0.01799910004499775,0.006513012170335805,0.014789291365072356,0.01388340340860801,0.014059282966261329,0.013494423791821562
