LIMIT_BAL,SEX,EDUCATION,MARRIAGE,AGE,PAY_0,PAY_2,PAY_3,PAY_4,PAY_5,PAY_6,BILL_AMT1,BILL_AMT2,BILL_AMT3,BILL_AMT4,BILL_AMT5,BILL_AMT6,PAY_AMT1,PAY_AMT2,PAY_AMT3,PAY_AMT4,PAY_AMT5,PAY_AMT6
0.06329113924050633,0.0,0.5,0.3333333333333333,0.2407407407407407,0.2,0.2222222222222222,0.2,0.2,0.2,0.2,0.09198705924273652,0.07931739824010704,0.11294254744247234,0.10903705434997572,0.16339872484910278,0.4206510186887524,0.00277283433125641,0.0011376582820056035,0.003382587166669295,0.0016348119966203885,0.0025768480510009765,0.0015960346964064437
