LIMIT_BAL,SEX,EDUCATION,MARRIAGE,AGE,PAY_0,PAY_2,PAY_3,PAY_4,PAY_5,PAY_6,BILL_AMT1,BILL_AMT2,BILL_AMT3,BILL_AMT4,BILL_AMT5,BILL_AMT6,PAY_AMT1,PAY_AMT2,PAY_AMT3,PAY_AMT4,PAY_AMT5,PAY_AMT6
0.025316455696202535,1.0,0.3333333333333333,0.6666666666666666,0.6111111111111112,0.2,0.2222222222222222,0.4,0.2,0.2,0.4,0.06991211147511134,0.08250913394740905,0.12097933609424286,0.1169462373324224,0.18210769175465602,0.43253523255773074,0.0070942398826004645,0.0,0.007884818570324697,0.014998275198352189,0.0,0.001935563816604709
