LIMIT_BAL,SEX,EDUCATION,MARRIAGE,AGE,PAY_0,PAY_2,PAY_3,PAY_4,PAY_5,PAY_6,BILL_AMT1,BILL_AMT2,BILL_AMT3,BILL_AMT4,BILL_AMT5,BILL_AMT6,PAY_AMT1,PAY_AMT2,PAY_AMT3,PAY_AMT4,PAY_AMT5,PAY_AMT6
0.24050632911392406,0.0,0.3333333333333333,0.3333333333333333,0.18518518518518523,0.0,0.0,0.0,0.0,0.0,0.0,0.034901115598761176,0.045151289044409,0.07719707711124574,0.07583466676255371,0.13289738989487032,0.3979407101702482,0.003541039164258003,0.0005231924190885369,0.0,0.0,0.0,0.0012391573729863693
