LIMIT_BAL,SEX,EDUCATION,MARRIAGE,AGE,PAY_0,PAY_2,PAY_3,PAY_4,PAY_5,PAY_6,BILL_AMT1,BILL_AMT2,BILL_AMT3,BILL_AMT4,BILL_AMT5,BILL_AMT6,PAY_AMT1,PAY_AMT2,PAY_AMT3,PAY_AMT4,PAY_AMT5,PAY_AMT6
0.06329113924050633,0.0,0.3333333333333333,0.3333333333333333,0.18518518518518523,0.2,0.2222222222222222,0.4,0.2,0.2,0.2,0.1116681866771733,0.12064529408737715,0.17336784195140953,0.16454516579469386,0.20564340872475106,0.43484833038630133,0.01755317639523429,0.0,0.005650786642066033,0.0019997700264469584,0.0025768480510009765,0.004413878562577448
