LIMIT_BAL,SEX,EDUCATION,MARRIAGE,AGE,PAY_0,PAY_2,PAY_3,PAY_4,PAY_5,PAY_6,BILL_AMT1,BILL_AMT2,BILL_AMT3,BILL_AMT4,BILL_AMT5,BILL_AMT6,PAY_AMT1,PAY_AMT2,PAY_AMT3,PAY_AMT4,PAY_AMT5,PAY_AMT6
0.06329113924050633,1.0,0.8333333333333333,0.3333333333333333,0.16666666666666674,0.0,0.0,0.0,0.0,0.0,0.0,0.02966610523077213,0.04289739103586683,0.07612913661880467,0.07583466676255371,0.13511959033081375,0.39932341302623264,0.0,0.0,1.3141364283874494e-05,0.0033996090449598293,0.0030406807001811522,0.008183395291201982
