LIMIT_BAL,SEX,EDUCATION,MARRIAGE,AGE,PAY_0,PAY_2,PAY_3,PAY_4,PAY_5,PAY_6,BILL_AMT1,BILL_AMT2,BILL_AMT3,BILL_AMT4,BILL_AMT5,BILL_AMT6,PAY_AMT1,PAY_AMT2,PAY_AMT3,PAY_AMT4,PAY_AMT5,PAY_AMT6
0.08860759493670886,0.0,0.3333333333333333,0.6666666666666666,0.2407407407407407,0.2,0.2222222222222222,0.2,0.2,0.2,0.2,0.12782215720100398,0.1614277260330366,0.15479690148702874,0.14053145394725014,0.20533458822299128,0.4511864879464636,0.0052700067699317735,0.0035042482898453406,0.005256545713549798,0.004999425066117396,0.005153696102001953,0.004956629491945477
