LIMIT_BAL,SEX,EDUCATION,MARRIAGE,AGE,PAY_0,PAY_2,PAY_3,PAY_4,PAY_5,PAY_6,BILL_AMT1,BILL_AMT2,BILL_AMT3,BILL_AMT4,BILL_AMT5,BILL_AMT6,PAY_AMT1,PAY_AMT2,PAY_AMT3,PAY_AMT4,PAY_AMT5,PAY_AMT6
0.1139240506329114,1.0,0.3333333333333333,0.6666666666666666,0.09259259259259262,0.1,0.2222222222222222,0.2,0.2,0.2,0.2,0.1083906149685193,0.11021201049760718,0.15319746665368195,0.1425016330762362,0.2058934062737947,0.44792073128576126,0.006080777042228969,0.0020373536568868257,0.007884818570324697,0.004999425066117396,0.012884240255004883,0.006443618339529121
