LIMIT_BAL,SEX,EDUCATION,MARRIAGE,AGE,PAY_0,PAY_2,PAY_3,PAY_4,PAY_5,PAY_6,BILL_AMT1,BILL_AMT2,BILL_AMT3,BILL_AMT4,BILL_AMT5,BILL_AMT6,PAY_AMT1,PAY_AMT2,PAY_AMT3,PAY_AMT4,PAY_AMT5,PAY_AMT6
0.620253164556962,0.0,0.16666666666666666,0.6666666666666666,0.16666666666666674,0.0,0.0,0.0,0.1,0.1,0.2,0.02923600242992385,0.07175423249112335,0.0972023920546548,0.0933520313071202,0.43438953212876996,0.5951035913949011,0.02309276428070488,0.02097822313423227,0.04750866015906307,0.46153942296635886,0.002167129210891821,0.09264931846344486
