LIMIT_BAL,SEX,EDUCATION,MARRIAGE,AGE,PAY_0,PAY_2,PAY_3,PAY_4,PAY_5,PAY_6,BILL_AMT1,BILL_AMT2,BILL_AMT3,BILL_AMT4,BILL_AMT5,BILL_AMT6,PAY_AMT1,PAY_AMT2,PAY_AMT3,PAY_AMT4,PAY_AMT5,PAY_AMT6
0.6329113924050633,1.0,0.5,0.3333333333333333,0.7407407407407407,0.2,0.2222222222222222,0.4,0.2,0.2,0.2,0.3092988539487047,0.2910680286111254,0.37621876439119967,0.3427886949173873,0.4974362996441211,0.6513092907085882,0.03445773657263083,0.0,0.017104799751891043,0.1249856266529349,0.018037936357006835,0.014869888475836432
