LIMIT_BAL,SEX,EDUCATION,MARRIAGE,AGE,PAY_0,PAY_2,PAY_3,PAY_4,PAY_5,PAY_6,BILL_AMT1,BILL_AMT2,BILL_AMT3,BILL_AMT4,BILL_AMT5,BILL_AMT6,PAY_AMT1,PAY_AMT2,PAY_AMT3,PAY_AMT4,PAY_AMT5,PAY_AMT6
0.4050632911392405,1.0,0.3333333333333333,0.6666666666666666,0.7037037037037037,0.2,0.2222222222222222,0.2,0.2,0.2,0.2,0.22934368510196107,0.1874813461637421,0.20736862433748898,0.19657593355027778,0.2573732937258785,0.4702314621145276,0.04053851361485979,0.002852295119641556,0.04993718427872308,0.037495687995880475,0.0077305441530029296,0.005301115241635688
