LIMIT_BAL,SEX,EDUCATION,MARRIAGE,AGE,PAY_0,PAY_2,PAY_3,PAY_4,PAY_5,PAY_6,BILL_AMT1,BILL_AMT2,BILL_AMT3,BILL_AMT4,BILL_AMT5,BILL_AMT6,PAY_AMT1,PAY_AMT2,PAY_AMT3,PAY_AMT4,PAY_AMT5,PAY_AMT6
0.24050632911392406,1.0,0.16666666666666666,0.6666666666666666,0.2222222222222222,0.2,0.1111111111111111,0.2,0.2,0.2,0.2,0.03787259224841733,0.05392245150002573,0.10018173145010474,0.31200296051251625,0.3676630621268419,0.5851703946913585,0.01754506869251132,0.011441778137076414,0.40708792624015055,0.032116306624738154,0.12884240255004883,0.024783147459727387
