LIMIT_BAL,SEX,EDUCATION,MARRIAGE,AGE,PAY_0,PAY_2,PAY_3,PAY_4,PAY_5,PAY_6,BILL_AMT1,BILL_AMT2,BILL_AMT3,BILL_AMT4,BILL_AMT5,BILL_AMT6,PAY_AMT1,PAY_AMT2,PAY_AMT3,PAY_AMT4,PAY_AMT5,PAY_AMT6
0.8734177215189873,1.0,0.3333333333333333,0.6666666666666666,0.2407407407407407,0.0,0.0,0.0,0.0,0.0,0.0,0.026977177866344768,0.048490968970308246,0.07746447488524179,0.0770002936540755,0.13602317624337018,0.39817506658651675,0.008825234413954977,0.0006552129360548032,0.0020447962825708714,0.004789449213340465,0.0005153696102001953,0.00155638166047088
