LIMIT_BAL,SEX,EDUCATION,MARRIAGE,AGE,PAY_0,PAY_2,PAY_3,PAY_4,PAY_5,PAY_6,BILL_AMT1,BILL_AMT2,BILL_AMT3,BILL_AMT4,BILL_AMT5,BILL_AMT6,PAY_AMT1,PAY_AMT2,PAY_AMT3,PAY_AMT4,PAY_AMT5,PAY_AMT6
0.30379746835443033,1.0,0.16666666666666666,0.6666666666666666,0.2777777777777778,0.0,0.0,0.0,0.1,0.1,0.1,0.027482627143254057,0.04290382339319714,0.0761373896365206,0.26286234815387477,0.14594301363058532,0.3996983832922623,0.0,0.0,0.32809255725692416,0.019957704863940644,0.0038652720765014648,0.03141016109045849
