LIMIT_BAL,SEX,EDUCATION,MARRIAGE,AGE,PAY_0,PAY_2,PAY_3,PAY_4,PAY_5,PAY_6,BILL_AMT1,BILL_AMT2,BILL_AMT3,BILL_AMT4,BILL_AMT5,BILL_AMT6,PAY_AMT1,PAY_AMT2,PAY_AMT3,PAY_AMT4,PAY_AMT5,PAY_AMT6
0.025316455696202535,1.0,0.16666666666666666,0.6666666666666666,0.03703703703703709,0.6000000000000001,0.6666666666666666,0.5,0.4,0.5,0.4,0.07103289030651888,0.08072479802397983,0.12339747028500972,0.12132557846856404,0.18125312496936305,0.43418627351034267,0.0004175466902330559,0.0,0.006570682141937247,0.0,0.005153696102001953,0.0
