LIMIT_BAL,SEX,EDUCATION,MARRIAGE,AGE,PAY_0,PAY_2,PAY_3,PAY_4,PAY_5,PAY_6,BILL_AMT1,BILL_AMT2,BILL_AMT3,BILL_AMT4,BILL_AMT5,BILL_AMT6,PAY_AMT1,PAY_AMT2,PAY_AMT3,PAY_AMT4,PAY_AMT5,PAY_AMT6
0.16455696202531644,1.0,0.16666666666666666,0.6666666666666666,0.12962962962962965,0.1,0.2222222222222222,0.2,0.1,0.1,0.1,0.04103400480647729,0.061488190191941544,0.08869683199661957,0.08331235804222625,0.1384528909847289,0.40232903406487686,0.028376959530401858,0.0031415993389194855,0.01311770982816352,0.008998965119011314,0.01417266428050537,0.009913258983890954
