LIMIT_BAL,SEX,EDUCATION,MARRIAGE,AGE,PAY_0,PAY_2,PAY_3,PAY_4,PAY_5,PAY_6,BILL_AMT1,BILL_AMT2,BILL_AMT3,BILL_AMT4,BILL_AMT5,BILL_AMT6,PAY_AMT1,PAY_AMT2,PAY_AMT3,PAY_AMT4,PAY_AMT5,PAY_AMT6
0.24050632911392406,1.0,0.16666666666666666,0.3333333333333333,0.2407407407407407,0.0,0.1111111111111111,0.1,0.0,0.0,0.1,0.049182412248825455,0.06627643698862759,0.0930956904392091,0.08291532574627089,0.14022411544984853,0.40350081614621963,0.03685761657863053,0.0083727085883421,0.012421217521118173,0.011223709273433555,0.012227144001999634,0.0031796778190830237
