LIMIT_BAL,SEX,EDUCATION,MARRIAGE,AGE,PAY_0,PAY_2,PAY_3,PAY_4,PAY_5,PAY_6,BILL_AMT1,BILL_AMT2,BILL_AMT3,BILL_AMT4,BILL_AMT5,BILL_AMT6,PAY_AMT1,PAY_AMT2,PAY_AMT3,PAY_AMT4,PAY_AMT5,PAY_AMT6
0.30379746835443033,1.0,0.3333333333333333,0.3333333333333333,0.537037037037037,0.2,0.2222222222222222,0.4,0.2,0.2,0.2,0.2065184120102283,0.2003576390675655,0.27201121089926533,0.2192682020579757,0.2905902883305066,0.5117078606657363,0.023309645328544383,0.0,0.009311970731553466,0.009248936372317183,0.009140080036900464,0.007843866171003718
