LIMIT_BAL,SEX,EDUCATION,MARRIAGE,AGE,PAY_0,PAY_2,PAY_3,PAY_4,PAY_5,PAY_6,BILL_AMT1,BILL_AMT2,BILL_AMT3,BILL_AMT4,BILL_AMT5,BILL_AMT6,PAY_AMT1,PAY_AMT2,PAY_AMT3,PAY_AMT4,PAY_AMT5,PAY_AMT6
0.430379746835443,1.0,0.3333333333333333,0.3333333333333333,0.37037037037037035,0.2,0.2222222222222222,0.2,0.2,0.2,0.2,0.15798743283568034,0.151473009828642,0.21939822296022543,0.2022946968471141,0.25377202184292313,0.48640674196538314,0.010134628403714948,0.004087746377177727,0.013141364283874494,0.0074991375991760945,0.0077305441530029296,0.009913258983890954
