LIMIT_BAL,SEX,EDUCATION,MARRIAGE,AGE,PAY_0,PAY_2,PAY_3,PAY_4,PAY_5,PAY_6,BILL_AMT1,BILL_AMT2,BILL_AMT3,BILL_AMT4,BILL_AMT5,BILL_AMT6,PAY_AMT1,PAY_AMT2,PAY_AMT3,PAY_AMT4,PAY_AMT5,PAY_AMT6
0.1139240506329114,1.0,0.3333333333333333,0.3333333333333333,0.5185185185185185,0.1,0.1111111111111111,0.1,0.1,0.1,0.1,0.04040140835121504,0.047165903360263474,0.07694618537268152,0.08628335820403564,0.14599856864148392,0.4078317227188625,0.0067152047803015254,0.0003993213167498179,0.018329574903148144,0.020042695090064643,0.021751174398499242,0.028403965303593556
