LIMIT_BAL,SEX,EDUCATION,MARRIAGE,AGE,PAY_0,PAY_2,PAY_3,PAY_4,PAY_5,PAY_6,BILL_AMT1,BILL_AMT2,BILL_AMT3,BILL_AMT4,BILL_AMT5,BILL_AMT6,PAY_AMT1,PAY_AMT2,PAY_AMT3,PAY_AMT4,PAY_AMT5,PAY_AMT6
0.025316455696202535,1.0,0.16666666666666666,0.6666666666666666,0.05555555555555558,0.2,0.2222222222222222,0.2,0.2,0.2,0.2,0.05784097812283673,0.0715098029125714,0.11504871756357712,0.11266577971149985,0.17360777508717234,0.4275633611865934,0.00275256507444898,0.0013821407208320228,0.004481205220801202,0.00259220189678187,0.0023578159666658937,0.002302354399008674
