LIMIT_BAL,SEX,EDUCATION,MARRIAGE,AGE,PAY_0,PAY_2,PAY_3,PAY_4,PAY_5,PAY_6,BILL_AMT1,BILL_AMT2,BILL_AMT3,BILL_AMT4,BILL_AMT5,BILL_AMT6,PAY_AMT1,PAY_AMT2,PAY_AMT3,PAY_AMT4,PAY_AMT5,PAY_AMT6
0.012658227848101266,0.0,0.5,0.6666666666666666,0.6666666666666667,0.1,0.1111111111111111,0.0,0.1,0.1,0.1,0.024296099093173765,0.04262079967066331,0.0751305214751774,0.10428615091422304,0.1335346385492953,0.39903046750589694,0.0,0.0,0.05253917440693023,0.0009748878878928923,0.0023964686874309083,0.0
