LIMIT_BAL,SEX,EDUCATION,MARRIAGE,AGE,PAY_0,PAY_2,PAY_3,PAY_4,PAY_5,PAY_6,BILL_AMT1,BILL_AMT2,BILL_AMT3,BILL_AMT4,BILL_AMT5,BILL_AMT6,PAY_AMT1,PAY_AMT2,PAY_AMT3,PAY_AMT4,PAY_AMT5,PAY_AMT6
0.012658227848101266,1.0,0.5,0.3333333333333333,0.2222222222222222,0.2,0.2222222222222222,0.2,0.2,0.2,0.2,0.028595557383405253,0.04745407296866156,0.08293787623444512,0.08153095653320389,0.1385901445410666,0.4016341672906406,0.0024809570332294194,0.0009754849309174123,0.0007070053984724478,0.0006724226713927898,0.0006725573413112549,0.0005625774473358117
