LIMIT_BAL,SEX,EDUCATION,MARRIAGE,AGE,PAY_0,PAY_2,PAY_3,PAY_4,PAY_5,PAY_6,BILL_AMT1,BILL_AMT2,BILL_AMT3,BILL_AMT4,BILL_AMT5,BILL_AMT6,PAY_AMT1,PAY_AMT2,PAY_AMT3,PAY_AMT4,PAY_AMT5,PAY_AMT6
0.08860759493670886,0.0,0.16666666666666666,0.6666666666666666,0.2222222222222222,0.2,0.2222222222222222,0.2,0.2,0.2,0.4,0.14330428831329065,0.1457160500180106,0.19201471017877686,0.17761576862456027,0.2567213393332745,0.48447447331324894,0.024396077493422624,0.008157564042174851,0.007884818570324697,0.02349729781075176,0.0,0.01982651796778191
