LIMIT_BAL,SEX,EDUCATION,MARRIAGE,AGE,PAY_0,PAY_2,PAY_3,PAY_4,PAY_5,PAY_6,BILL_AMT1,BILL_AMT2,BILL_AMT3,BILL_AMT4,BILL_AMT5,BILL_AMT6,PAY_AMT1,PAY_AMT2,PAY_AMT3,PAY_AMT4,PAY_AMT5,PAY_AMT6
0.15189873417721517,0.0,0.3333333333333333,0.6666666666666666,0.07407407407407407,0.2,0.2222222222222222,0.4,0.4,0.4,0.2,0.20071830307178165,0.19655354294241756,0.25008129222450187,0.15021155079316564,0.2093868360767705,0.45174191265302005,0.025176443880508676,0.0,0.018397909997424293,0.0,0.005153696102001953,0.00451548946716233
