LIMIT_BAL,SEX,EDUCATION,MARRIAGE,AGE,PAY_0,PAY_2,PAY_3,PAY_4,PAY_5,PAY_6,BILL_AMT1,BILL_AMT2,BILL_AMT3,BILL_AMT4,BILL_AMT5,BILL_AMT6,PAY_AMT1,PAY_AMT2,PAY_AMT3,PAY_AMT4,PAY_AMT5,PAY_AMT6
0.12658227848101264,1.0,0.3333333333333333,0.3333333333333333,0.37037037037037035,0.2,0.2222222222222222,0.2,0.2,0.2,0.2,0.187488717650069,0.17944347244378123,0.1516789113939512,0.1460479555084111,0.21612369813367843,0.45598845091580625,0.009121165563343454,0.0016298829255094608,0.005256545713549798,0.01249856266529349,0.005212963607174975,0.0019975216852540275
