LIMIT_BAL,SEX,EDUCATION,MARRIAGE,AGE,PAY_0,PAY_2,PAY_3,PAY_4,PAY_5,PAY_6,BILL_AMT1,BILL_AMT2,BILL_AMT3,BILL_AMT4,BILL_AMT5,BILL_AMT6,PAY_AMT1,PAY_AMT2,PAY_AMT3,PAY_AMT4,PAY_AMT5,PAY_AMT6
0.08860759493670886,0.0,0.3333333333333333,0.6666666666666666,0.16666666666666674,0.4,0.4444444444444444,0.4,0.4,0.4,0.4,0.1387960574956401,0.13892476714866464,0.20060610162105774,0.1906264420512636,0.2594631425182106,0.4862075390115549,0.006688854746451867,0.002118847803162299,0.007884818570324697,0.0074991375991760945,0.004071419920581543,0.014374225526641884
