LIMIT_BAL,SEX,EDUCATION,MARRIAGE,AGE,PAY_0,PAY_2,PAY_3,PAY_4,PAY_5,PAY_6,BILL_AMT1,BILL_AMT2,BILL_AMT3,BILL_AMT4,BILL_AMT5,BILL_AMT6,PAY_AMT1,PAY_AMT2,PAY_AMT3,PAY_AMT4,PAY_AMT5,PAY_AMT6
0.0759493670886076,0.0,0.5,0.3333333333333333,0.4814814814814815,0.2,0.2222222222222222,0.2,0.2,0.2,0.2,0.13025208105397162,0.12334559769464315,0.17356261316950544,0.11480076469918435,0.17899170923160884,0.4193796351304955,0.005533507108428362,0.0020292042422592788,0.002628272856774899,0.014363348214955279,0.005153696102001953,0.0003543990086741016
