LIMIT_BAL,SEX,EDUCATION,MARRIAGE,AGE,PAY_0,PAY_2,PAY_3,PAY_4,PAY_5,PAY_6,BILL_AMT1,BILL_AMT2,BILL_AMT3,BILL_AMT4,BILL_AMT5,BILL_AMT6,PAY_AMT1,PAY_AMT2,PAY_AMT3,PAY_AMT4,PAY_AMT5,PAY_AMT6
0.0759493670886076,0.0,0.5,0.3333333333333333,0.33333333333333337,0.2,0.2222222222222222,0.2,0.2,0.2,0.2,0.11611676820127555,0.11474682241547884,0.16751810299435987,0.135187249420183,0.1990356303696369,0.44867301538198334,0.013888494764450966,0.001638032340137008,0.003942409285162349,0.0037495687995880472,0.009018968178503417,0.004956629491945477
