LIMIT_BAL,SEX,EDUCATION,MARRIAGE,AGE,PAY_0,PAY_2,PAY_3,PAY_4,PAY_5,PAY_6,BILL_AMT1,BILL_AMT2,BILL_AMT3,BILL_AMT4,BILL_AMT5,BILL_AMT6,PAY_AMT1,PAY_AMT2,PAY_AMT3,PAY_AMT4,PAY_AMT5,PAY_AMT6
0.12658227848101264,0.0,0.3333333333333333,0.3333333333333333,0.38888888888888884,0.0,0.0,0.0,0.0,0.0,0.1,0.18183930166374437,0.15894483610353524,0.2045824055565918,0.17209027765292484,0.24032444126364777,0.46557011299494605,0.007455032653772716,0.0015875059694462148,0.003377330620955745,0.0037495687995880472,0.15612864656209818,0.004014869888475836
