LIMIT_BAL,SEX,EDUCATION,MARRIAGE,AGE,PAY_0,PAY_2,PAY_3,PAY_4,PAY_5,PAY_6,BILL_AMT1,BILL_AMT2,BILL_AMT3,BILL_AMT4,BILL_AMT5,BILL_AMT6,PAY_AMT1,PAY_AMT2,PAY_AMT3,PAY_AMT4,PAY_AMT5,PAY_AMT6
0.025316455696202535,0.0,0.3333333333333333,0.3333333333333333,0.18518518518518523,0.2,0.2222222222222222,0.2,0.1,0.1,0.0,0.044851559593568555,0.05217413677764628,0.0761373896365206,0.07931057214601199,0.13289738989487032,0.3979407101702482,0.0033079427109725594,0.0006356543409486897,0.006097593027717766,0.0,0.0,0.0
