LIMIT_BAL,SEX,EDUCATION,MARRIAGE,AGE,PAY_0,PAY_2,PAY_3,PAY_4,PAY_5,PAY_6,BILL_AMT1,BILL_AMT2,BILL_AMT3,BILL_AMT4,BILL_AMT5,BILL_AMT6,PAY_AMT1,PAY_AMT2,PAY_AMT3,PAY_AMT4,PAY_AMT5,PAY_AMT6
0.2531645569620253,0.0,0.5,0.6666666666666666,0.8333333333333333,0.2,0.2222222222222222,0.2,0.2,0.2,0.2,0.3527219699336166,0.21890469819379407,0.30624968019556353,0.2840758586385238,0.3631010153495227,0.5663504026829123,0.013195286181636864,0.005256372434768011,0.013412076388122309,0.01374841893182284,0.013675332606662182,0.012418835192069393
