LIMIT_BAL,SEX,EDUCATION,MARRIAGE,AGE,PAY_0,PAY_2,PAY_3,PAY_4,PAY_5,PAY_6,BILL_AMT1,BILL_AMT2,BILL_AMT3,BILL_AMT4,BILL_AMT5,BILL_AMT6,PAY_AMT1,PAY_AMT2,PAY_AMT3,PAY_AMT4,PAY_AMT5,PAY_AMT6
0.24050632911392406,1.0,0.16666666666666666,0.3333333333333333,0.3148148148148149,0.0,0.0,0.0,0.0,0.0,0.0,0.0328589121538575,0.058502289919209596,0.09809041676088863,0.08100357778536883,0.15557690610876365,0.4039718725429194,0.024576473879008753,0.010933254664317462,0.0090675413558734,0.03469600995885473,0.013263036918502027,0.0026022304832713757
