LIMIT_BAL,SEX,EDUCATION,MARRIAGE,AGE,PAY_0,PAY_2,PAY_3,PAY_4,PAY_5,PAY_6,BILL_AMT1,BILL_AMT2,BILL_AMT3,BILL_AMT4,BILL_AMT5,BILL_AMT6,PAY_AMT1,PAY_AMT2,PAY_AMT3,PAY_AMT4,PAY_AMT5,PAY_AMT6
0.06329113924050633,0.0,0.3333333333333333,0.3333333333333333,0.33333333333333337,0.1,0.2222222222222222,0.2,0.2,0.2,0.2,0.046138728559610834,0.06165414501106366,0.10654645871262827,0.09546004806338133,0.15665042499583337,0.41777663724321856,0.00405385136148598,0.0040747073137736515,0.010513091427099596,0.004999425066117396,0.012884240255004883,0.004956629491945477
