LIMIT_BAL,SEX,EDUCATION,MARRIAGE,AGE,PAY_0,PAY_2,PAY_3,PAY_4,PAY_5,PAY_6,BILL_AMT1,BILL_AMT2,BILL_AMT3,BILL_AMT4,BILL_AMT5,BILL_AMT6,PAY_AMT1,PAY_AMT2,PAY_AMT3,PAY_AMT4,PAY_AMT5,PAY_AMT6
0.13924050632911392,0.0,0.16666666666666666,0.6666666666666666,0.3148148148148149,0.30000000000000004,0.0,0.0,0.0,0.0,0.0,0.023583447007096695,0.042119075798898786,0.07459242472009892,0.07394389409275873,0.1303026440917246,0.3956979192665581,0.0,0.0,0.0,0.0,0.0,0.0
