LIMIT_BAL,SEX,EDUCATION,MARRIAGE,AGE,PAY_0,PAY_2,PAY_3,PAY_4,PAY_5,PAY_6,BILL_AMT1,BILL_AMT2,BILL_AMT3,BILL_AMT4,BILL_AMT5,BILL_AMT6,PAY_AMT1,PAY_AMT2,PAY_AMT3,PAY_AMT4,PAY_AMT5,PAY_AMT6
0.24050632911392406,1.0,0.3333333333333333,0.6666666666666666,0.09259259259259262,0.0,0.0,0.0,0.0,0.0,0.0,0.11530365414711713,0.04479236350537746,0.0799684404602543,0.5660481952260238,0.14381231556553367,0.40258448255860957,0.002975526899330709,0.0018914791350537292,0.42997755454980313,0.016698079720832103,0.01021204882611687,0.006230483271375465
