LIMIT_BAL,SEX,EDUCATION,MARRIAGE,AGE,PAY_0,PAY_2,PAY_3,PAY_4,PAY_5,PAY_6,BILL_AMT1,BILL_AMT2,BILL_AMT3,BILL_AMT4,BILL_AMT5,BILL_AMT6,PAY_AMT1,PAY_AMT2,PAY_AMT3,PAY_AMT4,PAY_AMT5,PAY_AMT6
0.13924050632911392,0.0,0.3333333333333333,0.3333333333333333,0.09259259259259262,0.2,0.2222222222222222,0.2,0.2,0.2,0.2,0.049251479851881386,0.061911439304276235,0.08931250711822779,0.085257067174868,0.14485642297624535,0.4060939698922312,0.0022985337219625502,0.0009477769211837515,0.002628272856774899,0.004999425066117396,0.0025768480510009765,0.0024783147459727386
