LIMIT_BAL,SEX,EDUCATION,MARRIAGE,AGE,PAY_0,PAY_2,PAY_3,PAY_4,PAY_5,PAY_6,BILL_AMT1,BILL_AMT2,BILL_AMT3,BILL_AMT4,BILL_AMT5,BILL_AMT6,PAY_AMT1,PAY_AMT2,PAY_AMT3,PAY_AMT4,PAY_AMT5,PAY_AMT6
0.18987341772151897,0.0,0.16666666666666666,0.3333333333333333,0.35185185185185186,0.30000000000000004,0.1111111111111111,0.1,0.1,0.1,0.1,0.024029246990457682,0.0436332527144548,0.08278437010492887,0.08047919550769193,0.13636631013421438,0.4036812705867464,0.0011492668609812751,0.0033078473973214505,0.008147645856002186,0.005306889707683616,0.012623978601853785,0.007843866171003718
