LIMIT_BAL,SEX,EDUCATION,MARRIAGE,AGE,PAY_0,PAY_2,PAY_3,PAY_4,PAY_5,PAY_6,BILL_AMT1,BILL_AMT2,BILL_AMT3,BILL_AMT4,BILL_AMT5,BILL_AMT6,PAY_AMT1,PAY_AMT2,PAY_AMT3,PAY_AMT4,PAY_AMT5,PAY_AMT6
0.012658227848101266,1.0,0.3333333333333333,0.3333333333333333,0.11111111111111116,0.1,0.1111111111111111,0.4,0.2,0.2,0.2,0.024329063176450456,0.06913626305768539,0.10798083319165654,0.10511767138311069,0.16385296876174418,0.4207834300639441,0.040943898751008394,0.0,0.0034430374423751174,0.0016948050974137973,0.002200628235554834,0.0019008674101610905
