LIMIT_BAL,SEX,EDUCATION,MARRIAGE,AGE,PAY_0,PAY_2,PAY_3,PAY_4,PAY_5,PAY_6,BILL_AMT1,BILL_AMT2,BILL_AMT3,BILL_AMT4,BILL_AMT5,BILL_AMT6,PAY_AMT1,PAY_AMT2,PAY_AMT3,PAY_AMT4,PAY_AMT5,PAY_AMT6
0.0759493670886076,1.0,0.16666666666666666,0.6666666666666666,0.16666666666666674,0.2,0.2222222222222222,0.2,0.2,0.2,0.4,0.04317353078295977,0.06000231564863892,0.100175129035932,0.09774635479405261,0.158369362391872,0.41573890820376347,0.0026350033849658868,0.0012224121941320956,0.0015769637140649394,0.002999655039670438,0.0,0.001486988847583643
