LIMIT_BAL,SEX,EDUCATION,MARRIAGE,AGE,PAY_0,PAY_2,PAY_3,PAY_4,PAY_5,PAY_6,BILL_AMT1,BILL_AMT2,BILL_AMT3,BILL_AMT4,BILL_AMT5,BILL_AMT6,PAY_AMT1,PAY_AMT2,PAY_AMT3,PAY_AMT4,PAY_AMT5,PAY_AMT6
0.1139240506329114,0.0,0.16666666666666666,0.6666666666666666,0.18518518518518523,0.1,0.1111111111111111,0.1,0.1,0.1,0.1,0.029909411559719143,0.05830674625636804,0.09782466959043574,0.08657701227953471,0.13352810266566015,0.39983548179577943,0.024479181446333088,0.010765376722989987,0.018902538385925073,0.0009648890377606575,0.004177070690672583,0.010820322180916976
