LIMIT_BAL,SEX,EDUCATION,MARRIAGE,AGE,PAY_0,PAY_2,PAY_3,PAY_4,PAY_5,PAY_6,BILL_AMT1,BILL_AMT2,BILL_AMT3,BILL_AMT4,BILL_AMT5,BILL_AMT6,PAY_AMT1,PAY_AMT2,PAY_AMT3,PAY_AMT4,PAY_AMT5,PAY_AMT6
0.20253164556962022,0.0,0.5,0.6666666666666666,0.16666666666666674,0.2,0.1111111111111111,0.2,0.2,0.2,0.2,0.04034175905766674,0.259144239180775,0.3550151112754379,0.3175763950066821,0.33910125064133356,0.5441158376894332,0.3407180992301736,0.0052229598347950665,0.019278381404443882,0.011118721347045089,0.011644776342473413,0.012399008674101611
