LIMIT_BAL,SEX,EDUCATION,MARRIAGE,AGE,PAY_0,PAY_2,PAY_3,PAY_4,PAY_5,PAY_6,BILL_AMT1,BILL_AMT2,BILL_AMT3,BILL_AMT4,BILL_AMT5,BILL_AMT6,PAY_AMT1,PAY_AMT2,PAY_AMT3,PAY_AMT4,PAY_AMT5,PAY_AMT6
0.4936708860759494,1.0,0.5,0.3333333333333333,0.537037037037037,0.4,0.1111111111111111,0.1,0.1,0.1,0.0,0.032698800892227854,0.05323804868008028,0.0761373896365206,0.07665869605604597,0.13289738989487032,0.3979407101702482,0.01629040169613141,0.0,0.0014455500712261943,0.0,0.0,0.0
