LIMIT_BAL,SEX,EDUCATION,MARRIAGE,AGE,PAY_0,PAY_2,PAY_3,PAY_4,PAY_5,PAY_6,BILL_AMT1,BILL_AMT2,BILL_AMT3,BILL_AMT4,BILL_AMT5,BILL_AMT6,PAY_AMT1,PAY_AMT2,PAY_AMT3,PAY_AMT4,PAY_AMT5,PAY_AMT6
0.15189873417721517,1.0,0.5,0.3333333333333333,0.38888888888888884,0.1,0.1111111111111111,0.1,0.2,0.2,0.0,0.028033598249450203,0.04290382339319714,0.1749953370449905,0.16572877150716456,0.13289738989487032,0.3979407101702482,0.0,0.04880847408730631,0.0031539274281298787,0.0,0.0,0.0
