LIMIT_BAL,SEX,EDUCATION,MARRIAGE,AGE,PAY_0,PAY_2,PAY_3,PAY_4,PAY_5,PAY_6,BILL_AMT1,BILL_AMT2,BILL_AMT3,BILL_AMT4,BILL_AMT5,BILL_AMT6,PAY_AMT1,PAY_AMT2,PAY_AMT3,PAY_AMT4,PAY_AMT5,PAY_AMT6
0.06329113924050633,1.0,0.3333333333333333,0.3333333333333333,0.05555555555555558,0.4,0.2222222222222222,0.2,0.2,0.4,0.2,0.12046331803904517,0.11926619667575775,0.17151091296532578,0.169188196304753,0.23164642176710687,0.4629371186581689,0.005776738190117521,0.0017358253156675757,0.018529323640263037,0.0,0.008220145282693115,0.005204460966542751
