LIMIT_BAL,SEX,EDUCATION,MARRIAGE,AGE,PAY_0,PAY_2,PAY_3,PAY_4,PAY_5,PAY_6,BILL_AMT1,BILL_AMT2,BILL_AMT3,BILL_AMT4,BILL_AMT5,BILL_AMT6,PAY_AMT1,PAY_AMT2,PAY_AMT3,PAY_AMT4,PAY_AMT5,PAY_AMT6
0.05063291139240507,1.0,0.8333333333333333,0.3333333333333333,0.2222222222222222,0.30000000000000004,0.4444444444444444,0.2,0.1,0.4,0.2,0.06540388065746079,0.07492409818350229,0.11812874377516139,0.11507494171865543,0.17406201899981374,0.4281047245081737,8.107702722971959e-06,0.001568762315802856,0.07436172393673221,0.0,0.0028345328561010744,0.0050309789343246595
