LIMIT_BAL,SEX,EDUCATION,MARRIAGE,AGE,PAY_0,PAY_2,PAY_3,PAY_4,PAY_5,PAY_6,BILL_AMT1,BILL_AMT2,BILL_AMT3,BILL_AMT4,BILL_AMT5,BILL_AMT6,PAY_AMT1,PAY_AMT2,PAY_AMT3,PAY_AMT4,PAY_AMT5,PAY_AMT6
0.20253164556962022,1.0,0.16666666666666666,0.3333333333333333,0.16666666666666674,0.0,0.0,0.0,0.1,0.1,0.1,0.03231735935716898,0.04936191015283281,0.07778139076553342,0.12900702971899103,0.14270121534756197,0.404209744305432,0.010175166917329809,0.0008116816969037115,0.09327740368694117,0.014998275198352189,0.013786137072855224,0.030978934324659233
