LIMIT_BAL,SEX,EDUCATION,MARRIAGE,AGE,PAY_0,PAY_2,PAY_3,PAY_4,PAY_5,PAY_6,BILL_AMT1,BILL_AMT2,BILL_AMT3,BILL_AMT4,BILL_AMT5,BILL_AMT6,PAY_AMT1,PAY_AMT2,PAY_AMT3,PAY_AMT4,PAY_AMT5,PAY_AMT6
0.025316455696202535,1.0,0.16666666666666666,0.6666666666666666,0.03703703703703709,0.4,0.2222222222222222,0.2,0.2,0.2,0.2,0.06384672015219989,0.07706478670303094,0.1214216978438166,0.11818977244805619,0.17968124495511484,0.4333203265522304,0.00405385136148598,0.0016298829255094608,0.005256545713549798,0.0037495687995880472,0.006184435322402344,0.0027261462205700124
