LIMIT_BAL,SEX,EDUCATION,MARRIAGE,AGE,PAY_0,PAY_2,PAY_3,PAY_4,PAY_5,PAY_6,BILL_AMT1,BILL_AMT2,BILL_AMT3,BILL_AMT4,BILL_AMT5,BILL_AMT6,PAY_AMT1,PAY_AMT2,PAY_AMT3,PAY_AMT4,PAY_AMT5,PAY_AMT6
0.4177215189873417,0.0,0.16666666666666666,0.6666666666666666,0.18518518518518523,0.2,0.2222222222222222,0.2,0.2,0.2,0.2,0.15791365607787058,0.12843616528585397,0.17999006336667003,0.15572355764908935,0.21489005009754808,0.46473228880678596,0.03494622566168989,0.013039063404075686,0.035013850997955204,0.025009623893252276,0.023400357151139868,0.022503097893432467
