LIMIT_BAL,SEX,EDUCATION,MARRIAGE,AGE,PAY_0,PAY_2,PAY_3,PAY_4,PAY_5,PAY_6,BILL_AMT1,BILL_AMT2,BILL_AMT3,BILL_AMT4,BILL_AMT5,BILL_AMT6,PAY_AMT1,PAY_AMT2,PAY_AMT3,PAY_AMT4,PAY_AMT5,PAY_AMT6
0.12658227848101264,1.0,0.5,0.3333333333333333,0.35185185185185186,0.2,0.2222222222222222,0.2,0.2,0.2,0.2,0.08937504807262144,0.09774095610559358,0.15151385103963266,0.20277263383733962,0.2141988804031333,0.4520723551999587,0.0034214505490941668,0.0030381017731496347,0.004536398950793476,0.0040195377531583865,0.005589183422621118,0.00420817843866171
