LIMIT_BAL,SEX,EDUCATION,MARRIAGE,AGE,PAY_0,PAY_2,PAY_3,PAY_4,PAY_5,PAY_6,BILL_AMT1,BILL_AMT2,BILL_AMT3,BILL_AMT4,BILL_AMT5,BILL_AMT6,PAY_AMT1,PAY_AMT2,PAY_AMT3,PAY_AMT4,PAY_AMT5,PAY_AMT6
0.24050632911392406,0.0,0.16666666666666666,0.6666666666666666,0.35185185185185186,0.2,0.2222222222222222,0.2,0.2,0.2,0.1,0.327060215961837,0.2923840889209077,0.40334148181282486,0.37600606485560006,0.4603288203056833,0.4213283087317685,0.012992593613562564,0.0051683587567905,0.01053148933709702,0.010018847832499261,0.05143131024992849,0.0024783147459727386
