LIMIT_BAL,SEX,EDUCATION,MARRIAGE,AGE,PAY_0,PAY_2,PAY_3,PAY_4,PAY_5,PAY_6,BILL_AMT1,BILL_AMT2,BILL_AMT3,BILL_AMT4,BILL_AMT5,BILL_AMT6,PAY_AMT1,PAY_AMT2,PAY_AMT3,PAY_AMT4,PAY_AMT5,PAY_AMT6
0.3924050632911392,1.0,0.3333333333333333,0.6666666666666666,0.12962962962962965,0.30000000000000004,0.4444444444444444,0.4,0.2,0.2,0.2,0.061066749129198794,0.07365821026089642,0.11250843871061454,0.10881831202843051,0.1674771162374225,0.42817971856137965,0.00405385136148598,0.0,0.005274943623547222,0.002499712533058698,0.012884240255004883,0.004956629491945477
