LIMIT_BAL,SEX,EDUCATION,MARRIAGE,AGE,PAY_0,PAY_2,PAY_3,PAY_4,PAY_5,PAY_6,BILL_AMT1,BILL_AMT2,BILL_AMT3,BILL_AMT4,BILL_AMT5,BILL_AMT6,PAY_AMT1,PAY_AMT2,PAY_AMT3,PAY_AMT4,PAY_AMT5,PAY_AMT6
0.20253164556962022,0.0,0.6666666666666666,0.3333333333333333,0.35185185185185186,0.2,0.2222222222222222,0.2,0.2,0.2,0.2,0.29347138482113844,0.26397236659290896,0.358413703970857,0.327750909428693,0.4103799635951282,0.600675415191686,0.012939893545863246,0.006144658629170667,0.019817177340082738,0.015750688670802857,0.016793318748373365,0.014956629491945478
