LIMIT_BAL,SEX,EDUCATION,MARRIAGE,AGE,PAY_0,PAY_2,PAY_3,PAY_4,PAY_5,PAY_6,BILL_AMT1,BILL_AMT2,BILL_AMT3,BILL_AMT4,BILL_AMT5,BILL_AMT6,PAY_AMT1,PAY_AMT2,PAY_AMT3,PAY_AMT4,PAY_AMT5,PAY_AMT6
0.05063291139240507,0.0,0.5,0.3333333333333333,0.2222222222222222,0.2,0.2222222222222222,0.2,0.2,0.2,0.2,0.1038635475318535,0.10782174651366233,0.15974706151304224,0.1058682871577282,0.16568628412139752,0.4210283325189447,0.0040680398412511806,0.001792056276597652,0.0018161365440314552,0.0017672967608724996,0.0018115241798536865,0.0017273853779429988
