LIMIT_BAL,SEX,EDUCATION,MARRIAGE,AGE,PAY_0,PAY_2,PAY_3,PAY_4,PAY_5,PAY_6,BILL_AMT1,BILL_AMT2,BILL_AMT3,BILL_AMT4,BILL_AMT5,BILL_AMT6,PAY_AMT1,PAY_AMT2,PAY_AMT3,PAY_AMT4,PAY_AMT5,PAY_AMT6
0.05063291139240507,1.0,0.3333333333333333,0.3333333333333333,0.2407407407407407,0.2,0.2222222222222222,0.4,0.2,0.2,0.2,0.04187223435265604,0.057031853033499724,0.09304452172937035,0.09205455972863966,0.15201321555671024,0.4098296111675519,0.006080777042228969,0.0008149414627547304,0.002628272856774899,0.002499712533058698,0.005153696102001953,0.004956629491945477
