LIMIT_BAL,SEX,EDUCATION,MARRIAGE,AGE,PAY_0,PAY_2,PAY_3,PAY_4,PAY_5,PAY_6,BILL_AMT1,BILL_AMT2,BILL_AMT3,BILL_AMT4,BILL_AMT5,BILL_AMT6,PAY_AMT1,PAY_AMT2,PAY_AMT3,PAY_AMT4,PAY_AMT5,PAY_AMT6
0.3164556962025316,1.0,0.3333333333333333,0.3333333333333333,0.3148148148148149,0.2,0.2222222222222222,0.2,0.2,0.2,0.2,0.3240965879034372,0.2931508259146812,0.39031161744291804,0.35553717720525224,0.42339290791266754,0.5922092896539844,0.016939017913969165,0.005867578531834059,0.017083773569036842,0.014998275198352189,0.015461088306005859,0.015861214374225528
