LIMIT_BAL,SEX,EDUCATION,MARRIAGE,AGE,PAY_0,PAY_2,PAY_3,PAY_4,PAY_5,PAY_6,BILL_AMT1,BILL_AMT2,BILL_AMT3,BILL_AMT4,BILL_AMT5,BILL_AMT6,PAY_AMT1,PAY_AMT2,PAY_AMT3,PAY_AMT4,PAY_AMT5,PAY_AMT6
0.05063291139240507,1.0,0.3333333333333333,0.6666666666666666,0.2407407407407407,0.2,0.2222222222222222,0.2,0.2,0.2,0.2,0.07374693316296657,0.07837441465548295,0.12404120566685209,0.11983483456488256,0.16056051738054855,0.4181937916641766,0.0029370153113965924,0.001547573837771233,0.0032721997066847493,0.00143983441904181,0.001535801438396582,0.001432465923172243
