LIMIT_BAL,SEX,EDUCATION,MARRIAGE,AGE,PAY_0,PAY_2,PAY_3,PAY_4,PAY_5,PAY_6,BILL_AMT1,BILL_AMT2,BILL_AMT3,BILL_AMT4,BILL_AMT5,BILL_AMT6,PAY_AMT1,PAY_AMT2,PAY_AMT3,PAY_AMT4,PAY_AMT5,PAY_AMT6
0.06329113924050633,0.0,0.16666666666666666,0.6666666666666666,0.11111111111111116,0.2,0.2222222222222222,0.2,0.2,0.4,0.4,0.08535499963111622,0.09450033448258119,0.14403826759254523,0.14122363855378364,0.20560582739384908,0.4511595369585927,0.00399304359106369,0.0016298829255094608,0.009198954998712146,0.004249511306199787,0.004638326491801758,0.0
