LIMIT_BAL,SEX,EDUCATION,MARRIAGE,AGE,PAY_0,PAY_2,PAY_3,PAY_4,PAY_5,PAY_6,BILL_AMT1,BILL_AMT2,BILL_AMT3,BILL_AMT4,BILL_AMT5,BILL_AMT6,PAY_AMT1,PAY_AMT2,PAY_AMT3,PAY_AMT4,PAY_AMT5,PAY_AMT6
0.06329113924050633,1.0,0.3333333333333333,0.3333333333333333,0.07407407407407407,0.2,0.2222222222222222,0.4,0.2,0.2,0.2,0.07855027101185608,0.09109504451191273,0.13648015396829852,0.13268519683812469,0.19626604967925151,0.44432218851395766,0.007296932450674763,0.0,0.005256545713549798,0.003999540052893917,0.004122956881601562,0.00332094175960347
