LIMIT_BAL,SEX,EDUCATION,MARRIAGE,AGE,PAY_0,PAY_2,PAY_3,PAY_4,PAY_5,PAY_6,BILL_AMT1,BILL_AMT2,BILL_AMT3,BILL_AMT4,BILL_AMT5,BILL_AMT6,PAY_AMT1,PAY_AMT2,PAY_AMT3,PAY_AMT4,PAY_AMT5,PAY_AMT6
0.34177215189873417,0.0,0.16666666666666666,0.6666666666666666,0.2962962962962963,0.1,0.1111111111111111,0.1,0.1,0.1,0.1,0.02668991942636216,0.05040009262594556,0.09295703974158151,0.07936301037377969,0.1387992928173907,0.39862737446991503,0.013466894222856424,0.00831240292009825,0.006189582577704886,0.009028961669408017,0.010946450520652148,0.0
