LIMIT_BAL,SEX,EDUCATION,MARRIAGE,AGE,PAY_0,PAY_2,PAY_3,PAY_4,PAY_5,PAY_6,BILL_AMT1,BILL_AMT2,BILL_AMT3,BILL_AMT4,BILL_AMT5,BILL_AMT6,PAY_AMT1,PAY_AMT2,PAY_AMT3,PAY_AMT4,PAY_AMT5,PAY_AMT6
0.2911392405063291,0.0,0.5,0.3333333333333333,0.35185185185185186,0.2,0.1111111111111111,0.1,0.1,0.1,0.2,0.03805624928381605,0.04502521484073484,0.0810875496625341,0.08008965438713196,0.13961954621359923,0.4048811754380414,0.003360642778671877,0.0024529738028917386,0.007464294913240713,0.010283817361003485,0.01010897490407683,0.009102850061957869
