LIMIT_BAL,SEX,EDUCATION,MARRIAGE,AGE,PAY_0,PAY_2,PAY_3,PAY_4,PAY_5,PAY_6,BILL_AMT1,BILL_AMT2,BILL_AMT3,BILL_AMT4,BILL_AMT5,BILL_AMT6,PAY_AMT1,PAY_AMT2,PAY_AMT3,PAY_AMT4,PAY_AMT5,PAY_AMT6
0.1139240506329114,1.0,0.5,0.3333333333333333,0.2777777777777778,0.2,0.2222222222222222,0.2,0.2,0.2,0.2,0.1849332163369997,0.17355014665774715,0.2442133966284772,0.22574057759958768,0.26512321774623127,0.49314683249726676,0.007763125357245651,0.0033412599972943947,0.011853510584054794,0.007964084130325013,0.007436783475188819,0.0074845105328376705
