LIMIT_BAL,SEX,EDUCATION,MARRIAGE,AGE,PAY_0,PAY_2,PAY_3,PAY_4,PAY_5,PAY_6,BILL_AMT1,BILL_AMT2,BILL_AMT3,BILL_AMT4,BILL_AMT5,BILL_AMT6,PAY_AMT1,PAY_AMT2,PAY_AMT3,PAY_AMT4,PAY_AMT5,PAY_AMT6
0.1139240506329114,1.0,0.5,0.3333333333333333,0.40740740740740744,0.2,0.2222222222222222,0.2,0.2,0.2,0.2,0.033006465669476986,0.051436988627592245,0.08185012849948585,0.0825332758011063,0.14034829723891598,0.4033965275409801,0.0021140834850149385,0.0008670977163710331,0.0028227650481762413,0.0004074531428885678,0.00043548732061916503,0.00041883519206939283
