LIMIT_BAL,SEX,EDUCATION,MARRIAGE,AGE,PAY_0,PAY_2,PAY_3,PAY_4,PAY_5,PAY_6,BILL_AMT1,BILL_AMT2,BILL_AMT3,BILL_AMT4,BILL_AMT5,BILL_AMT6,PAY_AMT1,PAY_AMT2,PAY_AMT3,PAY_AMT4,PAY_AMT5,PAY_AMT6
0.1139240506329114,1.0,0.5,0.3333333333333333,0.2777777777777778,0.1,0.1111111111111111,0.1,0.1,0.1,0.1,0.024776432878062714,0.04351618381104307,0.07692307692307693,0.07654782666019429,0.13367516004745053,0.39920037590769164,0.0009648166240336631,0.00038791213627125163,0.001251057879824852,0.0011898631657359404,0.0027701116548260497,0.002171003717472119
