LIMIT_BAL,SEX,EDUCATION,MARRIAGE,AGE,PAY_0,PAY_2,PAY_3,PAY_4,PAY_5,PAY_6,BILL_AMT1,BILL_AMT2,BILL_AMT3,BILL_AMT4,BILL_AMT5,BILL_AMT6,PAY_AMT1,PAY_AMT2,PAY_AMT3,PAY_AMT4,PAY_AMT5,PAY_AMT6
0.012658227848101266,0.0,0.3333333333333333,0.3333333333333333,0.4444444444444444,0.0,0.0,0.4,0.4,0.4,0.4,0.020820742884859595,0.04542659393814646,0.08106114000584315,0.08001474263317812,0.1387617114864887,0.40191070786183747,0.012092638611312677,0.000978744696768431,0.0,0.002499712533058698,0.0,0.0024783147459727386
