LIMIT_BAL,SEX,EDUCATION,MARRIAGE,AGE,PAY_0,PAY_2,PAY_3,PAY_4,PAY_5,PAY_6,BILL_AMT1,BILL_AMT2,BILL_AMT3,BILL_AMT4,BILL_AMT5,BILL_AMT6,PAY_AMT1,PAY_AMT2,PAY_AMT3,PAY_AMT4,PAY_AMT5,PAY_AMT6
0.5569620253164557,0.0,0.16666666666666666,0.3333333333333333,0.5,0.1,0.4444444444444444,0.1,0.1,0.1,0.1,0.03268467342796641,0.04484510883548603,0.0777038123990037,0.0766961519330229,0.13859831439561052,0.3979407101702482,0.0,0.0007733794481542391,0.001511256892645567,0.012321083075446323,0.0,0.0
