LIMIT_BAL,SEX,EDUCATION,MARRIAGE,AGE,PAY_0,PAY_2,PAY_3,PAY_4,PAY_5,PAY_6,BILL_AMT1,BILL_AMT2,BILL_AMT3,BILL_AMT4,BILL_AMT5,BILL_AMT6,PAY_AMT1,PAY_AMT2,PAY_AMT3,PAY_AMT4,PAY_AMT5,PAY_AMT6
0.5949367088607596,0.0,0.16666666666666666,0.3333333333333333,0.40740740740740744,0.2,0.2222222222222222,0.2,0.2,0.2,0.2,0.6164723093851885,0.5440783718417125,0.7375226751661745,0.6659774785302913,0.7027169668271226,0.7868903364303533,0.04053851361485979,0.016298829255094606,0.05257859849978185,0.037495687995880475,0.03865272076501465,0.029739776951672865
