LIMIT_BAL,SEX,EDUCATION,MARRIAGE,AGE,PAY_0,PAY_2,PAY_3,PAY_4,PAY_5,PAY_6,BILL_AMT1,BILL_AMT2,BILL_AMT3,BILL_AMT4,BILL_AMT5,BILL_AMT6,PAY_AMT1,PAY_AMT2,PAY_AMT3,PAY_AMT4,PAY_AMT5,PAY_AMT6
0.620253164556962,0.0,0.5,0.3333333333333333,0.5740740740740741,0.1,0.1111111111111111,0.1,0.1,0.1,0.1,0.07200140646755314,0.0920560386970617,0.10586145824220627,0.11952020519827643,0.15166191181132213,0.5190326704562098,0.07746707259231633,0.014675465861287184,0.07687172451495224,0.02870669872964609,0.2662914775904409,0.0706914498141264
