LIMIT_BAL,SEX,EDUCATION,MARRIAGE,AGE,PAY_0,PAY_2,PAY_3,PAY_4,PAY_5,PAY_6,BILL_AMT1,BILL_AMT2,BILL_AMT3,BILL_AMT4,BILL_AMT5,BILL_AMT6,PAY_AMT1,PAY_AMT2,PAY_AMT3,PAY_AMT4,PAY_AMT5,PAY_AMT6
0.3164556962025316,1.0,0.3333333333333333,0.6666666666666666,0.2222222222222222,0.4,0.4444444444444444,0.4,0.2,0.2,0.2,0.4292520135560868,0.38505506097874753,0.5034835987778932,0.27232819738348224,0.48286127913778626,0.5781080640871056,0.04152157257002015,2.200341949437772e-05,0.007658787104642056,0.39909910360308565,0.014409734301197462,0.014465923172242875
