LIMIT_BAL,SEX,EDUCATION,MARRIAGE,AGE,PAY_0,PAY_2,PAY_3,PAY_4,PAY_5,PAY_6,BILL_AMT1,BILL_AMT2,BILL_AMT3,BILL_AMT4,BILL_AMT5,BILL_AMT6,PAY_AMT1,PAY_AMT2,PAY_AMT3,PAY_AMT4,PAY_AMT5,PAY_AMT6
0.05063291139240507,1.0,0.3333333333333333,0.3333333333333333,0.537037037037037,0.2,0.2222222222222222,0.2,0.2,0.2,0.2,0.05849398091536551,0.0691980136880564,0.11029002754857314,0.10142602014826535,0.15942327362803632,0.4170759115585756,0.00405385136148598,0.001064313550357678,0.003169697065270528,0.002499712533058698,0.0017960630915476808,0.001318463444857497
