LIMIT_BAL,SEX,EDUCATION,MARRIAGE,AGE,PAY_0,PAY_2,PAY_3,PAY_4,PAY_5,PAY_6,BILL_AMT1,BILL_AMT2,BILL_AMT3,BILL_AMT4,BILL_AMT5,BILL_AMT6,PAY_AMT1,PAY_AMT2,PAY_AMT3,PAY_AMT4,PAY_AMT5,PAY_AMT6
0.3164556962025316,0.0,0.16666666666666666,0.3333333333333333,0.33333333333333337,0.2,0.2222222222222222,0.2,0.2,0.2,0.2,0.03343499875207399,0.051909123655637324,0.08938183246704158,0.08959595596387455,0.14823057290288005,0.4089859280689851,0.0022620490597091768,0.0009290332675403926,0.0034193829866641435,0.001249856266529349,0.0008787051853913331,0.0008500619578686494
