LIMIT_BAL,SEX,EDUCATION,MARRIAGE,AGE,PAY_0,PAY_2,PAY_3,PAY_4,PAY_5,PAY_6,BILL_AMT1,BILL_AMT2,BILL_AMT3,BILL_AMT4,BILL_AMT5,BILL_AMT6,PAY_AMT1,PAY_AMT2,PAY_AMT3,PAY_AMT4,PAY_AMT5,PAY_AMT6
0.12658227848101264,1.0,0.3333333333333333,0.6666666666666666,0.05555555555555558,0.1,0.1111111111111111,0.1,0.1,0.1,0.2,0.025886223681711368,0.04465599752997479,0.07836900562690749,0.07863187165519019,0.19333143792707916,0.44487409787427007,0.0027606727771719523,0.0011018008576443954,0.004906985423598736,0.09245436774770902,0.012884240255004883,0.007434944237918216
