LIMIT_BAL,SEX,EDUCATION,MARRIAGE,AGE,PAY_0,PAY_2,PAY_3,PAY_4,PAY_5,PAY_6,BILL_AMT1,BILL_AMT2,BILL_AMT3,BILL_AMT4,BILL_AMT5,BILL_AMT6,PAY_AMT1,PAY_AMT2,PAY_AMT3,PAY_AMT4,PAY_AMT5,PAY_AMT6
0.0,1.0,0.5,0.3333333333333333,0.462962962962963,0.2,0.2222222222222222,0.0,0.0,0.1,0.2,0.040354316803676904,0.04290382339319714,0.0761373896365206,0.07583466676255371,0.13594311166883985,0.39995617535015776,0.0,0.0,0.0,0.004659464161621414,0.00012884240255004882,0.003717472118959108
