LIMIT_BAL,SEX,EDUCATION,MARRIAGE,AGE,PAY_0,PAY_2,PAY_3,PAY_4,PAY_5,PAY_6,BILL_AMT1,BILL_AMT2,BILL_AMT3,BILL_AMT4,BILL_AMT5,BILL_AMT6,PAY_AMT1,PAY_AMT2,PAY_AMT3,PAY_AMT4,PAY_AMT5,PAY_AMT6
0.36708860759493667,0.0,0.16666666666666666,0.3333333333333333,0.3148148148148149,0.2,0.2222222222222222,0.2,0.2,0.2,0.1,0.16077996160469157,0.11518036329954201,0.17523797576583877,0.15375637499026146,0.18659294189926243,0.4023114573336567,0.003427531326136396,0.008184457110445758,0.0027991105924652674,0.0004099528554216265,0.009658026495151661,0.0028054522924411403
