LIMIT_BAL,SEX,EDUCATION,MARRIAGE,AGE,PAY_0,PAY_2,PAY_3,PAY_4,PAY_5,PAY_6,BILL_AMT1,BILL_AMT2,BILL_AMT3,BILL_AMT4,BILL_AMT5,BILL_AMT6,PAY_AMT1,PAY_AMT2,PAY_AMT3,PAY_AMT4,PAY_AMT5,PAY_AMT6
0.08860759493670886,1.0,0.3333333333333333,0.3333333333333333,0.16666666666666674,0.1,0.1111111111111111,0.1,0.0,0.1,0.1,0.08205859130344695,0.043405547264961666,0.0761373896365206,0.07583466676255371,0.16506700914696915,0.4047370462420362,0.000790501015489766,0.0,0.0,0.04921434035085965,0.014945718695805665,0.0
