LIMIT_BAL,SEX,EDUCATION,MARRIAGE,AGE,PAY_0,PAY_2,PAY_3,PAY_4,PAY_5,PAY_6,BILL_AMT1,BILL_AMT2,BILL_AMT3,BILL_AMT4,BILL_AMT5,BILL_AMT6,PAY_AMT1,PAY_AMT2,PAY_AMT3,PAY_AMT4,PAY_AMT5,PAY_AMT6
0.06329113924050633,0.0,0.5,0.6666666666666666,0.42592592592592593,0.2,0.2222222222222222,0.2,0.2,0.2,0.2,0.11459257177929133,0.11848273555292543,0.13904189066732253,0.13355417318398927,0.19555363836302259,0.4417841085257692,0.0056753919060803714,0.0015483887792339876,0.0034167547138073684,0.0034071081825590055,0.0038652720765014648,0.0036332094175960347
