LIMIT_BAL,SEX,EDUCATION,MARRIAGE,AGE,PAY_0,PAY_2,PAY_3,PAY_4,PAY_5,PAY_6,BILL_AMT1,BILL_AMT2,BILL_AMT3,BILL_AMT4,BILL_AMT5,BILL_AMT6,PAY_AMT1,PAY_AMT2,PAY_AMT3,PAY_AMT4,PAY_AMT5,PAY_AMT6
0.16455696202531644,1.0,0.5,0.3333333333333333,0.38888888888888884,0.2,0.2222222222222222,0.2,0.2,0.2,0.2,0.24126412550211362,0.21718983172953227,0.30054684495385736,0.2813071202123898,0.35707002872520854,0.5576546078572675,0.012769631788680836,0.005297119507905747,0.016466129447694742,0.01249856266529349,0.01289970134331089,0.012391573729863693
