LIMIT_BAL,SEX,EDUCATION,MARRIAGE,AGE,PAY_0,PAY_2,PAY_3,PAY_4,PAY_5,PAY_6,BILL_AMT1,BILL_AMT2,BILL_AMT3,BILL_AMT4,BILL_AMT5,BILL_AMT6,PAY_AMT1,PAY_AMT2,PAY_AMT3,PAY_AMT4,PAY_AMT5,PAY_AMT6
0.0,0.0,0.16666666666666666,0.6666666666666666,0.11111111111111116,0.2,0.2222222222222222,0.2,0.2,0.2,0.2,0.038010727454529186,0.051393248597746105,0.08890645864660414,0.0885576790540743,0.14619464515053776,0.4037879027561486,0.0030403885211144847,0.0011409180478566224,0.002628272856774899,0.0025222099458562263,0.0025768480510009765,0.003960346964064436
