LIMIT_BAL,SEX,EDUCATION,MARRIAGE,AGE,PAY_0,PAY_2,PAY_3,PAY_4,PAY_5,PAY_6,BILL_AMT1,BILL_AMT2,BILL_AMT3,BILL_AMT4,BILL_AMT5,BILL_AMT6,PAY_AMT1,PAY_AMT2,PAY_AMT3,PAY_AMT4,PAY_AMT5,PAY_AMT6
0.1772151898734177,0.0,0.5,0.3333333333333333,0.6851851851851851,0.0,0.0,0.0,0.0,0.1,0.4,0.024029246990457682,0.04290382339319714,0.0761373896365206,0.07583466676255371,0.14440544700542152,0.3997030704205877,0.0,0.0,0.0,0.01760547537033241,0.0,0.0075910780669144985
