LIMIT_BAL,SEX,EDUCATION,MARRIAGE,AGE,PAY_0,PAY_2,PAY_3,PAY_4,PAY_5,PAY_6,BILL_AMT1,BILL_AMT2,BILL_AMT3,BILL_AMT4,BILL_AMT5,BILL_AMT6,PAY_AMT1,PAY_AMT2,PAY_AMT3,PAY_AMT4,PAY_AMT5,PAY_AMT6
0.012658227848101266,0.0,0.16666666666666666,0.3333333333333333,0.6111111111111112,0.2,0.2222222222222222,0.2,0.2,0.2,0.2,0.040696515382454,0.05851515463387023,0.10399627623840658,0.10523603195435777,0.16563563102322526,0.4193948682975529,0.00405385136148598,0.0040747073137736515,0.007884818570324697,0.001722301935277443,0.0025768480510009765,0.004956629491945477
