LIMIT_BAL,SEX,EDUCATION,MARRIAGE,AGE,PAY_0,PAY_2,PAY_3,PAY_4,PAY_5,PAY_6,BILL_AMT1,BILL_AMT2,BILL_AMT3,BILL_AMT4,BILL_AMT5,BILL_AMT6,PAY_AMT1,PAY_AMT2,PAY_AMT3,PAY_AMT4,PAY_AMT5,PAY_AMT6
0.05063291139240507,0.0,0.5,0.6666666666666666,0.20370370370370372,0.2,0.2222222222222222,0.2,0.2,0.2,0.2,0.10213842717370658,0.10864894766634076,0.15621807113771152,0.10441799560118181,0.16430231076165921,0.42080686570557096,0.004436940315146405,0.0013039063404075685,0.004205236570839838,0.0017497987731410886,0.0018037936357006836,0.002123915737298637
