LIMIT_BAL,SEX,EDUCATION,MARRIAGE,AGE,PAY_0,PAY_2,PAY_3,PAY_4,PAY_5,PAY_6,BILL_AMT1,BILL_AMT2,BILL_AMT3,BILL_AMT4,BILL_AMT5,BILL_AMT6,PAY_AMT1,PAY_AMT2,PAY_AMT3,PAY_AMT4,PAY_AMT5,PAY_AMT6
0.05063291139240507,0.0,0.3333333333333333,0.6666666666666666,0.2777777777777778,0.4,0.4444444444444444,0.4,0.4,0.4,0.4,0.07567140773902492,0.08674162507075595,0.1331195251543727,0.126277245404913,0.19061414430577478,0.44081387296241736,0.00405385136148598,0.0010594239015811495,0.0,0.005499367572729136,0.005153696102001953,0.003717472118959108
