LIMIT_BAL,SEX,EDUCATION,MARRIAGE,AGE,PAY_0,PAY_2,PAY_3,PAY_4,PAY_5,PAY_6,BILL_AMT1,BILL_AMT2,BILL_AMT3,BILL_AMT4,BILL_AMT5,BILL_AMT6,PAY_AMT1,PAY_AMT2,PAY_AMT3,PAY_AMT4,PAY_AMT5,PAY_AMT6
0.12658227848101264,0.0,0.3333333333333333,0.3333333333333333,0.6111111111111112,0.4,0.4444444444444444,0.4,0.4,0.4,0.4,0.11325046267445456,0.1175693408120208,0.1731796731474864,0.16515944217711537,0.23227386659607913,0.4706720521771125,0.005472699338006072,0.0018743653643358798,0.0063078548562597574,0.005749338826035006,0.006184435322402344,0.0
