LIMIT_BAL,SEX,EDUCATION,MARRIAGE,AGE,PAY_0,PAY_2,PAY_3,PAY_4,PAY_5,PAY_6,BILL_AMT1,BILL_AMT2,BILL_AMT3,BILL_AMT4,BILL_AMT5,BILL_AMT6,PAY_AMT1,PAY_AMT2,PAY_AMT3,PAY_AMT4,PAY_AMT5,PAY_AMT6
0.24050632911392406,1.0,0.3333333333333333,0.3333333333333333,0.8888888888888888,0.2,0.2222222222222222,0.2,0.2,0.2,0.2,0.09603222317626209,0.10324834045180878,0.15528713073935485,0.14932609386143125,0.21449136119580528,0.4576746453308585,0.004256543929560278,0.0017113770717849337,0.005782200284904777,0.004999425066117396,0.005153696102001953,0.004983890954151178
