LIMIT_BAL,SEX,EDUCATION,MARRIAGE,AGE,PAY_0,PAY_2,PAY_3,PAY_4,PAY_5,PAY_6,BILL_AMT1,BILL_AMT2,BILL_AMT3,BILL_AMT4,BILL_AMT5,BILL_AMT6,PAY_AMT1,PAY_AMT2,PAY_AMT3,PAY_AMT4,PAY_AMT5,PAY_AMT6
0.24050632911392406,0.0,0.16666666666666666,0.3333333333333333,0.6666666666666667,0.0,0.0,0.0,0.1,0.4,0.4,0.2634411049560714,0.23426774044151702,0.31394974572452417,0.08808124029892786,0.14629268340506466,0.4072188806903202,0.0,0.0,0.02160965942840322,0.0007499137599176095,0.0,0.0024783147459727386
