LIMIT_BAL,SEX,EDUCATION,MARRIAGE,AGE,PAY_0,PAY_2,PAY_3,PAY_4,PAY_5,PAY_6,BILL_AMT1,BILL_AMT2,BILL_AMT3,BILL_AMT4,BILL_AMT5,BILL_AMT6,PAY_AMT1,PAY_AMT2,PAY_AMT3,PAY_AMT4,PAY_AMT5,PAY_AMT6
0.06329113924050633,1.0,0.3333333333333333,0.3333333333333333,0.37037037037037035,0.2,0.2222222222222222,0.2,0.2,0.2,0.2,0.07839172946847771,0.08877167704420316,0.13719486530249786,0.13231962747882994,0.19572683927935347,0.44393901577335854,0.0032430810891887836,0.0015606129011753087,0.0042709433922592105,0.0034396044454887685,0.003664277928523389,0.0035563816604708798
