LIMIT_BAL,SEX,EDUCATION,MARRIAGE,AGE,PAY_0,PAY_2,PAY_3,PAY_4,PAY_5,PAY_6,BILL_AMT1,BILL_AMT2,BILL_AMT3,BILL_AMT4,BILL_AMT5,BILL_AMT6,PAY_AMT1,PAY_AMT2,PAY_AMT3,PAY_AMT4,PAY_AMT5,PAY_AMT6
0.4177215189873417,1.0,0.5,0.3333333333333333,0.42592592592592593,0.5,0.5555555555555556,0.4,0.2,0.2,0.2,0.2761197192715879,0.24296042813770394,0.32311224599274724,0.30166813493704414,0.36193272614974364,0.5551973808326918,1.216155408445794e-05,6.519531702037843e-06,0.013448872208117158,0.01251856036555796,0.012938354064075903,0.014934324659231724
