LIMIT_BAL,SEX,EDUCATION,MARRIAGE,AGE,PAY_0,PAY_2,PAY_3,PAY_4,PAY_5,PAY_6,BILL_AMT1,BILL_AMT2,BILL_AMT3,BILL_AMT4,BILL_AMT5,BILL_AMT6,PAY_AMT1,PAY_AMT2,PAY_AMT3,PAY_AMT4,PAY_AMT5,PAY_AMT6
0.24050632911392406,1.0,0.16666666666666666,0.6666666666666666,0.14814814814814814,0.0,0.0,0.0,0.0,0.0,0.1,0.0246414371084534,0.043405547264961666,0.07645430551681223,0.0755380162168965,0.13193661500050655,0.39875041158845603,0.000790501015489766,0.00015646876084890823,0.0003679581999484858,0.0,0.004450216584078686,0.000711276332094176
