LIMIT_BAL,SEX,EDUCATION,MARRIAGE,AGE,PAY_0,PAY_2,PAY_3,PAY_4,PAY_5,PAY_6,BILL_AMT1,BILL_AMT2,BILL_AMT3,BILL_AMT4,BILL_AMT5,BILL_AMT6,PAY_AMT1,PAY_AMT2,PAY_AMT3,PAY_AMT4,PAY_AMT5,PAY_AMT6
0.025316455696202535,1.0,0.16666666666666666,0.6666666666666666,0.40740740740740744,0.30000000000000004,0.4444444444444444,0.4,0.4,0.2,0.2,0.05193098890680112,0.0669454021509803,0.11160555857249205,0.10706837345606875,0.16747548226651374,0.4234961055822526,0.0030403885211144847,0.0027976940416369893,0.0,0.0019997700264469584,0.0025768480510009765,0.0024783147459727386
