LIMIT_BAL,SEX,EDUCATION,MARRIAGE,AGE,PAY_0,PAY_2,PAY_3,PAY_4,PAY_5,PAY_6,BILL_AMT1,BILL_AMT2,BILL_AMT3,BILL_AMT4,BILL_AMT5,BILL_AMT6,PAY_AMT1,PAY_AMT2,PAY_AMT3,PAY_AMT4,PAY_AMT5,PAY_AMT6
0.0759493670886076,1.0,0.5,0.6666666666666666,0.5740740740740741,0.2,0.2222222222222222,0.2,0.2,0.2,0.2,0.18660496627460338,0.17925822055266816,0.1871289236909476,0.17701497635785046,0.17971555834419925,0.4322188513957682,0.0070942398826004645,0.0022630924420698863,0.004602105772212848,0.0024222214445338785,0.0025871554432049804,0.0023246592317224288
