LIMIT_BAL,SEX,EDUCATION,MARRIAGE,AGE,PAY_0,PAY_2,PAY_3,PAY_4,PAY_5,PAY_6,BILL_AMT1,BILL_AMT2,BILL_AMT3,BILL_AMT4,BILL_AMT5,BILL_AMT6,PAY_AMT1,PAY_AMT2,PAY_AMT3,PAY_AMT4,PAY_AMT5,PAY_AMT6
0.5443037974683544,0.0,0.3333333333333333,0.3333333333333333,0.5185185185185185,0.0,0.0,0.0,0.0,0.0,0.0,0.025507921583155038,0.04547933926825504,0.08099346526057254,0.08025146377567226,0.13289738989487032,0.39904452889087305,0.004057905212847466,0.0023975577834244167,0.007748148381772402,0.0,0.00242739086404292,0.0024783147459727386
