LIMIT_BAL,SEX,EDUCATION,MARRIAGE,AGE,PAY_0,PAY_2,PAY_3,PAY_4,PAY_5,PAY_6,BILL_AMT1,BILL_AMT2,BILL_AMT3,BILL_AMT4,BILL_AMT5,BILL_AMT6,PAY_AMT1,PAY_AMT2,PAY_AMT3,PAY_AMT4,PAY_AMT5,PAY_AMT6
0.430379746835443,1.0,0.3333333333333333,0.3333333333333333,0.3148148148148149,0.1,0.1111111111111111,0.1,0.1,0.1,0.1,0.03601090640240983,0.05268100653527505,0.11146855847840764,0.08540838891785477,0.1428253971366294,0.4092015359719522,0.015481658349514956,0.017530205805317004,0.016876140013351627,0.01526324472685641,0.024884621628516432,0.014203221809169764
