LIMIT_BAL,SEX,EDUCATION,MARRIAGE,AGE,PAY_0,PAY_2,PAY_3,PAY_4,PAY_5,PAY_6,BILL_AMT1,BILL_AMT2,BILL_AMT3,BILL_AMT4,BILL_AMT5,BILL_AMT6,PAY_AMT1,PAY_AMT2,PAY_AMT3,PAY_AMT4,PAY_AMT5,PAY_AMT6
0.06329113924050633,1.0,0.5,0.6666666666666666,0.5740740740740741,0.2,0.2222222222222222,0.2,0.2,0.4,0.2,0.11860477162954021,0.1208446971646169,0.1772484108814388,0.16976951151543482,0.23226896468335279,0.47022208785787684,0.0043923479501700585,0.0020234996520199955,0.015990412060618485,0.0,0.004988777826737891,0.004584882280049566
