LIMIT_BAL,SEX,EDUCATION,MARRIAGE,AGE,PAY_0,PAY_2,PAY_3,PAY_4,PAY_5,PAY_6,BILL_AMT1,BILL_AMT2,BILL_AMT3,BILL_AMT4,BILL_AMT5,BILL_AMT6,PAY_AMT1,PAY_AMT2,PAY_AMT3,PAY_AMT4,PAY_AMT5,PAY_AMT6
0.34177215189873417,1.0,0.3333333333333333,0.6666666666666666,0.09259259259259262,0.2,0.2222222222222222,0.2,0.2,0.2,0.2,0.06482465462274176,0.07770544949313024,0.12253750583901005,0.11949024049669489,0.1816746894638288,0.433934340362854,0.0036484662253373815,0.0014668946329585146,0.004730891142194818,0.0037495687995880472,0.0038652720765014648,0.003717472118959108
