LIMIT_BAL,SEX,EDUCATION,MARRIAGE,AGE,PAY_0,PAY_2,PAY_3,PAY_4,PAY_5,PAY_6,BILL_AMT1,BILL_AMT2,BILL_AMT3,BILL_AMT4,BILL_AMT5,BILL_AMT6,PAY_AMT1,PAY_AMT2,PAY_AMT3,PAY_AMT4,PAY_AMT5,PAY_AMT6
0.26582278481012656,1.0,0.3333333333333333,0.6666666666666666,0.16666666666666674,0.1,0.1111111111111111,0.1,0.1,0.2,0.2,0.024964799068215245,0.044051355940925234,0.08881567545172893,0.09327711955316637,0.1705277399241184,0.424246046114312,0.0018080177072227468,0.006259565375419084,0.05256545713549798,0.04999425066117396,0.0,0.0
