LIMIT_BAL,SEX,EDUCATION,MARRIAGE,AGE,PAY_0,PAY_2,PAY_3,PAY_4,PAY_5,PAY_6,BILL_AMT1,BILL_AMT2,BILL_AMT3,BILL_AMT4,BILL_AMT5,BILL_AMT6,PAY_AMT1,PAY_AMT2,PAY_AMT3,PAY_AMT4,PAY_AMT5,PAY_AMT6
0.012658227848101266,1.0,0.3333333333333333,0.3333333333333333,0.05555555555555558,0.2,0.2222222222222222,0.2,0.2,0.2,0.2,0.05372674658625523,0.06444321514948799,0.10561221710718524,0.10326735106045079,0.16230886625294524,0.41820550948499,0.0032430810891887836,0.0013748062476672302,0.002996231056723385,0.004499482559505657,0.0025768480510009765,0.0
