LIMIT_BAL,SEX,EDUCATION,MARRIAGE,AGE,PAY_0,PAY_2,PAY_3,PAY_4,PAY_5,PAY_6,BILL_AMT1,BILL_AMT2,BILL_AMT3,BILL_AMT4,BILL_AMT5,BILL_AMT6,PAY_AMT1,PAY_AMT2,PAY_AMT3,PAY_AMT4,PAY_AMT5,PAY_AMT6
0.05063291139240507,1.0,0.3333333333333333,0.3333333333333333,0.42592592592592593,0.2,0.2222222222222222,0.2,0.2,0.2,0.2,0.06691551933343484,0.07471311686306797,0.11340966824519386,0.10608702947927341,0.16363728460178495,0.4182453500757557,0.0028680998382513306,0.0012224121941320956,0.0018397909997424293,0.0017497987731410886,0.0016208374240796143,0.0012094175960346964
