LIMIT_BAL,SEX,EDUCATION,MARRIAGE,AGE,PAY_0,PAY_2,PAY_3,PAY_4,PAY_5,PAY_6,BILL_AMT1,BILL_AMT2,BILL_AMT3,BILL_AMT4,BILL_AMT5,BILL_AMT6,PAY_AMT1,PAY_AMT2,PAY_AMT3,PAY_AMT4,PAY_AMT5,PAY_AMT6
0.4683544303797468,0.0,0.16666666666666666,0.3333333333333333,0.6296296296296295,0.2,0.2222222222222222,0.2,0.2,0.2,0.2,0.22319509871173224,0.21056193073637627,0.3284635026797549,0.2817550925010338,0.268190181142015,0.4472528154993959,0.014188479765200929,0.020691363739342605,0.02628272856774899,0.04999425066117396,0.00427499091661062,0.003965303593556382
