LIMIT_BAL,SEX,EDUCATION,MARRIAGE,AGE,PAY_0,PAY_2,PAY_3,PAY_4,PAY_5,PAY_6,BILL_AMT1,BILL_AMT2,BILL_AMT3,BILL_AMT4,BILL_AMT5,BILL_AMT6,PAY_AMT1,PAY_AMT2,PAY_AMT3,PAY_AMT4,PAY_AMT5,PAY_AMT6
0.27848101265822783,1.0,0.3333333333333333,0.6666666666666666,0.37037037037037035,0.2,0.2222222222222222,0.2,0.2,0.2,0.2,0.085209015833748,0.08830854731642053,0.1409978558659974,0.13345528966877018,0.19865164720607315,0.44773558971690913,0.010134628403714948,0.0040747073137736515,0.013141364283874494,0.0074991375991760945,0.012884240255004883,0.007434944237918216
