LIMIT_BAL,SEX,EDUCATION,MARRIAGE,AGE,PAY_0,PAY_2,PAY_3,PAY_4,PAY_5,PAY_6,BILL_AMT1,BILL_AMT2,BILL_AMT3,BILL_AMT4,BILL_AMT5,BILL_AMT6,PAY_AMT1,PAY_AMT2,PAY_AMT3,PAY_AMT4,PAY_AMT5,PAY_AMT6
0.0759493670886076,0.0,0.16666666666666666,0.6666666666666666,0.537037037037037,0.2,0.2222222222222222,0.2,0.2,0.2,0.2,0.11279838381808849,0.0872729377862399,0.13006095678884985,0.12292269706285995,0.18477433227778814,0.4229992699797633,0.0038511587934116805,0.0013283545842902105,0.00233916284252966,0.0032496262929763075,0.001963558214862744,0.0024783147459727386
