LIMIT_BAL,SEX,EDUCATION,MARRIAGE,AGE,PAY_0,PAY_2,PAY_3,PAY_4,PAY_5,PAY_6,BILL_AMT1,BILL_AMT2,BILL_AMT3,BILL_AMT4,BILL_AMT5,BILL_AMT6,PAY_AMT1,PAY_AMT2,PAY_AMT3,PAY_AMT4,PAY_AMT5,PAY_AMT6
0.16455696202531644,1.0,0.5,0.3333333333333333,0.5555555555555556,0.2,0.2222222222222222,0.2,0.2,0.2,0.2,0.11540725555170102,0.12107497555704216,0.17508942144695208,0.13723084206804384,0.20207808420178888,0.4489472123890175,0.0070942398826004645,0.0016298829255094608,0.003803110823753279,0.004999425066117396,0.005627836143386133,0.004956629491945477
