LIMIT_BAL,SEX,EDUCATION,MARRIAGE,AGE,PAY_0,PAY_2,PAY_3,PAY_4,PAY_5,PAY_6,BILL_AMT1,BILL_AMT2,BILL_AMT3,BILL_AMT4,BILL_AMT5,BILL_AMT6,PAY_AMT1,PAY_AMT2,PAY_AMT3,PAY_AMT4,PAY_AMT5,PAY_AMT6
0.4430379746835443,1.0,0.16666666666666666,0.3333333333333333,0.35185185185185186,0.4,0.4444444444444444,0.4,0.2,0.2,0.2,0.1891118063218833,0.1914501106365461,0.2612641312295841,0.24766724798187734,0.325452691640278,0.5388334440667399,0.024323108168915877,0.0,0.015506809854971904,0.01249856266529349,0.011595816229504395,0.011648079306071871
