LIMIT_BAL,SEX,EDUCATION,MARRIAGE,AGE,PAY_0,PAY_2,PAY_3,PAY_4,PAY_5,PAY_6,BILL_AMT1,BILL_AMT2,BILL_AMT3,BILL_AMT4,BILL_AMT5,BILL_AMT6,PAY_AMT1,PAY_AMT2,PAY_AMT3,PAY_AMT4,PAY_AMT5,PAY_AMT6
0.20253164556962022,0.0,0.16666666666666666,0.6666666666666666,0.18518518518518523,0.1,0.1111111111111111,0.1,0.1,0.2,0.1,0.025534606793426645,0.0453455462357845,0.07754040264822833,0.08540838891785477,0.13609670493426537,0.39951792885173554,0.0038734549758998532,0.0006927002433415208,0.016794663554791603,1.249856266529349e-05,0.003499359653259326,0.0005006195786864933
