LIMIT_BAL,SEX,EDUCATION,MARRIAGE,AGE,PAY_0,PAY_2,PAY_3,PAY_4,PAY_5,PAY_6,BILL_AMT1,BILL_AMT2,BILL_AMT3,BILL_AMT4,BILL_AMT5,BILL_AMT6,PAY_AMT1,PAY_AMT2,PAY_AMT3,PAY_AMT4,PAY_AMT5,PAY_AMT6
0.5063291139240507,1.0,0.3333333333333333,0.3333333333333333,0.38888888888888884,0.2,0.2222222222222222,0.2,0.2,0.2,0.2,0.6642749392911467,0.5737662738640457,0.7626514635076316,0.659635449440559,0.692253017127283,0.8021750618993884,0.03653736232107314,0.014690134807616769,0.0370455059162422,0.03008903976042755,0.03871971881434067,0.03228252788104089
