LIMIT_BAL,SEX,EDUCATION,MARRIAGE,AGE,PAY_0,PAY_2,PAY_3,PAY_4,PAY_5,PAY_6,BILL_AMT1,BILL_AMT2,BILL_AMT3,BILL_AMT4,BILL_AMT5,BILL_AMT6,PAY_AMT1,PAY_AMT2,PAY_AMT3,PAY_AMT4,PAY_AMT5,PAY_AMT6
0.24050632911392406,0.0,0.3333333333333333,1.0,0.37037037037037035,0.2,0.2222222222222222,0.2,0.4,0.4,0.4,0.19132353933792426,0.1807852621828848,0.27369977832394415,0.25004644528745135,0.34218782168802264,0.5455043994558244,0.007832040830390912,0.011628399732047247,0.0,0.0345160306564745,0.0,0.011400247831474598
