LIMIT_BAL,SEX,EDUCATION,MARRIAGE,AGE,PAY_0,PAY_2,PAY_3,PAY_4,PAY_5,PAY_6,BILL_AMT1,BILL_AMT2,BILL_AMT3,BILL_AMT4,BILL_AMT5,BILL_AMT6,PAY_AMT1,PAY_AMT2,PAY_AMT3,PAY_AMT4,PAY_AMT5,PAY_AMT6
0.08860759493670886,1.0,0.3333333333333333,1.0,0.2777777777777778,0.2,0.2222222222222222,0.2,0.2,0.2,0.2,0.12434680099268981,0.11369577522770546,0.14984344025392887,0.13945572116047295,0.19551115511939426,0.4454986577236258,0.02037263001714779,0.004085301552789463,0.008000462576022792,0.012513560940491842,0.012915162431616894,0.012505576208178439
