LIMIT_BAL,SEX,EDUCATION,MARRIAGE,AGE,PAY_0,PAY_2,PAY_3,PAY_4,PAY_5,PAY_6,BILL_AMT1,BILL_AMT2,BILL_AMT3,BILL_AMT4,BILL_AMT5,BILL_AMT6,PAY_AMT1,PAY_AMT2,PAY_AMT3,PAY_AMT4,PAY_AMT5,PAY_AMT6
0.12658227848101264,0.0,0.3333333333333333,0.3333333333333333,0.3148148148148149,0.4,0.4444444444444444,0.4,0.2,0.2,0.4,0.17613180610212273,0.16649642360932435,0.2301733628901408,0.21671970418846598,0.2955281484168456,0.5111512641770984,0.009781943335265669,4.074707313773652e-06,0.010513091427099596,0.018247901491328496,0.0,0.009913258983890954
