LIMIT_BAL,SEX,EDUCATION,MARRIAGE,AGE,PAY_0,PAY_2,PAY_3,PAY_4,PAY_5,PAY_6,BILL_AMT1,BILL_AMT2,BILL_AMT3,BILL_AMT4,BILL_AMT5,BILL_AMT6,PAY_AMT1,PAY_AMT2,PAY_AMT3,PAY_AMT4,PAY_AMT5,PAY_AMT6
0.430379746835443,0.0,0.3333333333333333,0.6666666666666666,0.4814814814814815,0.2,0.2222222222222222,0.2,0.2,0.2,0.2,0.32260692528298096,0.28936859980445634,0.3454399601214184,0.5244197335538735,0.542344356101084,0.6901972226421107,0.01669984068364149,0.00725460890144261,0.5600928305973013,0.022587402448718395,0.02582517116713179,0.02237174721189591
