LIMIT_BAL,SEX,EDUCATION,MARRIAGE,AGE,PAY_0,PAY_2,PAY_3,PAY_4,PAY_5,PAY_6,BILL_AMT1,BILL_AMT2,BILL_AMT3,BILL_AMT4,BILL_AMT5,BILL_AMT6,PAY_AMT1,PAY_AMT2,PAY_AMT3,PAY_AMT4,PAY_AMT5,PAY_AMT6
0.1772151898734177,1.0,0.3333333333333333,0.6666666666666666,0.14814814814814814,0.1,0.1111111111111111,0.1,0.1,0.1,0.1,0.0254937941188936,0.04367313332990275,0.07789033059938368,0.07583466676255371,0.13585487723976564,0.3979407101702482,0.0012121015570843079,0.0008654678334455236,0.0,0.004524479684836244,0.0,0.007838909541511773
