LIMIT_BAL,SEX,EDUCATION,MARRIAGE,AGE,PAY_0,PAY_2,PAY_3,PAY_4,PAY_5,PAY_6,BILL_AMT1,BILL_AMT2,BILL_AMT3,BILL_AMT4,BILL_AMT5,BILL_AMT6,PAY_AMT1,PAY_AMT2,PAY_AMT3,PAY_AMT4,PAY_AMT5,PAY_AMT6
0.05063291139240507,1.0,0.3333333333333333,0.6666666666666666,0.2222222222222222,0.2,0.2222222222222222,0.2,0.2,0.2,0.2,0.06600351302944635,0.05898214377605105,0.10298280566289064,0.10268004290945267,0.15915857034081365,0.4179090486184103,0.00405385136148598,0.0032597658510189215,0.005256545713549798,0.002499712533058698,0.005153696102001953,0.005938042131350682
