LIMIT_BAL,SEX,EDUCATION,MARRIAGE,AGE,PAY_0,PAY_2,PAY_3,PAY_4,PAY_5,PAY_6,BILL_AMT1,BILL_AMT2,BILL_AMT3,BILL_AMT4,BILL_AMT5,BILL_AMT6,PAY_AMT1,PAY_AMT2,PAY_AMT3,PAY_AMT4,PAY_AMT5,PAY_AMT6
0.13924050632911392,1.0,0.3333333333333333,0.3333333333333333,0.05555555555555558,0.30000000000000004,0.0,0.0,0.0,0.1,0.2,0.024029246990457682,0.04290382339319714,0.0761373896365206,0.07583466676255371,0.14046104123162192,0.40444527250378187,0.0,0.0,0.0,0.011571169315528713,0.0025768480510009765,0.0047459727385377945
