LIMIT_BAL,SEX,EDUCATION,MARRIAGE,AGE,PAY_0,PAY_2,PAY_3,PAY_4,PAY_5,PAY_6,BILL_AMT1,BILL_AMT2,BILL_AMT3,BILL_AMT4,BILL_AMT5,BILL_AMT6,PAY_AMT1,PAY_AMT2,PAY_AMT3,PAY_AMT4,PAY_AMT5,PAY_AMT6
0.025316455696202535,0.0,0.3333333333333333,0.6666666666666666,0.09259259259259262,0.1,0.2222222222222222,0.2,0.2,0.1,0.1,0.044142046943994026,0.062070961766068036,0.10385102312660625,0.09441278174310662,0.13417188720372022,0.3979407101702482,0.006080777042228969,0.002444824388264191,0.015769637140649394,0.0019497757757857845,0.0,0.0
