LIMIT_BAL,SEX,EDUCATION,MARRIAGE,AGE,PAY_0,PAY_2,PAY_3,PAY_4,PAY_5,PAY_6,BILL_AMT1,BILL_AMT2,BILL_AMT3,BILL_AMT4,BILL_AMT5,BILL_AMT6,PAY_AMT1,PAY_AMT2,PAY_AMT3,PAY_AMT4,PAY_AMT5,PAY_AMT6
0.025316455696202535,1.0,0.3333333333333333,0.6666666666666666,0.07407407407407407,0.2,0.2222222222222222,0.2,0.2,0.2,0.2,0.06875679884217582,0.0791038439767406,0.12149597500325995,0.11622708449446552,0.17736590817737083,0.4307236574599748,0.0035471199413002323,0.0014701543988095336,0.004730891142194818,0.002499712533058698,0.003092217661201172,0.003717472118959108
