LIMIT_BAL,SEX,EDUCATION,MARRIAGE,AGE,PAY_0,PAY_2,PAY_3,PAY_4,PAY_5,PAY_6,BILL_AMT1,BILL_AMT2,BILL_AMT3,BILL_AMT4,BILL_AMT5,BILL_AMT6,PAY_AMT1,PAY_AMT2,PAY_AMT3,PAY_AMT4,PAY_AMT5,PAY_AMT6
0.05063291139240507,1.0,0.5,0.6666666666666666,0.4444444444444444,0.2,0.2222222222222222,0.1,0.2,0.1,0.1,0.04086133579883747,0.05560386970616992,0.07722348676793671,0.0780415670340339,0.1353042290435061,0.3996667451760661,0.00202692568074299,0.0005362314824926126,0.002628272856774899,0.0036820765611954623,0.0037956971791244386,0.0013382899628252788
