LIMIT_BAL,SEX,EDUCATION,MARRIAGE,AGE,PAY_0,PAY_2,PAY_3,PAY_4,PAY_5,PAY_6,BILL_AMT1,BILL_AMT2,BILL_AMT3,BILL_AMT4,BILL_AMT5,BILL_AMT6,PAY_AMT1,PAY_AMT2,PAY_AMT3,PAY_AMT4,PAY_AMT5,PAY_AMT6
0.18987341772151897,1.0,0.5,0.6666666666666666,0.05555555555555558,0.2,0.2222222222222222,0.2,0.2,0.2,0.2,0.2332224589008519,0.21408043019605827,0.29971494076809185,0.28079921852058276,0.3225066420917442,0.5364476957491261,0.00963397776057143,0.004190429001484823,0.0116958142126483,0.010443798963119241,0.012884240255004883,0.012391573729863693
