LIMIT_BAL,SEX,EDUCATION,MARRIAGE,AGE,PAY_0,PAY_2,PAY_3,PAY_4,PAY_5,PAY_6,BILL_AMT1,BILL_AMT2,BILL_AMT3,BILL_AMT4,BILL_AMT5,BILL_AMT6,PAY_AMT1,PAY_AMT2,PAY_AMT3,PAY_AMT4,PAY_AMT5,PAY_AMT6
0.025316455696202535,1.0,0.3333333333333333,0.6666666666666666,0.09259259259259262,0.4,0.4444444444444444,0.4,0.4,0.4,0.4,0.06423757999676638,0.08130371018370813,0.12736221999574143,0.1178916236673199,0.18188056979833533,0.43235009098887855,0.010134628403714948,0.0016298829255094608,0.0,0.006249281332646745,0.0,0.001486988847583643
