LIMIT_BAL,SEX,EDUCATION,MARRIAGE,AGE,PAY_0,PAY_2,PAY_3,PAY_4,PAY_5,PAY_6,BILL_AMT1,BILL_AMT2,BILL_AMT3,BILL_AMT4,BILL_AMT5,BILL_AMT6,PAY_AMT1,PAY_AMT2,PAY_AMT3,PAY_AMT4,PAY_AMT5,PAY_AMT6
0.05063291139240507,1.0,0.5,0.3333333333333333,0.537037037037037,0.2,0.2222222222222222,0.2,0.2,0.2,0.2,0.04312329979891909,0.060239026398394485,0.09957100813912607,0.09861832761007533,0.15823864471916943,0.4164947076462296,0.0030829539604100877,0.0010129722382041298,0.0032932258895389485,0.0013873404558475775,0.0014816876293255615,0.0014349442379182156
