LIMIT_BAL,SEX,EDUCATION,MARRIAGE,AGE,PAY_0,PAY_2,PAY_3,PAY_4,PAY_5,PAY_6,BILL_AMT1,BILL_AMT2,BILL_AMT3,BILL_AMT4,BILL_AMT5,BILL_AMT6,PAY_AMT1,PAY_AMT2,PAY_AMT3,PAY_AMT4,PAY_AMT5,PAY_AMT6
0.2911392405063291,0.0,0.3333333333333333,0.3333333333333333,0.5555555555555556,0.2,0.2222222222222222,0.2,0.2,0.2,0.2,0.17878462994677086,0.1722520969484897,0.2455734939480621,0.2327732930607744,0.30745777002186253,0.5257376075256532,0.007280717045228819,0.0030307672999848423,0.009982180310031065,0.009551401588817286,0.010175972953402857,0.009853779429987608
