LIMIT_BAL,SEX,EDUCATION,MARRIAGE,AGE,PAY_0,PAY_2,PAY_3,PAY_4,PAY_5,PAY_6,BILL_AMT1,BILL_AMT2,BILL_AMT3,BILL_AMT4,BILL_AMT5,BILL_AMT6,PAY_AMT1,PAY_AMT2,PAY_AMT3,PAY_AMT4,PAY_AMT5,PAY_AMT6
0.26582278481012656,1.0,0.16666666666666666,0.3333333333333333,0.40740740740740744,0.1,0.1111111111111111,0.1,0.4,0.1,0.2,0.025506351864903767,0.04407579889878043,0.09221921995777757,0.08704146515404854,0.1702826442878011,0.3989718784018298,0.0018647716262835505,0.00794730914478413,0.0,0.05719342275638301,0.0,0.01801734820322181
