LIMIT_BAL,SEX,EDUCATION,MARRIAGE,AGE,PAY_0,PAY_2,PAY_3,PAY_4,PAY_5,PAY_6,BILL_AMT1,BILL_AMT2,BILL_AMT3,BILL_AMT4,BILL_AMT5,BILL_AMT6,PAY_AMT1,PAY_AMT2,PAY_AMT3,PAY_AMT4,PAY_AMT5,PAY_AMT6
0.025316455696202535,1.0,0.8333333333333333,0.3333333333333333,0.5925925925925926,0.2,0.2222222222222222,0.2,0.2,0.2,0.2,0.06828117421204068,0.07785210724026143,0.10546696399538491,0.10296320933939819,0.16319284451459626,0.4035301106982532,0.0032430810891887836,0.0010594239015811495,0.002628272856774899,0.002999655039670438,0.005153696102001953,0.0024783147459727386
