LIMIT_BAL,SEX,EDUCATION,MARRIAGE,AGE,PAY_0,PAY_2,PAY_3,PAY_4,PAY_5,PAY_6,BILL_AMT1,BILL_AMT2,BILL_AMT3,BILL_AMT4,BILL_AMT5,BILL_AMT6,PAY_AMT1,PAY_AMT2,PAY_AMT3,PAY_AMT4,PAY_AMT5,PAY_AMT6
0.1139240506329114,1.0,0.3333333333333333,0.6666666666666666,0.11111111111111116,0.2,0.2222222222222222,0.2,0.2,0.2,0.2,0.09107662265699928,0.10757474399217826,0.11340141522747793,0.10317296225046894,0.16889213504442768,0.4208373320396859,0.020269256807429897,0.008149414627547303,0.003942409285162349,0.009998850132234793,0.012884240255004883,0.012391573729863693
