LIMIT_BAL,SEX,EDUCATION,MARRIAGE,AGE,PAY_0,PAY_2,PAY_3,PAY_4,PAY_5,PAY_6,BILL_AMT1,BILL_AMT2,BILL_AMT3,BILL_AMT4,BILL_AMT5,BILL_AMT6,PAY_AMT1,PAY_AMT2,PAY_AMT3,PAY_AMT4,PAY_AMT5,PAY_AMT6
0.35443037974683544,0.0,0.3333333333333333,0.6666666666666666,0.14814814814814814,0.2,0.2222222222222222,0.2,0.2,0.2,0.0,0.09005944523017563,0.056797715226676274,0.09207066563889087,0.08238794699843584,0.4266167325156943,0.6090079575721143,0.002229618248817289,0.0008858413700143919,0.0026335294024884487,0.44936832264289606,0.014945718695805665,0.015509293680297399
