LIMIT_BAL,SEX,EDUCATION,MARRIAGE,AGE,PAY_0,PAY_2,PAY_3,PAY_4,PAY_5,PAY_6,BILL_AMT1,BILL_AMT2,BILL_AMT3,BILL_AMT4,BILL_AMT5,BILL_AMT6,PAY_AMT1,PAY_AMT2,PAY_AMT3,PAY_AMT4,PAY_AMT5,PAY_AMT6
0.3164556962025316,0.0,0.16666666666666666,0.3333333333333333,0.33333333333333337,0.2,0.2222222222222222,0.2,0.2,0.2,0.2,0.431204743060668,0.3829619719034632,0.5109575316214374,0.455781089876126,0.5550942311023095,0.7015705395236236,0.020017918023017767,0.008165713456802398,0.0260199012820715,0.023324817645970712,0.02398272481066609,0.02398017348203222
