LIMIT_BAL,SEX,EDUCATION,MARRIAGE,AGE,PAY_0,PAY_2,PAY_3,PAY_4,PAY_5,PAY_6,BILL_AMT1,BILL_AMT2,BILL_AMT3,BILL_AMT4,BILL_AMT5,BILL_AMT6,PAY_AMT1,PAY_AMT2,PAY_AMT3,PAY_AMT4,PAY_AMT5,PAY_AMT6
0.27848101265822783,1.0,0.16666666666666666,0.6666666666666666,0.2962962962962963,0.2,0.2222222222222222,0.4,0.2,0.2,0.0,0.03830112533101433,0.058996294962177745,0.09723870533260487,0.09468845699765677,0.13289738989487032,0.3979407101702482,0.0070942398826004645,0.0005704590239283112,0.0,0.0,0.0,0.0
