LIMIT_BAL,SEX,EDUCATION,MARRIAGE,AGE,PAY_0,PAY_2,PAY_3,PAY_4,PAY_5,PAY_6,BILL_AMT1,BILL_AMT2,BILL_AMT3,BILL_AMT4,BILL_AMT5,BILL_AMT6,PAY_AMT1,PAY_AMT2,PAY_AMT3,PAY_AMT4,PAY_AMT5,PAY_AMT6
0.12658227848101264,1.0,0.3333333333333333,0.6666666666666666,0.14814814814814814,0.2,0.2222222222222222,0.2,0.2,0.2,0.2,0.10293584404535229,0.07409175114495961,0.11797853885273152,0.11518581111450711,0.17708813312287788,0.430249085717031,0.0028376959530401857,0.0012224121941320956,0.0036795819994848585,0.002749683786364568,0.0025768480510009765,0.0024783147459727386
