LIMIT_BAL,SEX,EDUCATION,MARRIAGE,AGE,PAY_0,PAY_2,PAY_3,PAY_4,PAY_5,PAY_6,BILL_AMT1,BILL_AMT2,BILL_AMT3,BILL_AMT4,BILL_AMT5,BILL_AMT6,PAY_AMT1,PAY_AMT2,PAY_AMT3,PAY_AMT4,PAY_AMT5,PAY_AMT6
0.012658227848101266,0.0,0.3333333333333333,0.3333333333333333,0.3148148148148149,0.2,0.2222222222222222,0.2,0.2,0.2,0.2,0.047521650338980655,0.06384500591776875,0.10421745711319344,0.10279091230530435,0.16288075607101893,0.419897562810449,0.003172138690362779,0.0010586089601183947,0.0033615609838150958,0.0015923168835583906,0.0017084502578136474,0.003640644361833953
