LIMIT_BAL,SEX,EDUCATION,MARRIAGE,AGE,PAY_0,PAY_2,PAY_3,PAY_4,PAY_5,PAY_6,BILL_AMT1,BILL_AMT2,BILL_AMT3,BILL_AMT4,BILL_AMT5,BILL_AMT6,PAY_AMT1,PAY_AMT2,PAY_AMT3,PAY_AMT4,PAY_AMT5,PAY_AMT6
0.36708860759493667,1.0,0.16666666666666666,0.6666666666666666,0.20370370370370372,0.0,0.1111111111111111,0.1,0.0,0.0,0.1,0.0272958306713528,0.04538028096536819,0.0788707891040359,0.07846556756141265,0.13579932222886704,0.4019411741959524,0.0039018319354302555,0.0013495430623218334,0.004615247136496722,0.0044394894587122475,0.008797359246117334,0.0002701363073110285
