LIMIT_BAL,SEX,EDUCATION,MARRIAGE,AGE,PAY_0,PAY_2,PAY_3,PAY_4,PAY_5,PAY_6,BILL_AMT1,BILL_AMT2,BILL_AMT3,BILL_AMT4,BILL_AMT5,BILL_AMT6,PAY_AMT1,PAY_AMT2,PAY_AMT3,PAY_AMT4,PAY_AMT5,PAY_AMT6
0.1139240506329114,0.0,0.3333333333333333,0.3333333333333333,0.38888888888888884,0.2,0.2222222222222222,0.2,0.2,0.2,0.2,0.18209830517520412,0.16451139813718932,0.22305761101546784,0.19800824628587524,0.2564125188315147,0.47845971588971653,0.006826685692742389,0.003255691143705148,0.007359163998969717,0.008166560845502767,0.007521819460871851,0.0008277571251548947
