LIMIT_BAL,SEX,EDUCATION,MARRIAGE,AGE,PAY_0,PAY_2,PAY_3,PAY_4,PAY_5,PAY_6,BILL_AMT1,BILL_AMT2,BILL_AMT3,BILL_AMT4,BILL_AMT5,BILL_AMT6,PAY_AMT1,PAY_AMT2,PAY_AMT3,PAY_AMT4,PAY_AMT5,PAY_AMT6
0.620253164556962,1.0,0.16666666666666666,0.6666666666666666,0.3148148148148149,0.0,0.0,0.0,0.0,0.0,0.0,0.028639509494440843,0.04964750681829877,0.10558415684695109,0.09276921786135932,0.14424204991454334,0.4171684823430017,0.010625144418454753,0.01453855569554439,0.030598352598573374,0.017355504117026542,0.04228349966887503,0.008332094175960347
