LIMIT_BAL,SEX,EDUCATION,MARRIAGE,AGE,PAY_0,PAY_2,PAY_3,PAY_4,PAY_5,PAY_6,BILL_AMT1,BILL_AMT2,BILL_AMT3,BILL_AMT4,BILL_AMT5,BILL_AMT6,PAY_AMT1,PAY_AMT2,PAY_AMT3,PAY_AMT4,PAY_AMT5,PAY_AMT6
0.012658227848101266,0.0,0.3333333333333333,0.6666666666666666,0.2777777777777778,0.4,0.4444444444444444,0.4,0.2,0.2,0.2,0.040291528073626064,0.06006020686461175,0.09810197098569093,0.09626010559560837,0.15749518795567363,0.41728097342281056,0.007027351335135945,0.000396061550898799,0.0014324087069423198,0.004097028841683207,0.00438064168670166,0.003727385377942999
