LIMIT_BAL,SEX,EDUCATION,MARRIAGE,AGE,PAY_0,PAY_2,PAY_3,PAY_4,PAY_5,PAY_6,BILL_AMT1,BILL_AMT2,BILL_AMT3,BILL_AMT4,BILL_AMT5,BILL_AMT6,PAY_AMT1,PAY_AMT2,PAY_AMT3,PAY_AMT4,PAY_AMT5,PAY_AMT6
0.15189873417721517,1.0,0.3333333333333333,0.3333333333333333,0.2962962962962963,0.30000000000000004,0.0,0.1,0.1,0.1,0.1,0.024029246990457682,0.04290382339319714,0.07664247432073538,0.08133318950276575,0.1353042290435061,0.4044499596321073,0.0,0.0002493720876029475,0.009645761384363878,0.0036820765611954623,0.014314390923310424,0.003650557620817844
