LIMIT_BAL,SEX,EDUCATION,MARRIAGE,AGE,PAY_0,PAY_2,PAY_3,PAY_4,PAY_5,PAY_6,BILL_AMT1,BILL_AMT2,BILL_AMT3,BILL_AMT4,BILL_AMT5,BILL_AMT6,PAY_AMT1,PAY_AMT2,PAY_AMT3,PAY_AMT4,PAY_AMT5,PAY_AMT6
0.27848101265822783,1.0,0.3333333333333333,0.3333333333333333,0.2962962962962963,0.1,0.2222222222222222,0.2,0.2,0.2,0.2,0.0256837300272974,0.046594710029331556,0.08532629956143464,0.0797630391398932,0.14196592843861008,0.4066657995479264,0.00405385136148598,0.002444824388264191,0.005256545713549798,0.0074991375991760945,0.005153696102001953,0.007434944237918216
