LIMIT_BAL,SEX,EDUCATION,MARRIAGE,AGE,PAY_0,PAY_2,PAY_3,PAY_4,PAY_5,PAY_6,BILL_AMT1,BILL_AMT2,BILL_AMT3,BILL_AMT4,BILL_AMT5,BILL_AMT6,PAY_AMT1,PAY_AMT2,PAY_AMT3,PAY_AMT4,PAY_AMT5,PAY_AMT6
0.5189873417721519,1.0,0.16666666666666666,0.6666666666666666,0.37037037037037035,0.2,0.2222222222222222,0.2,0.2,0.2,0.2,0.14944816554876567,0.14840992126794628,0.21491848494401977,0.20410456482263892,0.2751394594170645,0.501827394155854,0.006873304983399478,0.002792804392860461,0.0076456457403581805,0.007191672957609875,0.0076686997997789065,0.006656753407682776
