LIMIT_BAL,SEX,EDUCATION,MARRIAGE,AGE,PAY_0,PAY_2,PAY_3,PAY_4,PAY_5,PAY_6,BILL_AMT1,BILL_AMT2,BILL_AMT3,BILL_AMT4,BILL_AMT5,BILL_AMT6,PAY_AMT1,PAY_AMT2,PAY_AMT3,PAY_AMT4,PAY_AMT5,PAY_AMT6
0.16455696202531644,0.0,0.16666666666666666,0.6666666666666666,0.16666666666666674,0.2,0.2222222222222222,0.4,0.2,0.2,0.0,0.16579521141750267,0.1761308084186693,0.20627427418835698,0.17622091176593974,0.13289738989487032,0.3979407101702482,0.030478881461332336,4.074707313773652e-06,0.005274943623547222,0.0,0.0,0.0
