LIMIT_BAL,SEX,EDUCATION,MARRIAGE,AGE,PAY_0,PAY_2,PAY_3,PAY_4,PAY_5,PAY_6,BILL_AMT1,BILL_AMT2,BILL_AMT3,BILL_AMT4,BILL_AMT5,BILL_AMT6,PAY_AMT1,PAY_AMT2,PAY_AMT3,PAY_AMT4,PAY_AMT5,PAY_AMT6
0.1772151898734177,1.0,0.5,0.3333333333333333,0.4444444444444444,0.2,0.2222222222222222,0.2,0.2,0.2,0.2,0.09838993998967124,0.09777440436371121,0.14596782313452916,0.13812978311548996,0.19934935278412302,0.4439929177491003,0.00405385136148598,0.0017113770717849337,0.0048281372378954895,0.003499597546282177,0.0038291962037874513,0.003895910780669145
