LIMIT_BAL,SEX,EDUCATION,MARRIAGE,AGE,PAY_0,PAY_2,PAY_3,PAY_4,PAY_5,PAY_6,BILL_AMT1,BILL_AMT2,BILL_AMT3,BILL_AMT4,BILL_AMT5,BILL_AMT6,PAY_AMT1,PAY_AMT2,PAY_AMT3,PAY_AMT4,PAY_AMT5,PAY_AMT6
0.05063291139240507,1.0,0.3333333333333333,0.3333333333333333,0.11111111111111116,0.4,0.2222222222222222,0.2,0.2,0.1,0.2,0.10275218700995357,0.10587016929964493,0.13632994904586862,0.10413632740631536,0.1823871007800577,0.4330976879567753,0.003494419873600914,0.0014823785207508545,0.007001718890448331,0.077633572139204,0.002741766326265039,0.0026592317224287485
