LIMIT_BAL,SEX,EDUCATION,MARRIAGE,AGE,PAY_0,PAY_2,PAY_3,PAY_4,PAY_5,PAY_6,BILL_AMT1,BILL_AMT2,BILL_AMT3,BILL_AMT4,BILL_AMT5,BILL_AMT6,PAY_AMT1,PAY_AMT2,PAY_AMT3,PAY_AMT4,PAY_AMT5,PAY_AMT6
0.06329113924050633,1.0,0.3333333333333333,0.6666666666666666,0.07407407407407407,0.2,0.2222222222222222,0.4,0.8,0.7,0.6000000000000001,0.0936164267875559,0.10541347192919262,0.1737359265415399,0.16222739612736198,0.2247674042411349,0.46210632516249683,0.010134628403714948,0.009779297553056765,0.0,0.0,0.0,0.0
