LIMIT_BAL,SEX,EDUCATION,MARRIAGE,AGE,PAY_0,PAY_2,PAY_3,PAY_4,PAY_5,PAY_6,BILL_AMT1,BILL_AMT2,BILL_AMT3,BILL_AMT4,BILL_AMT5,BILL_AMT6,PAY_AMT1,PAY_AMT2,PAY_AMT3,PAY_AMT4,PAY_AMT5,PAY_AMT6
0.24050632911392406,1.0,0.16666666666666666,0.3333333333333333,0.5185185185185185,0.1,0.1111111111111111,0.0,0.0,0.0,0.0,0.031468141783231325,0.04282534863376731,0.07603670282038628,0.07574327442273002,0.13279771766943463,0.3978692314632863,0.0,0.0,0.0,0.0,0.0,0.0
