LIMIT_BAL,SEX,EDUCATION,MARRIAGE,AGE,PAY_0,PAY_2,PAY_3,PAY_4,PAY_5,PAY_6,BILL_AMT1,BILL_AMT2,BILL_AMT3,BILL_AMT4,BILL_AMT5,BILL_AMT6,PAY_AMT1,PAY_AMT2,PAY_AMT3,PAY_AMT4,PAY_AMT5,PAY_AMT6
0.1139240506329114,0.0,0.3333333333333333,0.6666666666666666,0.12962962962962965,0.2,0.2222222222222222,0.4,0.2,0.2,0.2,0.1531197365384887,0.1725196830134308,0.229988495293304,0.21039565391968262,0.22335238543412972,0.4357037313056816,0.04053851361485979,0.0,0.009201583271568921,0.007551631562370327,0.012912585583565894,0.13236183395291204
