LIMIT_BAL,SEX,EDUCATION,MARRIAGE,AGE,PAY_0,PAY_2,PAY_3,PAY_4,PAY_5,PAY_6,BILL_AMT1,BILL_AMT2,BILL_AMT3,BILL_AMT4,BILL_AMT5,BILL_AMT6,PAY_AMT1,PAY_AMT2,PAY_AMT3,PAY_AMT4,PAY_AMT5,PAY_AMT6
0.06329113924050633,0.0,0.3333333333333333,0.6666666666666666,0.05555555555555558,0.2,0.2222222222222222,0.2,0.2,0.2,0.2,0.11538214005968069,0.1040588174754284,0.15301590026393153,0.13782564139443734,0.19328732071254204,0.4395483483145672,0.006080777042228969,0.0024529738028917386,0.007895331661751796,0.0074991375991760945,0.0077305441530029296,0.007434944237918216
