LIMIT_BAL,SEX,EDUCATION,MARRIAGE,AGE,PAY_0,PAY_2,PAY_3,PAY_4,PAY_5,PAY_6,BILL_AMT1,BILL_AMT2,BILL_AMT3,BILL_AMT4,BILL_AMT5,BILL_AMT6,PAY_AMT1,PAY_AMT2,PAY_AMT3,PAY_AMT4,PAY_AMT5,PAY_AMT6
0.05063291139240507,0.0,0.3333333333333333,0.3333333333333333,0.537037037037037,0.1,0.1111111111111111,0.2,0.2,0.2,0.2,0.053949646577935724,0.10689034117223281,0.15864445834619428,0.08897568664113674,0.1469952908958409,0.4066868916253906,0.10640954438764548,0.001553278428010516,0.0007306598541834218,0.0008798988116366618,0.0011544279268484376,0.0004956629491945477
