LIMIT_BAL,SEX,EDUCATION,MARRIAGE,AGE,PAY_0,PAY_2,PAY_3,PAY_4,PAY_5,PAY_6,BILL_AMT1,BILL_AMT2,BILL_AMT3,BILL_AMT4,BILL_AMT5,BILL_AMT6,PAY_AMT1,PAY_AMT2,PAY_AMT3,PAY_AMT4,PAY_AMT5,PAY_AMT6
0.27848101265822783,1.0,0.3333333333333333,0.6666666666666666,0.16666666666666674,0.1,0.4444444444444444,0.1,0.1,0.1,0.1,0.027755758118975224,0.04568903411722328,0.0796927896685423,0.0787801969280188,0.13610977670153562,0.40024443374216806,0.0,0.0017553839107736892,0.005167184436419451,0.004914434839993401,0.00506608326826792,0.00043866171003717475
