LIMIT_BAL,SEX,EDUCATION,MARRIAGE,AGE,PAY_0,PAY_2,PAY_3,PAY_4,PAY_5,PAY_6,BILL_AMT1,BILL_AMT2,BILL_AMT3,BILL_AMT4,BILL_AMT5,BILL_AMT6,PAY_AMT1,PAY_AMT2,PAY_AMT3,PAY_AMT4,PAY_AMT5,PAY_AMT6
0.2151898734177215,1.0,0.16666666666666666,0.6666666666666666,0.16666666666666674,0.2,0.2222222222222222,0.2,0.2,0.2,0.1,0.2000040812674533,0.17910513044820667,0.2538826321844583,0.23473747924944416,0.1377306758430473,0.39920506303601705,0.007702317586823361,0.004889648776528382,0.007884818570324697,0.0002499712533058698,0.0028345328561010744,0.001982651796778191
