LIMIT_BAL,SEX,EDUCATION,MARRIAGE,AGE,PAY_0,PAY_2,PAY_3,PAY_4,PAY_5,PAY_6,BILL_AMT1,BILL_AMT2,BILL_AMT3,BILL_AMT4,BILL_AMT5,BILL_AMT6,PAY_AMT1,PAY_AMT2,PAY_AMT3,PAY_AMT4,PAY_AMT5,PAY_AMT6
0.2911392405063291,0.0,0.5,0.6666666666666666,0.35185185185185186,0.2,0.2222222222222222,0.2,0.2,0.2,0.2,0.4090984009280174,0.3478413008799465,0.4769154841467783,0.41574225562287626,0.5138005182955723,0.6782649657077973,0.017210625955188727,0.007823438042445412,0.0233811153338695,0.026721926978397485,0.5766084041322336,0.02328376703841388
