LIMIT_BAL,SEX,EDUCATION,MARRIAGE,AGE,PAY_0,PAY_2,PAY_3,PAY_4,PAY_5,PAY_6,BILL_AMT1,BILL_AMT2,BILL_AMT3,BILL_AMT4,BILL_AMT5,BILL_AMT6,PAY_AMT1,PAY_AMT2,PAY_AMT3,PAY_AMT4,PAY_AMT5,PAY_AMT6
0.15189873417721517,0.0,0.3333333333333333,0.6666666666666666,0.07407407407407407,0.4,0.2222222222222222,0.2,0.2,0.2,0.1,0.22643970633710955,0.20558328616271293,0.28771010119850327,0.18898887110983262,0.2584876618856678,0.4051249061109607,0.010146789957799407,0.0034651310996331136,0.007884818570324697,0.003842058163311219,0.025768480510009767,0.052788104089219336
