LIMIT_BAL,SEX,EDUCATION,MARRIAGE,AGE,PAY_0,PAY_2,PAY_3,PAY_4,PAY_5,PAY_6,BILL_AMT1,BILL_AMT2,BILL_AMT3,BILL_AMT4,BILL_AMT5,BILL_AMT6,PAY_AMT1,PAY_AMT2,PAY_AMT3,PAY_AMT4,PAY_AMT5,PAY_AMT6
0.48101265822784806,0.0,0.16666666666666666,0.3333333333333333,0.2407407407407407,0.2,0.2222222222222222,0.2,0.1,0.2,0.2,0.16797398035026695,0.13113904183605207,0.2431966248458749,0.2207514547862618,0.3384672699287262,0.6113480063885559,0.12177972182471956,0.06919504971957864,0.3182339057711615,0.19997700264469584,0.219032084335083,0.01982651796778191
