LIMIT_BAL,SEX,EDUCATION,MARRIAGE,AGE,PAY_0,PAY_2,PAY_3,PAY_4,PAY_5,PAY_6,BILL_AMT1,BILL_AMT2,BILL_AMT3,BILL_AMT4,BILL_AMT5,BILL_AMT6,PAY_AMT1,PAY_AMT2,PAY_AMT3,PAY_AMT4,PAY_AMT5,PAY_AMT6
0.0759493670886076,0.0,0.5,0.6666666666666666,0.38888888888888884,0.30000000000000004,0.4444444444444444,0.4,0.4,0.4,0.2,0.082174750454041,0.08943678279215768,0.13944628853540297,0.13489958828500026,0.19606507125747136,0.4440643964560622,0.0,0.0025263185345396643,0.005256545713549798,0.0,0.0038652720765014648,0.003717472118959108
