LIMIT_BAL,SEX,EDUCATION,MARRIAGE,AGE,PAY_0,PAY_2,PAY_3,PAY_4,PAY_5,PAY_6,BILL_AMT1,BILL_AMT2,BILL_AMT3,BILL_AMT4,BILL_AMT5,BILL_AMT6,PAY_AMT1,PAY_AMT2,PAY_AMT3,PAY_AMT4,PAY_AMT5,PAY_AMT6
0.5063291139240507,0.0,0.3333333333333333,0.6666666666666666,0.5,0.2,0.2222222222222222,0.2,0.1,0.1,0.2,0.06942706853546857,0.06024803169865693,0.09014111009690694,0.0987366881813224,0.160864435969582,0.4199432623116213,0.010989991040988491,0.0024774220467743803,0.040375527625775995,0.042827574828894675,0.013080080706880957,0.010012391573729865
