LIMIT_BAL,SEX,EDUCATION,MARRIAGE,AGE,PAY_0,PAY_2,PAY_3,PAY_4,PAY_5,PAY_6,BILL_AMT1,BILL_AMT2,BILL_AMT3,BILL_AMT4,BILL_AMT5,BILL_AMT6,PAY_AMT1,PAY_AMT2,PAY_AMT3,PAY_AMT4,PAY_AMT5,PAY_AMT6
0.3164556962025316,0.0,0.5,0.3333333333333333,0.2407407407407407,0.0,0.0,0.0,0.0,0.0,0.0,0.04297731600155088,0.05898085730458499,0.07783255947537218,0.07568034854940879,0.13272909089126578,0.39916756600941405,0.004284920889090681,0.0008369448822491081,0.0002707121042478146,0.0,0.002963375258651123,0.006203221809169765
