LIMIT_BAL,SEX,EDUCATION,MARRIAGE,AGE,PAY_0,PAY_2,PAY_3,PAY_4,PAY_5,PAY_6,BILL_AMT1,BILL_AMT2,BILL_AMT3,BILL_AMT4,BILL_AMT5,BILL_AMT6,PAY_AMT1,PAY_AMT2,PAY_AMT3,PAY_AMT4,PAY_AMT5,PAY_AMT6
0.36708860759493667,1.0,0.3333333333333333,0.3333333333333333,0.2222222222222222,0.2,0.2222222222222222,0.2,0.2,0.2,0.2,0.1228445806262234,0.12586965471105852,0.18456883759546677,0.17317350161509742,0.2436332323539312,0.4757798502696856,0.00812189120273716,0.0040747073137736515,0.013141364283874494,0.014998275198352189,0.015461088306005859,0.014869888475836432
