LIMIT_BAL,SEX,EDUCATION,MARRIAGE,AGE,PAY_0,PAY_2,PAY_3,PAY_4,PAY_5,PAY_6,BILL_AMT1,BILL_AMT2,BILL_AMT3,BILL_AMT4,BILL_AMT5,BILL_AMT6,PAY_AMT1,PAY_AMT2,PAY_AMT3,PAY_AMT4,PAY_AMT5,PAY_AMT6
0.0759493670886076,0.0,0.3333333333333333,0.6666666666666666,0.4444444444444444,0.30000000000000004,0.4444444444444444,0.4,0.4,0.4,0.2,0.03929946613882274,0.055026244017907684,0.09635893364408696,0.09434985586978539,0.15228445472756805,0.41197280059432784,0.0,0.002444824388264191,0.0015769637140649394,0.0,0.0011595816229504395,0.0012391573729863693
