LIMIT_BAL,SEX,EDUCATION,MARRIAGE,AGE,PAY_0,PAY_2,PAY_3,PAY_4,PAY_5,PAY_6,BILL_AMT1,BILL_AMT2,BILL_AMT3,BILL_AMT4,BILL_AMT5,BILL_AMT6,PAY_AMT1,PAY_AMT2,PAY_AMT3,PAY_AMT4,PAY_AMT5,PAY_AMT6
0.05063291139240507,0.0,0.3333333333333333,0.3333333333333333,0.5925925925925926,0.2,0.2222222222222222,0.2,0.2,0.2,0.2,0.09956408924162202,0.10442803478618845,0.1569410354896268,0.1458262167167077,0.16342813632546088,0.4202936251539428,0.0036849508875907554,0.0015875059694462148,0.004822880692181939,0.001672307684616269,0.0017831788512926757,0.0017521685254027262
