LIMIT_BAL,SEX,EDUCATION,MARRIAGE,AGE,PAY_0,PAY_2,PAY_3,PAY_4,PAY_5,PAY_6,BILL_AMT1,BILL_AMT2,BILL_AMT3,BILL_AMT4,BILL_AMT5,BILL_AMT6,PAY_AMT1,PAY_AMT2,PAY_AMT3,PAY_AMT4,PAY_AMT5,PAY_AMT6
0.012658227848101266,0.0,0.5,0.3333333333333333,0.3148148148148149,0.2,0.2222222222222222,0.2,0.2,0.2,0.2,0.05106607415035075,0.06417305614161478,0.10511703604422958,0.10380072274860214,0.1640032940853521,0.42071312313906356,0.002568114837501368,0.0010520894284163568,0.0036795819994848585,0.0017023042350129735,0.0018115241798536865,0.001486988847583643
