LIMIT_BAL,SEX,EDUCATION,MARRIAGE,AGE,PAY_0,PAY_2,PAY_3,PAY_4,PAY_5,PAY_6,BILL_AMT1,BILL_AMT2,BILL_AMT3,BILL_AMT4,BILL_AMT5,BILL_AMT6,PAY_AMT1,PAY_AMT2,PAY_AMT3,PAY_AMT4,PAY_AMT5,PAY_AMT6
0.012658227848101266,1.0,0.3333333333333333,0.3333333333333333,0.05555555555555558,0.2,0.2222222222222222,0.2,0.2,0.1,0.2,0.05165471849457741,0.06724386353110688,0.10749885695704635,0.07583466676255371,0.13302810756757288,0.3985734724941733,0.0038916973070265404,0.0008149414627547304,0.0,9.998850132234792e-05,0.0025768480510009765,0.0020916976456009915
