LIMIT_BAL,SEX,EDUCATION,MARRIAGE,AGE,PAY_0,PAY_2,PAY_3,PAY_4,PAY_5,PAY_6,BILL_AMT1,BILL_AMT2,BILL_AMT3,BILL_AMT4,BILL_AMT5,BILL_AMT6,PAY_AMT1,PAY_AMT2,PAY_AMT3,PAY_AMT4,PAY_AMT5,PAY_AMT6
0.08860759493670886,0.0,0.3333333333333333,0.6666666666666666,0.2777777777777778,0.2,0.2222222222222222,0.2,0.2,0.2,0.2,0.11693930056494159,0.08881799001698143,0.13223150044813886,0.12734998172153203,0.18083809635853243,0.4237023392285689,0.00609496552199417,0.0012248570185203597,0.005301226352114971,0.002559705633852107,0.002620654467867993,0.004956629491945477
