LIMIT_BAL,SEX,EDUCATION,MARRIAGE,AGE,PAY_0,PAY_2,PAY_3,PAY_4,PAY_5,PAY_6,BILL_AMT1,BILL_AMT2,BILL_AMT3,BILL_AMT4,BILL_AMT5,BILL_AMT6,PAY_AMT1,PAY_AMT2,PAY_AMT3,PAY_AMT4,PAY_AMT5,PAY_AMT6
0.16455696202531644,1.0,0.16666666666666666,0.6666666666666666,0.03703703703703709,0.2,0.2222222222222222,0.2,0.2,0.2,0.2,0.0792927477447073,0.07660937580404467,0.12197630063432695,0.11967452341142135,0.16577451855047173,0.42637165880986777,0.00405385136148598,0.0016298829255094608,0.00532225253496917,0.0032496262929763075,0.011595816229504395,0.008674101610904586
