LIMIT_BAL,SEX,EDUCATION,MARRIAGE,AGE,PAY_0,PAY_2,PAY_3,PAY_4,PAY_5,PAY_6,BILL_AMT1,BILL_AMT2,BILL_AMT3,BILL_AMT4,BILL_AMT5,BILL_AMT6,PAY_AMT1,PAY_AMT2,PAY_AMT3,PAY_AMT4,PAY_AMT5,PAY_AMT6
0.012658227848101266,0.0,0.3333333333333333,0.6666666666666666,0.12962962962962965,0.2,0.2222222222222222,0.2,0.2,0.2,0.2,0.03786474365716098,0.05598337878865847,0.1120776311858431,0.09187626975422952,0.1501178093025232,0.41054557001925235,0.0030403885211144847,0.0009779297553056765,0.0009934871398609118,0.0009723881753598336,0.0010307392204003906,0.001486988847583643
