LIMIT_BAL,SEX,EDUCATION,MARRIAGE,AGE,PAY_0,PAY_2,PAY_3,PAY_4,PAY_5,PAY_6,BILL_AMT1,BILL_AMT2,BILL_AMT3,BILL_AMT4,BILL_AMT5,BILL_AMT6,PAY_AMT1,PAY_AMT2,PAY_AMT3,PAY_AMT4,PAY_AMT5,PAY_AMT6
0.2151898734177215,1.0,0.3333333333333333,0.3333333333333333,0.2407407407407407,0.30000000000000004,0.4444444444444444,0.4,0.4,0.4,0.4,0.24696691190898146,0.22917202696444194,0.31803664009745164,0.28965378783792695,0.38161880765874845,0.5732604016165905,0.013175016924829433,0.00456367219142649,0.0,0.029996550396704378,0.0,0.029244114002478314
