LIMIT_BAL,SEX,EDUCATION,MARRIAGE,AGE,PAY_0,PAY_2,PAY_3,PAY_4,PAY_5,PAY_6,BILL_AMT1,BILL_AMT2,BILL_AMT3,BILL_AMT4,BILL_AMT5,BILL_AMT6,PAY_AMT1,PAY_AMT2,PAY_AMT3,PAY_AMT4,PAY_AMT5,PAY_AMT6
0.3924050632911392,0.0,0.3333333333333333,0.6666666666666666,0.20370370370370372,0.2,0.2222222222222222,0.2,0.1,0.2,0.2,0.46514676080790257,0.2835653270210467,0.3244558372769003,0.3275126900511198,0.3654196200690843,0.577873707670837,0.021189481066487215,0.0651977618447667,0.45776365519162737,0.02499712533058698,0.038686219789677664,0.004386617100371747
