LIMIT_BAL,SEX,EDUCATION,MARRIAGE,AGE,PAY_0,PAY_2,PAY_3,PAY_4,PAY_5,PAY_6,BILL_AMT1,BILL_AMT2,BILL_AMT3,BILL_AMT4,BILL_AMT5,BILL_AMT6,PAY_AMT1,PAY_AMT2,PAY_AMT3,PAY_AMT4,PAY_AMT5,PAY_AMT6
0.10126582278481013,1.0,0.3333333333333333,0.6666666666666666,0.03703703703703709,0.2,0.2222222222222222,0.2,0.2,0.2,0.2,0.05417411628786749,0.05921756805434056,0.09950168279031228,0.09818234120206397,0.15850661594820967,0.41833440551393775,0.00405385136148598,0.0016298829255094608,0.002628272856774899,0.002499712533058698,0.005153696102001953,0.004956629491945477
