LIMIT_BAL,SEX,EDUCATION,MARRIAGE,AGE,PAY_0,PAY_2,PAY_3,PAY_4,PAY_5,PAY_6,BILL_AMT1,BILL_AMT2,BILL_AMT3,BILL_AMT4,BILL_AMT5,BILL_AMT6,PAY_AMT1,PAY_AMT2,PAY_AMT3,PAY_AMT4,PAY_AMT5,PAY_AMT6
0.08860759493670886,0.0,0.3333333333333333,0.3333333333333333,0.40740740740740744,0.1,0.1111111111111111,0.2,0.2,0.2,0.2,0.024712074429760603,0.0486865126331498,0.08494005833232922,0.0865260722868461,0.1453139348307043,0.40679235201271147,0.00911103093493974,0.0012224121941320956,0.006570682141937247,0.002499712533058698,0.0012884240255004883,0.0024783147459727386
