LIMIT_BAL,SEX,EDUCATION,MARRIAGE,AGE,PAY_0,PAY_2,PAY_3,PAY_4,PAY_5,PAY_6,BILL_AMT1,BILL_AMT2,BILL_AMT3,BILL_AMT4,BILL_AMT5,BILL_AMT6,PAY_AMT1,PAY_AMT2,PAY_AMT3,PAY_AMT4,PAY_AMT5,PAY_AMT6
0.5569620253164557,1.0,0.3333333333333333,0.6666666666666666,0.20370370370370372,0.2,0.2222222222222222,0.2,0.2,0.2,0.2,0.04637732573380404,0.06594066793598519,0.09945546589110309,0.09978844920683434,0.1651634134305873,0.41432925435990814,0.010167059214606837,0.0009282183260776378,0.005256545713549798,0.009843867955185152,0.0025768480510009765,0.0
