LIMIT_BAL,SEX,EDUCATION,MARRIAGE,AGE,PAY_0,PAY_2,PAY_3,PAY_4,PAY_5,PAY_6,BILL_AMT1,BILL_AMT2,BILL_AMT3,BILL_AMT4,BILL_AMT5,BILL_AMT6,PAY_AMT1,PAY_AMT2,PAY_AMT3,PAY_AMT4,PAY_AMT5,PAY_AMT6
0.0759493670886076,1.0,0.3333333333333333,0.6666666666666666,0.09259259259259262,0.4,0.4444444444444444,0.2,0.2,0.4,0.4,0.09004060861116038,0.09576107651932281,0.14619725702703196,0.14328521002259337,0.20480191370672837,0.45290314869563075,0.0,0.0016355875157487438,0.009414473372967688,0.0,0.009279229831654516,0.0
