LIMIT_BAL,SEX,EDUCATION,MARRIAGE,AGE,PAY_0,PAY_2,PAY_3,PAY_4,PAY_5,PAY_6,BILL_AMT1,BILL_AMT2,BILL_AMT3,BILL_AMT4,BILL_AMT5,BILL_AMT6,PAY_AMT1,PAY_AMT2,PAY_AMT3,PAY_AMT4,PAY_AMT5,PAY_AMT6
0.48101265822784806,1.0,0.3333333333333333,0.3333333333333333,0.18518518518518523,0.2,0.2222222222222222,0.2,0.2,0.2,0.0,0.10199244337633838,0.08651520609272886,0.13150688549268041,0.10080425259044845,0.13289738989487032,0.3979407101702482,0.0034457736572630826,0.013854004866830416,0.0008752148613060414,0.0,0.042945749617982275,0.0342180916976456
