LIMIT_BAL,SEX,EDUCATION,MARRIAGE,AGE,PAY_0,PAY_2,PAY_3,PAY_4,PAY_5,PAY_6,BILL_AMT1,BILL_AMT2,BILL_AMT3,BILL_AMT4,BILL_AMT5,BILL_AMT6,PAY_AMT1,PAY_AMT2,PAY_AMT3,PAY_AMT4,PAY_AMT5,PAY_AMT6
0.24050632911392406,1.0,0.3333333333333333,0.6666666666666666,0.16666666666666674,0.0,0.1111111111111111,0.1,0.0,0.0,0.0,0.02463986739020213,0.05047985385684146,0.07677947441481979,0.0764174802083146,0.1335330045783865,0.3983965333998905,0.011938592259576209,0.00031782717047434484,0.0010250264141422106,0.0009748878878928923,0.001004970739890381,0.0028946716232961587
