LIMIT_BAL,SEX,EDUCATION,MARRIAGE,AGE,PAY_0,PAY_2,PAY_3,PAY_4,PAY_5,PAY_6,BILL_AMT1,BILL_AMT2,BILL_AMT3,BILL_AMT4,BILL_AMT5,BILL_AMT6,PAY_AMT1,PAY_AMT2,PAY_AMT3,PAY_AMT4,PAY_AMT5,PAY_AMT6
0.37974683544303794,1.0,0.3333333333333333,0.3333333333333333,0.16666666666666674,0.1,0.2222222222222222,0.2,0.2,0.2,0.2,0.0456411278739579,0.06544280347861885,0.11115989561583194,0.1365596327526174,0.20091959882746246,0.4588534581046893,0.00810770272297196,0.0032597658510189215,0.0525733419540683,0.007566629837568679,0.05155242210832554,0.02492193308550186
