LIMIT_BAL,SEX,EDUCATION,MARRIAGE,AGE,PAY_0,PAY_2,PAY_3,PAY_4,PAY_5,PAY_6,BILL_AMT1,BILL_AMT2,BILL_AMT3,BILL_AMT4,BILL_AMT5,BILL_AMT6,PAY_AMT1,PAY_AMT2,PAY_AMT3,PAY_AMT4,PAY_AMT5,PAY_AMT6
0.24050632911392406,1.0,0.16666666666666666,0.3333333333333333,0.5185185185185185,0.1,0.1111111111111111,0.1,0.1,0.0,0.0,0.024677540628232637,0.04290382339319714,0.07630740180146871,0.07583466676255371,0.13289738989487032,0.3979407101702482,0.0,8.393897066373722e-05,0.0,0.0,0.0,0.0005576208178438662
