LIMIT_BAL,SEX,EDUCATION,MARRIAGE,AGE,PAY_0,PAY_2,PAY_3,PAY_4,PAY_5,PAY_6,BILL_AMT1,BILL_AMT2,BILL_AMT3,BILL_AMT4,BILL_AMT5,BILL_AMT6,PAY_AMT1,PAY_AMT2,PAY_AMT3,PAY_AMT4,PAY_AMT5,PAY_AMT6
0.4430379746835443,0.0,0.16666666666666666,0.3333333333333333,0.42592592592592593,0.1,0.1111111111111111,0.1,0.1,0.1,0.1,0.02428825050191741,0.043116091185097516,0.07640973922114622,0.07608187555060139,0.13316699509481933,0.39813405421366976,0.0003344427373225933,0.0001344653413545305,0.0004336650213678583,0.0004124525679546852,0.00042517992841516113,0.0004089219330855019
