LIMIT_BAL,SEX,EDUCATION,MARRIAGE,AGE,PAY_0,PAY_2,PAY_3,PAY_4,PAY_5,PAY_6,BILL_AMT1,BILL_AMT2,BILL_AMT3,BILL_AMT4,BILL_AMT5,BILL_AMT6,PAY_AMT1,PAY_AMT2,PAY_AMT3,PAY_AMT4,PAY_AMT5,PAY_AMT6
0.025316455696202535,1.0,0.3333333333333333,0.3333333333333333,0.03703703703703709,0.4,0.2222222222222222,0.2,0.2,0.2,0.2,0.06797664887129409,0.07641511861266917,0.12107011928911807,0.11737922727027561,0.17936262062790234,0.42762898098314855,0.0036484662253373815,0.0015483887792339876,0.0034956028995106153,0.002594701609314929,0.002906684601529102,0.012391573729863693
