LIMIT_BAL,SEX,EDUCATION,MARRIAGE,AGE,PAY_0,PAY_2,PAY_3,PAY_4,PAY_5,PAY_6,BILL_AMT1,BILL_AMT2,BILL_AMT3,BILL_AMT4,BILL_AMT5,BILL_AMT6,PAY_AMT1,PAY_AMT2,PAY_AMT3,PAY_AMT4,PAY_AMT5,PAY_AMT6
0.12658227848101264,1.0,0.3333333333333333,0.6666666666666666,0.03703703703703709,0.2,0.2222222222222222,0.2,0.2,0.2,0.2,0.05539221765085385,0.06951191272577575,0.11187955876066084,0.1087928420320862,0.17089538337859433,0.42668100927934227,0.005067314201857474,0.0016298829255094608,0.0036795819994848585,0.004999425066117396,0.004638326491801758,0.0027261462205700124
