LIMIT_BAL,SEX,EDUCATION,MARRIAGE,AGE,PAY_0,PAY_2,PAY_3,PAY_4,PAY_5,PAY_6,BILL_AMT1,BILL_AMT2,BILL_AMT3,BILL_AMT4,BILL_AMT5,BILL_AMT6,PAY_AMT1,PAY_AMT2,PAY_AMT3,PAY_AMT4,PAY_AMT5,PAY_AMT6
0.0759493670886076,1.0,0.16666666666666666,0.6666666666666666,0.05555555555555558,0.30000000000000004,0.4444444444444444,0.4,0.4,0.4,0.4,0.04903799816970852,0.06461817526887254,0.1030669864435931,0.10145298837968872,0.16015692656607944,0.4199151395416691,0.0030403885211144847,0.0,0.003561309720929988,0.0,0.0060633234640052975,0.0
