LIMIT_BAL,SEX,EDUCATION,MARRIAGE,AGE,PAY_0,PAY_2,PAY_3,PAY_4,PAY_5,PAY_6,BILL_AMT1,BILL_AMT2,BILL_AMT3,BILL_AMT4,BILL_AMT5,BILL_AMT6,PAY_AMT1,PAY_AMT2,PAY_AMT3,PAY_AMT4,PAY_AMT5,PAY_AMT6
0.430379746835443,0.0,0.5,0.3333333333333333,0.18518518518518523,0.2,0.2222222222222222,0.2,0.2,0.2,0.2,0.3889903101292349,0.3410397262388721,0.40244355348533195,0.38744359144927276,0.432253932150992,0.6210902026128396,0.04053851361485979,0.016317572908737966,0.052602252955492826,0.04999425066117396,0.051536961020019534,0.04956629491945477
