LIMIT_BAL,SEX,EDUCATION,MARRIAGE,AGE,PAY_0,PAY_2,PAY_3,PAY_4,PAY_5,PAY_6,BILL_AMT1,BILL_AMT2,BILL_AMT3,BILL_AMT4,BILL_AMT5,BILL_AMT6,PAY_AMT1,PAY_AMT2,PAY_AMT3,PAY_AMT4,PAY_AMT5,PAY_AMT6
0.1139240506329114,0.0,0.5,0.6666666666666666,0.20370370370370372,0.2,0.2222222222222222,0.2,0.2,0.1,0.1,0.1095522064744599,0.1013520815108321,0.14359755644651467,0.09190473622073198,0.1347290712836149,0.46949792653160705,0.004986237174627755,0.0018091700473155015,0.0036795819994848585,0.0028021777495588008,0.15736037993047663,0.005477075588599753
