LIMIT_BAL,SEX,EDUCATION,MARRIAGE,AGE,PAY_0,PAY_2,PAY_3,PAY_4,PAY_5,PAY_6,BILL_AMT1,BILL_AMT2,BILL_AMT3,BILL_AMT4,BILL_AMT5,BILL_AMT6,PAY_AMT1,PAY_AMT2,PAY_AMT3,PAY_AMT4,PAY_AMT5,PAY_AMT6
0.3924050632911392,0.0,0.5,0.3333333333333333,0.6481481481481481,0.2,0.2222222222222222,0.2,0.2,0.2,0.2,0.45446168867150033,0.38090747697216076,0.40586360402681243,0.3571417869749435,0.24551066492812162,0.47141379023460245,0.019136205351894565,0.0063736571802047465,0.01934671649872003,0.0055668598111217205,0.005272231112347998,0.004688971499380422
