LIMIT_BAL,SEX,EDUCATION,MARRIAGE,AGE,PAY_0,PAY_2,PAY_3,PAY_4,PAY_5,PAY_6,BILL_AMT1,BILL_AMT2,BILL_AMT3,BILL_AMT4,BILL_AMT5,BILL_AMT6,PAY_AMT1,PAY_AMT2,PAY_AMT3,PAY_AMT4,PAY_AMT5,PAY_AMT6
0.13924050632911392,1.0,0.3333333333333333,0.3333333333333333,0.2407407407407407,0.1,0.1111111111111111,0.1,0.1,0.2,0.2,0.024540975140372054,0.04354577265476252,0.07922401826227761,0.07681151603411182,0.13343006441113323,0.3979407101702482,0.001011435914690752,0.0015239405353513458,0.001713633902617234,0.0,0.0,0.00422552664188352
