LIMIT_BAL,SEX,EDUCATION,MARRIAGE,AGE,PAY_0,PAY_2,PAY_3,PAY_4,PAY_5,PAY_6,BILL_AMT1,BILL_AMT2,BILL_AMT3,BILL_AMT4,BILL_AMT5,BILL_AMT6,PAY_AMT1,PAY_AMT2,PAY_AMT3,PAY_AMT4,PAY_AMT5,PAY_AMT6
0.13924050632911392,0.0,0.6666666666666666,0.3333333333333333,0.33333333333333337,0.4,0.2222222222222222,0.2,0.2,0.2,0.1,0.20399273534393314,0.19039134461997634,0.19529115821200022,0.14001905755020586,0.16534805214327963,0.3983977051819719,0.010134628403714948,0.008149414627547303,0.010513091427099596,0.01249856266529349,0.001004970739890381,0.0019330855018587362
