LIMIT_BAL,SEX,EDUCATION,MARRIAGE,AGE,PAY_0,PAY_2,PAY_3,PAY_4,PAY_5,PAY_6,BILL_AMT1,BILL_AMT2,BILL_AMT3,BILL_AMT4,BILL_AMT5,BILL_AMT6,PAY_AMT1,PAY_AMT2,PAY_AMT3,PAY_AMT4,PAY_AMT5,PAY_AMT6
0.7848101265822784,1.0,0.16666666666666666,0.3333333333333333,0.18518518518518523,0.2,0.2222222222222222,0.2,0.2,0.2,0.2,0.7261061412087145,0.6330880461071373,0.8524129347896059,0.7958669687108586,0.7629353306993722,0.8360817482051227,0.04053851361485979,0.016298829255094606,0.05256545713549798,0.037495687995880475,0.03865272076501465,0.03717472118959108
