LIMIT_BAL,SEX,EDUCATION,MARRIAGE,AGE,PAY_0,PAY_2,PAY_3,PAY_4,PAY_5,PAY_6,BILL_AMT1,BILL_AMT2,BILL_AMT3,BILL_AMT4,BILL_AMT5,BILL_AMT6,PAY_AMT1,PAY_AMT2,PAY_AMT3,PAY_AMT4,PAY_AMT5,PAY_AMT6
0.3924050632911392,1.0,0.3333333333333333,0.6666666666666666,0.18518518518518523,0.0,0.0,0.0,0.0,0.0,0.0,0.029703778468802636,0.047672773117892246,0.08506055239098177,0.08054511785117131,0.13558363806890783,0.400196390676833,0.007513813498514263,0.004405573547652072,0.008297457408838355,0.0041095274043485,0.00496043249817688,0.0
