LIMIT_BAL,SEX,EDUCATION,MARRIAGE,AGE,PAY_0,PAY_2,PAY_3,PAY_4,PAY_5,PAY_6,BILL_AMT1,BILL_AMT2,BILL_AMT3,BILL_AMT4,BILL_AMT5,BILL_AMT6,PAY_AMT1,PAY_AMT2,PAY_AMT3,PAY_AMT4,PAY_AMT5,PAY_AMT6
0.025316455696202535,0.0,0.5,1.0,0.6111111111111112,0.2,0.2222222222222222,0.2,0.2,0.2,0.2,0.06011236043242599,0.0715895641434673,0.11303168003380437,0.11062518353379719,0.17266660784371396,0.42834025270652365,0.005067314201857474,0.0016298829255094608,0.003942409285162349,0.009998850132234793,0.005153696102001953,0.0
