LIMIT_BAL,SEX,EDUCATION,MARRIAGE,AGE,PAY_0,PAY_2,PAY_3,PAY_4,PAY_5,PAY_6,BILL_AMT1,BILL_AMT2,BILL_AMT3,BILL_AMT4,BILL_AMT5,BILL_AMT6,PAY_AMT1,PAY_AMT2,PAY_AMT3,PAY_AMT4,PAY_AMT5,PAY_AMT6
0.1772151898734177,1.0,0.3333333333333333,0.6666666666666666,0.12962962962962965,0.4,0.4444444444444444,0.4,0.4,0.4,0.4,0.23996596850831245,0.21957109041321465,0.31819509803759743,0.29737119673025175,0.37694074894690577,0.5681561188702614,0.0070942398826004645,0.010594239015811495,0.013667018855229474,0.0132484764252111,0.0010307392204003906,0.012391573729863693
