LIMIT_BAL,SEX,EDUCATION,MARRIAGE,AGE,PAY_0,PAY_2,PAY_3,PAY_4,PAY_5,PAY_6,BILL_AMT1,BILL_AMT2,BILL_AMT3,BILL_AMT4,BILL_AMT5,BILL_AMT6,PAY_AMT1,PAY_AMT2,PAY_AMT3,PAY_AMT4,PAY_AMT5,PAY_AMT6
0.27848101265822783,1.0,0.16666666666666666,0.6666666666666666,0.462962962962963,0.1,0.1111111111111111,0.1,0.1,0.1,0.1,0.025126480048096166,0.043803066947975096,0.07729116151320731,0.07733140360655148,0.13477482246906078,0.39893555315730816,0.0014168210508393498,0.0005696440824655565,0.002625644583918124,0.0028721697004844443,0.0021877439952998293,0.002475836431226766
