LIMIT_BAL,SEX,EDUCATION,MARRIAGE,AGE,PAY_0,PAY_2,PAY_3,PAY_4,PAY_5,PAY_6,BILL_AMT1,BILL_AMT2,BILL_AMT3,BILL_AMT4,BILL_AMT5,BILL_AMT6,PAY_AMT1,PAY_AMT2,PAY_AMT3,PAY_AMT4,PAY_AMT5,PAY_AMT6
0.0,0.0,0.5,0.6666666666666666,0.2777777777777778,0.2,0.2222222222222222,0.2,0.2,0.2,0.2,0.0345903113850095,0.05325991869500335,0.09186929200662222,0.0906731869857308,0.14810965905563017,0.42020456971576076,0.0029309345343543633,0.0016437369303762912,0.002628272856774899,0.00046494653114891786,0.0004896011296901856,0.0
