LIMIT_BAL,SEX,EDUCATION,MARRIAGE,AGE,PAY_0,PAY_2,PAY_3,PAY_4,PAY_5,PAY_6,BILL_AMT1,BILL_AMT2,BILL_AMT3,BILL_AMT4,BILL_AMT5,BILL_AMT6,PAY_AMT1,PAY_AMT2,PAY_AMT3,PAY_AMT4,PAY_AMT5,PAY_AMT6
0.1139240506329114,1.0,0.16666666666666666,0.3333333333333333,0.37037037037037035,0.4,0.4444444444444444,0.4,0.4,0.4,0.4,0.0739243113253602,0.08745304379148872,0.1325698741744919,0.13023408424875496,0.19321705996346442,0.44034984725820564,0.007459086505134202,0.00032597658510189213,0.007884818570324697,0.0037495687995880472,0.0,0.0076827757125154895
