LIMIT_BAL,SEX,EDUCATION,MARRIAGE,AGE,PAY_0,PAY_2,PAY_3,PAY_4,PAY_5,PAY_6,BILL_AMT1,BILL_AMT2,BILL_AMT3,BILL_AMT4,BILL_AMT5,BILL_AMT6,PAY_AMT1,PAY_AMT2,PAY_AMT3,PAY_AMT4,PAY_AMT5,PAY_AMT6
0.05063291139240507,1.0,0.3333333333333333,0.6666666666666666,0.2222222222222222,0.2,0.2222222222222222,0.2,0.2,0.2,0.2,0.04713549964916797,0.06315674368342511,0.10379490260613794,0.10143800602889796,0.16140364636948004,0.418827725770183,0.002564060986139882,0.0010414951894005453,0.0016058747154894632,0.0015798183208930972,0.0017213344980686524,0.0014646840148698885
