LIMIT_BAL,SEX,EDUCATION,MARRIAGE,AGE,PAY_0,PAY_2,PAY_3,PAY_4,PAY_5,PAY_6,BILL_AMT1,BILL_AMT2,BILL_AMT3,BILL_AMT4,BILL_AMT5,BILL_AMT6,PAY_AMT1,PAY_AMT2,PAY_AMT3,PAY_AMT4,PAY_AMT5,PAY_AMT6
0.05063291139240507,1.0,0.3333333333333333,0.3333333333333333,0.20370370370370372,0.30000000000000004,0.4444444444444444,0.4,0.4,0.2,0.2,0.10429208061445051,0.10670508928111974,0.15914954303040907,0.14854701162031125,0.17751786747188752,0.43021041690834666,0.0,0.003911719021222706,0.0,0.002999655039670438,0.003092217661201172,0.0034696406443618343
