LIMIT_BAL,SEX,EDUCATION,MARRIAGE,AGE,PAY_0,PAY_2,PAY_3,PAY_4,PAY_5,PAY_6,BILL_AMT1,BILL_AMT2,BILL_AMT3,BILL_AMT4,BILL_AMT5,BILL_AMT6,PAY_AMT1,PAY_AMT2,PAY_AMT3,PAY_AMT4,PAY_AMT5,PAY_AMT6
0.5822784810126582,1.0,0.16666666666666666,0.3333333333333333,0.4814814814814815,0.2,0.2222222222222222,0.2,0.2,0.2,0.4,0.7257827792489526,0.6219060361241188,0.8207081419320975,0.7384096534282615,0.8696940879664579,0.8997434969023941,0.03567389198107662,0.014179981451932309,0.04037027108006245,0.07749108852481965,0.0,0.07162329615861214
