LIMIT_BAL,SEX,EDUCATION,MARRIAGE,AGE,PAY_0,PAY_2,PAY_3,PAY_4,PAY_5,PAY_6,BILL_AMT1,BILL_AMT2,BILL_AMT3,BILL_AMT4,BILL_AMT5,BILL_AMT6,PAY_AMT1,PAY_AMT2,PAY_AMT3,PAY_AMT4,PAY_AMT5,PAY_AMT6
0.24050632911392406,1.0,0.16666666666666666,0.3333333333333333,0.33333333333333337,0.1,0.1111111111111111,0.1,0.1,0.1,0.1,0.18137623477961942,0.14787474913806412,0.265577158287928,0.18097331343677148,0.24593549736440493,0.4499397118119149,0.165389027845905,0.0935308316803604,0.18443904772417852,0.17293011303700073,0.11435020911121933,0.09327881040892194
