LIMIT_BAL,SEX,EDUCATION,MARRIAGE,AGE,PAY_0,PAY_2,PAY_3,PAY_4,PAY_5,PAY_6,BILL_AMT1,BILL_AMT2,BILL_AMT3,BILL_AMT4,BILL_AMT5,BILL_AMT6,PAY_AMT1,PAY_AMT2,PAY_AMT3,PAY_AMT4,PAY_AMT5,PAY_AMT6
0.6962025316455697,1.0,0.16666666666666666,0.6666666666666666,0.20370370370370372,0.2,0.2222222222222222,0.2,0.2,0.2,0.2,0.13108246200889404,0.08305588432048577,0.11573701924108551,0.09903933166729592,0.15345110995643835,0.41129902589755574,0.0031376809537901483,0.00117840535514334,0.03868817645172651,0.0010673772516160641,0.0025768480510009765,0.0007434944237918215
