LIMIT_BAL,SEX,EDUCATION,MARRIAGE,AGE,PAY_0,PAY_2,PAY_3,PAY_4,PAY_5,PAY_6,BILL_AMT1,BILL_AMT2,BILL_AMT3,BILL_AMT4,BILL_AMT5,BILL_AMT6,PAY_AMT1,PAY_AMT2,PAY_AMT3,PAY_AMT4,PAY_AMT5,PAY_AMT6
0.26582278481012656,0.0,0.3333333333333333,0.6666666666666666,0.16666666666666674,0.2,0.2222222222222222,0.2,0.2,0.2,0.2,0.16720324868889283,0.16009236865126333,0.20295656106655402,0.17603513061613418,0.22357460547772406,0.4487597272560027,0.00810770272297196,0.002444824388264191,0.005968807657735795,0.005021922478914925,0.0037853897869204347,0.004956629491945477
