LIMIT_BAL,SEX,EDUCATION,MARRIAGE,AGE,PAY_0,PAY_2,PAY_3,PAY_4,PAY_5,PAY_6,BILL_AMT1,BILL_AMT2,BILL_AMT3,BILL_AMT4,BILL_AMT5,BILL_AMT6,PAY_AMT1,PAY_AMT2,PAY_AMT3,PAY_AMT4,PAY_AMT5,PAY_AMT6
0.620253164556962,1.0,0.16666666666666666,0.6666666666666666,0.2592592592592593,0.30000000000000004,0.1111111111111111,0.1,0.1,0.1,0.1,0.024029246990457682,0.04372716513147739,0.12856385937518056,0.14016138988271815,0.13692349421410901,0.4009076624002081,0.0012972324356755134,0.025885800622941255,0.13663339273229988,0.1374841893182284,0.0065245792651344725,0.014168525402726147
