LIMIT_BAL,SEX,EDUCATION,MARRIAGE,AGE,PAY_0,PAY_2,PAY_3,PAY_4,PAY_5,PAY_6,BILL_AMT1,BILL_AMT2,BILL_AMT3,BILL_AMT4,BILL_AMT5,BILL_AMT6,PAY_AMT1,PAY_AMT2,PAY_AMT3,PAY_AMT4,PAY_AMT5,PAY_AMT6
0.36708860759493667,1.0,0.16666666666666666,0.6666666666666666,0.5740740740740741,0.1,0.1111111111111111,0.2,0.1,0.2,0.2,0.02494439273094872,0.18619487469767923,0.2604520342863368,0.09729688427032955,0.15155080178952496,0.4102713730122181,0.22633665614016596,0.002444824388264191,0.03765000867330043,0.0,0.0,0.024602230483271377
