LIMIT_BAL,SEX,EDUCATION,MARRIAGE,AGE,PAY_0,PAY_2,PAY_3,PAY_4,PAY_5,PAY_6,BILL_AMT1,BILL_AMT2,BILL_AMT3,BILL_AMT4,BILL_AMT5,BILL_AMT6,PAY_AMT1,PAY_AMT2,PAY_AMT3,PAY_AMT4,PAY_AMT5,PAY_AMT6
0.37974683544303794,0.0,0.16666666666666666,0.6666666666666666,0.09259259259259262,0.1,0.2222222222222222,0.2,0.2,0.2,0.2,0.09832401182311787,0.10587274224257706,0.15823510866748428,0.1561430634712309,0.1990895514096267,0.4491968019723436,0.00810770272297196,0.0040747073137736515,0.01327803447242679,0.024872139703934048,0.012884240255004883,0.012391573729863693
