LIMIT_BAL,SEX,EDUCATION,MARRIAGE,AGE,PAY_0,PAY_2,PAY_3,PAY_4,PAY_5,PAY_6,BILL_AMT1,BILL_AMT2,BILL_AMT3,BILL_AMT4,BILL_AMT5,BILL_AMT6,PAY_AMT1,PAY_AMT2,PAY_AMT3,PAY_AMT4,PAY_AMT5,PAY_AMT6
0.0,1.0,0.3333333333333333,0.6666666666666666,0.0,0.2,0.2222222222222222,0.2,0.1,0.1,0.0,0.03762300704646523,0.05545463901610663,0.09026655596618904,0.07700329012423365,0.13289738989487032,0.3979407101702482,0.0036484662253373815,0.0010594239015811495,0.002102618285419919,0.0,0.004896011296901855,0.0
