LIMIT_BAL,SEX,EDUCATION,MARRIAGE,AGE,PAY_0,PAY_2,PAY_3,PAY_4,PAY_5,PAY_6,BILL_AMT1,BILL_AMT2,BILL_AMT3,BILL_AMT4,BILL_AMT5,BILL_AMT6,PAY_AMT1,PAY_AMT2,PAY_AMT3,PAY_AMT4,PAY_AMT5,PAY_AMT6
0.18987341772151897,1.0,0.3333333333333333,0.6666666666666666,0.2777777777777778,0.0,0.0,0.1,0.1,0.1,0.1,0.028725843998260753,0.04457623629907889,0.09082611056732895,0.08520912365233754,0.13094152671705833,0.41217903424064417,0.0026350033849658868,0.009810265328641444,0.02811200647606432,0.0015323237827649819,0.036751006903375925,0.0
