LIMIT_BAL,SEX,EDUCATION,MARRIAGE,AGE,PAY_0,PAY_2,PAY_3,PAY_4,PAY_5,PAY_6,BILL_AMT1,BILL_AMT2,BILL_AMT3,BILL_AMT4,BILL_AMT5,BILL_AMT6,PAY_AMT1,PAY_AMT2,PAY_AMT3,PAY_AMT4,PAY_AMT5,PAY_AMT6
0.18987341772151897,0.0,0.3333333333333333,0.6666666666666666,0.12962962962962965,0.2,0.2222222222222222,0.2,0.2,0.2,0.1,0.15726536244009565,0.11958652807080739,0.1397054332916831,0.10449440559021472,0.15826478825370993,0.4110013932488947,0.005255818290166573,0.0016298829255094608,0.004215749662266938,0.004999425066117396,0.028721548376456886,0.004971499380421314
