LIMIT_BAL,SEX,EDUCATION,MARRIAGE,AGE,PAY_0,PAY_2,PAY_3,PAY_4,PAY_5,PAY_6,BILL_AMT1,BILL_AMT2,BILL_AMT3,BILL_AMT4,BILL_AMT5,BILL_AMT6,PAY_AMT1,PAY_AMT2,PAY_AMT3,PAY_AMT4,PAY_AMT5,PAY_AMT6
0.025316455696202535,1.0,0.5,0.3333333333333333,0.12962962962962965,0.2,0.2222222222222222,0.2,0.2,0.2,0.2,0.05212249453345619,0.0672747388462924,0.10865097823018988,0.10258565409947082,0.1554200449015206,0.40569322042041195,0.0027201342635570923,0.0008931758431791845,0.001350932248382298,0.0025522064962529307,0.00038910405570114745,0.0026691449814126396
