LIMIT_BAL,SEX,EDUCATION,MARRIAGE,AGE,PAY_0,PAY_2,PAY_3,PAY_4,PAY_5,PAY_6,BILL_AMT1,BILL_AMT2,BILL_AMT3,BILL_AMT4,BILL_AMT5,BILL_AMT6,PAY_AMT1,PAY_AMT2,PAY_AMT3,PAY_AMT4,PAY_AMT5,PAY_AMT6
0.24050632911392406,0.0,0.3333333333333333,0.3333333333333333,0.18518518518518523,0.1,0.1111111111111111,0.1,0.1,0.1,0.0,0.03495605573755567,0.04785416559460712,0.08369880446785367,0.07674859016079058,0.13289738989487032,0.3979407101702482,0.00780974464790274,0.00373324684087942,0.0016085029883462381,0.0,0.0,0.0
