LIMIT_BAL,SEX,EDUCATION,MARRIAGE,AGE,PAY_0,PAY_2,PAY_3,PAY_4,PAY_5,PAY_6,BILL_AMT1,BILL_AMT2,BILL_AMT3,BILL_AMT4,BILL_AMT5,BILL_AMT6,PAY_AMT1,PAY_AMT2,PAY_AMT3,PAY_AMT4,PAY_AMT5,PAY_AMT6
0.48101265822784806,1.0,0.16666666666666666,0.3333333333333333,0.38888888888888884,0.2,0.2222222222222222,0.2,0.2,0.2,0.2,0.5107596337533377,0.28044692018731027,0.22532388968026157,0.1585552219485446,0.1814279598566027,0.3962662335760094,0.0203118222467255,0.0032597658510189215,0.03954499340303513,0.04999425066117396,0.0,0.025006195786864933
