LIMIT_BAL,SEX,EDUCATION,MARRIAGE,AGE,PAY_0,PAY_2,PAY_3,PAY_4,PAY_5,PAY_6,BILL_AMT1,BILL_AMT2,BILL_AMT3,BILL_AMT4,BILL_AMT5,BILL_AMT6,PAY_AMT1,PAY_AMT2,PAY_AMT3,PAY_AMT4,PAY_AMT5,PAY_AMT6
0.4430379746835443,1.0,0.3333333333333333,0.6666666666666666,0.37037037037037035,0.1,0.1111111111111111,0.1,0.1,0.1,0.1,0.02974302142508441,0.044751196418463444,0.07797616198362932,0.07870678340914403,0.16490361205609097,0.41746963033790674,0.002910665277546933,0.0009078447895087697,0.005038399066437481,0.04896436909755378,0.042945749617982275,0.0017521685254027262
