LIMIT_BAL,SEX,EDUCATION,MARRIAGE,AGE,PAY_0,PAY_2,PAY_3,PAY_4,PAY_5,PAY_6,BILL_AMT1,BILL_AMT2,BILL_AMT3,BILL_AMT4,BILL_AMT5,BILL_AMT6,PAY_AMT1,PAY_AMT2,PAY_AMT3,PAY_AMT4,PAY_AMT5,PAY_AMT6
0.20253164556962022,0.0,0.16666666666666666,0.3333333333333333,0.42592592592592593,0.1,0.1111111111111111,0.1,0.1,0.1,0.1,0.034340726183057405,0.08026166829619719,0.07896982531662704,0.07949335682565938,0.15676153501763054,0.4013330192957355,0.05892070261351797,0.0014025142574008909,0.006418242316244303,0.03650830154532229,0.007459975107647827,0.023811648079306073
