LIMIT_BAL,SEX,EDUCATION,MARRIAGE,AGE,PAY_0,PAY_2,PAY_3,PAY_4,PAY_5,PAY_6,BILL_AMT1,BILL_AMT2,BILL_AMT3,BILL_AMT4,BILL_AMT5,BILL_AMT6,PAY_AMT1,PAY_AMT2,PAY_AMT3,PAY_AMT4,PAY_AMT5,PAY_AMT6
0.06329113924050633,1.0,0.5,0.3333333333333333,0.7407407407407407,0.2,0.2222222222222222,0.2,0.2,0.2,0.2,0.0683078594223123,0.08050738434621521,0.1268752919505017,0.12204173483636277,0.1787613193334706,0.43068147330504647,0.0030302538927107696,0.0016331426913604797,0.005280200169260772,0.0030271518775340832,0.005153696102001953,0.002976456009913259
