LIMIT_BAL,SEX,EDUCATION,MARRIAGE,AGE,PAY_0,PAY_2,PAY_3,PAY_4,PAY_5,PAY_6,BILL_AMT1,BILL_AMT2,BILL_AMT3,BILL_AMT4,BILL_AMT5,BILL_AMT6,PAY_AMT1,PAY_AMT2,PAY_AMT3,PAY_AMT4,PAY_AMT5,PAY_AMT6
0.16455696202531644,0.0,0.3333333333333333,0.6666666666666666,0.12962962962962965,0.2,0.2222222222222222,0.2,0.2,0.1,0.2,0.36672699617145715,0.21668682138630166,0.27876878180506703,0.19054553735699348,0.3608494034372212,0.5646302265875011,0.010134628403714948,0.005390022834659787,0.005776943739191228,0.3499597546282177,0.013948478500068286,0.011620817843866172
