LIMIT_BAL,SEX,EDUCATION,MARRIAGE,AGE,PAY_0,PAY_2,PAY_3,PAY_4,PAY_5,PAY_6,BILL_AMT1,BILL_AMT2,BILL_AMT3,BILL_AMT4,BILL_AMT5,BILL_AMT6,PAY_AMT1,PAY_AMT2,PAY_AMT3,PAY_AMT4,PAY_AMT5,PAY_AMT6
0.06329113924050633,1.0,0.3333333333333333,0.3333333333333333,0.7037037037037037,0.6000000000000001,0.6666666666666666,0.7,0.6000000000000001,0.5,0.4,0.11350004787640666,0.11894843822364021,0.1745051077926644,0.16285066192025793,0.22585726283729246,0.4633566166432896,0.0072989593763555065,0.0016298829255094608,0.0,0.0,0.0,0.009913258983890954
