LIMIT_BAL,SEX,EDUCATION,MARRIAGE,AGE,PAY_0,PAY_2,PAY_3,PAY_4,PAY_5,PAY_6,BILL_AMT1,BILL_AMT2,BILL_AMT3,BILL_AMT4,BILL_AMT5,BILL_AMT6,PAY_AMT1,PAY_AMT2,PAY_AMT3,PAY_AMT4,PAY_AMT5,PAY_AMT6
0.15189873417721517,0.0,0.5,0.3333333333333333,0.42592592592592593,0.2,0.2222222222222222,0.2,0.2,0.2,0.2,0.2183132749502792,0.20009648535995472,0.27240900635317306,0.20298238674841038,0.2748012274389467,0.5011383862920245,0.009323858131417753,0.003969579865078292,0.009198954998712146,0.008748993865705443,0.009018968178503417,0.0076827757125154895
