LIMIT_BAL,SEX,EDUCATION,MARRIAGE,AGE,PAY_0,PAY_2,PAY_3,PAY_4,PAY_5,PAY_6,BILL_AMT1,BILL_AMT2,BILL_AMT3,BILL_AMT4,BILL_AMT5,BILL_AMT6,PAY_AMT1,PAY_AMT2,PAY_AMT3,PAY_AMT4,PAY_AMT5,PAY_AMT6
0.2531645569620253,1.0,0.16666666666666666,0.6666666666666666,0.07407407407407407,0.2,0.2222222222222222,0.2,0.2,0.2,0.2,0.12844219591025607,0.12501672412905881,0.17635048255394586,0.16864883167628533,0.23405326091574266,0.4681468617918188,0.006080777042228969,0.0020373536568868257,0.016450359810554094,0.01249856266529349,0.0077305441530029296,0.012391573729863693
