LIMIT_BAL,SEX,EDUCATION,MARRIAGE,AGE,PAY_0,PAY_2,PAY_3,PAY_4,PAY_5,PAY_6,BILL_AMT1,BILL_AMT2,BILL_AMT3,BILL_AMT4,BILL_AMT5,BILL_AMT6,PAY_AMT1,PAY_AMT2,PAY_AMT3,PAY_AMT4,PAY_AMT5,PAY_AMT6
0.34177215189873417,1.0,0.16666666666666666,0.3333333333333333,0.6666666666666667,0.1,0.1111111111111111,0.1,0.4,0.4,0.5,0.025487515245888513,0.04505094427005609,0.08555738405748062,0.0830187039667272,0.1416031868968605,0.4037632953324404,0.00338293896116005,0.003907644313908932,0.0,0.010286317073536543,0.0,0.0
