LIMIT_BAL,SEX,EDUCATION,MARRIAGE,AGE,PAY_0,PAY_2,PAY_3,PAY_4,PAY_5,PAY_6,BILL_AMT1,BILL_AMT2,BILL_AMT3,BILL_AMT4,BILL_AMT5,BILL_AMT6,PAY_AMT1,PAY_AMT2,PAY_AMT3,PAY_AMT4,PAY_AMT5,PAY_AMT6
0.4430379746835443,0.0,0.3333333333333333,0.6666666666666666,0.2222222222222222,0.1,0.1111111111111111,0.1,0.2,0.1,0.1,0.039070287274137167,0.04562985642978439,0.09354960641358513,0.08244038522620353,0.13709179321771356,0.405245599665339,0.004335594031109255,0.008622080675945047,0.00028911001424523886,0.0064442589102253235,0.016143953039521118,0.0
