LIMIT_BAL,SEX,EDUCATION,MARRIAGE,AGE,PAY_0,PAY_2,PAY_3,PAY_4,PAY_5,PAY_6,BILL_AMT1,BILL_AMT2,BILL_AMT3,BILL_AMT4,BILL_AMT5,BILL_AMT6,PAY_AMT1,PAY_AMT2,PAY_AMT3,PAY_AMT4,PAY_AMT5,PAY_AMT6
0.20253164556962022,0.0,0.3333333333333333,0.6666666666666666,0.20370370370370372,0.30000000000000004,0.0,0.1,0.4,0.4,0.0,0.022459528739186604,0.04161735192713426,0.07778799317970617,0.07733290184163055,0.13289738989487032,0.3979407101702482,0.0,0.0016298829255094608,0.0,0.0,0.0,0.0
