LIMIT_BAL,SEX,EDUCATION,MARRIAGE,AGE,PAY_0,PAY_2,PAY_3,PAY_4,PAY_5,PAY_6,BILL_AMT1,BILL_AMT2,BILL_AMT3,BILL_AMT4,BILL_AMT5,BILL_AMT6,PAY_AMT1,PAY_AMT2,PAY_AMT3,PAY_AMT4,PAY_AMT5,PAY_AMT6
0.05063291139240507,1.0,0.16666666666666666,0.6666666666666666,0.11111111111111116,0.30000000000000004,0.4444444444444444,0.4,0.2,0.1,0.4,0.027542276436802356,0.046836566664951375,0.07923887369416628,0.07716659774785303,0.13681728610503818,0.39937614321989306,0.00405385136148598,0.0,0.0,0.006249281332646745,0.0,0.0032218091697645604
