LIMIT_BAL,SEX,EDUCATION,MARRIAGE,AGE,PAY_0,PAY_2,PAY_3,PAY_4,PAY_5,PAY_6,BILL_AMT1,BILL_AMT2,BILL_AMT3,BILL_AMT4,BILL_AMT5,BILL_AMT6,PAY_AMT1,PAY_AMT2,PAY_AMT3,PAY_AMT4,PAY_AMT5,PAY_AMT6
0.20253164556962022,1.0,0.16666666666666666,0.6666666666666666,0.16666666666666674,0.2,0.1111111111111111,0.1,0.1,0.2,0.2,0.04792035877480351,0.05371532959398961,0.1039253002860496,0.07913078393652277,0.14516851141982268,0.41259970400784624,0.017034283420964087,0.013719539525475886,0.005782200284904777,0.013773416057153426,0.012884240255004883,0.020074349442379184
