LIMIT_BAL,SEX,EDUCATION,MARRIAGE,AGE,PAY_0,PAY_2,PAY_3,PAY_4,PAY_5,PAY_6,BILL_AMT1,BILL_AMT2,BILL_AMT3,BILL_AMT4,BILL_AMT5,BILL_AMT6,PAY_AMT1,PAY_AMT2,PAY_AMT3,PAY_AMT4,PAY_AMT5,PAY_AMT6
0.0,0.0,0.3333333333333333,0.6666666666666666,0.03703703703703709,0.4,0.2222222222222222,0.2,0.2,0.2,0.2,0.03691035496038816,0.051687850563474504,0.09213834038416148,0.09064921522446558,0.14939069224811521,0.4093796468483163,0.0022985337219625502,0.002444824388264191,0.0009067541355873401,0.0008898976617688966,0.001095160421675415,0.0004807930607187113
