LIMIT_BAL,SEX,EDUCATION,MARRIAGE,AGE,PAY_0,PAY_2,PAY_3,PAY_4,PAY_5,PAY_6,BILL_AMT1,BILL_AMT2,BILL_AMT3,BILL_AMT4,BILL_AMT5,BILL_AMT6,PAY_AMT1,PAY_AMT2,PAY_AMT3,PAY_AMT4,PAY_AMT5,PAY_AMT6
0.05063291139240507,0.0,0.3333333333333333,0.6666666666666666,0.16666666666666674,0.2,0.2222222222222222,0.2,0.2,0.2,0.2,0.05928354919575485,0.10534271599855916,0.1575946744927283,0.11553639812301109,0.16732679091381458,0.4198682682584154,0.053711503614008484,0.001831988408272634,0.0035008594452241655,0.0013598436179839317,0.0018372926603636964,0.009177199504337052
