LIMIT_BAL,SEX,EDUCATION,MARRIAGE,AGE,PAY_0,PAY_2,PAY_3,PAY_4,PAY_5,PAY_6,BILL_AMT1,BILL_AMT2,BILL_AMT3,BILL_AMT4,BILL_AMT5,BILL_AMT6,PAY_AMT1,PAY_AMT2,PAY_AMT3,PAY_AMT4,PAY_AMT5,PAY_AMT6
0.620253164556962,1.0,0.3333333333333333,0.6666666666666666,0.20370370370370372,0.1,0.1111111111111111,0.1,0.1,0.2,0.2,0.03911266966692148,0.05011964184634385,0.07773352326278105,0.1007623020082343,0.1585850465518312,0.4182699574994639,0.011425780062348234,0.000792123101797598,0.04381593679529434,0.014370847352554455,0.019006831224183205,0.026574969021065677
