LIMIT_BAL,SEX,EDUCATION,MARRIAGE,AGE,PAY_0,PAY_2,PAY_3,PAY_4,PAY_5,PAY_6,BILL_AMT1,BILL_AMT2,BILL_AMT3,BILL_AMT4,BILL_AMT5,BILL_AMT6,PAY_AMT1,PAY_AMT2,PAY_AMT3,PAY_AMT4,PAY_AMT5,PAY_AMT6
0.012658227848101266,1.0,0.3333333333333333,0.3333333333333333,0.2962962962962963,0.4,0.2222222222222222,0.2,0.4,0.2,0.2,0.04981814814059024,0.06535275047599445,0.10974037656869234,0.1053828589921073,0.16494936324153686,0.4204717360303069,0.0026350033849658868,0.002607812680815137,0.0,0.0020747614024387196,0.0019326360382507324,0.0024783147459727386
