LIMIT_BAL,SEX,EDUCATION,MARRIAGE,AGE,PAY_0,PAY_2,PAY_3,PAY_4,PAY_5,PAY_6,BILL_AMT1,BILL_AMT2,BILL_AMT3,BILL_AMT4,BILL_AMT5,BILL_AMT6,PAY_AMT1,PAY_AMT2,PAY_AMT3,PAY_AMT4,PAY_AMT5,PAY_AMT6
0.15189873417721517,1.0,0.16666666666666666,0.6666666666666666,0.14814814814814814,0.1,0.1111111111111111,0.2,0.2,0.2,0.1,0.044740109597728304,0.05500051458858643,0.10152862394134415,0.08960194890419086,0.14678450864860804,0.3999772674276219,0.019059182176026333,0.008155119217786586,0.0004836022056465814,0.00042495113061997866,0.004478561912639697,0.013026022304832715
