LIMIT_BAL,SEX,EDUCATION,MARRIAGE,AGE,PAY_0,PAY_2,PAY_3,PAY_4,PAY_5,PAY_6,BILL_AMT1,BILL_AMT2,BILL_AMT3,BILL_AMT4,BILL_AMT5,BILL_AMT6,PAY_AMT1,PAY_AMT2,PAY_AMT3,PAY_AMT4,PAY_AMT5,PAY_AMT6
0.025316455696202535,0.0,0.3333333333333333,0.3333333333333333,0.5185185185185185,0.2,0.2222222222222222,0.2,0.2,0.2,0.2,0.07066086708096764,0.0800223846035095,0.12583211051120843,0.12066635503377021,0.18105378051849166,0.4304330555038018,0.00405385136148598,0.002444824388264191,0.010513091427099596,0.004999425066117396,0.010307392204003906,0.004956629491945477
