LIMIT_BAL,SEX,EDUCATION,MARRIAGE,AGE,PAY_0,PAY_2,PAY_3,PAY_4,PAY_5,PAY_6,BILL_AMT1,BILL_AMT2,BILL_AMT3,BILL_AMT4,BILL_AMT5,BILL_AMT6,PAY_AMT1,PAY_AMT2,PAY_AMT3,PAY_AMT4,PAY_AMT5,PAY_AMT6
0.025316455696202535,0.0,0.5,0.6666666666666666,0.07407407407407407,0.4,0.2222222222222222,0.2,0.2,0.2,0.4,0.06079361815347763,0.07407245407296867,0.11794882798895417,0.11530866639099141,0.17784466165364393,0.43323244289612967,0.0030403885211144847,0.0012224121941320956,0.0037820846408990797,0.003999540052893917,0.008245913763203125,0.0
