LIMIT_BAL,SEX,EDUCATION,MARRIAGE,AGE,PAY_0,PAY_2,PAY_3,PAY_4,PAY_5,PAY_6,BILL_AMT1,BILL_AMT2,BILL_AMT3,BILL_AMT4,BILL_AMT5,BILL_AMT6,PAY_AMT1,PAY_AMT2,PAY_AMT3,PAY_AMT4,PAY_AMT5,PAY_AMT6
0.18987341772151897,1.0,0.3333333333333333,0.3333333333333333,0.2777777777777778,0.1,0.1111111111111111,0.1,0.1,0.1,0.1,0.027970809519399363,0.04578809242011012,0.08622092668184123,0.07958025446024583,0.13729113766858494,0.3979407101702482,0.004544367376225783,0.0054967801662806565,0.006570682141937247,0.006721727001394839,0.0,0.0
