LIMIT_BAL,SEX,EDUCATION,MARRIAGE,AGE,PAY_0,PAY_2,PAY_3,PAY_4,PAY_5,PAY_6,BILL_AMT1,BILL_AMT2,BILL_AMT3,BILL_AMT4,BILL_AMT5,BILL_AMT6,PAY_AMT1,PAY_AMT2,PAY_AMT3,PAY_AMT4,PAY_AMT5,PAY_AMT6
0.10126582278481013,1.0,0.5,0.6666666666666666,0.2592592592592593,0.2,0.2222222222222222,0.2,0.2,0.2,0.2,0.18273718050347143,0.16668296197190346,0.22463228679566682,0.12048506858920191,0.18056685718767462,0.4285371120961892,0.008529303264566501,0.0032776945631995255,0.0018029951797475807,0.0018822835373931996,0.0019068675577407228,0.012475836431226767
