LIMIT_BAL,SEX,EDUCATION,MARRIAGE,AGE,PAY_0,PAY_2,PAY_3,PAY_4,PAY_5,PAY_6,BILL_AMT1,BILL_AMT2,BILL_AMT3,BILL_AMT4,BILL_AMT5,BILL_AMT6,PAY_AMT1,PAY_AMT2,PAY_AMT3,PAY_AMT4,PAY_AMT5,PAY_AMT6
0.30379746835443033,1.0,0.3333333333333333,0.3333333333333333,0.12962962962962965,0.0,0.0,0.0,0.0,0.0,0.0,0.024029246990457682,0.04290382339319714,0.0761373896365206,0.07583466676255371,0.14025189295529783,0.3982711527171868,0.0,0.0,0.0,0.0112512061112972,0.0007266711503822754,0.02565303593556382
