LIMIT_BAL,SEX,EDUCATION,MARRIAGE,AGE,PAY_0,PAY_2,PAY_3,PAY_4,PAY_5,PAY_6,BILL_AMT1,BILL_AMT2,BILL_AMT3,BILL_AMT4,BILL_AMT5,BILL_AMT6,PAY_AMT1,PAY_AMT2,PAY_AMT3,PAY_AMT4,PAY_AMT5,PAY_AMT6
0.08860759493670886,1.0,0.3333333333333333,0.3333333333333333,0.03703703703703709,0.0,0.0,0.0,0.0,0.0,0.0,0.025253627226449124,0.04290382339319714,0.07678112501836297,0.07641897844339368,0.1335346385492953,0.3985734724941733,0.0,0.00031782717047434484,0.0010250264141422106,0.0009748878878928923,0.0013914979475405274,0.0009665427509293681
