LIMIT_BAL,SEX,EDUCATION,MARRIAGE,AGE,PAY_0,PAY_2,PAY_3,PAY_4,PAY_5,PAY_6,BILL_AMT1,BILL_AMT2,BILL_AMT3,BILL_AMT4,BILL_AMT5,BILL_AMT6,PAY_AMT1,PAY_AMT2,PAY_AMT3,PAY_AMT4,PAY_AMT5,PAY_AMT6
0.1139240506329114,0.0,0.3333333333333333,0.3333333333333333,0.5185185185185185,0.2,0.2222222222222222,0.2,0.4,0.2,0.2,0.07850474918256922,0.08266351052333659,0.12289073499725175,0.10903555611489665,0.16368466975813964,0.4178879565409461,0.004076147543974153,0.0016527012864665932,2.6282728567748988e-05,0.0013948395934467535,0.0026902293652450197,2.9739776951672864e-05
