LIMIT_BAL,SEX,EDUCATION,MARRIAGE,AGE,PAY_0,PAY_2,PAY_3,PAY_4,PAY_5,PAY_6,BILL_AMT1,BILL_AMT2,BILL_AMT3,BILL_AMT4,BILL_AMT5,BILL_AMT6,PAY_AMT1,PAY_AMT2,PAY_AMT3,PAY_AMT4,PAY_AMT5,PAY_AMT6
0.15189873417721517,0.0,0.3333333333333333,0.6666666666666666,0.3148148148148149,0.2,0.2222222222222222,0.2,0.2,0.4,0.2,0.050176043901880046,0.06589821437760511,0.10712912176337278,0.1070848540419386,0.16594445152498505,0.42301215958265803,0.0030403885211144847,0.0012224121941320956,0.0063078548562597574,0.0,0.0038652720765014648,0.003717472118959108
