LIMIT_BAL,SEX,EDUCATION,MARRIAGE,AGE,PAY_0,PAY_2,PAY_3,PAY_4,PAY_5,PAY_6,BILL_AMT1,BILL_AMT2,BILL_AMT3,BILL_AMT4,BILL_AMT5,BILL_AMT6,PAY_AMT1,PAY_AMT2,PAY_AMT3,PAY_AMT4,PAY_AMT5,PAY_AMT6
0.1772151898734177,0.0,0.16666666666666666,0.6666666666666666,0.14814814814814814,0.1,0.2222222222222222,0.2,0.2,0.2,0.1,0.1947455251256952,0.23869706169917154,0.24992943669852885,0.29986575813691474,0.37220059934052935,0.5639951206994133,0.09522496848130566,0.052881551518154456,0.3208595503550797,0.2665318488373837,0.3651677141553994,0.34249070631970263
