LIMIT_BAL,SEX,EDUCATION,MARRIAGE,AGE,PAY_0,PAY_2,PAY_3,PAY_4,PAY_5,PAY_6,BILL_AMT1,BILL_AMT2,BILL_AMT3,BILL_AMT4,BILL_AMT5,BILL_AMT6,PAY_AMT1,PAY_AMT2,PAY_AMT3,PAY_AMT4,PAY_AMT5,PAY_AMT6
0.12658227848101264,1.0,0.16666666666666666,0.6666666666666666,0.2777777777777778,0.2,0.2222222222222222,0.2,0.2,0.2,0.2,0.19405484909513593,0.17255956362887873,0.2223280442493798,0.14133750441979348,0.2017496560491237,0.44842694114490134,0.009323858131417753,0.002852295119641556,0.005256545713549798,0.004999425066117396,0.004638326491801758,0.004213135068153655
