LIMIT_BAL,SEX,EDUCATION,MARRIAGE,AGE,PAY_0,PAY_2,PAY_3,PAY_4,PAY_5,PAY_6,BILL_AMT1,BILL_AMT2,BILL_AMT3,BILL_AMT4,BILL_AMT5,BILL_AMT6,PAY_AMT1,PAY_AMT2,PAY_AMT3,PAY_AMT4,PAY_AMT5,PAY_AMT6
0.24050632911392406,0.0,0.16666666666666666,0.6666666666666666,0.18518518518518523,0.0,0.0,0.0,0.0,0.1,0.2,0.04807890031818189,0.044446302681006536,0.07767740274231273,0.10763770278611795,0.2232102299650657,0.46659190696987696,0.010146789957799407,0.000764415092063937,0.05619247367784734,0.1450008249051359,0.13248348884611322,0.01917719950433705
