LIMIT_BAL,SEX,EDUCATION,MARRIAGE,AGE,PAY_0,PAY_2,PAY_3,PAY_4,PAY_5,PAY_6,BILL_AMT1,BILL_AMT2,BILL_AMT3,BILL_AMT4,BILL_AMT5,BILL_AMT6,PAY_AMT1,PAY_AMT2,PAY_AMT3,PAY_AMT4,PAY_AMT5,PAY_AMT6
0.3164556962025316,1.0,0.3333333333333333,0.3333333333333333,0.5925925925925926,0.2,0.2222222222222222,0.2,0.2,0.2,0.2,0.3727170410183076,0.3302307929810117,0.4479490425674148,0.35975021424761633,0.4315398868638543,0.6192622225659449,0.02030979532104476,0.008155119217786586,0.026327409206314163,0.025004624468186156,0.02578651844636677,0.024872366790582405
