LIMIT_BAL,SEX,EDUCATION,MARRIAGE,AGE,PAY_0,PAY_2,PAY_3,PAY_4,PAY_5,PAY_6,BILL_AMT1,BILL_AMT2,BILL_AMT3,BILL_AMT4,BILL_AMT5,BILL_AMT6,PAY_AMT1,PAY_AMT2,PAY_AMT3,PAY_AMT4,PAY_AMT5,PAY_AMT6
0.10126582278481013,0.0,0.3333333333333333,0.6666666666666666,0.12962962962962965,0.4,0.2222222222222222,0.2,0.2,0.2,0.2,0.07642958165438886,0.08860700869654711,0.13805648035204074,0.13372197551284587,0.2049358993212485,0.4397791893845917,0.006080777042228969,0.002444824388264191,0.007884818570324697,0.02499712533058698,0.0077305441530029296,0.004956629491945477
