LIMIT_BAL,SEX,EDUCATION,MARRIAGE,AGE,PAY_0,PAY_2,PAY_3,PAY_4,PAY_5,PAY_6,BILL_AMT1,BILL_AMT2,BILL_AMT3,BILL_AMT4,BILL_AMT5,BILL_AMT6,PAY_AMT1,PAY_AMT2,PAY_AMT3,PAY_AMT4,PAY_AMT5,PAY_AMT6
0.5949367088607596,1.0,0.3333333333333333,0.3333333333333333,0.462962962962963,0.1,0.1111111111111111,0.1,0.0,0.1,0.2,0.025587977213969864,0.04459810631400196,0.0761373896365206,0.07583466676255371,0.14011137145714259,0.4002584951271442,0.0026694611215385177,0.0,0.0,0.011036230833454152,0.0,0.0
