LIMIT_BAL,SEX,EDUCATION,MARRIAGE,AGE,PAY_0,PAY_2,PAY_3,PAY_4,PAY_5,PAY_6,BILL_AMT1,BILL_AMT2,BILL_AMT3,BILL_AMT4,BILL_AMT5,BILL_AMT6,PAY_AMT1,PAY_AMT2,PAY_AMT3,PAY_AMT4,PAY_AMT5,PAY_AMT6
0.025316455696202535,0.0,0.5,0.6666666666666666,0.09259259259259262,0.2,0.2222222222222222,0.4,0.2,0.2,0.2,0.06411200253666469,0.07987444038491226,0.12235263824217327,0.11793057777937589,0.17974333584964855,0.4070454569422815,0.0073800364035852255,0.0,0.002628272856774899,0.001432335281442634,0.0025768480510009765,0.0
