LIMIT_BAL,SEX,EDUCATION,MARRIAGE,AGE,PAY_0,PAY_2,PAY_3,PAY_4,PAY_5,PAY_6,BILL_AMT1,BILL_AMT2,BILL_AMT3,BILL_AMT4,BILL_AMT5,BILL_AMT6,PAY_AMT1,PAY_AMT2,PAY_AMT3,PAY_AMT4,PAY_AMT5,PAY_AMT6
0.08860759493670886,1.0,0.3333333333333333,0.6666666666666666,0.03703703703703709,0.4,0.4444444444444444,0.4,0.4,0.4,0.4,0.05996794635330904,0.07356944372973809,0.11616947736940013,0.11263431677483923,0.17395254294892534,0.42779303047453654,0.0032430810891887836,0.0008964356090302034,0.002628272856774899,0.002749683786364568,0.002334624334206885,0.0
