LIMIT_BAL,SEX,EDUCATION,MARRIAGE,AGE,PAY_0,PAY_2,PAY_3,PAY_4,PAY_5,PAY_6,BILL_AMT1,BILL_AMT2,BILL_AMT3,BILL_AMT4,BILL_AMT5,BILL_AMT6,PAY_AMT1,PAY_AMT2,PAY_AMT3,PAY_AMT4,PAY_AMT5,PAY_AMT6
0.620253164556962,0.0,0.3333333333333333,0.3333333333333333,0.3148148148148149,0.2,0.2222222222222222,0.2,0.2,0.1,0.2,0.10126095467124606,0.11928420727628261,0.15813442185134996,0.1500197767030438,0.20245226353989992,0.45450028767250095,0.06102465147012919,0.008170603105578926,0.01903132375590704,0.12521310049344325,0.06442120127502442,0.012584882280049567
