LIMIT_BAL,SEX,EDUCATION,MARRIAGE,AGE,PAY_0,PAY_2,PAY_3,PAY_4,PAY_5,PAY_6,BILL_AMT1,BILL_AMT2,BILL_AMT3,BILL_AMT4,BILL_AMT5,BILL_AMT6,PAY_AMT1,PAY_AMT2,PAY_AMT3,PAY_AMT4,PAY_AMT5,PAY_AMT6
0.012658227848101266,0.0,0.3333333333333333,0.6666666666666666,0.03703703703703709,0.2,0.2222222222222222,0.4,0.4,0.6000000000000001,0.5,0.04005293089943286,0.06216487418309062,0.10491071060133139,0.10512216608834793,0.16385787067447052,0.41945228561953873,0.010077874484654145,0.002444824388264191,0.007096336713292227,0.0,0.0,0.0024783147459727386
