LIMIT_BAL,SEX,EDUCATION,MARRIAGE,AGE,PAY_0,PAY_2,PAY_3,PAY_4,PAY_5,PAY_6,BILL_AMT1,BILL_AMT2,BILL_AMT3,BILL_AMT4,BILL_AMT5,BILL_AMT6,PAY_AMT1,PAY_AMT2,PAY_AMT3,PAY_AMT4,PAY_AMT5,PAY_AMT6
0.2911392405063291,0.0,0.5,0.3333333333333333,0.2222222222222222,0.2,0.2222222222222222,0.2,0.4,0.2,0.2,0.125830184740141,0.1303169865692379,0.401359106957459,0.3303518455259704,0.40238167599664054,0.5861289124338968,0.01621540544594392,0.12835328038387003,0.0,0.014395844477885042,0.01488129749453064,0.015878562577447335
