LIMIT_BAL,SEX,EDUCATION,MARRIAGE,AGE,PAY_0,PAY_2,PAY_3,PAY_4,PAY_5,PAY_6,BILL_AMT1,BILL_AMT2,BILL_AMT3,BILL_AMT4,BILL_AMT5,BILL_AMT6,PAY_AMT1,PAY_AMT2,PAY_AMT3,PAY_AMT4,PAY_AMT5,PAY_AMT6
0.025316455696202535,0.0,0.3333333333333333,0.6666666666666666,0.07407407407407407,0.30000000000000004,0.4444444444444444,0.4,0.4,0.4,0.4,0.06581985599404763,0.07854294241753718,0.12029598622736404,0.12094203028832036,0.18291977529632064,0.42980146496195804,0.0036484662253373815,0.0,0.010775918712777086,0.0022497412797528285,0.0,0.10142503097893434
