LIMIT_BAL,SEX,EDUCATION,MARRIAGE,AGE,PAY_0,PAY_2,PAY_3,PAY_4,PAY_5,PAY_6,BILL_AMT1,BILL_AMT2,BILL_AMT3,BILL_AMT4,BILL_AMT5,BILL_AMT6,PAY_AMT1,PAY_AMT2,PAY_AMT3,PAY_AMT4,PAY_AMT5,PAY_AMT6
0.0379746835443038,0.0,0.5,0.6666666666666666,0.5185185185185185,0.4,0.2222222222222222,0.2,0.2,0.2,0.2,0.07813743511177179,0.08307518139247672,0.12618533966945014,0.12096750028466466,0.18782168802266647,0.439732318101338,0.00405385136148598,0.002444824388264191,0.007884818570324697,0.009998850132234793,0.0077305441530029296,0.004956629491945477
