LIMIT_BAL,SEX,EDUCATION,MARRIAGE,AGE,PAY_0,PAY_2,PAY_3,PAY_4,PAY_5,PAY_6,BILL_AMT1,BILL_AMT2,BILL_AMT3,BILL_AMT4,BILL_AMT5,BILL_AMT6,PAY_AMT1,PAY_AMT2,PAY_AMT3,PAY_AMT4,PAY_AMT5,PAY_AMT6
0.13924050632911392,1.0,0.16666666666666666,0.6666666666666666,0.07407407407407407,0.2,0.2222222222222222,0.2,0.2,0.2,0.2,0.2132870371097092,0.20021998662069676,0.27964690289004174,0.19725463404109958,0.26561667696068336,0.4914219692735302,0.010588659756201378,0.004422687318369921,0.0074380121846729635,0.0074991375991760945,0.0074728593479028325,0.006983890954151178
