LIMIT_BAL,SEX,EDUCATION,MARRIAGE,AGE,PAY_0,PAY_2,PAY_3,PAY_4,PAY_5,PAY_6,BILL_AMT1,BILL_AMT2,BILL_AMT3,BILL_AMT4,BILL_AMT5,BILL_AMT6,PAY_AMT1,PAY_AMT2,PAY_AMT3,PAY_AMT4,PAY_AMT5,PAY_AMT6
0.012658227848101266,1.0,0.16666666666666666,0.6666666666666666,0.07407407407407407,0.30000000000000004,0.1111111111111111,0.1,0.0,0.1,0.2,0.02798650670191207,0.06523696804404878,0.0761373896365206,0.07613431377836907,0.16226965095113446,0.41900935199279116,0.035244183736759103,0.0,0.0005256545713549798,0.04493483249426316,1.0307392204003906e-05,0.005377942998760843
