LIMIT_BAL,SEX,EDUCATION,MARRIAGE,AGE,PAY_0,PAY_2,PAY_3,PAY_4,PAY_5,PAY_6,BILL_AMT1,BILL_AMT2,BILL_AMT3,BILL_AMT4,BILL_AMT5,BILL_AMT6,PAY_AMT1,PAY_AMT2,PAY_AMT3,PAY_AMT4,PAY_AMT5,PAY_AMT6
0.025316455696202535,1.0,0.5,0.3333333333333333,0.6111111111111112,0.4,0.4444444444444444,0.4,0.4,0.2,0.2,0.061985034306192385,0.07313332990274277,0.11971332317661953,0.11431234006340531,0.17563389901406196,0.4307177985495681,0.0,0.0029337892659170293,0.0,0.002999655039670438,0.006184435322402344,0.0
