LIMIT_BAL,SEX,EDUCATION,MARRIAGE,AGE,PAY_0,PAY_2,PAY_3,PAY_4,PAY_5,PAY_6,BILL_AMT1,BILL_AMT2,BILL_AMT3,BILL_AMT4,BILL_AMT5,BILL_AMT6,PAY_AMT1,PAY_AMT2,PAY_AMT3,PAY_AMT4,PAY_AMT5,PAY_AMT6
0.2151898734177215,0.0,0.3333333333333333,0.3333333333333333,0.2407407407407407,0.1,0.1111111111111111,0.1,0.1,0.1,0.1,0.044540755379816874,0.05084135233880513,0.08181381522153576,0.07762206121189238,0.13351993281111624,0.39971713180556384,0.012506131450184248,0.0028066583977272913,0.0031355295181324542,0.000952390475095364,0.003906501645317481,0.0013432465923172243
