LIMIT_BAL,SEX,EDUCATION,MARRIAGE,AGE,PAY_0,PAY_2,PAY_3,PAY_4,PAY_5,PAY_6,BILL_AMT1,BILL_AMT2,BILL_AMT3,BILL_AMT4,BILL_AMT5,BILL_AMT6,PAY_AMT1,PAY_AMT2,PAY_AMT3,PAY_AMT4,PAY_AMT5,PAY_AMT6
0.5569620253164557,1.0,0.3333333333333333,0.3333333333333333,0.42592592592592593,0.2,0.2222222222222222,0.2,0.2,0.2,0.2,0.04085034777107857,0.05866824473833171,0.09728987404244363,0.1024762829386982,0.14772404192115765,0.4078891400408483,0.01621540544594392,0.0040747073137736515,0.018397909997424293,0.0074991375991760945,0.005153696102001953,0.004029739776951673
