LIMIT_BAL,SEX,EDUCATION,MARRIAGE,AGE,PAY_0,PAY_2,PAY_3,PAY_4,PAY_5,PAY_6,BILL_AMT1,BILL_AMT2,BILL_AMT3,BILL_AMT4,BILL_AMT5,BILL_AMT6,PAY_AMT1,PAY_AMT2,PAY_AMT3,PAY_AMT4,PAY_AMT5,PAY_AMT6
0.30379746835443033,1.0,0.16666666666666666,0.6666666666666666,0.33333333333333337,0.0,0.0,0.0,0.0,0.0,0.0,0.024029246990457682,0.04371687335974889,0.07665898035616724,0.07583466676255371,0.1334137247020454,0.3986812764456568,0.0012810170302295695,0.0002575215022304948,0.0,0.0007899091604465486,0.0016285679682326172,0.0003717472118959108
