LIMIT_BAL,SEX,EDUCATION,MARRIAGE,AGE,PAY_0,PAY_2,PAY_3,PAY_4,PAY_5,PAY_6,BILL_AMT1,BILL_AMT2,BILL_AMT3,BILL_AMT4,BILL_AMT5,BILL_AMT6,PAY_AMT1,PAY_AMT2,PAY_AMT3,PAY_AMT4,PAY_AMT5,PAY_AMT6
0.30379746835443033,1.0,0.3333333333333333,0.3333333333333333,1.0,0.2,0.1111111111111111,0.1,0.1,0.1,0.1,0.10702652980816472,0.0450020583543457,0.07867271667885363,0.07734788419242132,0.1420018757986033,0.39887110514283436,0.0033059157852918164,0.0012517500867912658,0.002654555585342648,0.013928398234203066,0.0020460173524947754,0.0029343246592317225
