LIMIT_BAL,SEX,EDUCATION,MARRIAGE,AGE,PAY_0,PAY_2,PAY_3,PAY_4,PAY_5,PAY_6,BILL_AMT1,BILL_AMT2,BILL_AMT3,BILL_AMT4,BILL_AMT5,BILL_AMT6,PAY_AMT1,PAY_AMT2,PAY_AMT3,PAY_AMT4,PAY_AMT5,PAY_AMT6
0.025316455696202535,0.0,0.5,0.3333333333333333,0.6296296296296295,0.4,0.4444444444444444,0.9000000000000001,0.9000000000000001,0.9000000000000001,0.9000000000000001,0.02778872220225192,0.045984922554417745,0.08009058512245003,0.07942293977694276,0.13681075022140307,0.4007471282550641,0.0,0.0,0.0,0.0,0.0,0.0
