LIMIT_BAL,SEX,EDUCATION,MARRIAGE,AGE,PAY_0,PAY_2,PAY_3,PAY_4,PAY_5,PAY_6,BILL_AMT1,BILL_AMT2,BILL_AMT3,BILL_AMT4,BILL_AMT5,BILL_AMT6,PAY_AMT1,PAY_AMT2,PAY_AMT3,PAY_AMT4,PAY_AMT5,PAY_AMT6
0.4430379746835443,1.0,0.3333333333333333,0.3333333333333333,0.11111111111111116,0.2,0.2222222222222222,0.2,0.1,0.1,0.1,0.03415235999290488,0.04790176503885144,0.08127571846645727,0.07785278941407023,0.13645781250510616,0.4044733952737341,0.0022458336542632326,0.0008345000578608439,0.003556053175216438,0.005469371022332432,0.01443550278170747,0.0019231722428748451
