LIMIT_BAL,SEX,EDUCATION,MARRIAGE,AGE,PAY_0,PAY_2,PAY_3,PAY_4,PAY_5,PAY_6,BILL_AMT1,BILL_AMT2,BILL_AMT3,BILL_AMT4,BILL_AMT5,BILL_AMT6,PAY_AMT1,PAY_AMT2,PAY_AMT3,PAY_AMT4,PAY_AMT5,PAY_AMT6
0.025316455696202535,0.0,0.3333333333333333,0.6666666666666666,0.12962962962962965,0.4,0.2222222222222222,0.2,0.2,0.2,0.2,0.061865735719095774,0.07532033139504966,0.11903327451682708,0.11644732505108982,0.17774989134093458,0.43214854447088763,0.0036484662253373815,0.0012224121941320956,0.004205236570839838,0.002499712533058698,0.005411380907102051,0.0034696406443618343
