LIMIT_BAL,SEX,EDUCATION,MARRIAGE,AGE,PAY_0,PAY_2,PAY_3,PAY_4,PAY_5,PAY_6,BILL_AMT1,BILL_AMT2,BILL_AMT3,BILL_AMT4,BILL_AMT5,BILL_AMT6,PAY_AMT1,PAY_AMT2,PAY_AMT3,PAY_AMT4,PAY_AMT5,PAY_AMT6
0.0759493670886076,0.0,0.3333333333333333,0.6666666666666666,0.07407407407407407,0.2,0.2222222222222222,0.2,0.4,0.4,0.4,0.10286677644229637,0.11834122369165853,0.09513913762567283,0.09169498330966122,0.1662124227540253,0.4182933931410907,0.020269256807429897,0.008149414627547303,0.0,0.02499712533058698,0.0,0.08178438661710037
