LIMIT_BAL,SEX,EDUCATION,MARRIAGE,AGE,PAY_0,PAY_2,PAY_3,PAY_4,PAY_5,PAY_6,BILL_AMT1,BILL_AMT2,BILL_AMT3,BILL_AMT4,BILL_AMT5,BILL_AMT6,PAY_AMT1,PAY_AMT2,PAY_AMT3,PAY_AMT4,PAY_AMT5,PAY_AMT6
0.430379746835443,0.0,0.3333333333333333,0.6666666666666666,0.38888888888888884,0.2,0.2222222222222222,0.2,0.2,0.2,0.2,0.5699615576000264,0.49651366232696964,0.5709833800729237,0.4039076967332482,0.3719898170932965,0.5235616082005996,0.026350033849658866,0.008964356090302035,0.02163594215697097,0.017497987731410886,0.015461088306005859,0.01734820322180917
