LIMIT_BAL,SEX,EDUCATION,MARRIAGE,AGE,PAY_0,PAY_2,PAY_3,PAY_4,PAY_5,PAY_6,BILL_AMT1,BILL_AMT2,BILL_AMT3,BILL_AMT4,BILL_AMT5,BILL_AMT6,PAY_AMT1,PAY_AMT2,PAY_AMT3,PAY_AMT4,PAY_AMT5,PAY_AMT6
0.06329113924050633,0.0,0.3333333333333333,0.3333333333333333,0.18518518518518523,0.30000000000000004,0.4444444444444444,0.4,0.4,0.2,0.2,0.04954187772836653,0.06309499305305409,0.10657451897286244,0.10256018410312652,0.16135626121312538,0.42383943773208604,0.0,0.002444824388264191,0.0,0.002499712533058698,0.012884240255004883,0.0024783147459727386
