LIMIT_BAL,SEX,EDUCATION,MARRIAGE,AGE,PAY_0,PAY_2,PAY_3,PAY_4,PAY_5,PAY_6,BILL_AMT1,BILL_AMT2,BILL_AMT3,BILL_AMT4,BILL_AMT5,BILL_AMT6,PAY_AMT1,PAY_AMT2,PAY_AMT3,PAY_AMT4,PAY_AMT5,PAY_AMT6
0.05063291139240507,1.0,0.16666666666666666,0.6666666666666666,0.2592592592592593,0.2,0.2222222222222222,0.2,0.2,0.2,0.2,0.10029400822846307,0.10611331240673083,0.15900263931506556,0.0908799434266434,0.1657156955977556,0.4091640389453492,0.004499775011249437,0.0018654010082455779,0.0012694557898222762,0.0008748993865705443,0.0008606672490343262,0.0009913258983890955
