LIMIT_BAL,SEX,EDUCATION,MARRIAGE,AGE,PAY_0,PAY_2,PAY_3,PAY_4,PAY_5,PAY_6,BILL_AMT1,BILL_AMT2,BILL_AMT3,BILL_AMT4,BILL_AMT5,BILL_AMT6,PAY_AMT1,PAY_AMT2,PAY_AMT3,PAY_AMT4,PAY_AMT5,PAY_AMT6
0.1772151898734177,0.0,0.3333333333333333,0.6666666666666666,0.2777777777777778,0.2,0.2222222222222222,0.2,0.2,0.2,0.2,0.2593786741217819,0.23962460762620288,0.3235083908431118,0.2926757279924249,0.37417116825652036,0.573648261485515,0.011148091244086444,0.004492772284166829,0.013667018855229474,0.01299850517190523,0.013914979475405273,0.014869888475836432
