LIMIT_BAL,SEX,EDUCATION,MARRIAGE,AGE,PAY_0,PAY_2,PAY_3,PAY_4,PAY_5,PAY_6,BILL_AMT1,BILL_AMT2,BILL_AMT3,BILL_AMT4,BILL_AMT5,BILL_AMT6,PAY_AMT1,PAY_AMT2,PAY_AMT3,PAY_AMT4,PAY_AMT5,PAY_AMT6
0.620253164556962,0.0,0.16666666666666666,0.3333333333333333,0.462962962962963,0.0,0.0,0.0,0.0,0.0,0.0,0.024029246990457682,0.04290382339319714,0.0788707891040359,0.07793219587326129,0.13289738989487032,0.3979407101702482,0.0,0.0013495430623218334,0.0036795819994848585,0.0,0.0,0.0
