LIMIT_BAL,SEX,EDUCATION,MARRIAGE,AGE,PAY_0,PAY_2,PAY_3,PAY_4,PAY_5,PAY_6,BILL_AMT1,BILL_AMT2,BILL_AMT3,BILL_AMT4,BILL_AMT5,BILL_AMT6,PAY_AMT1,PAY_AMT2,PAY_AMT3,PAY_AMT4,PAY_AMT5,PAY_AMT6
0.15189873417721517,0.0,0.3333333333333333,0.6666666666666666,0.14814814814814814,0.2,0.2222222222222222,0.2,0.2,0.2,0.2,0.22920398017759794,0.2128209746307827,0.29092712750417193,0.2283460084021023,0.2992781116525002,0.5171847701139323,0.013495271182386826,0.0041936887673358425,0.010513091427099596,0.009998850132234793,0.009962094565169775,0.008513011152416356
