LIMIT_BAL,SEX,EDUCATION,MARRIAGE,AGE,PAY_0,PAY_2,PAY_3,PAY_4,PAY_5,PAY_6,BILL_AMT1,BILL_AMT2,BILL_AMT3,BILL_AMT4,BILL_AMT5,BILL_AMT6,PAY_AMT1,PAY_AMT2,PAY_AMT3,PAY_AMT4,PAY_AMT5,PAY_AMT6
0.620253164556962,1.0,0.16666666666666666,0.6666666666666666,0.42592592592592593,0.0,0.0,0.0,0.0,0.0,0.0,0.024848639917621186,0.06560103946894458,0.0785505720166579,0.085159681894728,0.13289738989487032,0.3979407101702482,0.040552702094625,0.0040747073137736515,0.018397909997424293,0.0,0.0,0.0
