LIMIT_BAL,SEX,EDUCATION,MARRIAGE,AGE,PAY_0,PAY_2,PAY_3,PAY_4,PAY_5,PAY_6,BILL_AMT1,BILL_AMT2,BILL_AMT3,BILL_AMT4,BILL_AMT5,BILL_AMT6,PAY_AMT1,PAY_AMT2,PAY_AMT3,PAY_AMT4,PAY_AMT5,PAY_AMT6
0.22784810126582275,1.0,0.5,0.6666666666666666,0.2962962962962963,0.2,0.1111111111111111,0.2,0.2,0.2,0.2,0.09325068243500974,0.24514357021561264,0.226492516988837,0.20789659780778244,0.2806312356414806,0.49763944499713497,0.33359548238804276,0.008195051349461569,0.02628272856774899,0.01249856266529349,0.025768480510009767,0.032218091697645605
