LIMIT_BAL,SEX,EDUCATION,MARRIAGE,AGE,PAY_0,PAY_2,PAY_3,PAY_4,PAY_5,PAY_6,BILL_AMT1,BILL_AMT2,BILL_AMT3,BILL_AMT4,BILL_AMT5,BILL_AMT6,PAY_AMT1,PAY_AMT2,PAY_AMT3,PAY_AMT4,PAY_AMT5,PAY_AMT6
0.012658227848101266,0.0,0.3333333333333333,0.6666666666666666,0.09259259259259262,0.2,0.2222222222222222,0.2,0.2,0.2,0.2,0.0310788516569161,0.05050172387176453,0.08818349429468886,0.08859213846089306,0.14902304879363928,0.4110599823529618,0.0030403885211144847,0.0012224121941320956,0.003942409285162349,0.0037495687995880472,0.0038652720765014648,0.003717472118959108
