LIMIT_BAL,SEX,EDUCATION,MARRIAGE,AGE,PAY_0,PAY_2,PAY_3,PAY_4,PAY_5,PAY_6,BILL_AMT1,BILL_AMT2,BILL_AMT3,BILL_AMT4,BILL_AMT5,BILL_AMT6,PAY_AMT1,PAY_AMT2,PAY_AMT3,PAY_AMT4,PAY_AMT5,PAY_AMT6
0.5569620253164557,1.0,0.16666666666666666,0.6666666666666666,0.20370370370370372,0.2,0.1111111111111111,0.1,0.1,0.2,0.2,0.09692225342473279,0.053034786188442345,0.0761373896365206,0.07733290184163055,0.16140364636948004,0.41090296355406186,0.015962039735851044,0.0,0.002628272856774899,0.04111027231868335,0.0,0.0
