LIMIT_BAL,SEX,EDUCATION,MARRIAGE,AGE,PAY_0,PAY_2,PAY_3,PAY_4,PAY_5,PAY_6,BILL_AMT1,BILL_AMT2,BILL_AMT3,BILL_AMT4,BILL_AMT5,BILL_AMT6,PAY_AMT1,PAY_AMT2,PAY_AMT3,PAY_AMT4,PAY_AMT5,PAY_AMT6
0.2151898734177215,0.0,0.16666666666666666,0.3333333333333333,0.37037037037037035,0.30000000000000004,0.4444444444444444,0.4,0.4,0.4,0.2,0.2044714994105708,0.1941504142438121,0.2730775007881632,0.2569443195915212,0.3248072731313092,0.5390209291997548,0.012161554084457939,0.004156201460049125,0.013141364283874494,0.0,0.012884240255004883,0.012391573729863693
