LIMIT_BAL,SEX,EDUCATION,MARRIAGE,AGE,PAY_0,PAY_2,PAY_3,PAY_4,PAY_5,PAY_6,BILL_AMT1,BILL_AMT2,BILL_AMT3,BILL_AMT4,BILL_AMT5,BILL_AMT6,PAY_AMT1,PAY_AMT2,PAY_AMT3,PAY_AMT4,PAY_AMT5,PAY_AMT6
0.1772151898734177,1.0,0.5,0.3333333333333333,0.37037037037037035,0.30000000000000004,0.1111111111111111,0.2,0.2,0.0,0.0,0.022140875934178572,0.10711032779292956,0.15342524994264153,0.07257450723048249,0.3679016218795241,0.5754656954936777,0.10493799634342607,0.0018743653643358798,0.00571912173634218,0.36495802982656994,0.024480056484509276,0.0
