LIMIT_BAL,SEX,EDUCATION,MARRIAGE,AGE,PAY_0,PAY_2,PAY_3,PAY_4,PAY_5,PAY_6,BILL_AMT1,BILL_AMT2,BILL_AMT3,BILL_AMT4,BILL_AMT5,BILL_AMT6,PAY_AMT1,PAY_AMT2,PAY_AMT3,PAY_AMT4,PAY_AMT5,PAY_AMT6
0.0759493670886076,1.0,0.5,0.3333333333333333,0.16666666666666674,0.4,0.4444444444444444,0.4,0.4,0.4,0.4,0.11263670283820756,0.11694025626511606,0.1718855999696289,0.16416611231968742,0.2315353117453097,0.47014240667634555,0.0052700067699317735,0.0016298829255094608,0.006570682141937247,0.006249281332646745,0.006184435322402344,0.006195786864931847
