LIMIT_BAL,SEX,EDUCATION,MARRIAGE,AGE,PAY_0,PAY_2,PAY_3,PAY_4,PAY_5,PAY_6,BILL_AMT1,BILL_AMT2,BILL_AMT3,BILL_AMT4,BILL_AMT5,BILL_AMT6,PAY_AMT1,PAY_AMT2,PAY_AMT3,PAY_AMT4,PAY_AMT5,PAY_AMT6
0.1139240506329114,0.0,0.16666666666666666,0.3333333333333333,0.40740740740740744,0.2,0.2222222222222222,0.2,0.2,0.2,0.2,0.09304975849884704,0.10176761179437041,0.1531875630324228,0.14763908116239072,0.21300771561063128,0.4560154019036771,0.005067314201857474,0.0016298829255094608,0.005256545713549798,0.005001924778650455,0.005189771974715967,0.0039776951672862455
