LIMIT_BAL,SEX,EDUCATION,MARRIAGE,AGE,PAY_0,PAY_2,PAY_3,PAY_4,PAY_5,PAY_6,BILL_AMT1,BILL_AMT2,BILL_AMT3,BILL_AMT4,BILL_AMT5,BILL_AMT6,PAY_AMT1,PAY_AMT2,PAY_AMT3,PAY_AMT4,PAY_AMT5,PAY_AMT6
0.2531645569620253,1.0,0.3333333333333333,0.3333333333333333,0.2407407407407407,0.2,0.2222222222222222,0.4,0.2,0.2,0.2,0.33989266266597806,0.3188249369628982,0.3956909343901598,0.3431437766311285,0.36799149027950706,0.5444181574664196,0.03563335346746176,0.0,0.018905166658781846,0.008748993865705443,0.012577595336935766,0.009117719950433706
