LIMIT_BAL,SEX,EDUCATION,MARRIAGE,AGE,PAY_0,PAY_2,PAY_3,PAY_4,PAY_5,PAY_6,BILL_AMT1,BILL_AMT2,BILL_AMT3,BILL_AMT4,BILL_AMT5,BILL_AMT6,PAY_AMT1,PAY_AMT2,PAY_AMT3,PAY_AMT4,PAY_AMT5,PAY_AMT6
0.24050632911392406,0.0,0.16666666666666666,0.6666666666666666,0.20370370370370372,0.2,0.2222222222222222,0.2,0.2,0.2,0.2,0.0923355366945187,0.10022513250656101,0.1513619955136596,0.1492811468090589,0.21044401525475243,0.4561384390222181,0.003524823758812059,0.0014310372085973065,0.006996462344734781,0.004314503832059313,0.0077305441530029296,0.006195786864931847
