LIMIT_BAL,SEX,EDUCATION,MARRIAGE,AGE,PAY_0,PAY_2,PAY_3,PAY_4,PAY_5,PAY_6,BILL_AMT1,BILL_AMT2,BILL_AMT3,BILL_AMT4,BILL_AMT5,BILL_AMT6,PAY_AMT1,PAY_AMT2,PAY_AMT3,PAY_AMT4,PAY_AMT5,PAY_AMT6
0.05063291139240507,1.0,0.16666666666666666,0.6666666666666666,0.16666666666666674,0.2,0.2222222222222222,0.2,0.2,0.2,0.2,0.0962001830291481,0.10199274430093141,0.1509823566987269,0.13095323708671186,0.18014856063502646,0.4250030173388594,0.0036950855159944705,0.0014815635792880999,0.003448293988088667,0.0021972473165585956,0.0020125183278317626,0.001982651796778191
