LIMIT_BAL,SEX,EDUCATION,MARRIAGE,AGE,PAY_0,PAY_2,PAY_3,PAY_4,PAY_5,PAY_6,BILL_AMT1,BILL_AMT2,BILL_AMT3,BILL_AMT4,BILL_AMT5,BILL_AMT6,PAY_AMT1,PAY_AMT2,PAY_AMT3,PAY_AMT4,PAY_AMT5,PAY_AMT6
0.15189873417721517,1.0,0.5,0.3333333333333333,0.42592592592592593,0.1,0.1111111111111111,0.1,0.1,0.1,0.1,0.025589546932221135,0.04765476251736737,0.07794975232693835,0.08019752731282549,0.13765224523942576,0.40277079590954307,0.007485436538983861,0.000894805726104694,0.0076535305589285054,0.007274163471200811,0.010621767666226025,0.004676579925650558
