LIMIT_BAL,SEX,EDUCATION,MARRIAGE,AGE,PAY_0,PAY_2,PAY_3,PAY_4,PAY_5,PAY_6,BILL_AMT1,BILL_AMT2,BILL_AMT3,BILL_AMT4,BILL_AMT5,BILL_AMT6,PAY_AMT1,PAY_AMT2,PAY_AMT3,PAY_AMT4,PAY_AMT5,PAY_AMT6
0.0759493670886076,1.0,0.3333333333333333,0.6666666666666666,0.05555555555555558,0.2,0.2222222222222222,0.2,0.2,0.2,0.2,0.13060840709701016,0.12372767972006382,0.1794569184222211,0.13625399279648573,0.2124276559380137,0.45202782748086767,0.006080777042228969,0.0023763693053927937,0.0052670588049768974,0.03751068627107883,0.0077305441530029296,0.005452292441140025
