LIMIT_BAL,SEX,EDUCATION,MARRIAGE,AGE,PAY_0,PAY_2,PAY_3,PAY_4,PAY_5,PAY_6,BILL_AMT1,BILL_AMT2,BILL_AMT3,BILL_AMT4,BILL_AMT5,BILL_AMT6,PAY_AMT1,PAY_AMT2,PAY_AMT3,PAY_AMT4,PAY_AMT5,PAY_AMT6
0.012658227848101266,1.0,0.3333333333333333,0.6666666666666666,0.018518518518518545,0.2,0.2222222222222222,0.4,0.4,0.4,0.4,0.047871697509014106,0.06580558843204859,0.10455913204663286,0.10336773281074893,0.1622124619693271,0.42087482906628887,0.005815249778051638,0.0,0.003795226005182954,0.0,0.0049810472825848875,0.0
