LIMIT_BAL,SEX,EDUCATION,MARRIAGE,AGE,PAY_0,PAY_2,PAY_3,PAY_4,PAY_5,PAY_6,BILL_AMT1,BILL_AMT2,BILL_AMT3,BILL_AMT4,BILL_AMT5,BILL_AMT6,PAY_AMT1,PAY_AMT2,PAY_AMT3,PAY_AMT4,PAY_AMT5,PAY_AMT6
0.1139240506329114,0.0,0.3333333333333333,0.3333333333333333,0.5740740740740741,0.2,0.2222222222222222,0.2,0.2,0.2,0.2,0.11055211700051958,0.11576442134513457,0.17222727490306833,0.10101850020675644,0.17290026568366978,0.42354297686550635,0.004870702410825404,0.00234295670541985,0.002654555585342648,0.027106882708488524,0.002767534806775049,0.0014374225526641883
