LIMIT_BAL,SEX,EDUCATION,MARRIAGE,AGE,PAY_0,PAY_2,PAY_3,PAY_4,PAY_5,PAY_6,BILL_AMT1,BILL_AMT2,BILL_AMT3,BILL_AMT4,BILL_AMT5,BILL_AMT6,PAY_AMT1,PAY_AMT2,PAY_AMT3,PAY_AMT4,PAY_AMT5,PAY_AMT6
0.16455696202531644,1.0,0.16666666666666666,0.6666666666666666,0.12962962962962965,0.2,0.1111111111111111,0.2,0.2,0.2,0.2,0.03320425016913714,0.056182781865898215,0.09731463309559141,0.09578666331062008,0.15730237938843739,0.41962336580341475,0.02092192687662914,0.0040747073137736515,0.002628272856774899,0.004999425066117396,0.010307392204003906,0.009913258983890954
