LIMIT_BAL,SEX,EDUCATION,MARRIAGE,AGE,PAY_0,PAY_2,PAY_3,PAY_4,PAY_5,PAY_6,BILL_AMT1,BILL_AMT2,BILL_AMT3,BILL_AMT4,BILL_AMT5,BILL_AMT6,PAY_AMT1,PAY_AMT2,PAY_AMT3,PAY_AMT4,PAY_AMT5,PAY_AMT6
0.24050632911392406,0.0,0.3333333333333333,0.3333333333333333,0.16666666666666674,0.30000000000000004,0.0,0.0,0.0,0.0,0.0,0.025184559623393197,0.04385066639221943,0.07735223384430517,0.07693736778075427,0.13409999248373383,0.3983109933079525,0.0014918173010268405,0.0005997969165874816,0.0019344088225863255,0.0018397884243312019,0.0008142839841163086,0.002864931846344486
