LIMIT_BAL,SEX,EDUCATION,MARRIAGE,AGE,PAY_0,PAY_2,PAY_3,PAY_4,PAY_5,PAY_6,BILL_AMT1,BILL_AMT2,BILL_AMT3,BILL_AMT4,BILL_AMT5,BILL_AMT6,PAY_AMT1,PAY_AMT2,PAY_AMT3,PAY_AMT4,PAY_AMT5,PAY_AMT6
0.025316455696202535,1.0,0.3333333333333333,0.3333333333333333,0.11111111111111116,0.4,0.4444444444444444,0.4,0.4,0.4,0.4,0.06781810732791571,0.0774262851849946,0.12349320529051448,0.11723539670268424,0.18058319689676244,0.43165991134296766,0.0,0.002166929349464828,0.0,0.005771836238832534,0.0028010338314380617,0.0
