LIMIT_BAL,SEX,EDUCATION,MARRIAGE,AGE,PAY_0,PAY_2,PAY_3,PAY_4,PAY_5,PAY_6,BILL_AMT1,BILL_AMT2,BILL_AMT3,BILL_AMT4,BILL_AMT5,BILL_AMT6,PAY_AMT1,PAY_AMT2,PAY_AMT3,PAY_AMT4,PAY_AMT5,PAY_AMT6
0.5949367088607596,0.0,0.16666666666666666,0.6666666666666666,0.5185185185185185,0.2,0.2222222222222222,0.2,0.2,0.2,0.2,0.7293601671435994,0.6303941748572016,0.777384750734106,0.5639177049435765,0.6570098985957654,0.7797553553370572,0.03470907535704296,0.011984529151271064,0.04041495171862762,0.026199487058988214,0.028353059105163746,0.028012391573729863
