LIMIT_BAL,SEX,EDUCATION,MARRIAGE,AGE,PAY_0,PAY_2,PAY_3,PAY_4,PAY_5,PAY_6,BILL_AMT1,BILL_AMT2,BILL_AMT3,BILL_AMT4,BILL_AMT5,BILL_AMT6,PAY_AMT1,PAY_AMT2,PAY_AMT3,PAY_AMT4,PAY_AMT5,PAY_AMT6
0.35443037974683544,1.0,0.16666666666666666,0.3333333333333333,0.5555555555555556,0.0,0.0,0.0,0.0,0.0,0.0,0.024029246990457682,0.0723485823084444,0.07742981221083489,0.13684279918256292,0.14000843128988932,0.39853128833924495,0.04639227498084555,0.0006380991653369539,0.10702327072787388,0.010878748943871454,0.001298731417704492,0.0017843866171003719
