LIMIT_BAL,SEX,EDUCATION,MARRIAGE,AGE,PAY_0,PAY_2,PAY_3,PAY_4,PAY_5,PAY_6,BILL_AMT1,BILL_AMT2,BILL_AMT3,BILL_AMT4,BILL_AMT5,BILL_AMT6,PAY_AMT1,PAY_AMT2,PAY_AMT3,PAY_AMT4,PAY_AMT5,PAY_AMT6
0.025316455696202535,1.0,0.3333333333333333,0.6666666666666666,0.018518518518518545,0.2,0.1111111111111111,0.4,0.1,0.1,0.1,0.027049384905903237,0.05203262491637936,0.08105948940229996,0.07842960991951481,0.13916530230095783,0.40082446587243276,0.014383064630552255,0.0,0.004552168587934125,0.009588897276813165,0.006341623053513403,0.009179677819083024
