LIMIT_BAL,SEX,EDUCATION,MARRIAGE,AGE,PAY_0,PAY_2,PAY_3,PAY_4,PAY_5,PAY_6,BILL_AMT1,BILL_AMT2,BILL_AMT3,BILL_AMT4,BILL_AMT5,BILL_AMT6,PAY_AMT1,PAY_AMT2,PAY_AMT3,PAY_AMT4,PAY_AMT5,PAY_AMT6
0.2911392405063291,0.0,0.16666666666666666,0.6666666666666666,0.37037037037037035,0.30000000000000004,0.1111111111111111,0.1,0.2,0.2,0.1,0.024178370224328435,0.04627695157721402,0.08158603193257616,0.08057508255275285,0.13348561942203183,0.39997609564554054,0.005314599134908119,0.002690121768553365,0.0,0.0008998965119011314,0.004475985064588696,0.0022899628252788106
