LIMIT_BAL,SEX,EDUCATION,MARRIAGE,AGE,PAY_0,PAY_2,PAY_3,PAY_4,PAY_5,PAY_6,BILL_AMT1,BILL_AMT2,BILL_AMT3,BILL_AMT4,BILL_AMT5,BILL_AMT6,PAY_AMT1,PAY_AMT2,PAY_AMT3,PAY_AMT4,PAY_AMT5,PAY_AMT6
0.08860759493670886,1.0,0.3333333333333333,0.3333333333333333,0.2777777777777778,0.2,0.2222222222222222,0.2,0.2,0.2,0.2,0.05599812889584449,0.07002778778366696,0.11312906564285231,0.11122897227066515,0.17205386875292072,0.42800981015958495,0.002740403520364522,0.0013682867159651923,0.004972692245018109,0.0021747499037610674,0.005401073514898047,0.0
