LIMIT_BAL,SEX,EDUCATION,MARRIAGE,AGE,PAY_0,PAY_2,PAY_3,PAY_4,PAY_5,PAY_6,BILL_AMT1,BILL_AMT2,BILL_AMT3,BILL_AMT4,BILL_AMT5,BILL_AMT6,PAY_AMT1,PAY_AMT2,PAY_AMT3,PAY_AMT4,PAY_AMT5,PAY_AMT6
0.012658227848101266,0.0,0.3333333333333333,0.6666666666666666,0.6481481481481481,0.7,0.6666666666666666,0.5,0.4,0.4,0.0,0.05538750849610004,0.0678292080481655,0.10651674784885094,0.10232346296063237,0.16230886625294524,0.42020456971576076,0.0,0.0,0.0,0.0037495687995880472,0.0025768480510009765,0.0024783147459727386
