LIMIT_BAL,SEX,EDUCATION,MARRIAGE,AGE,PAY_0,PAY_2,PAY_3,PAY_4,PAY_5,PAY_6,BILL_AMT1,BILL_AMT2,BILL_AMT3,BILL_AMT4,BILL_AMT5,BILL_AMT6,PAY_AMT1,PAY_AMT2,PAY_AMT3,PAY_AMT4,PAY_AMT5,PAY_AMT6
0.27848101265822783,0.0,0.3333333333333333,0.6666666666666666,0.537037037037037,0.30000000000000004,0.4444444444444444,0.2,0.2,0.2,0.2,0.06119075687104922,0.07252740184222714,0.11605723632846351,0.11364712368829519,0.18159462488929848,0.43814689694528125,0.0,0.0016298829255094608,0.00377157154947198,0.01249856266529349,0.012884240255004883,0.014869888475836432
