LIMIT_BAL,SEX,EDUCATION,MARRIAGE,AGE,PAY_0,PAY_2,PAY_3,PAY_4,PAY_5,PAY_6,BILL_AMT1,BILL_AMT2,BILL_AMT3,BILL_AMT4,BILL_AMT5,BILL_AMT6,PAY_AMT1,PAY_AMT2,PAY_AMT3,PAY_AMT4,PAY_AMT5,PAY_AMT6
0.012658227848101266,1.0,0.5,0.3333333333333333,0.462962962962963,0.30000000000000004,0.4444444444444444,0.4,0.2,0.2,0.4,0.036792626091542824,0.05453609838933773,0.09058512245002386,0.09069116580667973,0.1505328379133538,0.41012724381621296,0.002432310816891588,0.0,0.0034588070795157667,0.002982157051939027,0.0,0.0
