LIMIT_BAL,SEX,EDUCATION,MARRIAGE,AGE,PAY_0,PAY_2,PAY_3,PAY_4,PAY_5,PAY_6,BILL_AMT1,BILL_AMT2,BILL_AMT3,BILL_AMT4,BILL_AMT5,BILL_AMT6,PAY_AMT1,PAY_AMT2,PAY_AMT3,PAY_AMT4,PAY_AMT5,PAY_AMT6
0.4050632911392405,0.0,0.16666666666666666,0.3333333333333333,0.2592592592592593,0.1,0.1111111111111111,0.1,0.1,0.1,0.1,0.030132311551399636,0.06182009983018577,0.08031836841140964,0.09181184564582921,0.13544638451257016,0.43877380035879965,0.029962015412742876,0.002073211081248034,0.028161943660343042,0.003914549826769921,0.08984180729814904,0.018024783147459728
