LIMIT_BAL,SEX,EDUCATION,MARRIAGE,AGE,PAY_0,PAY_2,PAY_3,PAY_4,PAY_5,PAY_6,BILL_AMT1,BILL_AMT2,BILL_AMT3,BILL_AMT4,BILL_AMT5,BILL_AMT6,PAY_AMT1,PAY_AMT2,PAY_AMT3,PAY_AMT4,PAY_AMT5,PAY_AMT6
0.37974683544303794,0.0,0.16666666666666666,0.6666666666666666,0.4444444444444444,0.2,0.2222222222222222,0.2,0.2,0.2,0.2,0.5157717441296462,0.4015990840323162,0.5446562535591138,0.5105251014305149,0.6122227559860525,0.7502053548097553,0.020289526064237326,0.0093718268216794,0.028950425517375512,0.02749683786364568,0.030922176612011718,0.05708798017348204
