LIMIT_BAL,SEX,EDUCATION,MARRIAGE,AGE,PAY_0,PAY_2,PAY_3,PAY_4,PAY_5,PAY_6,BILL_AMT1,BILL_AMT2,BILL_AMT3,BILL_AMT4,BILL_AMT5,BILL_AMT6,PAY_AMT1,PAY_AMT2,PAY_AMT3,PAY_AMT4,PAY_AMT5,PAY_AMT6
0.20253164556962022,1.0,0.3333333333333333,0.0,0.05555555555555558,0.1,0.2222222222222222,0.2,0.2,0.2,0.2,0.09395077677507664,0.09105902331086296,0.13994642140898822,0.12895908619646057,0.18215017499828434,0.44740749073413316,0.00405385136148598,0.0017643482668639912,0.006005603477730644,0.001249856266529349,0.07344016945352784,0.004956629491945477
