LIMIT_BAL,SEX,EDUCATION,MARRIAGE,AGE,PAY_0,PAY_2,PAY_3,PAY_4,PAY_5,PAY_6,BILL_AMT1,BILL_AMT2,BILL_AMT3,BILL_AMT4,BILL_AMT5,BILL_AMT6,PAY_AMT1,PAY_AMT2,PAY_AMT3,PAY_AMT4,PAY_AMT5,PAY_AMT6
0.025316455696202535,1.0,0.8333333333333333,0.3333333333333333,0.2777777777777778,0.0,0.0,0.0,0.0,0.0,0.0,0.037903986613442756,0.04290382339319714,0.08330431022103232,0.07686844896711674,0.13289738989487032,0.3980567165963011,0.0,0.0035384758312810394,0.0018135082711746803,0.0,0.0002551079570490967,0.0
