LIMIT_BAL,SEX,EDUCATION,MARRIAGE,AGE,PAY_0,PAY_2,PAY_3,PAY_4,PAY_5,PAY_6,BILL_AMT1,BILL_AMT2,BILL_AMT3,BILL_AMT4,BILL_AMT5,BILL_AMT6,PAY_AMT1,PAY_AMT2,PAY_AMT3,PAY_AMT4,PAY_AMT5,PAY_AMT6
0.3164556962025316,1.0,0.16666666666666666,0.3333333333333333,0.2592592592592593,0.2,0.2222222222222222,0.2,0.2,0.2,0.2,0.16439345301911762,0.1544614830443061,0.21291960405322208,0.19676471117024147,0.25769518599490854,0.4502338291143319,0.0072523400856984175,0.001955859510611353,0.005256545713549798,0.004999425066117396,0.0037725055466654297,0.0029442379182156135
