LIMIT_BAL,SEX,EDUCATION,MARRIAGE,AGE,PAY_0,PAY_2,PAY_3,PAY_4,PAY_5,PAY_6,BILL_AMT1,BILL_AMT2,BILL_AMT3,BILL_AMT4,BILL_AMT5,BILL_AMT6,PAY_AMT1,PAY_AMT2,PAY_AMT3,PAY_AMT4,PAY_AMT5,PAY_AMT6
0.1772151898734177,0.0,0.16666666666666666,0.3333333333333333,0.38888888888888884,0.1,0.1111111111111111,0.1,0.1,0.1,0.1,0.028292601760909933,0.04290382339319714,0.07796295715528384,0.07781683177217238,0.13632546086149483,0.3979407101702482,0.0,0.0009013252578067318,0.0034772049895131912,0.005244396894357148,0.0,0.0
