LIMIT_BAL,SEX,EDUCATION,MARRIAGE,AGE,PAY_0,PAY_2,PAY_3,PAY_4,PAY_5,PAY_6,BILL_AMT1,BILL_AMT2,BILL_AMT3,BILL_AMT4,BILL_AMT5,BILL_AMT6,PAY_AMT1,PAY_AMT2,PAY_AMT3,PAY_AMT4,PAY_AMT5,PAY_AMT6
0.0379746835443038,0.0,0.16666666666666666,0.6666666666666666,0.14814814814814814,0.30000000000000004,0.4444444444444444,0.4,0.4,0.4,0.4,0.08317780041660322,0.09021381155765966,0.14213182050016587,0.13423437190989015,0.19740492740267251,0.4440257276473779,0.0,0.003096777558467975,0.0,0.002999655039670438,0.0,0.0
