LIMIT_BAL,SEX,EDUCATION,MARRIAGE,AGE,PAY_0,PAY_2,PAY_3,PAY_4,PAY_5,PAY_6,BILL_AMT1,BILL_AMT2,BILL_AMT3,BILL_AMT4,BILL_AMT5,BILL_AMT6,PAY_AMT1,PAY_AMT2,PAY_AMT3,PAY_AMT4,PAY_AMT5,PAY_AMT6
0.2151898734177215,1.0,0.16666666666666666,0.6666666666666666,0.14814814814814814,0.1,0.1111111111111111,0.1,0.1,0.2,0.1,0.030151148170414893,0.0431894200586631,0.07763283644664672,0.08497539898000156,0.2152037725120342,0.3993503640141035,0.00044997750112494374,0.0007399668481812952,0.01603509269918366,0.12061362943261525,0.003110255597558179,0.011263940520446098
