LIMIT_BAL,SEX,EDUCATION,MARRIAGE,AGE,PAY_0,PAY_2,PAY_3,PAY_4,PAY_5,PAY_6,BILL_AMT1,BILL_AMT2,BILL_AMT3,BILL_AMT4,BILL_AMT5,BILL_AMT6,PAY_AMT1,PAY_AMT2,PAY_AMT3,PAY_AMT4,PAY_AMT5,PAY_AMT6
0.5949367088607596,1.0,0.3333333333333333,0.3333333333333333,0.6111111111111112,0.0,0.0,0.0,0.0,0.0,0.0,0.05101113401155627,0.05063937631863326,0.07897147592017022,0.07790972234707515,0.13289738989487032,0.3979407101702482,0.012214254152157256,0.001399254491549872,0.0036532992709171095,0.0,0.0,0.005700123915737299
