LIMIT_BAL,SEX,EDUCATION,MARRIAGE,AGE,PAY_0,PAY_2,PAY_3,PAY_4,PAY_5,PAY_6,BILL_AMT1,BILL_AMT2,BILL_AMT3,BILL_AMT4,BILL_AMT5,BILL_AMT6,PAY_AMT1,PAY_AMT2,PAY_AMT3,PAY_AMT4,PAY_AMT5,PAY_AMT6
0.15189873417721517,0.0,0.16666666666666666,0.6666666666666666,0.11111111111111116,0.1,0.1111111111111111,0.1,0.1,0.2,0.1,0.024540975140372054,0.04332321309113364,0.07667548639159909,0.07943043095233815,0.1346539086218109,0.39987415060446374,0.0006607777719222147,0.0002656709168580421,0.0063078548562597574,0.0,0.004251799284151612,0.0016158612143742255
