LIMIT_BAL,SEX,EDUCATION,MARRIAGE,AGE,PAY_0,PAY_2,PAY_3,PAY_4,PAY_5,PAY_6,BILL_AMT1,BILL_AMT2,BILL_AMT3,BILL_AMT4,BILL_AMT5,BILL_AMT6,PAY_AMT1,PAY_AMT2,PAY_AMT3,PAY_AMT4,PAY_AMT5,PAY_AMT6
0.2531645569620253,1.0,0.16666666666666666,0.3333333333333333,0.3148148148148149,0.30000000000000004,0.0,0.1,0.2,0.1,0.1,0.024029246990457682,0.04290382339319714,0.076550040522317,0.07601894967728016,0.13418659294189927,0.399372627873649,0.0,0.0002037353656886826,0.0,0.0019722731885833127,0.0031489083183231935,0.023831474597273854
