LIMIT_BAL,SEX,EDUCATION,MARRIAGE,AGE,PAY_0,PAY_2,PAY_3,PAY_4,PAY_5,PAY_6,BILL_AMT1,BILL_AMT2,BILL_AMT3,BILL_AMT4,BILL_AMT5,BILL_AMT6,PAY_AMT1,PAY_AMT2,PAY_AMT3,PAY_AMT4,PAY_AMT5,PAY_AMT6
0.025316455696202535,1.0,0.3333333333333333,0.3333333333333333,0.09259259259259262,0.4,0.4444444444444444,0.4,0.4,0.4,0.4,0.07261830574030267,0.08235990325734577,0.12541780902186886,0.12165668842104002,0.17845740074443717,0.4323137657443569,0.004203843861860961,0.0,0.006055540662009367,0.0,0.006184435322402344,0.0
