LIMIT_BAL,SEX,EDUCATION,MARRIAGE,AGE,PAY_0,PAY_2,PAY_3,PAY_4,PAY_5,PAY_6,BILL_AMT1,BILL_AMT2,BILL_AMT3,BILL_AMT4,BILL_AMT5,BILL_AMT6,PAY_AMT1,PAY_AMT2,PAY_AMT3,PAY_AMT4,PAY_AMT5,PAY_AMT6
0.0,0.0,0.3333333333333333,0.6666666666666666,0.03703703703703709,0.2,0.2222222222222222,0.1,0.1,0.2,0.2,0.05202360228362611,0.05385298204085834,0.07886253608631996,0.09079304579205695,0.14939396018993278,0.4094792483252304,0.0020938142282075083,0.00134546835500806,0.02624067620204059,0.0010373807012193598,0.0009225116022583496,0.0002825278810408922
