LIMIT_BAL,SEX,EDUCATION,MARRIAGE,AGE,PAY_0,PAY_2,PAY_3,PAY_4,PAY_5,PAY_6,BILL_AMT1,BILL_AMT2,BILL_AMT3,BILL_AMT4,BILL_AMT5,BILL_AMT6,PAY_AMT1,PAY_AMT2,PAY_AMT3,PAY_AMT4,PAY_AMT5,PAY_AMT6
0.12658227848101264,1.0,0.16666666666666666,0.6666666666666666,0.20370370370370372,0.2,0.2222222222222222,0.2,0.2,0.2,0.2,0.09718282665444379,0.10510600524880359,0.16166341222668068,0.14658881837195784,0.19004552242951867,0.44917688167696074,0.005140283526364222,0.0040747073137736515,0.004344535032248908,0.0037495687995880472,0.025768480510009767,0.0037050805452292445
