LIMIT_BAL,SEX,EDUCATION,MARRIAGE,AGE,PAY_0,PAY_2,PAY_3,PAY_4,PAY_5,PAY_6,BILL_AMT1,BILL_AMT2,BILL_AMT3,BILL_AMT4,BILL_AMT5,BILL_AMT6,PAY_AMT1,PAY_AMT2,PAY_AMT3,PAY_AMT4,PAY_AMT5,PAY_AMT6
0.05063291139240507,0.0,0.3333333333333333,0.3333333333333333,0.462962962962963,0.2,0.2222222222222222,0.2,0.4,0.2,0.2,0.04792035877480351,0.0647236659290897,0.10903391825220893,0.10479255437095102,0.19353895223249445,0.42039791375918234,0.00405385136148598,0.0026550792856549115,0.0,0.001697304809946856,0.003937423821929492,0.0014547707558859977
