LIMIT_BAL,SEX,EDUCATION,MARRIAGE,AGE,PAY_0,PAY_2,PAY_3,PAY_4,PAY_5,PAY_6,BILL_AMT1,BILL_AMT2,BILL_AMT3,BILL_AMT4,BILL_AMT5,BILL_AMT6,PAY_AMT1,PAY_AMT2,PAY_AMT3,PAY_AMT4,PAY_AMT5,PAY_AMT6
0.025316455696202535,0.0,0.3333333333333333,0.6666666666666666,0.07407407407407407,0.30000000000000004,0.4444444444444444,0.2,0.2,0.4,0.4,0.04431785538813639,0.06015669222456646,0.09955945391432378,0.10013304327502202,0.15849027623912185,0.4181539510734109,0.00202692568074299,0.0010594239015811495,0.005974064203449345,0.0,0.005153696102001953,0.0
