LIMIT_BAL,SEX,EDUCATION,MARRIAGE,AGE,PAY_0,PAY_2,PAY_3,PAY_4,PAY_5,PAY_6,BILL_AMT1,BILL_AMT2,BILL_AMT3,BILL_AMT4,BILL_AMT5,BILL_AMT6,PAY_AMT1,PAY_AMT2,PAY_AMT3,PAY_AMT4,PAY_AMT5,PAY_AMT6
0.05063291139240507,0.0,0.5,0.3333333333333333,0.4814814814814815,0.30000000000000004,0.4444444444444444,0.2,0.2,0.2,0.4,0.049485367871320775,0.06305511243760614,0.10369091458291725,0.10191444478404439,0.16338728705274133,0.4203393246551152,0.0,0.0012924971599290024,0.0034167547138073684,0.0038645555761087475,0.002319163245900879,0.0
