LIMIT_BAL,SEX,EDUCATION,MARRIAGE,AGE,PAY_0,PAY_2,PAY_3,PAY_4,PAY_5,PAY_6,BILL_AMT1,BILL_AMT2,BILL_AMT3,BILL_AMT4,BILL_AMT5,BILL_AMT6,PAY_AMT1,PAY_AMT2,PAY_AMT3,PAY_AMT4,PAY_AMT5,PAY_AMT6
0.24050632911392406,1.0,0.3333333333333333,0.6666666666666666,0.20370370370370372,0.1,0.1111111111111111,0.1,0.0,0.1,0.1,0.045168642680325305,0.048493541913240366,0.0761373896365206,0.07583466676255371,0.13317679892027204,0.39976517487089885,0.008849557522123894,0.0,0.0,0.00042745084315303736,0.0035715113986873534,1.4869888475836432e-05
