LIMIT_BAL,SEX,EDUCATION,MARRIAGE,AGE,PAY_0,PAY_2,PAY_3,PAY_4,PAY_5,PAY_6,BILL_AMT1,BILL_AMT2,BILL_AMT3,BILL_AMT4,BILL_AMT5,BILL_AMT6,PAY_AMT1,PAY_AMT2,PAY_AMT3,PAY_AMT4,PAY_AMT5,PAY_AMT6
0.15189873417721517,0.0,0.16666666666666666,0.3333333333333333,0.6851851851851851,0.2,0.2222222222222222,0.2,0.2,0.2,0.1,0.24013392836119846,0.22183785313641746,0.15882107292531517,0.14970215086627953,0.15703440815939715,0.3981164774824496,0.008715780427194855,0.0012224121941320956,0.0,0.0,0.0031772536468842043,0.002156133828996283
