LIMIT_BAL,SEX,EDUCATION,MARRIAGE,AGE,PAY_0,PAY_2,PAY_3,PAY_4,PAY_5,PAY_6,BILL_AMT1,BILL_AMT2,BILL_AMT3,BILL_AMT4,BILL_AMT5,BILL_AMT6,PAY_AMT1,PAY_AMT2,PAY_AMT3,PAY_AMT4,PAY_AMT5,PAY_AMT6
0.15189873417721517,1.0,0.3333333333333333,0.3333333333333333,0.11111111111111116,0.2,0.2222222222222222,0.2,0.2,0.2,0.2,0.14471703473943462,0.14467143518756756,0.21021756605302727,0.1986644732505109,0.2697800348362598,0.4981655751516578,0.0070942398826004645,0.0032597658510189215,0.007884818570324697,0.007864095629002664,0.008400524646263183,0.007930607187112764
