LIMIT_BAL,SEX,EDUCATION,MARRIAGE,AGE,PAY_0,PAY_2,PAY_3,PAY_4,PAY_5,PAY_6,BILL_AMT1,BILL_AMT2,BILL_AMT3,BILL_AMT4,BILL_AMT5,BILL_AMT6,PAY_AMT1,PAY_AMT2,PAY_AMT3,PAY_AMT4,PAY_AMT5,PAY_AMT6
0.12658227848101264,0.0,0.16666666666666666,0.6666666666666666,0.09259259259259262,0.2,0.2222222222222222,0.2,0.2,0.2,0.2,0.11554539075781288,0.1173403488910616,0.1543908530154051,0.14736490414291964,0.207494697764401,0.4290222298778651,0.004416671058338975,0.0017855367448956143,0.004008116106581721,0.04558475775285842,0.0038652720765014648,0.004956629491945477
