LIMIT_BAL,SEX,EDUCATION,MARRIAGE,AGE,PAY_0,PAY_2,PAY_3,PAY_4,PAY_5,PAY_6,BILL_AMT1,BILL_AMT2,BILL_AMT3,BILL_AMT4,BILL_AMT5,BILL_AMT6,PAY_AMT1,PAY_AMT2,PAY_AMT3,PAY_AMT4,PAY_AMT5,PAY_AMT6
0.012658227848101266,1.0,0.5,0.6666666666666666,0.018518518518518545,0.2,0.2222222222222222,0.2,0.2,0.2,0.2,0.04634750108702989,0.06036510060206865,0.09947197192653495,0.09641592204383237,0.15361614101822532,0.41208060454581136,0.0034457736572630826,0.0012224121941320956,0.0,0.0,0.002749496870418042,0.0009714993804213135
