LIMIT_BAL,SEX,EDUCATION,MARRIAGE,AGE,PAY_0,PAY_2,PAY_3,PAY_4,PAY_5,PAY_6,BILL_AMT1,BILL_AMT2,BILL_AMT3,BILL_AMT4,BILL_AMT5,BILL_AMT6,PAY_AMT1,PAY_AMT2,PAY_AMT3,PAY_AMT4,PAY_AMT5,PAY_AMT6
0.012658227848101266,1.0,0.3333333333333333,0.6666666666666666,0.20370370370370372,0.1,0.1111111111111111,0.1,0.1,0.1,0.2,0.03935440627761723,0.04409380949930531,0.08279427372618799,0.07717858362848565,0.13640552543602516,0.399533162018793,0.0018749062546872656,0.0032866589192898274,0.0029857179652962853,0.005366882808477025,0.0010487771567573975,0.0017348203221809171
