LIMIT_BAL,SEX,EDUCATION,MARRIAGE,AGE,PAY_0,PAY_2,PAY_3,PAY_4,PAY_5,PAY_6,BILL_AMT1,BILL_AMT2,BILL_AMT3,BILL_AMT4,BILL_AMT5,BILL_AMT6,PAY_AMT1,PAY_AMT2,PAY_AMT3,PAY_AMT4,PAY_AMT5,PAY_AMT6
0.3291139240506329,0.0,0.16666666666666666,0.3333333333333333,0.37037037037037035,0.1,0.1111111111111111,0.1,0.1,0.1,0.1,0.024525277957859342,0.04331034837647301,0.07665898035616724,0.07669015899270659,0.14549693957248785,0.3986097977386949,0.0006405085151147847,0.0002575215022304948,0.0015007438012184674,0.01927528334241562,0.0014713802371215576,0.0014151177199504337
