LIMIT_BAL,SEX,EDUCATION,MARRIAGE,AGE,PAY_0,PAY_2,PAY_3,PAY_4,PAY_5,PAY_6,BILL_AMT1,BILL_AMT2,BILL_AMT3,BILL_AMT4,BILL_AMT5,BILL_AMT6,PAY_AMT1,PAY_AMT2,PAY_AMT3,PAY_AMT4,PAY_AMT5,PAY_AMT6
0.24050632911392406,1.0,0.3333333333333333,0.6666666666666666,0.2777777777777778,0.2,0.2222222222222222,0.2,0.2,0.2,0.2,0.3368395606672558,0.30241727988473216,0.4125204881164798,0.3590370543499757,0.4462979121119728,0.626489774443667,0.014753992030128223,0.007072876955248305,0.016558118997681864,0.014998275198352189,0.015461088306005859,0.05452540272614622
