LIMIT_BAL,SEX,EDUCATION,MARRIAGE,AGE,PAY_0,PAY_2,PAY_3,PAY_4,PAY_5,PAY_6,BILL_AMT1,BILL_AMT2,BILL_AMT3,BILL_AMT4,BILL_AMT5,BILL_AMT6,PAY_AMT1,PAY_AMT2,PAY_AMT3,PAY_AMT4,PAY_AMT5,PAY_AMT6
0.36708860759493667,1.0,0.16666666666666666,0.3333333333333333,0.5555555555555556,0.2,0.2222222222222222,0.2,0.2,0.2,0.2,0.1945618680902965,0.15330623166778162,0.22480560016770135,0.20319663436471835,0.27012316872710396,0.4568309622322917,0.00832458377081146,0.00598655998539625,0.17083773569036842,0.006249281332646745,0.005210386759123975,0.0044609665427509295
