LIMIT_BAL,SEX,EDUCATION,MARRIAGE,AGE,PAY_0,PAY_2,PAY_3,PAY_4,PAY_5,PAY_6,BILL_AMT1,BILL_AMT2,BILL_AMT3,BILL_AMT4,BILL_AMT5,BILL_AMT6,PAY_AMT1,PAY_AMT2,PAY_AMT3,PAY_AMT4,PAY_AMT5,PAY_AMT6
0.24050632911392406,1.0,0.16666666666666666,0.6666666666666666,0.2962962962962963,0.2,0.2222222222222222,0.2,0.2,0.2,0.2,0.3252205061713473,0.19894766634076058,0.27664115383790083,0.2615304171685754,0.34131364725182434,0.5507176579357184,0.008725915055598572,0.0035922619678228516,0.011798316854062522,0.014148372937112231,0.015461088306005859,0.0
