LIMIT_BAL,SEX,EDUCATION,MARRIAGE,AGE,PAY_0,PAY_2,PAY_3,PAY_4,PAY_5,PAY_6,BILL_AMT1,BILL_AMT2,BILL_AMT3,BILL_AMT4,BILL_AMT5,BILL_AMT6,PAY_AMT1,PAY_AMT2,PAY_AMT3,PAY_AMT4,PAY_AMT5,PAY_AMT6
0.05063291139240507,1.0,0.3333333333333333,0.6666666666666666,0.018518518518518545,0.2,0.2222222222222222,0.2,0.2,0.2,0.2,0.08462665036252642,0.09009674265424794,0.13197070508831554,0.12136153611046188,0.1800374506132293,0.431948169734978,0.003192407947170209,0.0014318521500600613,0.0027518016810433193,0.0026047004594471636,0.0026696145808370116,0.0025749690210656755
