LIMIT_BAL,SEX,EDUCATION,MARRIAGE,AGE,PAY_0,PAY_2,PAY_3,PAY_4,PAY_5,PAY_6,BILL_AMT1,BILL_AMT2,BILL_AMT3,BILL_AMT4,BILL_AMT5,BILL_AMT6,PAY_AMT1,PAY_AMT2,PAY_AMT3,PAY_AMT4,PAY_AMT5,PAY_AMT6
0.012658227848101266,0.0,0.16666666666666666,0.6666666666666666,0.05555555555555558,0.4,0.4444444444444444,0.2,0.2,0.4,0.4,0.052596549445340056,0.06557531003962333,0.10637149473705061,0.10508770668152916,0.16408009071806487,0.42090881074664777,0.0,0.0010594239015811495,0.003942409285162349,0.0,0.004122956881601562,0.0
