LIMIT_BAL,SEX,EDUCATION,MARRIAGE,AGE,PAY_0,PAY_2,PAY_3,PAY_4,PAY_5,PAY_6,BILL_AMT1,BILL_AMT2,BILL_AMT3,BILL_AMT4,BILL_AMT5,BILL_AMT6,PAY_AMT1,PAY_AMT2,PAY_AMT3,PAY_AMT4,PAY_AMT5,PAY_AMT6
0.2531645569620253,1.0,0.3333333333333333,0.6666666666666666,0.09259259259259262,0.1,0.1111111111111111,0.1,0.1,0.1,0.1,0.030843393919225436,0.04342098492255442,0.09479746269223342,0.07788425235073083,0.13728296781404103,0.39957768973788405,0.0008148241236586819,0.00929114761686668,0.003595477268068062,0.006709228438729546,0.003599856727248364,0.0
