LIMIT_BAL,SEX,EDUCATION,MARRIAGE,AGE,PAY_0,PAY_2,PAY_3,PAY_4,PAY_5,PAY_6,BILL_AMT1,BILL_AMT2,BILL_AMT3,BILL_AMT4,BILL_AMT5,BILL_AMT6,PAY_AMT1,PAY_AMT2,PAY_AMT3,PAY_AMT4,PAY_AMT5,PAY_AMT6
0.08860759493670886,0.0,0.3333333333333333,0.6666666666666666,0.16666666666666674,0.2,0.2222222222222222,0.2,0.2,0.2,0.2,0.13295513588266042,0.12542968146966502,0.1639494981339927,0.12034273625668962,0.17934628091881452,0.4097428992935325,0.0061740156235431465,0.0015272003012023647,0.005256545713549798,0.002499712533058698,0.0025768480510009765,0.000493184634448575
