LIMIT_BAL,SEX,EDUCATION,MARRIAGE,AGE,PAY_0,PAY_2,PAY_3,PAY_4,PAY_5,PAY_6,BILL_AMT1,BILL_AMT2,BILL_AMT3,BILL_AMT4,BILL_AMT5,BILL_AMT6,PAY_AMT1,PAY_AMT2,PAY_AMT3,PAY_AMT4,PAY_AMT5,PAY_AMT6
0.025316455696202535,1.0,0.16666666666666666,0.6666666666666666,0.03703703703703709,0.2,0.2222222222222222,0.4,0.4,0.5,0.4,0.05711419857249822,0.07351283898523131,0.11431584959040274,0.11896885468917615,0.17871066623529835,0.4301073000851885,0.006857089577953534,0.0,0.016768380826223856,0.0,0.0,0.005700123915737299
