LIMIT_BAL,SEX,EDUCATION,MARRIAGE,AGE,PAY_0,PAY_2,PAY_3,PAY_4,PAY_5,PAY_6,BILL_AMT1,BILL_AMT2,BILL_AMT3,BILL_AMT4,BILL_AMT5,BILL_AMT6,PAY_AMT1,PAY_AMT2,PAY_AMT3,PAY_AMT4,PAY_AMT5,PAY_AMT6
0.35443037974683544,0.0,0.16666666666666666,0.6666666666666666,0.16666666666666674,0.2,0.2222222222222222,0.2,0.2,0.2,0.2,0.40702794255459085,0.3533075181392477,0.4784257863887931,0.42836488616409873,0.5304621196524217,0.6824810376364686,0.0224806327251205,0.009779297553056765,0.02365445571097409,0.029996550396704378,0.02834532856101074,0.024907063197026024
