LIMIT_BAL,SEX,EDUCATION,MARRIAGE,AGE,PAY_0,PAY_2,PAY_3,PAY_4,PAY_5,PAY_6,BILL_AMT1,BILL_AMT2,BILL_AMT3,BILL_AMT4,BILL_AMT5,BILL_AMT6,PAY_AMT1,PAY_AMT2,PAY_AMT3,PAY_AMT4,PAY_AMT5,PAY_AMT6
0.5189873417721519,1.0,0.16666666666666666,0.6666666666666666,0.2777777777777778,0.0,0.0,0.0,0.0,0.0,0.0,0.024029246990457682,0.04723022693356662,0.09855423635652377,0.0773688594835284,0.1457289634415349,0.4044581621066767,0.006816551064338675,0.01107586942029954,0.0026966079510510462,0.019630242522109955,0.014332428859667432,0.0024535315985130114
