LIMIT_BAL,SEX,EDUCATION,MARRIAGE,AGE,PAY_0,PAY_2,PAY_3,PAY_4,PAY_5,PAY_6,BILL_AMT1,BILL_AMT2,BILL_AMT3,BILL_AMT4,BILL_AMT5,BILL_AMT6,PAY_AMT1,PAY_AMT2,PAY_AMT3,PAY_AMT4,PAY_AMT5,PAY_AMT6
0.1772151898734177,0.0,0.3333333333333333,0.3333333333333333,0.11111111111111116,0.2,0.2222222222222222,0.2,0.2,0.2,0.2,0.21009266046837255,0.1971659033602635,0.2806702770868168,0.26528199780658385,0.3433087257314471,0.556049266405828,0.00684087417250759,0.0040747073137736515,0.009417101645824462,0.00850402203746569,0.018620304016533057,0.012391573729863693
