LIMIT_BAL,SEX,EDUCATION,MARRIAGE,AGE,PAY_0,PAY_2,PAY_3,PAY_4,PAY_5,PAY_6,BILL_AMT1,BILL_AMT2,BILL_AMT3,BILL_AMT4,BILL_AMT5,BILL_AMT6,PAY_AMT1,PAY_AMT2,PAY_AMT3,PAY_AMT4,PAY_AMT5,PAY_AMT6
0.37974683544303794,1.0,0.16666666666666666,0.3333333333333333,0.37037037037037035,0.1,0.4444444444444444,0.1,0.1,0.1,0.2,0.02974302142508441,0.04431122317706994,0.09172734010190826,0.08362848564391147,0.15673539148309004,0.4116189224057623,0.0,0.007703641647420466,0.013682788492370123,0.03646830614479335,0.0,0.04104832713754647
