LIMIT_BAL,SEX,EDUCATION,MARRIAGE,AGE,PAY_0,PAY_2,PAY_3,PAY_4,PAY_5,PAY_6,BILL_AMT1,BILL_AMT2,BILL_AMT3,BILL_AMT4,BILL_AMT5,BILL_AMT6,PAY_AMT1,PAY_AMT2,PAY_AMT3,PAY_AMT4,PAY_AMT5,PAY_AMT6
0.13924050632911392,0.0,0.3333333333333333,0.6666666666666666,0.4444444444444444,0.2,0.2222222222222222,0.2,0.2,0.2,0.2,0.21831641438678173,0.19893866104049815,0.26867203993140093,0.25441080407280225,0.3233350653424967,0.5379768713652784,0.012161554084457939,0.004726660483977436,0.015769637140649394,0.010998735145458271,0.012884240255004883,0.011895910780669145
