LIMIT_BAL,SEX,EDUCATION,MARRIAGE,AGE,PAY_0,PAY_2,PAY_3,PAY_4,PAY_5,PAY_6,BILL_AMT1,BILL_AMT2,BILL_AMT3,BILL_AMT4,BILL_AMT5,BILL_AMT6,PAY_AMT1,PAY_AMT2,PAY_AMT3,PAY_AMT4,PAY_AMT5,PAY_AMT6
0.05063291139240507,0.0,0.5,0.3333333333333333,0.5555555555555556,0.2,0.2222222222222222,0.2,0.2,0.2,0.2,0.10023906808966858,0.10242499871352853,0.1532469847599775,0.12039817095461547,0.18201455541285544,0.43244852068371137,0.00405385136148598,0.0011409180478566224,0.0025862204910665006,0.002532208795988461,0.0025923091393069823,0.0023271375464684017
