LIMIT_BAL,SEX,EDUCATION,MARRIAGE,AGE,PAY_0,PAY_2,PAY_3,PAY_4,PAY_5,PAY_6,BILL_AMT1,BILL_AMT2,BILL_AMT3,BILL_AMT4,BILL_AMT5,BILL_AMT6,PAY_AMT1,PAY_AMT2,PAY_AMT3,PAY_AMT4,PAY_AMT5,PAY_AMT6
0.4050632911392405,0.0,0.3333333333333333,0.3333333333333333,0.3148148148148149,0.2,0.2222222222222222,0.2,0.2,0.2,0.2,0.3064765005329193,0.2718429990222817,0.3654205160116797,0.30590664197575257,0.3895484684790672,0.5836869185763784,0.01621540544594392,0.004889648776528382,0.014718327997939434,0.014998275198352189,0.015461088306005859,0.014869888475836432
