LIMIT_BAL,SEX,EDUCATION,MARRIAGE,AGE,PAY_0,PAY_2,PAY_3,PAY_4,PAY_5,PAY_6,BILL_AMT1,BILL_AMT2,BILL_AMT3,BILL_AMT4,BILL_AMT5,BILL_AMT6,PAY_AMT1,PAY_AMT2,PAY_AMT3,PAY_AMT4,PAY_AMT5,PAY_AMT6
0.0,0.0,0.5,0.6666666666666666,0.5,0.2,0.2222222222222222,0.2,0.2,0.2,0.2,0.0379338112602169,0.05518705295116555,0.0918841474385109,0.09041998525736682,0.1460835351287406,0.3979407101702482,0.0024890647359523915,0.0008149414627547304,0.0005125132070711053,0.0004024537178224504,0.0,0.0
