LIMIT_BAL,SEX,EDUCATION,MARRIAGE,AGE,PAY_0,PAY_2,PAY_3,PAY_4,PAY_5,PAY_6,BILL_AMT1,BILL_AMT2,BILL_AMT3,BILL_AMT4,BILL_AMT5,BILL_AMT6,PAY_AMT1,PAY_AMT2,PAY_AMT3,PAY_AMT4,PAY_AMT5,PAY_AMT6
0.05063291139240507,1.0,0.16666666666666666,0.6666666666666666,0.11111111111111116,0.5,0.4444444444444444,0.4,0.9000000000000001,0.9000000000000001,0.9000000000000001,0.024500162465839005,0.043289764833016005,0.07663257069947627,0.07628413728627677,0.1333875811675049,0.39829224479465103,0.0,0.0,0.0,0.0,0.0,0.0
