LIMIT_BAL,SEX,EDUCATION,MARRIAGE,AGE,PAY_0,PAY_2,PAY_3,PAY_4,PAY_5,PAY_6,BILL_AMT1,BILL_AMT2,BILL_AMT3,BILL_AMT4,BILL_AMT5,BILL_AMT6,PAY_AMT1,PAY_AMT2,PAY_AMT3,PAY_AMT4,PAY_AMT5,PAY_AMT6
0.10126582278481013,1.0,0.5,0.3333333333333333,0.5925925925925926,0.0,0.0,0.0,0.0,0.0,0.0,0.025327403984258864,0.04290382339319714,0.08021272978464576,0.07707370717295026,0.13289738989487032,0.3998788377327891,0.0,0.0020120904715414294,0.0021735816525528416,0.0,0.0042621066763556155,0.002049566294919455
