LIMIT_BAL,SEX,EDUCATION,MARRIAGE,AGE,PAY_0,PAY_2,PAY_3,PAY_4,PAY_5,PAY_6,BILL_AMT1,BILL_AMT2,BILL_AMT3,BILL_AMT4,BILL_AMT5,BILL_AMT6,PAY_AMT1,PAY_AMT2,PAY_AMT3,PAY_AMT4,PAY_AMT5,PAY_AMT6
0.3924050632911392,1.0,0.16666666666666666,0.6666666666666666,0.14814814814814814,0.2,0.2222222222222222,0.2,0.2,0.2,0.2,0.09089296562160057,0.09892708279730356,0.13171981334975136,0.12716270233664742,0.23509573435554554,0.5231538280362924,0.003962639705852545,0.0016461817547645554,0.0042183779351237126,0.07508886478055023,0.16749512331506347,0.012391573729863693
