LIMIT_BAL,SEX,EDUCATION,MARRIAGE,AGE,PAY_0,PAY_2,PAY_3,PAY_4,PAY_5,PAY_6,BILL_AMT1,BILL_AMT2,BILL_AMT3,BILL_AMT4,BILL_AMT5,BILL_AMT6,PAY_AMT1,PAY_AMT2,PAY_AMT3,PAY_AMT4,PAY_AMT5,PAY_AMT6
0.0759493670886076,0.0,0.16666666666666666,1.0,0.6666666666666667,0.2,0.2222222222222222,0.2,0.2,0.2,0.2,0.13296455419216804,0.1334096639736531,0.19157399903274633,0.1778914438791104,0.240644699561769,0.4711712313437645,0.005405810790541554,0.0018914791350537292,0.006284200400548784,0.005789334226563945,0.006354507293768409,0.003596034696406444
