LIMIT_BAL,SEX,EDUCATION,MARRIAGE,AGE,PAY_0,PAY_2,PAY_3,PAY_4,PAY_5,PAY_6,BILL_AMT1,BILL_AMT2,BILL_AMT3,BILL_AMT4,BILL_AMT5,BILL_AMT6,PAY_AMT1,PAY_AMT2,PAY_AMT3,PAY_AMT4,PAY_AMT5,PAY_AMT6
0.2911392405063291,0.0,0.16666666666666666,0.6666666666666666,0.2407407407407407,0.2,0.2222222222222222,0.4,0.1,0.1,0.2,0.07245662476042175,0.09473061287500645,0.1388735291059176,0.09006340530854653,0.14780574046659675,0.4062931728460594,0.020269256807429897,1.1409180478566225e-05,0.024960707320791215,0.02280737715162756,0.005153696102001953,0.002973977695167286
