LIMIT_BAL,SEX,EDUCATION,MARRIAGE,AGE,PAY_0,PAY_2,PAY_3,PAY_4,PAY_5,PAY_6,BILL_AMT1,BILL_AMT2,BILL_AMT3,BILL_AMT4,BILL_AMT5,BILL_AMT6,PAY_AMT1,PAY_AMT2,PAY_AMT3,PAY_AMT4,PAY_AMT5,PAY_AMT6
0.24050632911392406,1.0,0.3333333333333333,0.3333333333333333,0.3148148148148149,0.1,0.1111111111111111,0.1,0.1,0.1,0.2,0.02526618497245929,0.043116091185097516,0.07864630702216266,0.07645343785021244,0.1331424855311876,0.3981164774824496,0.0003344427373225933,0.0012387110233871902,0.0010854766898480332,0.0007499137599176095,0.0,0.004059479553903346
