LIMIT_BAL,SEX,EDUCATION,MARRIAGE,AGE,PAY_0,PAY_2,PAY_3,PAY_4,PAY_5,PAY_6,BILL_AMT1,BILL_AMT2,BILL_AMT3,BILL_AMT4,BILL_AMT5,BILL_AMT6,PAY_AMT1,PAY_AMT2,PAY_AMT3,PAY_AMT4,PAY_AMT5,PAY_AMT6
0.1139240506329114,1.0,0.3333333333333333,0.3333333333333333,0.37037037037037035,0.2,0.2222222222222222,0.2,0.2,0.2,0.2,0.17366420901112462,0.1689420058663099,0.2397897791327399,0.18752509543757453,0.2575432267003918,0.48915339916405065,0.009779916409584926,0.0037487307286717597,0.007884818570324697,0.007349154847192572,0.0077305441530029296,0.007434944237918216
