LIMIT_BAL,SEX,EDUCATION,MARRIAGE,AGE,PAY_0,PAY_2,PAY_3,PAY_4,PAY_5,PAY_6,BILL_AMT1,BILL_AMT2,BILL_AMT3,BILL_AMT4,BILL_AMT5,BILL_AMT6,PAY_AMT1,PAY_AMT2,PAY_AMT3,PAY_AMT4,PAY_AMT5,PAY_AMT6
0.16455696202531644,1.0,0.8333333333333333,0.6666666666666666,0.07407407407407407,0.2,0.2222222222222222,0.2,0.2,0.2,0.2,0.1676349212079924,0.14415427365821026,0.2072761905390706,0.14402533815165736,0.201777433554573,0.44810704463669476,0.006099019373355656,0.0027797653294563854,0.004002859560868171,0.0033796113446953597,0.003932270125827491,0.0037298636926889716
