LIMIT_BAL,SEX,EDUCATION,MARRIAGE,AGE,PAY_0,PAY_2,PAY_3,PAY_4,PAY_5,PAY_6,BILL_AMT1,BILL_AMT2,BILL_AMT3,BILL_AMT4,BILL_AMT5,BILL_AMT6,PAY_AMT1,PAY_AMT2,PAY_AMT3,PAY_AMT4,PAY_AMT5,PAY_AMT6
0.15189873417721517,0.0,0.3333333333333333,0.6666666666666666,0.20370370370370372,0.2,0.2222222222222222,0.2,0.4,0.2,0.2,0.19558689410837649,0.18687027221736224,0.2601219135776997,0.21600504605574633,0.2890755972980657,0.5106966127295374,0.009121165563343454,0.00924958560226619,0.0,0.008748993865705443,0.010822761814204102,0.007434944237918216
