LIMIT_BAL,SEX,EDUCATION,MARRIAGE,AGE,PAY_0,PAY_2,PAY_3,PAY_4,PAY_5,PAY_6,BILL_AMT1,BILL_AMT2,BILL_AMT3,BILL_AMT4,BILL_AMT5,BILL_AMT6,PAY_AMT1,PAY_AMT2,PAY_AMT3,PAY_AMT4,PAY_AMT5,PAY_AMT6
0.0759493670886076,1.0,0.16666666666666666,0.3333333333333333,0.35185185185185186,0.2,0.2222222222222222,0.2,0.2,0.2,0.2,0.10559023760825169,0.0950303607265991,0.12781778657366066,0.11917710936516783,0.18115672068574493,0.43093809358086055,0.0032370003121465546,0.0011466226380959057,0.002554681216785202,0.002517210520790109,0.002648999796429004,0.0022627013630731104
