LIMIT_BAL,SEX,EDUCATION,MARRIAGE,AGE,PAY_0,PAY_2,PAY_3,PAY_4,PAY_5,PAY_6,BILL_AMT1,BILL_AMT2,BILL_AMT3,BILL_AMT4,BILL_AMT5,BILL_AMT6,PAY_AMT1,PAY_AMT2,PAY_AMT3,PAY_AMT4,PAY_AMT5,PAY_AMT6
0.05063291139240507,0.0,0.3333333333333333,0.6666666666666666,0.3148148148148149,0.2,0.2222222222222222,0.2,0.2,0.2,0.2,0.10677066573320754,0.10375649668090361,0.15625768562274797,0.14828182401131468,0.16260951690016112,0.4197253108444916,0.0035856315292343488,0.0016355875157487438,0.004788713145043866,0.0016273128590212126,0.0018037936357006836,0.0024783147459727386
