LIMIT_BAL,SEX,EDUCATION,MARRIAGE,AGE,PAY_0,PAY_2,PAY_3,PAY_4,PAY_5,PAY_6,BILL_AMT1,BILL_AMT2,BILL_AMT3,BILL_AMT4,BILL_AMT5,BILL_AMT6,PAY_AMT1,PAY_AMT2,PAY_AMT3,PAY_AMT4,PAY_AMT5,PAY_AMT6
0.10126582278481013,1.0,0.5,0.3333333333333333,0.38888888888888884,0.2,0.2222222222222222,0.2,0.2,0.2,0.2,0.07845451819852854,0.08827767200123501,0.1358067077226788,0.1305621977310728,0.19356346179612618,0.44170442734423787,0.00316605791332055,0.001492972759766666,0.004205236570839838,0.002499712533058698,0.0025768480510009765,0.0
