LIMIT_BAL,SEX,EDUCATION,MARRIAGE,AGE,PAY_0,PAY_2,PAY_3,PAY_4,PAY_5,PAY_6,BILL_AMT1,BILL_AMT2,BILL_AMT3,BILL_AMT4,BILL_AMT5,BILL_AMT6,PAY_AMT1,PAY_AMT2,PAY_AMT3,PAY_AMT4,PAY_AMT5,PAY_AMT6
0.06329113924050633,1.0,0.5,0.6666666666666666,0.09259259259259262,0.2,0.2222222222222222,0.2,0.2,0.2,0.2,0.11608223439974759,0.10407296866155509,0.15617680604913187,0.11856133474766725,0.18053907968222535,0.43317971270246924,0.004256543929560278,0.0016298829255094608,0.002628272856774899,0.0023972243192032913,0.0033499024663012694,0.0012391573729863693
