LIMIT_BAL,SEX,EDUCATION,MARRIAGE,AGE,PAY_0,PAY_2,PAY_3,PAY_4,PAY_5,PAY_6,BILL_AMT1,BILL_AMT2,BILL_AMT3,BILL_AMT4,BILL_AMT5,BILL_AMT6,PAY_AMT1,PAY_AMT2,PAY_AMT3,PAY_AMT4,PAY_AMT5,PAY_AMT6
0.36708860759493667,1.0,0.16666666666666666,0.6666666666666666,0.3148148148148149,0.30000000000000004,0.5555555555555556,0.4,0.2,0.2,0.1,0.040293097791877334,0.055372304842278605,0.08236346620141656,0.07870977987930218,0.1334137247020454,0.4007061158822171,0.0,2.444824388264191e-06,0.0,0.0,0.0060813614003623045,0.0
