LIMIT_BAL,SEX,EDUCATION,MARRIAGE,AGE,PAY_0,PAY_2,PAY_3,PAY_4,PAY_5,PAY_6,BILL_AMT1,BILL_AMT2,BILL_AMT3,BILL_AMT4,BILL_AMT5,BILL_AMT6,PAY_AMT1,PAY_AMT2,PAY_AMT3,PAY_AMT4,PAY_AMT5,PAY_AMT6
0.13924050632911392,0.0,0.16666666666666666,0.6666666666666666,0.18518518518518523,0.1,0.1111111111111111,0.1,0.1,0.1,0.1,0.02770238769843201,0.04921782534863377,0.07625293188454359,0.07616427847995062,0.13325686349480234,0.39819850222814357,0.009948151241086594,5.704590239283113e-05,0.0005782200284904777,0.0005499367572729135,0.0005669065712202148,0.0008921933085501859
