LIMIT_BAL,SEX,EDUCATION,MARRIAGE,AGE,PAY_0,PAY_2,PAY_3,PAY_4,PAY_5,PAY_6,BILL_AMT1,BILL_AMT2,BILL_AMT3,BILL_AMT4,BILL_AMT5,BILL_AMT6,PAY_AMT1,PAY_AMT2,PAY_AMT3,PAY_AMT4,PAY_AMT5,PAY_AMT6
0.4430379746835443,0.0,0.3333333333333333,0.3333333333333333,0.20370370370370372,0.2,0.2222222222222222,0.2,0.1,0.1,0.2,0.035378309947147586,0.0555562702619256,0.08970039895087639,0.0802739373018584,0.15812099881373712,0.4163634680531192,0.01016908614028758,0.0016632955254824047,0.007832253113189198,0.0400903896051954,0.020697243545639843,0.025018587360594795
