LIMIT_BAL,SEX,EDUCATION,MARRIAGE,AGE,PAY_0,PAY_2,PAY_3,PAY_4,PAY_5,PAY_6,BILL_AMT1,BILL_AMT2,BILL_AMT3,BILL_AMT4,BILL_AMT5,BILL_AMT6,PAY_AMT1,PAY_AMT2,PAY_AMT3,PAY_AMT4,PAY_AMT5,PAY_AMT6
0.2911392405063291,1.0,0.3333333333333333,0.3333333333333333,0.6481481481481481,0.4,0.2222222222222222,0.2,0.2,0.2,0.2,0.23429928562122385,0.22144676581073433,0.31034812879329327,0.2904868065418936,0.4614595281745604,0.6507046511546154,0.017228868286315414,0.005297119507905747,0.013141364283874494,0.1499827519835219,0.045002074362681055,0.016148698884758363
