LIMIT_BAL,SEX,EDUCATION,MARRIAGE,AGE,PAY_0,PAY_2,PAY_3,PAY_4,PAY_5,PAY_6,BILL_AMT1,BILL_AMT2,BILL_AMT3,BILL_AMT4,BILL_AMT5,BILL_AMT6,PAY_AMT1,PAY_AMT2,PAY_AMT3,PAY_AMT4,PAY_AMT5,PAY_AMT6
0.27848101265822783,1.0,0.16666666666666666,0.6666666666666666,0.11111111111111116,0.2,0.2222222222222222,0.2,0.4,0.2,0.2,0.14820651841201024,0.13393068491740853,0.2016641384922397,0.17919640663298636,0.22186710587804695,0.44465028749673363,0.006459812144527908,0.005786084385558585,0.0,0.006749223839258485,0.005153696102001953,0.003895910780669145
