LIMIT_BAL,SEX,EDUCATION,MARRIAGE,AGE,PAY_0,PAY_2,PAY_3,PAY_4,PAY_5,PAY_6,BILL_AMT1,BILL_AMT2,BILL_AMT3,BILL_AMT4,BILL_AMT5,BILL_AMT6,PAY_AMT1,PAY_AMT2,PAY_AMT3,PAY_AMT4,PAY_AMT5,PAY_AMT6
0.13924050632911392,0.0,0.3333333333333333,0.6666666666666666,0.12962962962962965,0.2,0.2222222222222222,0.4,0.2,0.2,0.2,0.1181275772811538,0.10670637575258582,0.13520588803295924,0.12475354032949185,0.18187076597288263,0.4300768337510736,0.00810770272297196,0.0,0.0031802101566976277,0.002499712533058698,0.002667037732786011,0.004956629491945477
