LIMIT_BAL,SEX,EDUCATION,MARRIAGE,AGE,PAY_0,PAY_2,PAY_3,PAY_4,PAY_5,PAY_6,BILL_AMT1,BILL_AMT2,BILL_AMT3,BILL_AMT4,BILL_AMT5,BILL_AMT6,PAY_AMT1,PAY_AMT2,PAY_AMT3,PAY_AMT4,PAY_AMT5,PAY_AMT6
0.3164556962025316,0.0,0.5,0.6666666666666666,0.2592592592592593,0.2,0.2222222222222222,0.2,0.2,0.2,0.2,0.07595238730600244,0.09700766736993774,0.1487408370870809,0.1445721939555204,0.22156318728901353,0.4680976469444024,0.020269256807429897,0.008149414627547303,0.0273077549818912,0.02501962274338451,0.025768480510009767,0.024783147459727387
