LIMIT_BAL,SEX,EDUCATION,MARRIAGE,AGE,PAY_0,PAY_2,PAY_3,PAY_4,PAY_5,PAY_6,BILL_AMT1,BILL_AMT2,BILL_AMT3,BILL_AMT4,BILL_AMT5,BILL_AMT6,PAY_AMT1,PAY_AMT2,PAY_AMT3,PAY_AMT4,PAY_AMT5,PAY_AMT6
0.34177215189873417,1.0,0.3333333333333333,0.3333333333333333,0.4814814814814815,0.2,0.2222222222222222,0.2,0.2,0.2,0.1,0.38691828203755707,0.07713682910513045,0.11725392389727304,0.10599863360960787,0.14240873455489,0.5665203110847069,0.0032633503459962134,0.001556538193861535,0.0029778331467259604,0.002052263989641191,0.401166281427883,0.011858736059479555
