LIMIT_BAL,SEX,EDUCATION,MARRIAGE,AGE,PAY_0,PAY_2,PAY_3,PAY_4,PAY_5,PAY_6,BILL_AMT1,BILL_AMT2,BILL_AMT3,BILL_AMT4,BILL_AMT5,BILL_AMT6,PAY_AMT1,PAY_AMT2,PAY_AMT3,PAY_AMT4,PAY_AMT5,PAY_AMT6
0.10126582278481013,1.0,0.3333333333333333,0.6666666666666666,0.03703703703703709,0.2,0.2222222222222222,0.2,0.2,0.2,0.2,0.16789863387420592,0.15690963824422374,0.2251835883790908,0.2126879535906702,0.2814041038813345,0.5044064865168895,0.008513087859120557,0.0033412599972943947,0.00869169833735459,0.008511521175064866,0.008531943896864234,0.015375464684014871
