LIMIT_BAL,SEX,EDUCATION,MARRIAGE,AGE,PAY_0,PAY_2,PAY_3,PAY_4,PAY_5,PAY_6,BILL_AMT1,BILL_AMT2,BILL_AMT3,BILL_AMT4,BILL_AMT5,BILL_AMT6,PAY_AMT1,PAY_AMT2,PAY_AMT3,PAY_AMT4,PAY_AMT5,PAY_AMT6
0.012658227848101266,1.0,0.3333333333333333,0.3333333333333333,0.14814814814814814,0.2,0.2222222222222222,0.2,0.2,0.2,0.2,0.04593937434169941,0.06222147892759739,0.10266093797196946,0.1009690584491469,0.16086770391139957,0.421183007753682,0.0032430810891887836,0.0013039063404075685,0.0033589327109583207,0.0015498217704963929,0.0077305441530029296,0.0022304832713754648
