LIMIT_BAL,SEX,EDUCATION,MARRIAGE,AGE,PAY_0,PAY_2,PAY_3,PAY_4,PAY_5,PAY_6,BILL_AMT1,BILL_AMT2,BILL_AMT3,BILL_AMT4,BILL_AMT5,BILL_AMT6,PAY_AMT1,PAY_AMT2,PAY_AMT3,PAY_AMT4,PAY_AMT5,PAY_AMT6
0.34177215189873417,0.0,0.5,0.6666666666666666,0.2592592592592593,0.2,0.2222222222222222,0.2,0.2,0.2,0.2,0.4567362104175921,0.3849379920753358,0.5203808272494838,0.4843509345990423,0.3927265418966481,0.5014336753765228,0.022158351541882365,0.009788261909147066,0.028403744763166334,0.010763762167350754,0.01036665970917693,0.013350681536555144
