LIMIT_BAL,SEX,EDUCATION,MARRIAGE,AGE,PAY_0,PAY_2,PAY_3,PAY_4,PAY_5,PAY_6,BILL_AMT1,BILL_AMT2,BILL_AMT3,BILL_AMT4,BILL_AMT5,BILL_AMT6,PAY_AMT1,PAY_AMT2,PAY_AMT3,PAY_AMT4,PAY_AMT5,PAY_AMT6
0.18987341772151897,0.0,0.3333333333333333,0.3333333333333333,0.37037037037037035,0.1,0.1111111111111111,0.1,0.1,0.2,0.1,0.024540975140372054,0.04458395512787527,0.07667548639159909,0.19517208728118277,0.13343006441113323,0.45574003311456157,0.0026471649390503445,0.0005313418337160842,0.20934718958783424,0.0,0.12710560696367418,0.0008079306071871128
