LIMIT_BAL,SEX,EDUCATION,MARRIAGE,AGE,PAY_0,PAY_2,PAY_3,PAY_4,PAY_5,PAY_6,BILL_AMT1,BILL_AMT2,BILL_AMT3,BILL_AMT4,BILL_AMT5,BILL_AMT6,PAY_AMT1,PAY_AMT2,PAY_AMT3,PAY_AMT4,PAY_AMT5,PAY_AMT6
0.15189873417721517,1.0,0.3333333333333333,0.6666666666666666,0.07407407407407407,0.30000000000000004,0.4444444444444444,0.4,0.4,0.4,0.2,0.041996242094506454,0.059064477949879075,0.09606842742048631,0.09957270335544728,0.1578889749446901,0.4177262506137208,0.0032430810891887836,0.0,0.011301573284132066,0.0,0.005153696102001953,0.004956629491945477
