LIMIT_BAL,SEX,EDUCATION,MARRIAGE,AGE,PAY_0,PAY_2,PAY_3,PAY_4,PAY_5,PAY_6,BILL_AMT1,BILL_AMT2,BILL_AMT3,BILL_AMT4,BILL_AMT5,BILL_AMT6,PAY_AMT1,PAY_AMT2,PAY_AMT3,PAY_AMT4,PAY_AMT5,PAY_AMT6
0.7215189873417722,0.0,0.16666666666666666,0.3333333333333333,0.38888888888888884,0.2,0.2222222222222222,0.2,0.2,0.2,0.2,0.43919146952313526,0.3870452323367468,0.4977163899980028,0.45986378046661036,0.5419750786756993,0.6751937248725979,0.019115936095087136,0.007205712413677326,0.02014045490146605,0.019532753733320668,0.020083953709501612,0.01954646840148699
