LIMIT_BAL,SEX,EDUCATION,MARRIAGE,AGE,PAY_0,PAY_2,PAY_3,PAY_4,PAY_5,PAY_6,BILL_AMT1,BILL_AMT2,BILL_AMT3,BILL_AMT4,BILL_AMT5,BILL_AMT6,PAY_AMT1,PAY_AMT2,PAY_AMT3,PAY_AMT4,PAY_AMT5,PAY_AMT6
0.16455696202531644,1.0,0.3333333333333333,0.3333333333333333,0.38888888888888884,0.2,0.1111111111111111,0.1,0.2,0.2,0.2,0.029878017194693723,0.04653939175629085,0.07885428306860404,0.08280145988026105,0.14231559821308942,0.4062791114610833,0.005768630487394549,0.0013413936476942862,0.011827227855487045,0.0074991375991760945,0.0077305441530029296,0.004555142503097894
