LIMIT_BAL,SEX,EDUCATION,MARRIAGE,AGE,PAY_0,PAY_2,PAY_3,PAY_4,PAY_5,PAY_6,BILL_AMT1,BILL_AMT2,BILL_AMT3,BILL_AMT4,BILL_AMT5,BILL_AMT6,PAY_AMT1,PAY_AMT2,PAY_AMT3,PAY_AMT4,PAY_AMT5,PAY_AMT6
0.24050632911392406,1.0,0.3333333333333333,0.3333333333333333,0.4444444444444444,0.0,0.0,0.0,0.0,0.0,0.0,0.025884653963460097,0.04290382339319714,0.07646420913807134,0.08112643306185313,0.13289738989487032,0.3979407101702482,0.0,0.0001613584096254366,0.009283059730128943,0.0,0.0,0.0
