LIMIT_BAL,SEX,EDUCATION,MARRIAGE,AGE,PAY_0,PAY_2,PAY_3,PAY_4,PAY_5,PAY_6,BILL_AMT1,BILL_AMT2,BILL_AMT3,BILL_AMT4,BILL_AMT5,BILL_AMT6,PAY_AMT1,PAY_AMT2,PAY_AMT3,PAY_AMT4,PAY_AMT5,PAY_AMT6
0.27848101265822783,0.0,0.16666666666666666,0.3333333333333333,0.11111111111111116,0.1,0.1111111111111111,0.1,0.2,0.2,0.2,0.026740150410402834,0.04290382339319714,0.09079309849646525,0.0878714873878571,0.14692503014676328,0.40697280645323824,0.0,0.007235865247799251,0.0028911001424523886,0.002499712533058698,0.0025768480510009765,0.0024783147459727386
