LIMIT_BAL,SEX,EDUCATION,MARRIAGE,AGE,PAY_0,PAY_2,PAY_3,PAY_4,PAY_5,PAY_6,BILL_AMT1,BILL_AMT2,BILL_AMT3,BILL_AMT4,BILL_AMT5,BILL_AMT6,PAY_AMT1,PAY_AMT2,PAY_AMT3,PAY_AMT4,PAY_AMT5,PAY_AMT6
0.025316455696202535,1.0,0.3333333333333333,0.6666666666666666,0.018518518518518545,0.4,0.4444444444444444,0.4,0.1,0.1,0.4,0.024343190640711897,0.04316111768640972,0.07646751034515771,0.12055248916776037,0.1820619405692101,0.43070022181834794,0.0,0.0,0.07844605995616041,0.0008499022612399573,0.0,0.0
