LIMIT_BAL,SEX,EDUCATION,MARRIAGE,AGE,PAY_0,PAY_2,PAY_3,PAY_4,PAY_5,PAY_6,BILL_AMT1,BILL_AMT2,BILL_AMT3,BILL_AMT4,BILL_AMT5,BILL_AMT6,PAY_AMT1,PAY_AMT2,PAY_AMT3,PAY_AMT4,PAY_AMT5,PAY_AMT6
0.26582278481012656,0.0,0.16666666666666666,0.6666666666666666,0.12962962962962965,0.1,0.1111111111111111,0.1,0.1,0.1,0.1,0.02431807514869156,0.04510240312869861,0.07765429429270813,0.14706825359726242,0.1368156521341294,0.4018521187577703,0.0034640159883897697,0.0007489312042715972,0.12496123297536257,0.005994310654274758,0.013342919208083056,0.03085006195786865
