LIMIT_BAL,SEX,EDUCATION,MARRIAGE,AGE,PAY_0,PAY_2,PAY_3,PAY_4,PAY_5,PAY_6,BILL_AMT1,BILL_AMT2,BILL_AMT3,BILL_AMT4,BILL_AMT5,BILL_AMT6,PAY_AMT1,PAY_AMT2,PAY_AMT3,PAY_AMT4,PAY_AMT5,PAY_AMT6
0.620253164556962,0.0,0.16666666666666666,0.6666666666666666,0.2592592592592593,0.0,0.0,0.0,0.0,0.0,0.0,0.03332982762923883,0.057280142026449855,0.11109057026701814,0.08345469037473856,0.1485050800155554,0.41480148253868926,0.022689406070237027,0.017271054420161,0.013388421932411335,0.02390475095364033,0.03711434247856706,0.012969021065675341
