LIMIT_BAL,SEX,EDUCATION,MARRIAGE,AGE,PAY_0,PAY_2,PAY_3,PAY_4,PAY_5,PAY_6,BILL_AMT1,BILL_AMT2,BILL_AMT3,BILL_AMT4,BILL_AMT5,BILL_AMT6,PAY_AMT1,PAY_AMT2,PAY_AMT3,PAY_AMT4,PAY_AMT5,PAY_AMT6
0.3164556962025316,1.0,0.3333333333333333,0.3333333333333333,0.18518518518518523,0.1,0.1111111111111111,0.1,0.1,0.1,0.1,0.027520300381284564,0.045471620439458654,0.07860834314066939,0.07583017205731647,0.1363908196978461,0.3989953140434567,0.0040680398412511806,0.0012232271355948504,0.0,0.005351884533278672,0.002324316942002881,0.0004882280049566295
