LIMIT_BAL,SEX,EDUCATION,MARRIAGE,AGE,PAY_0,PAY_2,PAY_3,PAY_4,PAY_5,PAY_6,BILL_AMT1,BILL_AMT2,BILL_AMT3,BILL_AMT4,BILL_AMT5,BILL_AMT6,PAY_AMT1,PAY_AMT2,PAY_AMT3,PAY_AMT4,PAY_AMT5,PAY_AMT6
0.2531645569620253,0.0,0.16666666666666666,0.6666666666666666,0.12962962962962965,0.30000000000000004,0.2222222222222222,0.2,0.2,0.2,0.2,0.032501016392567694,0.049437811969330524,0.0860740229664977,0.08503832485332279,0.14313911955111552,0.39840825122070395,0.010134628403714948,0.0008149414627547304,0.00032327756138331257,0.00031246406663233727,0.0,0.0031722428748451057
