LIMIT_BAL,SEX,EDUCATION,MARRIAGE,AGE,PAY_0,PAY_2,PAY_3,PAY_4,PAY_5,PAY_6,BILL_AMT1,BILL_AMT2,BILL_AMT3,BILL_AMT4,BILL_AMT5,BILL_AMT6,PAY_AMT1,PAY_AMT2,PAY_AMT3,PAY_AMT4,PAY_AMT5,PAY_AMT6
0.025316455696202535,1.0,0.16666666666666666,0.3333333333333333,0.03703703703703709,0.1,0.1111111111111111,0.5,0.4,0.2,0.2,0.03443647899638494,0.047846446765810735,0.08213073110182739,0.07875622516675357,0.1348091358581452,0.3993116952054192,0.007787448465414567,0.0,0.0,0.0,0.0,0.0
