LIMIT_BAL,SEX,EDUCATION,MARRIAGE,AGE,PAY_0,PAY_2,PAY_3,PAY_4,PAY_5,PAY_6,BILL_AMT1,BILL_AMT2,BILL_AMT3,BILL_AMT4,BILL_AMT5,BILL_AMT6,PAY_AMT1,PAY_AMT2,PAY_AMT3,PAY_AMT4,PAY_AMT5,PAY_AMT6
0.1139240506329114,1.0,0.16666666666666666,0.6666666666666666,0.2222222222222222,0.2,0.2222222222222222,0.2,0.2,0.2,0.2,0.14234519046176403,0.10053259918695004,0.15420103360793874,0.13383434314377662,0.19711898249363569,0.4453732770409221,0.00405385136148598,0.0040747073137736515,0.003997603015154621,0.0039870414902286235,0.005153696102001953,0.006731102850061958
