LIMIT_BAL,SEX,EDUCATION,MARRIAGE,AGE,PAY_0,PAY_2,PAY_3,PAY_4,PAY_5,PAY_6,BILL_AMT1,BILL_AMT2,BILL_AMT3,BILL_AMT4,BILL_AMT5,BILL_AMT6,PAY_AMT1,PAY_AMT2,PAY_AMT3,PAY_AMT4,PAY_AMT5,PAY_AMT6
0.05063291139240507,0.0,0.5,0.6666666666666666,0.03703703703703709,0.2,0.2222222222222222,0.2,0.2,0.2,0.2,0.03842042391811094,0.05599752997478516,0.09462414932019894,0.09413411001839833,0.153498495112793,0.4128434346807655,0.002363395343746326,0.0009681504577526196,0.0031591839738434285,0.0014898286697029842,0.0011879269515114503,0.0011449814126394053
