LIMIT_BAL,SEX,EDUCATION,MARRIAGE,AGE,PAY_0,PAY_2,PAY_3,PAY_4,PAY_5,PAY_6,BILL_AMT1,BILL_AMT2,BILL_AMT3,BILL_AMT4,BILL_AMT5,BILL_AMT6,PAY_AMT1,PAY_AMT2,PAY_AMT3,PAY_AMT4,PAY_AMT5,PAY_AMT6
0.2531645569620253,1.0,0.5,0.6666666666666666,0.6481481481481481,0.2,0.1111111111111111,0.1,0.1,0.1,0.2,0.06690767074217849,0.06260742036741626,0.10141803350395073,0.0992415934029713,0.15101812727326203,0.415887724528094,0.031044393726259632,0.01248164344355145,0.041061506841394244,0.02772181199162096,0.025768480510009767,0.19039900867410162
