LIMIT_BAL,SEX,EDUCATION,MARRIAGE,AGE,PAY_0,PAY_2,PAY_3,PAY_4,PAY_5,PAY_6,BILL_AMT1,BILL_AMT2,BILL_AMT3,BILL_AMT4,BILL_AMT5,BILL_AMT6,PAY_AMT1,PAY_AMT2,PAY_AMT3,PAY_AMT4,PAY_AMT5,PAY_AMT6
0.2531645569620253,1.0,0.16666666666666666,0.3333333333333333,0.537037037037037,0.1,0.1111111111111111,0.1,0.1,0.1,0.1,0.024170521633072078,0.043019605825142804,0.0762859439554073,0.07596950791967062,0.13319150465845106,0.398046170557569,0.00018242331126686908,7.334473164792574e-05,0.0002365445571097409,0.0004499482559505657,0.0,0.00022304832713754649
