LIMIT_BAL,SEX,EDUCATION,MARRIAGE,AGE,PAY_0,PAY_2,PAY_3,PAY_4,PAY_5,PAY_6,BILL_AMT1,BILL_AMT2,BILL_AMT3,BILL_AMT4,BILL_AMT5,BILL_AMT6,PAY_AMT1,PAY_AMT2,PAY_AMT3,PAY_AMT4,PAY_AMT5,PAY_AMT6
0.10126582278481013,0.0,0.3333333333333333,0.6666666666666666,0.07407407407407407,0.2,0.1111111111111111,0.1,0.2,0.1,0.1,0.028593987665153982,0.04425590490402923,0.08013515141811604,0.07740931183066348,0.13461469332000014,0.4958700540543074,0.0021323258161416252,0.001973788222791957,0.0,0.002627197872244692,0.2153549221663046,0.007677819083023544
