LIMIT_BAL,SEX,EDUCATION,MARRIAGE,AGE,PAY_0,PAY_2,PAY_3,PAY_4,PAY_5,PAY_6,BILL_AMT1,BILL_AMT2,BILL_AMT3,BILL_AMT4,BILL_AMT5,BILL_AMT6,PAY_AMT1,PAY_AMT2,PAY_AMT3,PAY_AMT4,PAY_AMT5,PAY_AMT6
0.025316455696202535,1.0,0.3333333333333333,0.3333333333333333,0.18518518518518523,0.2,0.2222222222222222,0.2,0.2,0.2,0.2,0.062264444154918636,0.07351927134256163,0.1142184639813548,0.11103719818054332,0.17629892517393622,0.42998426296664755,0.006080777042228969,0.0032597658510189215,0.007884818570324697,0.01249856266529349,0.012884240255004883,0.007434944237918216
