LIMIT_BAL,SEX,EDUCATION,MARRIAGE,AGE,PAY_0,PAY_2,PAY_3,PAY_4,PAY_5,PAY_6,BILL_AMT1,BILL_AMT2,BILL_AMT3,BILL_AMT4,BILL_AMT5,BILL_AMT6,PAY_AMT1,PAY_AMT2,PAY_AMT3,PAY_AMT4,PAY_AMT5,PAY_AMT6
0.15189873417721517,1.0,0.16666666666666666,0.3333333333333333,0.2777777777777778,0.2,0.2222222222222222,0.2,0.2,0.2,0.2,0.2276044372795527,0.18064632326455002,0.24770442312231467,0.21760216465004226,0.2808632595105277,0.5062063437938319,0.010134628403714948,0.0035857424361208138,0.013141364283874494,0.009998850132234793,0.009018968178503417,0.009913258983890954
