LIMIT_BAL,SEX,EDUCATION,MARRIAGE,AGE,PAY_0,PAY_2,PAY_3,PAY_4,PAY_5,PAY_6,BILL_AMT1,BILL_AMT2,BILL_AMT3,BILL_AMT4,BILL_AMT5,BILL_AMT6,PAY_AMT1,PAY_AMT2,PAY_AMT3,PAY_AMT4,PAY_AMT5,PAY_AMT6
0.2151898734177215,0.0,0.5,0.3333333333333333,0.37037037037037035,0.4,0.2222222222222222,0.2,0.2,0.4,0.2,0.19950177142704656,0.19203288221067258,0.2699644625057152,0.2318803449536446,0.29653630846756407,0.512968698185261,0.012161554084457939,0.0040747073137736515,0.02365445571097409,0.0,0.012884240255004883,0.017670384138785626
