LIMIT_BAL,SEX,EDUCATION,MARRIAGE,AGE,PAY_0,PAY_2,PAY_3,PAY_4,PAY_5,PAY_6,BILL_AMT1,BILL_AMT2,BILL_AMT3,BILL_AMT4,BILL_AMT5,BILL_AMT6,PAY_AMT1,PAY_AMT2,PAY_AMT3,PAY_AMT4,PAY_AMT5,PAY_AMT6
0.05063291139240507,1.0,0.3333333333333333,0.6666666666666666,0.12962962962962965,0.0,0.0,0.1,0.2,0.2,0.2,0.045586187735163416,0.0500694694591674,0.08059071799603526,0.08278647752947028,0.14360643523102715,0.4078235202442931,0.00412884761167347,0.0021987120665122625,0.005256545713549798,0.004999425066117396,0.005153696102001953,0.004956629491945477
