LIMIT_BAL,SEX,EDUCATION,MARRIAGE,AGE,PAY_0,PAY_2,PAY_3,PAY_4,PAY_5,PAY_6,BILL_AMT1,BILL_AMT2,BILL_AMT3,BILL_AMT4,BILL_AMT5,BILL_AMT6,PAY_AMT1,PAY_AMT2,PAY_AMT3,PAY_AMT4,PAY_AMT5,PAY_AMT6
0.08860759493670886,0.0,0.3333333333333333,0.3333333333333333,0.2777777777777778,0.4,0.4444444444444444,0.4,0.4,0.4,0.4,0.14498231712389945,0.14800468275613649,0.20710782897766566,0.19767863456847834,0.2579778629621278,0.4901775367031442,0.013985787197126629,0.0,0.015243982569294413,0.0,0.010307392204003906,0.004956629491945477
