LIMIT_BAL,SEX,EDUCATION,MARRIAGE,AGE,PAY_0,PAY_2,PAY_3,PAY_4,PAY_5,PAY_6,BILL_AMT1,BILL_AMT2,BILL_AMT3,BILL_AMT4,BILL_AMT5,BILL_AMT6,PAY_AMT1,PAY_AMT2,PAY_AMT3,PAY_AMT4,PAY_AMT5,PAY_AMT6
0.4936708860759494,0.0,0.16666666666666666,0.3333333333333333,0.5,0.0,0.0,0.0,0.0,0.0,0.0,0.029009963001740816,0.048390624195955335,0.0900074112099089,0.08946261304183671,0.18011261327503325,0.45910304768801535,0.00864483802836885,0.006867511706634113,0.02390676990522448,0.07223169335526414,0.134501160870047,0.0009814126394052044
