LIMIT_BAL,SEX,EDUCATION,MARRIAGE,AGE,PAY_0,PAY_2,PAY_3,PAY_4,PAY_5,PAY_6,BILL_AMT1,BILL_AMT2,BILL_AMT3,BILL_AMT4,BILL_AMT5,BILL_AMT6,PAY_AMT1,PAY_AMT2,PAY_AMT3,PAY_AMT4,PAY_AMT5,PAY_AMT6
0.05063291139240507,0.0,0.3333333333333333,0.3333333333333333,0.4444444444444444,0.2,0.2222222222222222,0.2,0.2,0.2,0.4,0.04677132501487308,0.06322749961405856,0.10397811959943154,0.10244182353187944,0.164521262863436,0.4187117193441301,0.003157950210597578,0.0013259097599019464,0.003992346469441071,0.0052843922948860875,0.0,0.001486988847583643
