LIMIT_BAL,SEX,EDUCATION,MARRIAGE,AGE,PAY_0,PAY_2,PAY_3,PAY_4,PAY_5,PAY_6,BILL_AMT1,BILL_AMT2,BILL_AMT3,BILL_AMT4,BILL_AMT5,BILL_AMT6,PAY_AMT1,PAY_AMT2,PAY_AMT3,PAY_AMT4,PAY_AMT5,PAY_AMT6
0.5063291139240507,1.0,0.3333333333333333,0.6666666666666666,0.38888888888888884,0.2,0.2222222222222222,0.2,0.1,0.1,0.2,0.08288112366711299,0.08604564400761591,0.08813232558485011,0.09709462253465417,0.3487547507704173,0.7370509291646014,0.0032937542312073582,0.000840204648100127,0.03738455311476616,0.33025202101758294,0.4200777692741792,0.024817843866171006
