LIMIT_BAL,SEX,EDUCATION,MARRIAGE,AGE,PAY_0,PAY_2,PAY_3,PAY_4,PAY_5,PAY_6,BILL_AMT1,BILL_AMT2,BILL_AMT3,BILL_AMT4,BILL_AMT5,BILL_AMT6,PAY_AMT1,PAY_AMT2,PAY_AMT3,PAY_AMT4,PAY_AMT5,PAY_AMT6
0.012658227848101266,0.0,0.5,0.3333333333333333,0.2962962962962963,0.2,0.1111111111111111,0.2,0.2,0.2,0.2,0.05327152829338662,0.06760664848453662,0.10990708752655409,0.1050397631589987,0.16114711293680128,0.4186625044967137,0.04352417514259422,0.001284347745301455,0.005256545713549798,0.001499827519835219,0.0025768480510009765,0.0017348203221809171
