LIMIT_BAL,SEX,EDUCATION,MARRIAGE,AGE,PAY_0,PAY_2,PAY_3,PAY_4,PAY_5,PAY_6,BILL_AMT1,BILL_AMT2,BILL_AMT3,BILL_AMT4,BILL_AMT5,BILL_AMT6,PAY_AMT1,PAY_AMT2,PAY_AMT3,PAY_AMT4,PAY_AMT5,PAY_AMT6
0.025316455696202535,0.0,0.3333333333333333,0.3333333333333333,0.11111111111111116,0.6000000000000001,0.6666666666666666,0.5,0.4,0.4,0.5,0.04105441114374381,0.05645422734523749,0.09301481086559302,0.09068517286636342,0.15159655297497085,0.41080101851298506,0.0,0.0,0.0,0.004249511306199787,0.0,0.0
