LIMIT_BAL,SEX,EDUCATION,MARRIAGE,AGE,PAY_0,PAY_2,PAY_3,PAY_4,PAY_5,PAY_6,BILL_AMT1,BILL_AMT2,BILL_AMT3,BILL_AMT4,BILL_AMT5,BILL_AMT6,PAY_AMT1,PAY_AMT2,PAY_AMT3,PAY_AMT4,PAY_AMT5,PAY_AMT6
0.025316455696202535,1.0,0.5,0.3333333333333333,0.5,0.2,0.2222222222222222,0.2,0.4,0.2,0.2,0.08203975468443168,0.08847321566407658,0.1350870445778499,0.12406734866327465,0.1818822037692441,0.4309744188253822,0.003147815582193863,0.002725979192914573,0.0,0.002499712533058698,0.0025768480510009765,0.0024783147459727386
