LIMIT_BAL,SEX,EDUCATION,MARRIAGE,AGE,PAY_0,PAY_2,PAY_3,PAY_4,PAY_5,PAY_6,BILL_AMT1,BILL_AMT2,BILL_AMT3,BILL_AMT4,BILL_AMT5,BILL_AMT6,PAY_AMT1,PAY_AMT2,PAY_AMT3,PAY_AMT4,PAY_AMT5,PAY_AMT6
0.3291139240506329,0.0,0.16666666666666666,0.6666666666666666,0.2222222222222222,0.2,0.2222222222222222,0.4,0.2,0.2,0.2,0.20879293375632008,0.2021844285493748,0.28293160394098105,0.2656730371622229,0.3524246494315415,0.5251786674728527,0.01621540544594392,0.0040747073137736515,0.013141364283874494,0.02499712533058698,0.012884240255004883,0.012391573729863693
