LIMIT_BAL,SEX,EDUCATION,MARRIAGE,AGE,PAY_0,PAY_2,PAY_3,PAY_4,PAY_5,PAY_6,BILL_AMT1,BILL_AMT2,BILL_AMT3,BILL_AMT4,BILL_AMT5,BILL_AMT6,PAY_AMT1,PAY_AMT2,PAY_AMT3,PAY_AMT4,PAY_AMT5,PAY_AMT6
0.4050632911392405,1.0,0.16666666666666666,0.6666666666666666,0.18518518518518523,0.1,0.2222222222222222,0.2,0.2,0.2,0.2,0.030392884781110636,0.04890006689651624,0.08559699854251708,0.08360451388264624,0.14355414816194614,0.4084808899919264,0.0022113759176906017,0.0016298829255094608,0.0032117494309789264,0.005999310079340876,0.0077305441530029296,0.004956629491945477
