LIMIT_BAL,SEX,EDUCATION,MARRIAGE,AGE,PAY_0,PAY_2,PAY_3,PAY_4,PAY_5,PAY_6,BILL_AMT1,BILL_AMT2,BILL_AMT3,BILL_AMT4,BILL_AMT5,BILL_AMT6,PAY_AMT1,PAY_AMT2,PAY_AMT3,PAY_AMT4,PAY_AMT5,PAY_AMT6
0.05063291139240507,0.0,0.3333333333333333,0.6666666666666666,0.05555555555555558,0.30000000000000004,0.4444444444444444,0.4,0.4,0.4,0.4,0.08991660086930996,0.09849225544177431,0.14607016055420666,0.1425855342406645,0.20753554703712057,0.4521649259843848,0.004459236497634578,0.00012224121941320956,0.008410473141679677,0.004999425066117396,0.0038652720765014648,0.004956629491945477
