LIMIT_BAL,SEX,EDUCATION,MARRIAGE,AGE,PAY_0,PAY_2,PAY_3,PAY_4,PAY_5,PAY_6,BILL_AMT1,BILL_AMT2,BILL_AMT3,BILL_AMT4,BILL_AMT5,BILL_AMT6,PAY_AMT1,PAY_AMT2,PAY_AMT3,PAY_AMT4,PAY_AMT5,PAY_AMT6
0.1139240506329114,0.0,0.3333333333333333,0.6666666666666666,0.11111111111111116,0.4,0.2222222222222222,0.2,0.5,0.4,0.2,0.12292777569354076,0.12905109864663203,0.20134557200840486,0.1867969531891432,0.25177857733420916,0.48741213099117525,0.010134628403714948,0.008149414627547303,0.0,0.0,0.012884240255004883,0.012391573729863693
