LIMIT_BAL,SEX,EDUCATION,MARRIAGE,AGE,PAY_0,PAY_2,PAY_3,PAY_4,PAY_5,PAY_6,BILL_AMT1,BILL_AMT2,BILL_AMT3,BILL_AMT4,BILL_AMT5,BILL_AMT6,PAY_AMT1,PAY_AMT2,PAY_AMT3,PAY_AMT4,PAY_AMT5,PAY_AMT6
0.34177215189873417,0.0,0.16666666666666666,0.6666666666666666,0.2592592592592593,0.30000000000000004,0.0,0.0,0.1,0.1,0.0,0.02402610755395514,0.04341712550815623,0.07643779948138037,0.08244338169636169,0.1344921455018415,0.40376212355035906,0.0008127971979779389,0.00014913428768411566,0.011640620482656027,0.002452217994930583,0.012863625470596876,0.01119454770755886
