LIMIT_BAL,SEX,EDUCATION,MARRIAGE,AGE,PAY_0,PAY_2,PAY_3,PAY_4,PAY_5,PAY_6,BILL_AMT1,BILL_AMT2,BILL_AMT3,BILL_AMT4,BILL_AMT5,BILL_AMT6,PAY_AMT1,PAY_AMT2,PAY_AMT3,PAY_AMT4,PAY_AMT5,PAY_AMT6
0.24050632911392406,1.0,0.3333333333333333,0.6666666666666666,0.2592592592592593,0.2,0.2222222222222222,0.2,0.2,0.2,0.2,0.12479731013080461,0.12725132506561004,0.18651324856933937,0.17884132491924515,0.24806782940036537,0.4821766086517358,0.006080777042228969,0.002444824388264191,0.007884818570324697,0.0074991375991760945,0.006635383731327515,0.007434944237918216
