LIMIT_BAL,SEX,EDUCATION,MARRIAGE,AGE,PAY_0,PAY_2,PAY_3,PAY_4,PAY_5,PAY_6,BILL_AMT1,BILL_AMT2,BILL_AMT3,BILL_AMT4,BILL_AMT5,BILL_AMT6,PAY_AMT1,PAY_AMT2,PAY_AMT3,PAY_AMT4,PAY_AMT5,PAY_AMT6
0.05063291139240507,1.0,0.5,0.6666666666666666,0.35185185185185186,0.2,0.2222222222222222,0.2,0.2,0.2,0.2,0.07003925865346429,0.08260690577882983,0.12006655233486124,0.0991636851788593,0.15735956837024476,0.41615723440680286,0.020269256807429897,0.0040747073137736515,0.003942409285162349,0.0019997700264469584,0.005153696102001953,0.004956629491945477
