LIMIT_BAL,SEX,EDUCATION,MARRIAGE,AGE,PAY_0,PAY_2,PAY_3,PAY_4,PAY_5,PAY_6,BILL_AMT1,BILL_AMT2,BILL_AMT3,BILL_AMT4,BILL_AMT5,BILL_AMT6,PAY_AMT1,PAY_AMT2,PAY_AMT3,PAY_AMT4,PAY_AMT5,PAY_AMT6
0.13924050632911392,1.0,0.16666666666666666,0.6666666666666666,0.4444444444444444,0.2,0.2222222222222222,0.2,0.2,0.2,0.4,0.16536824805315695,0.15372047547985387,0.22129311582780242,0.21028178805367276,0.28886154710901524,0.5120476774693257,0.006240904171007666,0.0025955885588738164,0.008544515057375196,0.017997930238022628,0.009276652983603516,0.009665427509293681
