LIMIT_BAL,SEX,EDUCATION,MARRIAGE,AGE,PAY_0,PAY_2,PAY_3,PAY_4,PAY_5,PAY_6,BILL_AMT1,BILL_AMT2,BILL_AMT3,BILL_AMT4,BILL_AMT5,BILL_AMT6,PAY_AMT1,PAY_AMT2,PAY_AMT3,PAY_AMT4,PAY_AMT5,PAY_AMT6
0.1139240506329114,1.0,0.16666666666666666,0.3333333333333333,0.40740740740740744,0.1,0.1111111111111111,0.1,0.1,0.1,0.1,0.03834821687855247,0.07245535944012763,0.10178281688699474,0.11639938152855936,0.1466603268595406,0.4416001387389984,0.04658280599483539,0.012681304101926359,0.07120253996288879,0.021055078665953415,0.09601078153224539,0.04151425030978934
