LIMIT_BAL,SEX,EDUCATION,MARRIAGE,AGE,PAY_0,PAY_2,PAY_3,PAY_4,PAY_5,PAY_6,BILL_AMT1,BILL_AMT2,BILL_AMT3,BILL_AMT4,BILL_AMT5,BILL_AMT6,PAY_AMT1,PAY_AMT2,PAY_AMT3,PAY_AMT4,PAY_AMT5,PAY_AMT6
0.08860759493670886,1.0,0.16666666666666666,0.6666666666666666,0.03703703703703709,0.2,0.2222222222222222,0.2,0.2,0.2,0.2,0.14091674685310734,0.1324216538877168,0.1856417298985374,0.16649886433781005,0.21290477544337802,0.43268170531789857,0.006317927346875899,0.002052837544679166,0.004830765510752264,0.003584587772406173,0.002615500771765991,0.0037298636926889716
