LIMIT_BAL,SEX,EDUCATION,MARRIAGE,AGE,PAY_0,PAY_2,PAY_3,PAY_4,PAY_5,PAY_6,BILL_AMT1,BILL_AMT2,BILL_AMT3,BILL_AMT4,BILL_AMT5,BILL_AMT6,PAY_AMT1,PAY_AMT2,PAY_AMT3,PAY_AMT4,PAY_AMT5,PAY_AMT6
0.2531645569620253,1.0,0.16666666666666666,0.3333333333333333,0.5740740740740741,0.1,0.1111111111111111,0.1,0.0,0.1,0.1,0.024440513172290703,0.04385323933515155,0.0761373896365206,0.07583466676255371,0.13593330784338717,0.3979934403639086,0.0014958711523883265,0.0,0.0,0.004644465886423061,0.00011595816229504394,0.009087980173482033
