LIMIT_BAL,SEX,EDUCATION,MARRIAGE,AGE,PAY_0,PAY_2,PAY_3,PAY_4,PAY_5,PAY_6,BILL_AMT1,BILL_AMT2,BILL_AMT3,BILL_AMT4,BILL_AMT5,BILL_AMT6,PAY_AMT1,PAY_AMT2,PAY_AMT3,PAY_AMT4,PAY_AMT5,PAY_AMT6
0.1772151898734177,0.0,0.16666666666666666,0.6666666666666666,0.2222222222222222,0.30000000000000004,0.4444444444444444,0.4,0.4,0.2,0.2,0.1630905868705626,0.15328307518139248,0.226741758123858,0.20827714951786794,0.2793485684780868,0.5088346510022838,0.0,0.006030566824385005,0.0,0.008249051359093703,0.018037936357006835,0.0
