LIMIT_BAL,SEX,EDUCATION,MARRIAGE,AGE,PAY_0,PAY_2,PAY_3,PAY_4,PAY_5,PAY_6,BILL_AMT1,BILL_AMT2,BILL_AMT3,BILL_AMT4,BILL_AMT5,BILL_AMT6,PAY_AMT1,PAY_AMT2,PAY_AMT3,PAY_AMT4,PAY_AMT5,PAY_AMT6
0.012658227848101266,1.0,0.16666666666666666,0.6666666666666666,0.03703703703703709,0.1,0.2222222222222222,0.2,0.2,0.2,0.2,0.03102391151812161,0.05234523748263264,0.09208552107077954,0.09037953291023175,0.1407061368679392,0.4061056877130446,0.006080777042228969,0.0032833991534388087,0.014492296532256792,0.0074991375991760945,0.0077305441530029296,0.01982651796778191
