LIMIT_BAL,SEX,EDUCATION,MARRIAGE,AGE,PAY_0,PAY_2,PAY_3,PAY_4,PAY_5,PAY_6,BILL_AMT1,BILL_AMT2,BILL_AMT3,BILL_AMT4,BILL_AMT5,BILL_AMT6,PAY_AMT1,PAY_AMT2,PAY_AMT3,PAY_AMT4,PAY_AMT5,PAY_AMT6
0.37974683544303794,0.0,0.16666666666666666,0.6666666666666666,0.16666666666666674,0.0,0.0,0.0,0.0,0.0,0.0,0.02645289197042023,0.04502392836926877,0.07825676458597086,0.07746474652858933,0.13435489194550382,0.39758448841752,0.0026350033849658868,0.0008149414627547304,0.002628272856774899,0.002499712533058698,0.0007833618075042969,0.09800247831474598
