LIMIT_BAL,SEX,EDUCATION,MARRIAGE,AGE,PAY_0,PAY_2,PAY_3,PAY_4,PAY_5,PAY_6,BILL_AMT1,BILL_AMT2,BILL_AMT3,BILL_AMT4,BILL_AMT5,BILL_AMT6,PAY_AMT1,PAY_AMT2,PAY_AMT3,PAY_AMT4,PAY_AMT5,PAY_AMT6
0.620253164556962,0.0,0.16666666666666666,0.3333333333333333,0.5740740740740741,0.30000000000000004,0.1111111111111111,0.1,0.1,0.1,0.1,0.024021398399201328,0.09890135336798231,0.24832009824392287,0.18337198779837352,0.23216602451609952,0.3979407101702482,0.08823815565978457,0.08508477836037037,0.18864691256787514,0.1518650355209151,0.0,0.020322180916976455
