LIMIT_BAL,SEX,EDUCATION,MARRIAGE,AGE,PAY_0,PAY_2,PAY_3,PAY_4,PAY_5,PAY_6,BILL_AMT1,BILL_AMT2,BILL_AMT3,BILL_AMT4,BILL_AMT5,BILL_AMT6,PAY_AMT1,PAY_AMT2,PAY_AMT3,PAY_AMT4,PAY_AMT5,PAY_AMT6
0.37974683544303794,0.0,0.16666666666666666,0.3333333333333333,0.33333333333333337,0.1,0.1111111111111111,0.0,0.1,0.1,0.4,0.02459434556091527,0.04290382339319714,0.22643969767545502,0.07606689319981062,0.17881197243164285,0.4032652879478697,0.0,0.074207754656983,0.0004073822928001093,0.07121681006684231,0.0,0.002579925650557621
