LIMIT_BAL,SEX,EDUCATION,MARRIAGE,AGE,PAY_0,PAY_2,PAY_3,PAY_4,PAY_5,PAY_6,BILL_AMT1,BILL_AMT2,BILL_AMT3,BILL_AMT4,BILL_AMT5,BILL_AMT6,PAY_AMT1,PAY_AMT2,PAY_AMT3,PAY_AMT4,PAY_AMT5,PAY_AMT6
0.2151898734177215,1.0,0.3333333333333333,0.6666666666666666,0.462962962962963,0.0,0.0,0.0,0.0,0.0,0.0,0.027019560259129088,0.046059537899449395,0.08768666262819,0.08042525904484517,0.13642349911602175,0.40887460877125753,0.0049720486948625535,0.005702145414894848,0.00805302803315829,0.005394379646340671,0.02404456916389011,0.0
