LIMIT_BAL,SEX,EDUCATION,MARRIAGE,AGE,PAY_0,PAY_2,PAY_3,PAY_4,PAY_5,PAY_6,BILL_AMT1,BILL_AMT2,BILL_AMT3,BILL_AMT4,BILL_AMT5,BILL_AMT6,PAY_AMT1,PAY_AMT2,PAY_AMT3,PAY_AMT4,PAY_AMT5,PAY_AMT6
0.15189873417721517,1.0,0.3333333333333333,0.3333333333333333,0.2407407407407407,0.2,0.2222222222222222,0.2,0.2,0.1,0.1,0.03875791334213422,0.054970925744866984,0.0882693256789345,0.08106051071837375,0.13941856779181905,0.40154628363453987,0.0026694611215385177,0.0010333457747729981,0.002654555585342648,0.010006349269833969,0.007952153085389014,0.005962825278810409
