LIMIT_BAL,SEX,EDUCATION,MARRIAGE,AGE,PAY_0,PAY_2,PAY_3,PAY_4,PAY_5,PAY_6,BILL_AMT1,BILL_AMT2,BILL_AMT3,BILL_AMT4,BILL_AMT5,BILL_AMT6,PAY_AMT1,PAY_AMT2,PAY_AMT3,PAY_AMT4,PAY_AMT5,PAY_AMT6
0.2151898734177215,0.0,0.3333333333333333,0.6666666666666666,0.16666666666666674,0.1,0.1111111111111111,0.1,0.4,0.1,0.1,0.029097867223811996,0.04290382339319714,0.08721128880775256,0.08537243127595692,0.1360836331669951,0.4002034213693211,0.0,0.005467442273621486,0.0,0.004874439439464462,0.004975893586482886,0.04085749690210657
