LIMIT_BAL,SEX,EDUCATION,MARRIAGE,AGE,PAY_0,PAY_2,PAY_3,PAY_4,PAY_5,PAY_6,BILL_AMT1,BILL_AMT2,BILL_AMT3,BILL_AMT4,BILL_AMT5,BILL_AMT6,PAY_AMT1,PAY_AMT2,PAY_AMT3,PAY_AMT4,PAY_AMT5,PAY_AMT6
0.05063291139240507,0.0,0.3333333333333333,0.3333333333333333,0.5185185185185185,0.2,0.2222222222222222,0.2,0.2,0.2,0.2,0.0998796026101275,0.10579941336901147,0.12610446009583404,0.12239981302026212,0.15792165436286573,0.4157963255257493,0.003727516326886358,0.0013365039989177577,0.004996346700729083,0.0013148487923888752,0.0013837674033875245,0.0014299876084262703
