LIMIT_BAL,SEX,EDUCATION,MARRIAGE,AGE,PAY_0,PAY_2,PAY_3,PAY_4,PAY_5,PAY_6,BILL_AMT1,BILL_AMT2,BILL_AMT3,BILL_AMT4,BILL_AMT5,BILL_AMT6,PAY_AMT1,PAY_AMT2,PAY_AMT3,PAY_AMT4,PAY_AMT5,PAY_AMT6
0.2531645569620253,1.0,0.3333333333333333,0.3333333333333333,0.462962962962963,0.2,0.2222222222222222,0.2,0.2,0.2,0.2,0.23547029543667208,0.21374594761488191,0.2599073351170856,0.24668890047524017,0.24273945026682747,0.47900107921129687,0.012463566010888645,0.0033412599972943947,0.011950756679755465,0.006249281332646745,0.0077305441530029296,0.006195786864931847
