LIMIT_BAL,SEX,EDUCATION,MARRIAGE,AGE,PAY_0,PAY_2,PAY_3,PAY_4,PAY_5,PAY_6,BILL_AMT1,BILL_AMT2,BILL_AMT3,BILL_AMT4,BILL_AMT5,BILL_AMT6,PAY_AMT1,PAY_AMT2,PAY_AMT3,PAY_AMT4,PAY_AMT5,PAY_AMT6
0.2531645569620253,0.0,0.3333333333333333,0.3333333333333333,0.16666666666666674,0.2,0.2222222222222222,0.2,0.4,0.2,0.2,0.15900617998075525,0.1566407657078166,0.23002976038188366,0.21153131610962286,0.2875576383238073,0.5649770740835784,0.010134628403714948,0.006112060970660478,0.0,0.014998275198352189,0.12884240255004883,0.0
