LIMIT_BAL,SEX,EDUCATION,MARRIAGE,AGE,PAY_0,PAY_2,PAY_3,PAY_4,PAY_5,PAY_6,BILL_AMT1,BILL_AMT2,BILL_AMT3,BILL_AMT4,BILL_AMT5,BILL_AMT6,PAY_AMT1,PAY_AMT2,PAY_AMT3,PAY_AMT4,PAY_AMT5,PAY_AMT6
0.5316455696202532,1.0,0.3333333333333333,0.3333333333333333,0.38888888888888884,0.4,0.4444444444444444,0.4,0.4,0.4,0.4,0.4680711459100206,0.4151546338702208,0.5650775205954057,0.526613149709642,0.6141459397456888,0.7594624332523632,0.02574195614543597,0.010594239015811495,0.028911001424523887,0.0,0.04896011296901855,0.03717472118959108
