MSinceOldestTradeOpen,MSinceMostRecentTradeOpen,AverageMInFile,NumSatisfactoryTrades,NumTrades60Ever2DerogPubRec,NumTrades90Ever2DerogPubRec,PercentTradesNeverDelq,MSinceMostRecentDelq,MaxDelq2PublicRecLast12M,MaxDelqEver,NumTotalTrades,NumTradesOpeninLast12M,PercentInstallTrades,MSinceMostRecentInqexcl7days,NumInqLast6M,NumInqLast6Mexcl7days,NetFractionRevolvingBurden,NetFractionInstallBurden,NumRevolvingTradesWBalance,NumInstallTradesWBalance,NumBank2NatlTradesWHighUtilization,PercentTradesWBalance
0.328732747804266,0.006289308176100629,0.3858267716535433,0.5373134328358209,0.21428571428571427,0.30000000000000004,0.9,0.3707865168539326,0.6666666666666666,0.16666666666666669,0.4819277108433735,0.3125,0.35000000000000003,0.25,0.021739130434782608,0.021739130434782608,0.08208955223880597,0.43930635838150284,0.35000000000000003,0.5714285714285714,0.38095238095238093,0.6203703703703703
