LIMIT_BAL,SEX,EDUCATION,MARRIAGE,AGE,PAY_0,PAY_2,PAY_3,PAY_4,PAY_5,PAY_6,BILL_AMT1,BILL_AMT2,BILL_AMT3,BILL_AMT4,BILL_AMT5,BILL_AMT6,PAY_AMT1,PAY_AMT2,PAY_AMT3,PAY_AMT4,PAY_AMT5,PAY_AMT6
0.620253164556962,1.0,0.3333333333333333,0.3333333333333333,0.20370370370370372,0.1,0.2222222222222222,0.2,0.1,0.1,0.0,0.06555614332783409,0.05863608295168014,0.07776983654073112,0.07884312280134002,0.1328009856112522,0.41180875110293985,0.014310095306045508,0.0008173862871429945,0.005303854624971746,0.0001474830394504632,0.030649030718605617,4.956629491945477e-06
