LIMIT_BAL,SEX,EDUCATION,MARRIAGE,AGE,PAY_0,PAY_2,PAY_3,PAY_4,PAY_5,PAY_6,BILL_AMT1,BILL_AMT2,BILL_AMT3,BILL_AMT4,BILL_AMT5,BILL_AMT6,PAY_AMT1,PAY_AMT2,PAY_AMT3,PAY_AMT4,PAY_AMT5,PAY_AMT6
0.430379746835443,1.0,0.3333333333333333,0.3333333333333333,0.3148148148148149,0.1,0.1111111111111111,0.1,0.1,0.1,0.1,0.024471907537316127,0.046413317552616684,0.07878825892687662,0.07735537536781671,0.17301954556001087,0.3981574898552966,0.005574045622043222,0.0013136856379606253,0.002672953495340072,0.06139293981192163,0.0025768480510009765,0.0022726146220570015
