LIMIT_BAL,SEX,EDUCATION,MARRIAGE,AGE,PAY_0,PAY_2,PAY_3,PAY_4,PAY_5,PAY_6,BILL_AMT1,BILL_AMT2,BILL_AMT3,BILL_AMT4,BILL_AMT5,BILL_AMT6,PAY_AMT1,PAY_AMT2,PAY_AMT3,PAY_AMT4,PAY_AMT5,PAY_AMT6
0.430379746835443,0.0,0.16666666666666666,0.3333333333333333,0.6666666666666667,0.2,0.2222222222222222,0.2,0.2,0.2,0.2,0.4364240562461444,0.38991920959193127,0.5103880733990384,0.48010643462001756,0.5769502259781767,0.721615043807073,0.023309645328544383,0.014668946329585146,0.028911001424523887,0.028746694130175027,0.03607587271401367,0.029739776951672865
