LIMIT_BAL,SEX,EDUCATION,MARRIAGE,AGE,PAY_0,PAY_2,PAY_3,PAY_4,PAY_5,PAY_6,BILL_AMT1,BILL_AMT2,BILL_AMT3,BILL_AMT4,BILL_AMT5,BILL_AMT6,PAY_AMT1,PAY_AMT2,PAY_AMT3,PAY_AMT4,PAY_AMT5,PAY_AMT6
0.27848101265822783,1.0,0.5,0.3333333333333333,0.11111111111111116,0.2,0.2222222222222222,0.2,0.2,0.2,0.2,0.13016574655015173,0.06846601142386663,0.10857009865657379,0.10275645289848559,0.15068806514968808,0.4080848276484325,0.0026816226756229754,0.0012224121941320956,0.002628272856774899,0.004999425066117396,0.002636115556173999,0.004966542750929368
