LIMIT_BAL,SEX,EDUCATION,MARRIAGE,AGE,PAY_0,PAY_2,PAY_3,PAY_4,PAY_5,PAY_6,BILL_AMT1,BILL_AMT2,BILL_AMT3,BILL_AMT4,BILL_AMT5,BILL_AMT6,PAY_AMT1,PAY_AMT2,PAY_AMT3,PAY_AMT4,PAY_AMT5,PAY_AMT6
0.13924050632911392,1.0,0.16666666666666666,0.6666666666666666,0.09259259259259262,0.0,0.0,0.1,0.2,0.2,0.2,0.04037786257744597,0.05213039674780014,0.2588393946246445,0.22648520043388887,0.2785609945000539,0.5015121847759728,0.011697388103567795,0.09783779731101916,0.013333228202419061,0.008768991565969914,0.009552375725060621,0.007474597273853779
