LIMIT_BAL,SEX,EDUCATION,MARRIAGE,AGE,PAY_0,PAY_2,PAY_3,PAY_4,PAY_5,PAY_6,BILL_AMT1,BILL_AMT2,BILL_AMT3,BILL_AMT4,BILL_AMT5,BILL_AMT6,PAY_AMT1,PAY_AMT2,PAY_AMT3,PAY_AMT4,PAY_AMT5,PAY_AMT6
0.34177215189873417,1.0,0.6666666666666666,0.6666666666666666,0.07407407407407407,0.2,0.2222222222222222,0.2,0.2,0.2,0.2,0.037488011276855915,0.05630885606957238,0.09629290950235955,0.09477085992700598,0.16956206311702826,0.4191452787142269,0.00405385136148598,0.0016298829255094608,0.007884818570324697,0.02499712533058698,0.013131617667900978,0.03148451053283767
