LIMIT_BAL,SEX,EDUCATION,MARRIAGE,AGE,PAY_0,PAY_2,PAY_3,PAY_4,PAY_5,PAY_6,BILL_AMT1,BILL_AMT2,BILL_AMT3,BILL_AMT4,BILL_AMT5,BILL_AMT6,PAY_AMT1,PAY_AMT2,PAY_AMT3,PAY_AMT4,PAY_AMT5,PAY_AMT6
0.2531645569620253,0.0,0.16666666666666666,0.6666666666666666,0.33333333333333337,0.1,0.1111111111111111,0.1,0.2,0.2,0.2,0.05991457593276582,0.051184840220243916,0.17816614645144999,0.16426649406998556,0.23662676509707423,0.46706530693073944,0.013247986249336182,0.058705938152462514,0.013180788376726118,0.029996550396704378,0.012884240255004883,0.012391573729863693
