LIMIT_BAL,SEX,EDUCATION,MARRIAGE,AGE,PAY_0,PAY_2,PAY_3,PAY_4,PAY_5,PAY_6,BILL_AMT1,BILL_AMT2,BILL_AMT3,BILL_AMT4,BILL_AMT5,BILL_AMT6,PAY_AMT1,PAY_AMT2,PAY_AMT3,PAY_AMT4,PAY_AMT5,PAY_AMT6
0.6075949367088608,1.0,0.16666666666666666,0.3333333333333333,0.2962962962962963,0.1,0.1111111111111111,0.1,0.2,0.2,0.1,0.08135221809037496,0.14324345186023774,0.5291323272354537,0.4261115406051671,0.21371522501413387,0.41224465403719934,0.15809209539523023,0.22372262000420512,0.0123344845168446,0.0024722156951950524,0.031455584158568924,0.23223543990086742
