LIMIT_BAL,SEX,EDUCATION,MARRIAGE,AGE,PAY_0,PAY_2,PAY_3,PAY_4,PAY_5,PAY_6,BILL_AMT1,BILL_AMT2,BILL_AMT3,BILL_AMT4,BILL_AMT5,BILL_AMT6,PAY_AMT1,PAY_AMT2,PAY_AMT3,PAY_AMT4,PAY_AMT5,PAY_AMT6
0.4936708860759494,1.0,0.3333333333333333,0.6666666666666666,0.09259259259259262,0.2,0.2222222222222222,0.2,0.2,0.2,0.2,0.14091831657135861,0.13108372356301137,0.17643301273110512,0.15551680120817676,0.2076940422152724,0.44297463912041346,0.007296932450674763,0.0017928712180604069,0.004468063856517328,0.0037495687995880472,0.003388555187066284,0.001982651796778191
