LIMIT_BAL,SEX,EDUCATION,MARRIAGE,AGE,PAY_0,PAY_2,PAY_3,PAY_4,PAY_5,PAY_6,BILL_AMT1,BILL_AMT2,BILL_AMT3,BILL_AMT4,BILL_AMT5,BILL_AMT6,PAY_AMT1,PAY_AMT2,PAY_AMT3,PAY_AMT4,PAY_AMT5,PAY_AMT6
0.48101265822784806,1.0,0.16666666666666666,0.6666666666666666,0.16666666666666674,0.2,0.2222222222222222,0.2,0.2,0.2,0.2,0.03603759161268144,0.053838830854731644,0.08288835812814957,0.08833294379221276,0.14533354248160968,0.4073360588984545,0.006143611738332002,0.001638032340137008,0.017083773569036842,0.004999425066117396,0.0025768480510009765,0.0024783147459727386
