LIMIT_BAL,SEX,EDUCATION,MARRIAGE,AGE,PAY_0,PAY_2,PAY_3,PAY_4,PAY_5,PAY_6,BILL_AMT1,BILL_AMT2,BILL_AMT3,BILL_AMT4,BILL_AMT5,BILL_AMT6,PAY_AMT1,PAY_AMT2,PAY_AMT3,PAY_AMT4,PAY_AMT5,PAY_AMT6
0.3924050632911392,1.0,0.16666666666666666,0.3333333333333333,0.2407407407407407,0.1,0.1111111111111111,0.1,0.2,0.1,0.1,0.03567184726013528,0.052536921731076006,0.11575682648360373,0.09112865044977017,0.16919605363346113,0.40653221639065334,0.01621540544594392,0.02037353656886826,0.0,0.056243531993820706,0.08378879122634776,0.05452292441140025
