LIMIT_BAL,SEX,EDUCATION,MARRIAGE,AGE,PAY_0,PAY_2,PAY_3,PAY_4,PAY_5,PAY_6,BILL_AMT1,BILL_AMT2,BILL_AMT3,BILL_AMT4,BILL_AMT5,BILL_AMT6,PAY_AMT1,PAY_AMT2,PAY_AMT3,PAY_AMT4,PAY_AMT5,PAY_AMT6
0.20253164556962022,1.0,0.16666666666666666,0.6666666666666666,0.5185185185185185,0.2,0.2222222222222222,0.2,0.2,0.2,0.2,0.2813861240046024,0.2189252817372511,0.30796465727693334,0.2500689188136375,0.32694614105090475,0.5253907600295757,0.010337320971789249,0.004889648776528382,0.010513091427099596,0.009998850132234793,0.008245913763203125,0.005452292441140025
