LIMIT_BAL,SEX,EDUCATION,MARRIAGE,AGE,PAY_0,PAY_2,PAY_3,PAY_4,PAY_5,PAY_6,BILL_AMT1,BILL_AMT2,BILL_AMT3,BILL_AMT4,BILL_AMT5,BILL_AMT6,PAY_AMT1,PAY_AMT2,PAY_AMT3,PAY_AMT4,PAY_AMT5,PAY_AMT6
0.4430379746835443,0.0,0.16666666666666666,0.3333333333333333,0.2777777777777778,0.2,0.2222222222222222,0.1,0.2,0.2,0.2,0.0874992347623525,0.060080790408068754,0.29067953697269405,0.30152430436945277,0.3599686931173878,0.5527542151930921,0.00405385136148598,0.1059342407434874,0.07884818570324696,0.06249281332646745,0.012884240255004883,0.007434944237918216
