LIMIT_BAL,SEX,EDUCATION,MARRIAGE,AGE,PAY_0,PAY_2,PAY_3,PAY_4,PAY_5,PAY_6,BILL_AMT1,BILL_AMT2,BILL_AMT3,BILL_AMT4,BILL_AMT5,BILL_AMT6,PAY_AMT1,PAY_AMT2,PAY_AMT3,PAY_AMT4,PAY_AMT5,PAY_AMT6
0.2531645569620253,1.0,0.5,0.3333333333333333,0.2592592592592593,0.2,0.2222222222222222,0.2,0.2,0.2,0.2,0.14907614232321442,0.07563423043276901,0.12041152847538703,0.12382613281554329,0.19410103822511546,0.4492811702822002,0.006080777042228969,0.001459560159793722,0.015769637140649394,0.014998275198352189,0.018037936357006835,0.012391573729863693
