LIMIT_BAL,SEX,EDUCATION,MARRIAGE,AGE,PAY_0,PAY_2,PAY_3,PAY_4,PAY_5,PAY_6,BILL_AMT1,BILL_AMT2,BILL_AMT3,BILL_AMT4,BILL_AMT5,BILL_AMT6,PAY_AMT1,PAY_AMT2,PAY_AMT3,PAY_AMT4,PAY_AMT5,PAY_AMT6
0.36708860759493667,1.0,0.3333333333333333,0.6666666666666666,0.2962962962962963,0.2,0.2222222222222222,0.2,0.2,0.2,0.2,0.13068061413656862,0.132916945402151,0.1939690247739086,0.18421699238297284,0.25357104342114295,0.48619464940866014,0.006326035049598871,0.002587439144246269,0.007190954536136124,0.007071686756023057,0.007325979008995776,0.007288723667905824
