LIMIT_BAL,SEX,EDUCATION,MARRIAGE,AGE,PAY_0,PAY_2,PAY_3,PAY_4,PAY_5,PAY_6,BILL_AMT1,BILL_AMT2,BILL_AMT3,BILL_AMT4,BILL_AMT5,BILL_AMT6,PAY_AMT1,PAY_AMT2,PAY_AMT3,PAY_AMT4,PAY_AMT5,PAY_AMT6
0.13924050632911392,1.0,0.3333333333333333,0.3333333333333333,0.16666666666666674,0.2,0.2222222222222222,0.1,0.1,0.2,0.2,0.06430350816331977,0.07876678845263213,0.078035583711184,0.11962058694857458,0.17520579863596109,0.411658762996528,0.006080777042228969,0.0016298829255094608,0.07681127423924641,0.004999425066117396,0.005153696102001953,0.04956629491945477
