LIMIT_BAL,SEX,EDUCATION,MARRIAGE,AGE,PAY_0,PAY_2,PAY_3,PAY_4,PAY_5,PAY_6,BILL_AMT1,BILL_AMT2,BILL_AMT3,BILL_AMT4,BILL_AMT5,BILL_AMT6,PAY_AMT1,PAY_AMT2,PAY_AMT3,PAY_AMT4,PAY_AMT5,PAY_AMT6
0.620253164556962,1.0,0.3333333333333333,0.6666666666666666,0.2777777777777778,0.1,0.1111111111111111,0.1,0.2,0.2,0.2,0.024561381477638578,0.04290382339319714,0.12255071066735553,0.12032925214097792,0.18555863831400346,0.4306474916246875,0.0,0.022915338991200265,0.005256545713549798,0.007999080105787834,0.0077305441530029296,0.0019454770755885998
