LIMIT_BAL,SEX,EDUCATION,MARRIAGE,AGE,PAY_0,PAY_2,PAY_3,PAY_4,PAY_5,PAY_6,BILL_AMT1,BILL_AMT2,BILL_AMT3,BILL_AMT4,BILL_AMT5,BILL_AMT6,PAY_AMT1,PAY_AMT2,PAY_AMT3,PAY_AMT4,PAY_AMT5,PAY_AMT6
0.7721518987341772,0.0,0.3333333333333333,0.3333333333333333,0.38888888888888884,0.2,0.2222222222222222,0.2,0.2,0.2,0.2,0.14255710242568562,0.1272603303658725,0.17402808336868375,0.16644642611004237,0.23333267974496982,0.47194929464577606,0.0070942398826004645,0.0020373536568868257,0.006570682141937247,0.005749338826035006,0.0077305441530029296,0.006195786864931847
