LIMIT_BAL,SEX,EDUCATION,MARRIAGE,AGE,PAY_0,PAY_2,PAY_3,PAY_4,PAY_5,PAY_6,BILL_AMT1,BILL_AMT2,BILL_AMT3,BILL_AMT4,BILL_AMT5,BILL_AMT6,PAY_AMT1,PAY_AMT2,PAY_AMT3,PAY_AMT4,PAY_AMT5,PAY_AMT6
0.26582278481012656,1.0,0.3333333333333333,0.6666666666666666,0.16666666666666674,0.30000000000000004,0.4444444444444444,0.2,0.2,0.2,0.2,0.03286205159036004,0.049839191066742144,0.08677057766172201,0.08700850398230883,0.14625837001598024,0.5289646953776712,0.0,0.0010594239015811495,0.0033668175295286456,0.002499712533058698,0.2676314385769614,0.010770755885997522
