LIMIT_BAL,SEX,EDUCATION,MARRIAGE,AGE,PAY_0,PAY_2,PAY_3,PAY_4,PAY_5,PAY_6,BILL_AMT1,BILL_AMT2,BILL_AMT3,BILL_AMT4,BILL_AMT5,BILL_AMT6,PAY_AMT1,PAY_AMT2,PAY_AMT3,PAY_AMT4,PAY_AMT5,PAY_AMT6
0.18987341772151897,1.0,0.5,0.6666666666666666,0.09259259259259262,0.2,0.2222222222222222,0.4,0.1,0.1,0.1,0.054704681056797114,0.07382416508001853,0.10512363845840232,0.10144549720429334,0.1400100652607981,0.4036894730613158,0.020269256807429897,0.0,0.04493820930513722,0.010881248656404514,0.006442120127502442,0.0
