LIMIT_BAL,SEX,EDUCATION,MARRIAGE,AGE,PAY_0,PAY_2,PAY_3,PAY_4,PAY_5,PAY_6,BILL_AMT1,BILL_AMT2,BILL_AMT3,BILL_AMT4,BILL_AMT5,BILL_AMT6,PAY_AMT1,PAY_AMT2,PAY_AMT3,PAY_AMT4,PAY_AMT5,PAY_AMT6
0.3924050632911392,1.0,0.3333333333333333,0.6666666666666666,0.2222222222222222,0.2,0.2222222222222222,0.2,0.2,0.2,0.2,0.16789863387420592,0.16387974064735245,0.2553879826158435,0.17458783552974594,0.2044734855540632,0.4369176975419527,0.020354387686021103,0.015346977626597083,0.0055640536377924606,0.005189403218629858,0.013000198417299927,0.00930359355638166
