LIMIT_BAL,SEX,EDUCATION,MARRIAGE,AGE,PAY_0,PAY_2,PAY_3,PAY_4,PAY_5,PAY_6,BILL_AMT1,BILL_AMT2,BILL_AMT3,BILL_AMT4,BILL_AMT5,BILL_AMT6,PAY_AMT1,PAY_AMT2,PAY_AMT3,PAY_AMT4,PAY_AMT5,PAY_AMT6
0.2911392405063291,1.0,0.3333333333333333,0.3333333333333333,0.35185185185185186,0.1,0.1111111111111111,0.1,0.1,0.1,0.1,0.02905862426753022,0.04919209591931251,0.0761373896365206,0.07762805415220869,0.20942278343676368,0.3979407101702482,0.009907612727471734,0.0,0.003146042609559554,0.11707153677327106,0.0,0.013016109045848823
