LIMIT_BAL,SEX,EDUCATION,MARRIAGE,AGE,PAY_0,PAY_2,PAY_3,PAY_4,PAY_5,PAY_6,BILL_AMT1,BILL_AMT2,BILL_AMT3,BILL_AMT4,BILL_AMT5,BILL_AMT6,PAY_AMT1,PAY_AMT2,PAY_AMT3,PAY_AMT4,PAY_AMT5,PAY_AMT6
0.3291139240506329,0.0,0.16666666666666666,0.3333333333333333,0.33333333333333337,0.0,0.0,0.0,0.0,0.1,0.1,0.040743606929992134,0.04290382339319714,0.10144444316064169,0.08945961657167856,0.5015277627997111,0.4066622842016824,0.0,0.002541802422332004,0.023980361545214178,0.5639751428585712,0.019179480043600268,0.17236679058240398
