LIMIT_BAL,SEX,EDUCATION,MARRIAGE,AGE,PAY_0,PAY_2,PAY_3,PAY_4,PAY_5,PAY_6,BILL_AMT1,BILL_AMT2,BILL_AMT3,BILL_AMT4,BILL_AMT5,BILL_AMT6,PAY_AMT1,PAY_AMT2,PAY_AMT3,PAY_AMT4,PAY_AMT5,PAY_AMT6
0.2151898734177215,1.0,0.3333333333333333,0.6666666666666666,0.16666666666666674,0.2,0.2222222222222222,0.2,0.2,0.2,0.2,0.046703827130068425,0.06272062985642979,0.10895964109276557,0.10932771195531663,0.1703185916477943,0.41595451610673057,0.0030403885211144847,0.004002177523588481,0.027215765431904078,0.027251866035405928,0.009018968178503417,0.013613382899628254
