LIMIT_BAL,SEX,EDUCATION,MARRIAGE,AGE,PAY_0,PAY_2,PAY_3,PAY_4,PAY_5,PAY_6,BILL_AMT1,BILL_AMT2,BILL_AMT3,BILL_AMT4,BILL_AMT5,BILL_AMT6,PAY_AMT1,PAY_AMT2,PAY_AMT3,PAY_AMT4,PAY_AMT5,PAY_AMT6
0.4936708860759494,1.0,0.16666666666666666,0.6666666666666666,0.09259259259259262,0.1,0.1111111111111111,0.1,0.1,0.1,0.1,0.02581872579690671,0.04410924715689806,0.0788823433288382,0.0833543086244404,0.14848383839374124,0.39992922436228684,0.0019053101398984105,0.0013585074184121356,0.013243866925288715,0.02394474635416927,0.004388372230854663,0.03186121437422553
