LIMIT_BAL,SEX,EDUCATION,MARRIAGE,AGE,PAY_0,PAY_2,PAY_3,PAY_4,PAY_5,PAY_6,BILL_AMT1,BILL_AMT2,BILL_AMT3,BILL_AMT4,BILL_AMT5,BILL_AMT6,PAY_AMT1,PAY_AMT2,PAY_AMT3,PAY_AMT4,PAY_AMT5,PAY_AMT6
0.4177215189873417,0.0,0.16666666666666666,0.6666666666666666,0.20370370370370372,0.1,0.1111111111111111,0.1,0.1,0.1,0.1,0.028813748220331933,0.05004374002984614,0.11465752452384215,0.08226359348687245,0.26386506014646915,0.42819612351051844,0.0115798264140847,0.01911282212598669,0.011338369104126915,0.20135684396294426,0.06686663007542434,0.004996282527881041
