LIMIT_BAL,SEX,EDUCATION,MARRIAGE,AGE,PAY_0,PAY_2,PAY_3,PAY_4,PAY_5,PAY_6,BILL_AMT1,BILL_AMT2,BILL_AMT3,BILL_AMT4,BILL_AMT5,BILL_AMT6,PAY_AMT1,PAY_AMT2,PAY_AMT3,PAY_AMT4,PAY_AMT5,PAY_AMT6
0.4936708860759494,0.0,0.16666666666666666,0.3333333333333333,0.42592592592592593,0.2,0.2222222222222222,0.2,0.2,0.2,0.2,0.17428110828387414,0.1668797921062111,0.228547518400103,0.21339661878307353,0.22681313581892987,0.47551619930138345,0.009429258266816388,0.002905266314720614,0.0071778131718522485,0.025074616419111802,0.041299143713392654,0.061957868649318466
