LIMIT_BAL,SEX,EDUCATION,MARRIAGE,AGE,PAY_0,PAY_2,PAY_3,PAY_4,PAY_5,PAY_6,BILL_AMT1,BILL_AMT2,BILL_AMT3,BILL_AMT4,BILL_AMT5,BILL_AMT6,PAY_AMT1,PAY_AMT2,PAY_AMT3,PAY_AMT4,PAY_AMT5,PAY_AMT6
0.4050632911392405,1.0,0.16666666666666666,0.6666666666666666,0.33333333333333337,0.2,0.2222222222222222,0.2,0.2,0.2,0.2,0.20998905906378865,0.18561210312355275,0.24201974451958358,0.21827487220054775,0.2867586265494129,0.5081386124459661,0.00810770272297196,0.0037487307286717597,0.010513091427099596,0.010473795513515944,0.017213344980686524,0.008674101610904586
