LIMIT_BAL,SEX,EDUCATION,MARRIAGE,AGE,PAY_0,PAY_2,PAY_3,PAY_4,PAY_5,PAY_6,BILL_AMT1,BILL_AMT2,BILL_AMT3,BILL_AMT4,BILL_AMT5,BILL_AMT6,PAY_AMT1,PAY_AMT2,PAY_AMT3,PAY_AMT4,PAY_AMT5,PAY_AMT6
0.34177215189873417,1.0,0.16666666666666666,0.3333333333333333,0.20370370370370372,0.1,0.1111111111111111,0.1,0.2,0.2,0.1,0.026038486352084663,0.04652652704163022,0.09396720911001108,0.11077800351186302,0.16074188815142337,0.3982711527171868,0.005707822716972259,0.008802997680676597,0.034167547138073684,0.025099613544442387,0.0007266711503822754,0.018589838909541512
