LIMIT_BAL,SEX,EDUCATION,MARRIAGE,AGE,PAY_0,PAY_2,PAY_3,PAY_4,PAY_5,PAY_6,BILL_AMT1,BILL_AMT2,BILL_AMT3,BILL_AMT4,BILL_AMT5,BILL_AMT6,PAY_AMT1,PAY_AMT2,PAY_AMT3,PAY_AMT4,PAY_AMT5,PAY_AMT6
0.16455696202531644,1.0,0.16666666666666666,0.6666666666666666,0.18518518518518523,0.2,0.2222222222222222,0.2,0.2,0.2,0.2,0.2013069474160083,0.19344800082334176,0.25413352392302246,0.22048327070710702,0.28892363800354903,0.5120101804427226,0.012161554084457939,0.0040747073137736515,0.008936127713034656,0.009041460232073311,0.009276652983603516,0.009169764560099132
