LIMIT_BAL,SEX,EDUCATION,MARRIAGE,AGE,PAY_0,PAY_2,PAY_3,PAY_4,PAY_5,PAY_6,BILL_AMT1,BILL_AMT2,BILL_AMT3,BILL_AMT4,BILL_AMT5,BILL_AMT6,PAY_AMT1,PAY_AMT2,PAY_AMT3,PAY_AMT4,PAY_AMT5,PAY_AMT6
0.3164556962025316,1.0,0.5,0.3333333333333333,0.8148148148148149,0.2,0.2222222222222222,0.2,0.2,0.2,0.2,0.3772598056374861,0.2859067050892811,0.36436082853695456,0.34284113314515496,0.43069022199128765,0.6160609139197165,0.016549848183266512,0.005297119507905747,0.017083773569036842,0.017497987731410886,0.018037936357006835,0.01858736059479554
