LIMIT_BAL,SEX,EDUCATION,MARRIAGE,AGE,PAY_0,PAY_2,PAY_3,PAY_4,PAY_5,PAY_6,BILL_AMT1,BILL_AMT2,BILL_AMT3,BILL_AMT4,BILL_AMT5,BILL_AMT6,PAY_AMT1,PAY_AMT2,PAY_AMT3,PAY_AMT4,PAY_AMT5,PAY_AMT6
0.26582278481012656,1.0,0.16666666666666666,0.3333333333333333,0.2777777777777778,0.2,0.2222222222222222,0.2,0.2,0.2,0.2,0.11268222466749443,0.08525317758452118,0.11604073029303166,0.13273014389049698,0.19785100146077,0.43702081436511087,0.018252465755090624,0.008149414627547303,0.03942409285162348,0.022497412797528284,0.05411380907102051,0.0
