LIMIT_BAL,SEX,EDUCATION,MARRIAGE,AGE,PAY_0,PAY_2,PAY_3,PAY_4,PAY_5,PAY_6,BILL_AMT1,BILL_AMT2,BILL_AMT3,BILL_AMT4,BILL_AMT5,BILL_AMT6,PAY_AMT1,PAY_AMT2,PAY_AMT3,PAY_AMT4,PAY_AMT5,PAY_AMT6
0.620253164556962,0.0,0.16666666666666666,0.6666666666666666,0.40740740740740744,0.2,0.2222222222222222,0.2,0.1,0.1,0.1,0.8161781441849003,0.702413420470334,0.0761373896365206,0.08165830651492542,0.13289738989487032,0.4066271307392421,0.045909866668828715,0.0,0.010216096594284033,0.0,0.01910217460207024,0.0
