LIMIT_BAL,SEX,EDUCATION,MARRIAGE,AGE,PAY_0,PAY_2,PAY_3,PAY_4,PAY_5,PAY_6,BILL_AMT1,BILL_AMT2,BILL_AMT3,BILL_AMT4,BILL_AMT5,BILL_AMT6,PAY_AMT1,PAY_AMT2,PAY_AMT3,PAY_AMT4,PAY_AMT5,PAY_AMT6
0.5063291139240507,1.0,0.16666666666666666,0.6666666666666666,0.07407407407407407,0.1,0.1111111111111111,0.1,0.1,0.1,0.1,0.030545147451483932,0.048508979570833125,0.09349018468603046,0.08952404068007887,0.1456113175361026,0.4317700588586139,0.008831315190997207,0.00856747959794048,0.02401452909235225,0.01945026321972973,0.0743936032323982,0.03717472118959108
