LIMIT_BAL,SEX,EDUCATION,MARRIAGE,AGE,PAY_0,PAY_2,PAY_3,PAY_4,PAY_5,PAY_6,BILL_AMT1,BILL_AMT2,BILL_AMT3,BILL_AMT4,BILL_AMT5,BILL_AMT6,PAY_AMT1,PAY_AMT2,PAY_AMT3,PAY_AMT4,PAY_AMT5,PAY_AMT6
0.30379746835443033,1.0,0.16666666666666666,0.3333333333333333,0.38888888888888884,0.2,0.2222222222222222,0.1,0.1,0.2,0.1,0.4155263971669725,0.3727551072917203,0.0985855978238443,0.08073988841145131,0.13689408273775094,0.4292390095629135,0.023106952760470083,0.011083203893464334,0.008604965333081019,0.0,0.06882761144223608,0.029739776951672865
