LIMIT_BAL,SEX,EDUCATION,MARRIAGE,AGE,PAY_0,PAY_2,PAY_3,PAY_4,PAY_5,PAY_6,BILL_AMT1,BILL_AMT2,BILL_AMT3,BILL_AMT4,BILL_AMT5,BILL_AMT6,PAY_AMT1,PAY_AMT2,PAY_AMT3,PAY_AMT4,PAY_AMT5,PAY_AMT6
0.1772151898734177,1.0,0.3333333333333333,0.6666666666666666,0.14814814814814814,0.2,0.2222222222222222,0.2,0.2,0.2,0.1,0.05388528812963361,0.05283152369680441,0.0924090393652439,0.08960045066911179,0.14518158318709296,0.4255643009558226,0.0030403885211144847,0.0040747073137736515,0.005256545713549798,0.002499712533058698,0.08517513547778628,0.001744733581164808
