LIMIT_BAL,SEX,EDUCATION,MARRIAGE,AGE,PAY_0,PAY_2,PAY_3,PAY_4,PAY_5,PAY_6,BILL_AMT1,BILL_AMT2,BILL_AMT3,BILL_AMT4,BILL_AMT5,BILL_AMT6,PAY_AMT1,PAY_AMT2,PAY_AMT3,PAY_AMT4,PAY_AMT5,PAY_AMT6
0.2911392405063291,1.0,0.16666666666666666,0.6666666666666666,0.2222222222222222,0.1,0.2222222222222222,0.2,0.2,0.2,0.2,0.2642934619665116,0.24375032161786653,0.3402306553391248,0.3177007485182455,0.3998931383025657,0.5938978276331993,0.014188479765200929,0.006519531702037843,0.018397909997424293,0.014998275198352189,0.020614784408007812,0.01734820322180917
