LIMIT_BAL,SEX,EDUCATION,MARRIAGE,AGE,PAY_0,PAY_2,PAY_3,PAY_4,PAY_5,PAY_6,BILL_AMT1,BILL_AMT2,BILL_AMT3,BILL_AMT4,BILL_AMT5,BILL_AMT6,PAY_AMT1,PAY_AMT2,PAY_AMT3,PAY_AMT4,PAY_AMT5,PAY_AMT6
0.4430379746835443,1.0,0.16666666666666666,0.6666666666666666,0.14814814814814814,0.2,0.2222222222222222,0.2,0.2,0.2,0.2,0.06426583492528926,0.0775060464158905,0.11977769671480377,0.11468689883317451,0.1792956278206423,0.43146656729954613,0.00405385136148598,0.0010504595454908475,0.002628272856774899,0.009998850132234793,0.005153696102001953,0.0024783147459727386
