LIMIT_BAL,SEX,EDUCATION,MARRIAGE,AGE,PAY_0,PAY_2,PAY_3,PAY_4,PAY_5,PAY_6,BILL_AMT1,BILL_AMT2,BILL_AMT3,BILL_AMT4,BILL_AMT5,BILL_AMT6,PAY_AMT1,PAY_AMT2,PAY_AMT3,PAY_AMT4,PAY_AMT5,PAY_AMT6
0.2911392405063291,1.0,0.3333333333333333,0.6666666666666666,0.3148148148148149,0.0,0.0,0.0,0.0,0.0,0.0,0.07858009565863024,0.08159187979210622,0.11627181478907764,0.0814140941970359,0.179215563246112,0.41115841204779463,0.06095573599698393,0.01981530166688127,0.009787688118629723,0.07085935117461492,0.029066846015291015,0.07748698884758365
