LIMIT_BAL,SEX,EDUCATION,MARRIAGE,AGE,PAY_0,PAY_2,PAY_3,PAY_4,PAY_5,PAY_6,BILL_AMT1,BILL_AMT2,BILL_AMT3,BILL_AMT4,BILL_AMT5,BILL_AMT6,PAY_AMT1,PAY_AMT2,PAY_AMT3,PAY_AMT4,PAY_AMT5,PAY_AMT6
0.2911392405063291,0.0,0.16666666666666666,0.6666666666666666,0.37037037037037035,0.0,0.0,0.0,0.0,0.0,0.0,0.02353164630480475,0.1245111408428961,0.07728786030612093,0.07583017205731647,0.13393496142194686,0.3994277016314722,0.12922056599872708,0.0005704590239283112,0.0,0.0015948165960914494,0.003285481265026245,0.001043370508054523
