LIMIT_BAL,SEX,EDUCATION,MARRIAGE,AGE,PAY_0,PAY_2,PAY_3,PAY_4,PAY_5,PAY_6,BILL_AMT1,BILL_AMT2,BILL_AMT3,BILL_AMT4,BILL_AMT5,BILL_AMT6,PAY_AMT1,PAY_AMT2,PAY_AMT3,PAY_AMT4,PAY_AMT5,PAY_AMT6
0.12658227848101264,0.0,0.3333333333333333,0.3333333333333333,0.16666666666666674,0.2,0.2222222222222222,0.2,0.0,0.1,0.2,0.09899114207990807,0.06282354757371482,0.07606971489124999,0.07583466676255371,0.24391264137933288,0.4611548381124465,0.0030910616631330593,0.0,0.00010775918712777085,0.2732985706643736,0.006184435322402344,0.004956629491945477
