LIMIT_BAL,SEX,EDUCATION,MARRIAGE,AGE,PAY_0,PAY_2,PAY_3,PAY_4,PAY_5,PAY_6,BILL_AMT1,BILL_AMT2,BILL_AMT3,BILL_AMT4,BILL_AMT5,BILL_AMT6,PAY_AMT1,PAY_AMT2,PAY_AMT3,PAY_AMT4,PAY_AMT5,PAY_AMT6
0.36708860759493667,1.0,0.6666666666666666,0.6666666666666666,0.20370370370370372,0.2,0.2222222222222222,0.2,0.2,0.2,0.1,0.10887722762641333,0.1268267894818093,0.18300901724715643,0.17344468216441034,0.13216210298591846,0.3987609576271881,0.030880212746119448,0.001215077720967303,0.0034246395323776933,0.0,0.005153696102001953,0.0034696406443618343
