LIMIT_BAL,SEX,EDUCATION,MARRIAGE,AGE,PAY_0,PAY_2,PAY_3,PAY_4,PAY_5,PAY_6,BILL_AMT1,BILL_AMT2,BILL_AMT3,BILL_AMT4,BILL_AMT5,BILL_AMT6,PAY_AMT1,PAY_AMT2,PAY_AMT3,PAY_AMT4,PAY_AMT5,PAY_AMT6
0.24050632911392406,0.0,0.16666666666666666,0.6666666666666666,0.16666666666666674,0.1,0.1111111111111111,0.1,0.1,0.2,0.2,0.03437212054808282,0.04730741522153039,0.0807343205042924,0.1571453827391333,0.23146831893804964,0.4721602154204178,0.006990866672882572,0.0022802062127877357,0.14263899621003054,0.017497987731410886,0.010307392204003906,0.014869888475836432
