LIMIT_BAL,SEX,EDUCATION,MARRIAGE,AGE,PAY_0,PAY_2,PAY_3,PAY_4,PAY_5,PAY_6,BILL_AMT1,BILL_AMT2,BILL_AMT3,BILL_AMT4,BILL_AMT5,BILL_AMT6,PAY_AMT1,PAY_AMT2,PAY_AMT3,PAY_AMT4,PAY_AMT5,PAY_AMT6
0.620253164556962,0.0,0.3333333333333333,0.3333333333333333,0.4444444444444444,0.1,0.1111111111111111,0.1,0.1,0.1,0.1,0.18522361421348482,0.06286728760356096,0.10734865203461647,0.12295266176444149,0.14638255180504767,0.42806371213532673,0.031618013693909895,0.015484702733802631,0.08306130709265713,0.02072011718652355,0.06656513885345723,0.005841387856257745
