LIMIT_BAL,SEX,EDUCATION,MARRIAGE,AGE,PAY_0,PAY_2,PAY_3,PAY_4,PAY_5,PAY_6,BILL_AMT1,BILL_AMT2,BILL_AMT3,BILL_AMT4,BILL_AMT5,BILL_AMT6,PAY_AMT1,PAY_AMT2,PAY_AMT3,PAY_AMT4,PAY_AMT5,PAY_AMT6
0.27848101265822783,0.0,0.5,0.6666666666666666,0.12962962962962965,0.2,0.1111111111111111,0.1,0.1,0.1,0.2,0.2641427690143896,0.12745330108578193,0.0953933305713234,0.10406740859267782,0.19005859419678894,0.4611407767274704,0.13321360958979078,0.016298829255094606,0.0495271737130662,0.08744744354399243,0.0010513540048083985,0.03611895910780669
