LIMIT_BAL,SEX,EDUCATION,MARRIAGE,AGE,PAY_0,PAY_2,PAY_3,PAY_4,PAY_5,PAY_6,BILL_AMT1,BILL_AMT2,BILL_AMT3,BILL_AMT4,BILL_AMT5,BILL_AMT6,PAY_AMT1,PAY_AMT2,PAY_AMT3,PAY_AMT4,PAY_AMT5,PAY_AMT6
0.3164556962025316,0.0,0.16666666666666666,0.3333333333333333,0.3148148148148149,0.2,0.2222222222222222,0.2,0.2,0.2,0.2,0.2796107726624148,0.24032187516080897,0.31313104636710415,0.2758145904124941,0.33313235491155313,0.539459175698177,0.012210200300795771,0.004899428074081439,0.015769637140649394,0.01249856266529349,0.012884240255004883,0.009913258983890954
