LIMIT_BAL,SEX,EDUCATION,MARRIAGE,AGE,PAY_0,PAY_2,PAY_3,PAY_4,PAY_5,PAY_6,BILL_AMT1,BILL_AMT2,BILL_AMT3,BILL_AMT4,BILL_AMT5,BILL_AMT6,PAY_AMT1,PAY_AMT2,PAY_AMT3,PAY_AMT4,PAY_AMT5,PAY_AMT6
0.2151898734177215,0.0,0.3333333333333333,0.6666666666666666,0.2222222222222222,0.2,0.2222222222222222,0.2,0.2,0.2,0.2,0.187210877519594,0.17570627283486853,0.25101058201931536,0.24223614582022376,0.33228759195171287,0.5444943233017069,0.008310395291046258,0.0035857424361208138,0.02628272856774899,0.032246291676457206,0.012884240255004883,0.012391573729863693
