LIMIT_BAL,SEX,EDUCATION,MARRIAGE,AGE,PAY_0,PAY_2,PAY_3,PAY_4,PAY_5,PAY_6,BILL_AMT1,BILL_AMT2,BILL_AMT3,BILL_AMT4,BILL_AMT5,BILL_AMT6,PAY_AMT1,PAY_AMT2,PAY_AMT3,PAY_AMT4,PAY_AMT5,PAY_AMT6
0.620253164556962,0.0,0.16666666666666666,0.3333333333333333,0.4444444444444444,0.1,0.1111111111111111,0.1,0.1,0.1,0.1,0.026173482121693976,0.055111151134667836,0.1608496646798902,0.0940382229733374,0.15326156933101964,0.4118521070399495,0.01934295177133035,0.04182442575149827,0.03200185030409117,0.031153917299510555,0.030592340061483595,0.05587856257744734
