LIMIT_BAL,SEX,EDUCATION,MARRIAGE,AGE,PAY_0,PAY_2,PAY_3,PAY_4,PAY_5,PAY_6,BILL_AMT1,BILL_AMT2,BILL_AMT3,BILL_AMT4,BILL_AMT5,BILL_AMT6,PAY_AMT1,PAY_AMT2,PAY_AMT3,PAY_AMT4,PAY_AMT5,PAY_AMT6
0.05063291139240507,1.0,0.3333333333333333,0.6666666666666666,0.018518518518518545,0.0,0.1111111111111111,0.2,0.2,0.2,0.2,0.025341531448520305,0.05604384294756343,0.09273750947033783,0.08964989242672132,0.14728940565942164,0.4024649607863126,0.020703018903108897,0.0016298829255094608,0.0,0.0010573784014838293,0.00994921032491477,0.009083023543990086
