LIMIT_BAL,SEX,EDUCATION,MARRIAGE,AGE,PAY_0,PAY_2,PAY_3,PAY_4,PAY_5,PAY_6,BILL_AMT1,BILL_AMT2,BILL_AMT3,BILL_AMT4,BILL_AMT5,BILL_AMT6,PAY_AMT1,PAY_AMT2,PAY_AMT3,PAY_AMT4,PAY_AMT5,PAY_AMT6
0.48101265822784806,0.0,0.16666666666666666,0.3333333333333333,0.2592592592592593,0.1,0.1111111111111111,0.2,0.2,0.2,0.2,0.04706172289135823,0.15061750630371018,0.18820016539047502,0.1735885127320017,0.2455580500844763,0.4597217486269643,0.16971043339724906,0.002149000637284224,0.006770430879052139,0.01249856266529349,0.007019334090926661,0.004956629491945477
