LIMIT_BAL,SEX,EDUCATION,MARRIAGE,AGE,PAY_0,PAY_2,PAY_3,PAY_4,PAY_5,PAY_6,BILL_AMT1,BILL_AMT2,BILL_AMT3,BILL_AMT4,BILL_AMT5,BILL_AMT6,PAY_AMT1,PAY_AMT2,PAY_AMT3,PAY_AMT4,PAY_AMT5,PAY_AMT6
0.05063291139240507,1.0,0.16666666666666666,0.6666666666666666,0.12962962962962965,0.1,0.1111111111111111,0.1,0.1,0.2,0.2,0.0246414371084534,0.043405547264961666,0.07678112501836297,0.1352921258757184,0.19843432907520514,0.44633882547594855,0.000790501015489766,0.0006356543409486897,0.10430300832111186,0.003342115656699479,0.012884240255004883,0.011638166047087981
