LIMIT_BAL,SEX,EDUCATION,MARRIAGE,AGE,PAY_0,PAY_2,PAY_3,PAY_4,PAY_5,PAY_6,BILL_AMT1,BILL_AMT2,BILL_AMT3,BILL_AMT4,BILL_AMT5,BILL_AMT6,PAY_AMT1,PAY_AMT2,PAY_AMT3,PAY_AMT4,PAY_AMT5,PAY_AMT6
0.4936708860759494,1.0,0.16666666666666666,0.6666666666666666,0.2777777777777778,0.1,0.1111111111111111,0.2,0.1,0.1,0.1,0.0861916594590437,0.07037899449390213,0.12679276177334242,0.0796012297513529,0.1397845772753862,0.39890977395151866,0.04328905176362803,0.008710909295385313,0.006607477961932096,0.010536288326842412,0.0021310533381778077,0.026832713754646843
