LIMIT_BAL,SEX,EDUCATION,MARRIAGE,AGE,PAY_0,PAY_2,PAY_3,PAY_4,PAY_5,PAY_6,BILL_AMT1,BILL_AMT2,BILL_AMT3,BILL_AMT4,BILL_AMT5,BILL_AMT6,PAY_AMT1,PAY_AMT2,PAY_AMT3,PAY_AMT4,PAY_AMT5,PAY_AMT6
0.34177215189873417,0.0,0.5,0.3333333333333333,0.42592592592592593,0.2,0.2222222222222222,0.2,0.2,0.2,0.2,0.48832992966092514,0.4359581639479237,0.5896087904542296,0.5451448194027436,0.3801041166263076,0.576424213236216,0.030403885211144847,0.008534066997967537,0.029788844558686703,0.02502212245591757,0.015461088306005859,0.49566294919454773
