LIMIT_BAL,SEX,EDUCATION,MARRIAGE,AGE,PAY_0,PAY_2,PAY_3,PAY_4,PAY_5,PAY_6,BILL_AMT1,BILL_AMT2,BILL_AMT3,BILL_AMT4,BILL_AMT5,BILL_AMT6,PAY_AMT1,PAY_AMT2,PAY_AMT3,PAY_AMT4,PAY_AMT5,PAY_AMT6
0.16455696202531644,1.0,0.5,0.3333333333333333,0.2592592592592593,0.2,0.2222222222222222,0.2,0.2,0.2,0.2,0.09767257874884036,0.1917241290588175,0.2590688285171473,0.24525209303440546,0.294498746744313,0.5156649687544308,0.1418847976520093,0.0033657082411770365,0.012090055141164536,0.008998965119011314,0.009276652983603516,0.009189591078066914
