LIMIT_BAL,SEX,EDUCATION,MARRIAGE,AGE,PAY_0,PAY_2,PAY_3,PAY_4,PAY_5,PAY_6,BILL_AMT1,BILL_AMT2,BILL_AMT3,BILL_AMT4,BILL_AMT5,BILL_AMT6,PAY_AMT1,PAY_AMT2,PAY_AMT3,PAY_AMT4,PAY_AMT5,PAY_AMT6
0.1772151898734177,1.0,0.3333333333333333,0.6666666666666666,0.2407407407407407,0.2,0.2222222222222222,0.2,0.2,0.2,0.2,0.08663432000590214,0.08790845469047498,0.11537553706512788,0.10641364472651217,0.1571095708212011,0.4068052416156062,0.004191682307776503,0.001084687086926546,0.002704492769621371,0.0008823985241697205,0.0005359843946082031,0.05132837670384139
