LIMIT_BAL,SEX,EDUCATION,MARRIAGE,AGE,PAY_0,PAY_2,PAY_3,PAY_4,PAY_5,PAY_6,BILL_AMT1,BILL_AMT2,BILL_AMT3,BILL_AMT4,BILL_AMT5,BILL_AMT6,PAY_AMT1,PAY_AMT2,PAY_AMT3,PAY_AMT4,PAY_AMT5,PAY_AMT6
0.2531645569620253,0.0,0.3333333333333333,0.6666666666666666,0.09259259259259262,0.2,0.2222222222222222,0.2,0.2,0.2,0.2,0.34851198558370755,0.2966628930170329,0.3079481512415015,0.2596351497935432,0.32932520269409127,0.5303204472457848,0.015947851256085843,0.0040747073137736515,0.013151877375301595,0.011248706398764142,0.010178549801453858,0.009417596034696408
