LIMIT_BAL,SEX,EDUCATION,MARRIAGE,AGE,PAY_0,PAY_2,PAY_3,PAY_4,PAY_5,PAY_6,BILL_AMT1,BILL_AMT2,BILL_AMT3,BILL_AMT4,BILL_AMT5,BILL_AMT6,PAY_AMT1,PAY_AMT2,PAY_AMT3,PAY_AMT4,PAY_AMT5,PAY_AMT6
0.1772151898734177,1.0,0.16666666666666666,0.3333333333333333,0.5740740740740741,0.1,0.1111111111111111,0.2,0.1,0.2,0.2,0.03202539176243256,0.08038774249987135,0.11867674415149901,0.1487013298334562,0.17522867422868404,0.4067443089473764,0.05908082974229666,0.02037353656886826,0.12782605038924721,0.03476350219724732,0.0038987711011644775,0.11598017348203223
