LIMIT_BAL,SEX,EDUCATION,MARRIAGE,AGE,PAY_0,PAY_2,PAY_3,PAY_4,PAY_5,PAY_6,BILL_AMT1,BILL_AMT2,BILL_AMT3,BILL_AMT4,BILL_AMT5,BILL_AMT6,PAY_AMT1,PAY_AMT2,PAY_AMT3,PAY_AMT4,PAY_AMT5,PAY_AMT6
0.1772151898734177,1.0,0.3333333333333333,0.6666666666666666,0.05555555555555558,0.2,0.2222222222222222,0.2,0.2,0.2,0.2,0.24883173719149151,0.22038928626563065,0.3064295959817707,0.22537950294553016,0.2976179972091777,0.5189072897735062,0.011148091244086444,0.004482178045151017,0.011827227855487045,0.008748993865705443,0.010307392204003906,0.009913258983890954
