LIMIT_BAL,SEX,EDUCATION,MARRIAGE,AGE,PAY_0,PAY_2,PAY_3,PAY_4,PAY_5,PAY_6,BILL_AMT1,BILL_AMT2,BILL_AMT3,BILL_AMT4,BILL_AMT5,BILL_AMT6,PAY_AMT1,PAY_AMT2,PAY_AMT3,PAY_AMT4,PAY_AMT5,PAY_AMT6
0.37974683544303794,0.0,0.16666666666666666,0.6666666666666666,0.20370370370370372,0.2,0.2222222222222222,0.2,0.2,0.2,0.2,0.1180569399598466,0.12285416559460713,0.1786431708754306,0.17453090259674103,0.23156799116348534,0.44871168419066765,0.02030979532104476,0.004914911961873779,0.026432540120585157,0.012568554616219134,0.013038851138064942,0.010465923172242875
