LIMIT_BAL,SEX,EDUCATION,MARRIAGE,AGE,PAY_0,PAY_2,PAY_3,PAY_4,PAY_5,PAY_6,BILL_AMT1,BILL_AMT2,BILL_AMT3,BILL_AMT4,BILL_AMT5,BILL_AMT6,PAY_AMT1,PAY_AMT2,PAY_AMT3,PAY_AMT4,PAY_AMT5,PAY_AMT6
0.4430379746835443,1.0,0.16666666666666666,0.6666666666666666,0.2222222222222222,0.1,0.2222222222222222,0.2,0.2,0.2,0.2,0.03240212414273762,0.05171486646426183,0.18859796084438274,0.1832701078129963,0.22856802057496167,0.46201141081390806,0.0061152347788016,0.052978529552222264,0.017830203060360914,0.007601625813031501,0.012997621569248927,0.007539033457249071
