LIMIT_BAL,SEX,EDUCATION,MARRIAGE,AGE,PAY_0,PAY_2,PAY_3,PAY_4,PAY_5,PAY_6,BILL_AMT1,BILL_AMT2,BILL_AMT3,BILL_AMT4,BILL_AMT5,BILL_AMT6,PAY_AMT1,PAY_AMT2,PAY_AMT3,PAY_AMT4,PAY_AMT5,PAY_AMT6
0.35443037974683544,1.0,0.16666666666666666,0.6666666666666666,0.462962962962963,0.2,0.1111111111111111,0.1,0.1,0.1,0.2,0.47768096104430213,0.044617403385992904,0.11150817296344409,0.07917273451873692,0.38897494469008476,0.5821483687035754,0.0027221611892378353,0.0175554689906624,0.005884702926318998,0.3917874444438889,0.01860226608017605,0.0434002478314746
