LIMIT_BAL,SEX,EDUCATION,MARRIAGE,AGE,PAY_0,PAY_2,PAY_3,PAY_4,PAY_5,PAY_6,BILL_AMT1,BILL_AMT2,BILL_AMT3,BILL_AMT4,BILL_AMT5,BILL_AMT6,PAY_AMT1,PAY_AMT2,PAY_AMT3,PAY_AMT4,PAY_AMT5,PAY_AMT6
0.26582278481012656,1.0,0.16666666666666666,0.6666666666666666,0.20370370370370372,0.2,0.2222222222222222,0.2,0.2,0.2,0.2,0.07694444924080576,0.08626048474244842,0.1284318110917257,0.12588620604927395,0.1902955199785623,0.44226453917911973,0.018159227173776445,0.0010594239015811495,0.005256545713549798,0.004999425066117396,0.0077305441530029296,0.04956629491945477
