LIMIT_BAL,SEX,EDUCATION,MARRIAGE,AGE,PAY_0,PAY_2,PAY_3,PAY_4,PAY_5,PAY_6,BILL_AMT1,BILL_AMT2,BILL_AMT3,BILL_AMT4,BILL_AMT5,BILL_AMT6,PAY_AMT1,PAY_AMT2,PAY_AMT3,PAY_AMT4,PAY_AMT5,PAY_AMT6
0.6329113924050633,1.0,0.16666666666666666,0.6666666666666666,0.16666666666666674,0.1,0.1111111111111111,0.1,0.1,0.2,0.2,0.1356691787391081,0.6621880306694797,1.0,0.3209878762817401,0.3248481224040287,0.5346361206513701,1.0,1.0,0.43255326194944255,0.001274853391859936,0.016076954990195094,0.01127633209417596
