LIMIT_BAL,SEX,EDUCATION,MARRIAGE,AGE,PAY_0,PAY_2,PAY_3,PAY_4,PAY_5,PAY_6,BILL_AMT1,BILL_AMT2,BILL_AMT3,BILL_AMT4,BILL_AMT5,BILL_AMT6,PAY_AMT1,PAY_AMT2,PAY_AMT3,PAY_AMT4,PAY_AMT5,PAY_AMT6
0.3164556962025316,0.0,0.5,0.3333333333333333,0.5,0.2,0.2222222222222222,0.2,0.2,0.2,0.2,0.2672209865051322,0.24725724283435396,0.3413134512634545,0.3081494998891306,0.3642186514511296,0.5551270739078111,0.01621540544594392,0.004889648776528382,0.018660737283101782,0.0132484764252111,0.012884240255004883,0.012391573729863693
