LIMIT_BAL,SEX,EDUCATION,MARRIAGE,AGE,PAY_0,PAY_2,PAY_3,PAY_4,PAY_5,PAY_6,BILL_AMT1,BILL_AMT2,BILL_AMT3,BILL_AMT4,BILL_AMT5,BILL_AMT6,PAY_AMT1,PAY_AMT2,PAY_AMT3,PAY_AMT4,PAY_AMT5,PAY_AMT6
0.620253164556962,1.0,0.16666666666666666,0.3333333333333333,0.5740740740740741,0.0,0.0,0.0,0.0,0.0,0.0,0.03899494079807615,0.0546930479081974,0.09146324353499857,0.10632075415160941,0.150696235004232,0.409303481013029,0.018783520283445286,0.008117631910499868,0.05359048354964019,0.027309359423666277,0.02504180935962749,0.03227013630731103
