LIMIT_BAL,SEX,EDUCATION,MARRIAGE,AGE,PAY_0,PAY_2,PAY_3,PAY_4,PAY_5,PAY_6,BILL_AMT1,BILL_AMT2,BILL_AMT3,BILL_AMT4,BILL_AMT5,BILL_AMT6,PAY_AMT1,PAY_AMT2,PAY_AMT3,PAY_AMT4,PAY_AMT5,PAY_AMT6
0.13924050632911392,1.0,0.16666666666666666,0.6666666666666666,0.11111111111111116,0.0,0.0,0.0,0.0,0.0,0.0,0.04505405324798252,0.06523182215818454,0.08740440942230528,0.131014664724954,0.1431587272020209,0.3981164774824496,0.03538201468304963,0.00556279042476379,0.09681768722501695,0.015698194707608623,0.0003865272076501465,0.0012490706319702603
