LIMIT_BAL,SEX,EDUCATION,MARRIAGE,AGE,PAY_0,PAY_2,PAY_3,PAY_4,PAY_5,PAY_6,BILL_AMT1,BILL_AMT2,BILL_AMT3,BILL_AMT4,BILL_AMT5,BILL_AMT6,PAY_AMT1,PAY_AMT2,PAY_AMT3,PAY_AMT4,PAY_AMT5,PAY_AMT6
0.35443037974683544,1.0,0.3333333333333333,0.3333333333333333,0.2407407407407407,0.2,0.2222222222222222,0.2,0.2,0.2,0.2,0.04945240378804408,0.06505686203879998,0.10622954283233665,0.10369135158782954,0.16391996156900424,0.4213376829884192,0.0026187879795199426,0.0010618687259694136,0.0017478014497553076,0.001729801072876619,0.0033499024663012694,0.0015762081784386618
