LIMIT_BAL,SEX,EDUCATION,MARRIAGE,AGE,PAY_0,PAY_2,PAY_3,PAY_4,PAY_5,PAY_6,BILL_AMT1,BILL_AMT2,BILL_AMT3,BILL_AMT4,BILL_AMT5,BILL_AMT6,PAY_AMT1,PAY_AMT2,PAY_AMT3,PAY_AMT4,PAY_AMT5,PAY_AMT6
1.0,0.0,0.16666666666666666,0.6666666666666666,0.462962962962963,0.0,0.0,0.0,0.1,0.1,0.1,0.03380702197762524,0.04886790510986467,0.0824261891360576,0.08511323660727663,0.13609507096335657,0.4016611182785115,0.009413042861370445,0.0031228556852761265,0.016345228896283096,0.004901936277328107,0.00820210734633611,0.06741263940520446
