LIMIT_BAL,SEX,EDUCATION,MARRIAGE,AGE,PAY_0,PAY_2,PAY_3,PAY_4,PAY_5,PAY_6,BILL_AMT1,BILL_AMT2,BILL_AMT3,BILL_AMT4,BILL_AMT5,BILL_AMT6,PAY_AMT1,PAY_AMT2,PAY_AMT3,PAY_AMT4,PAY_AMT5,PAY_AMT6
0.5569620253164557,1.0,0.16666666666666666,0.6666666666666666,0.2962962962962963,0.2,0.1111111111111111,0.1,0.1,0.1,0.1,0.08221870256507659,0.06554057531003962,0.11734470709214825,0.07583466676255371,0.13559180792345174,0.4040480383782067,0.035665784278353645,0.020345013617671843,0.0,0.004122025967013793,0.01343053204181709,0.0013258983890954152
