LIMIT_BAL,SEX,EDUCATION,MARRIAGE,AGE,PAY_0,PAY_2,PAY_3,PAY_4,PAY_5,PAY_6,BILL_AMT1,BILL_AMT2,BILL_AMT3,BILL_AMT4,BILL_AMT5,BILL_AMT6,PAY_AMT1,PAY_AMT2,PAY_AMT3,PAY_AMT4,PAY_AMT5,PAY_AMT6
0.45569620253164556,0.0,0.16666666666666666,0.6666666666666666,0.16666666666666674,0.2,0.1111111111111111,0.1,0.2,0.2,0.2,0.034376829702836634,0.0474875212267792,0.3805565505026913,0.3462780844165573,0.4241036852579877,0.48307770907228836,0.00810770272297196,0.15705388881916613,0.013141364283874494,0.01249856266529349,0.0077305441530029296,0.004956629491945477
