LIMIT_BAL,SEX,EDUCATION,MARRIAGE,AGE,PAY_0,PAY_2,PAY_3,PAY_4,PAY_5,PAY_6,BILL_AMT1,BILL_AMT2,BILL_AMT3,BILL_AMT4,BILL_AMT5,BILL_AMT6,PAY_AMT1,PAY_AMT2,PAY_AMT3,PAY_AMT4,PAY_AMT5,PAY_AMT6
0.24050632911392406,1.0,0.3333333333333333,0.6666666666666666,0.14814814814814814,0.2,0.2222222222222222,0.2,0.2,0.2,0.2,0.3066036477112723,0.2573303144136263,0.28794943871226514,0.2681091674008018,0.34711751191981777,0.5546806249348195,0.012309519659152177,0.0049711429228038555,0.013141364283874494,0.01249856266529349,0.012884240255004883,0.012639405204460967
