LIMIT_BAL,SEX,EDUCATION,MARRIAGE,AGE,PAY_0,PAY_2,PAY_3,PAY_4,PAY_5,PAY_6,BILL_AMT1,BILL_AMT2,BILL_AMT3,BILL_AMT4,BILL_AMT5,BILL_AMT6,PAY_AMT1,PAY_AMT2,PAY_AMT3,PAY_AMT4,PAY_AMT5,PAY_AMT6
0.2911392405063291,1.0,0.3333333333333333,0.6666666666666666,0.16666666666666674,0.2,0.1111111111111111,0.2,0.2,0.2,0.2,0.07956587872042847,0.12525472135028046,0.16094539968539495,0.11394677070411055,0.1645572102234292,0.4130438094166751,0.129749593601401,0.00134546835500806,0.004481205220801202,0.0014098378686451057,0.005393342970745044,0.35869640644361833
