LIMIT_BAL,SEX,EDUCATION,MARRIAGE,AGE,PAY_0,PAY_2,PAY_3,PAY_4,PAY_5,PAY_6,BILL_AMT1,BILL_AMT2,BILL_AMT3,BILL_AMT4,BILL_AMT5,BILL_AMT6,PAY_AMT1,PAY_AMT2,PAY_AMT3,PAY_AMT4,PAY_AMT5,PAY_AMT6
0.35443037974683544,1.0,0.16666666666666666,0.6666666666666666,0.4814814814814815,0.2,0.2222222222222222,0.2,0.2,0.2,0.2,0.4666113079363385,0.38215921370864,0.5098928923360827,0.457128003212216,0.5365862426185364,0.6560819591258974,0.024120415600841577,0.008964356090302035,0.020763355568521703,0.022622398424181216,0.01778025155190674,0.014869888475836432
