LIMIT_BAL,SEX,EDUCATION,MARRIAGE,AGE,PAY_0,PAY_2,PAY_3,PAY_4,PAY_5,PAY_6,BILL_AMT1,BILL_AMT2,BILL_AMT3,BILL_AMT4,BILL_AMT5,BILL_AMT6,PAY_AMT1,PAY_AMT2,PAY_AMT3,PAY_AMT4,PAY_AMT5,PAY_AMT6
0.620253164556962,0.0,0.5,0.3333333333333333,0.2962962962962963,0.2,0.2222222222222222,0.2,0.2,0.2,0.2,0.16463518962981336,0.16097874749138066,0.22632415542743206,0.20113656113098768,0.27095322594876525,0.49815385733084444,0.010242055464794328,0.0049320257325916285,0.01324123865243194,0.01757047939486959,0.02066116767292583,0.009967781908302355
