LIMIT_BAL,SEX,EDUCATION,MARRIAGE,AGE,PAY_0,PAY_2,PAY_3,PAY_4,PAY_5,PAY_6,BILL_AMT1,BILL_AMT2,BILL_AMT3,BILL_AMT4,BILL_AMT5,BILL_AMT6,PAY_AMT1,PAY_AMT2,PAY_AMT3,PAY_AMT4,PAY_AMT5,PAY_AMT6
0.3164556962025316,1.0,0.16666666666666666,0.3333333333333333,0.18518518518518523,0.1,0.2222222222222222,0.2,0.2,0.2,0.4,0.03670943102422546,0.07789713374157362,0.122154565816991,0.11841450770991771,0.19695885334457508,0.44212275354727726,0.04053851361485979,0.0016298829255094608,0.005256545713549798,0.029996550396704378,0.0,0.004956629491945477
