LIMIT_BAL,SEX,EDUCATION,MARRIAGE,AGE,PAY_0,PAY_2,PAY_3,PAY_4,PAY_5,PAY_6,BILL_AMT1,BILL_AMT2,BILL_AMT3,BILL_AMT4,BILL_AMT5,BILL_AMT6,PAY_AMT1,PAY_AMT2,PAY_AMT3,PAY_AMT4,PAY_AMT5,PAY_AMT6
0.4683544303797468,1.0,0.5,0.6666666666666666,0.33333333333333337,0.2,0.2222222222222222,0.2,0.2,0.2,0.2,0.11074205290892337,0.106935367673545,0.21043874692781417,0.20669201680420465,0.275637820544243,0.519501383288747,0.020269256807429897,0.049074145004164356,0.02648247730486388,0.03752568454627717,0.053255718670037186,0.03717472118959108
