LIMIT_BAL,SEX,EDUCATION,MARRIAGE,AGE,PAY_0,PAY_2,PAY_3,PAY_4,PAY_5,PAY_6,BILL_AMT1,BILL_AMT2,BILL_AMT3,BILL_AMT4,BILL_AMT5,BILL_AMT6,PAY_AMT1,PAY_AMT2,PAY_AMT3,PAY_AMT4,PAY_AMT5,PAY_AMT6
0.24050632911392406,1.0,0.3333333333333333,0.6666666666666666,0.3148148148148149,0.2,0.2222222222222222,0.2,0.4,0.1,0.2,0.053387687443980675,0.05542505017238718,0.08782036151518803,0.07762505768205054,0.20334604562700365,0.4493456182966741,0.0031072770685790035,0.0019517848032975793,0.0,0.11248706398764141,0.004122956881601562,0.004956629491945477
