LIMIT_BAL,SEX,EDUCATION,MARRIAGE,AGE,PAY_0,PAY_2,PAY_3,PAY_4,PAY_5,PAY_6,BILL_AMT1,BILL_AMT2,BILL_AMT3,BILL_AMT4,BILL_AMT5,BILL_AMT6,PAY_AMT1,PAY_AMT2,PAY_AMT3,PAY_AMT4,PAY_AMT5,PAY_AMT6
0.3291139240506329,0.0,0.16666666666666666,0.6666666666666666,0.2222222222222222,0.1,0.1111111111111111,0.2,0.1,0.2,0.2,0.02448132584682375,0.04388797406473525,0.07824521036116856,0.1393628305855702,0.1882154750116829,0.4358466887196054,0.0015505981457683872,0.0008182012286057493,0.11175941841578226,0.0025647050589182245,0.025768480510009767,0.002579925650557621
