LIMIT_BAL,SEX,EDUCATION,MARRIAGE,AGE,PAY_0,PAY_2,PAY_3,PAY_4,PAY_5,PAY_6,BILL_AMT1,BILL_AMT2,BILL_AMT3,BILL_AMT4,BILL_AMT5,BILL_AMT6,PAY_AMT1,PAY_AMT2,PAY_AMT3,PAY_AMT4,PAY_AMT5,PAY_AMT6
0.2151898734177215,1.0,0.16666666666666666,0.3333333333333333,0.2222222222222222,0.1,0.1111111111111111,0.4,0.1,0.1,0.4,0.04600373279000152,0.06584032316163228,0.08704457784989082,0.1014350095587398,0.16229742845658376,0.40809068655883923,0.008464441642782726,5.297119507905747e-05,0.044909298303712694,0.005031921329047159,5.926750517302246e-05,0.08141759603469641
