LIMIT_BAL,SEX,EDUCATION,MARRIAGE,AGE,PAY_0,PAY_2,PAY_3,PAY_4,PAY_5,PAY_6,BILL_AMT1,BILL_AMT2,BILL_AMT3,BILL_AMT4,BILL_AMT5,BILL_AMT6,PAY_AMT1,PAY_AMT2,PAY_AMT3,PAY_AMT4,PAY_AMT5,PAY_AMT6
0.15189873417721517,1.0,0.16666666666666666,0.6666666666666666,0.5555555555555556,0.2,0.2222222222222222,0.2,0.2,0.2,0.2,0.14003613491414427,0.13895306952091804,0.20091146327654708,0.19286180878924625,0.2665447724368716,0.4992436146664932,0.012161554084457939,0.0040763371966991615,0.015769637140649394,0.01249856266529349,0.015461088306005859,0.009913258983890954
