LIMIT_BAL,SEX,EDUCATION,MARRIAGE,AGE,PAY_0,PAY_2,PAY_3,PAY_4,PAY_5,PAY_6,BILL_AMT1,BILL_AMT2,BILL_AMT3,BILL_AMT4,BILL_AMT5,BILL_AMT6,PAY_AMT1,PAY_AMT2,PAY_AMT3,PAY_AMT4,PAY_AMT5,PAY_AMT6
0.6075949367088608,0.0,0.3333333333333333,0.3333333333333333,0.2407407407407407,0.2,0.2222222222222222,0.2,0.2,0.1,0.2,0.06329574904600373,0.06980651469150415,0.10719679650864339,0.0959469744640813,0.398991186360918,0.5760058870331766,0.0027160804121956063,0.0011384732234683583,0.008392075231682252,0.40709318428380736,0.014072167206516334,0.01241635687732342
