LIMIT_BAL,SEX,EDUCATION,MARRIAGE,AGE,PAY_0,PAY_2,PAY_3,PAY_4,PAY_5,PAY_6,BILL_AMT1,BILL_AMT2,BILL_AMT3,BILL_AMT4,BILL_AMT5,BILL_AMT6,PAY_AMT1,PAY_AMT2,PAY_AMT3,PAY_AMT4,PAY_AMT5,PAY_AMT6
0.3924050632911392,0.0,0.16666666666666666,0.6666666666666666,0.16666666666666674,0.2,0.2222222222222222,0.2,0.2,0.2,0.2,0.1739781526613788,0.16863968507178512,0.2430975886332838,0.23195525670759845,0.3107829008212338,0.44529359585939077,0.010134628403714948,0.0040747073137736515,0.013141364283874494,0.013408458027326856,0.012910008735514893,0.012423791821561338
