LIMIT_BAL,SEX,EDUCATION,MARRIAGE,AGE,PAY_0,PAY_2,PAY_3,PAY_4,PAY_5,PAY_6,BILL_AMT1,BILL_AMT2,BILL_AMT3,BILL_AMT4,BILL_AMT5,BILL_AMT6,PAY_AMT1,PAY_AMT2,PAY_AMT3,PAY_AMT4,PAY_AMT5,PAY_AMT6
0.4430379746835443,1.0,0.16666666666666666,0.6666666666666666,0.14814814814814814,0.2,0.2222222222222222,0.2,0.2,0.2,0.2,0.16953114085552784,0.15536072659908404,0.19094016727216306,0.13411301486848493,0.18391322960886006,0.463327322091256,0.041744534394901875,0.016461817547645554,0.02644830975772581,0.00474195467521235,0.07802180528820757,0.2063816604708798
