LIMIT_BAL,SEX,EDUCATION,MARRIAGE,AGE,PAY_0,PAY_2,PAY_3,PAY_4,PAY_5,PAY_6,BILL_AMT1,BILL_AMT2,BILL_AMT3,BILL_AMT4,BILL_AMT5,BILL_AMT6,PAY_AMT1,PAY_AMT2,PAY_AMT3,PAY_AMT4,PAY_AMT5,PAY_AMT6
0.0759493670886076,0.0,0.16666666666666666,0.6666666666666666,0.18518518518518523,0.0,0.0,0.0,0.0,0.0,0.0,0.06461588209532271,0.06057608192250297,0.08887344657574042,0.11438725181735915,0.20915644617863224,0.429011683839133,0.02784387807636645,0.006288088326615499,0.0676517433333859,0.11669657989331227,0.06832770292034189,0.1388277571251549
