LIMIT_BAL,SEX,EDUCATION,MARRIAGE,AGE,PAY_0,PAY_2,PAY_3,PAY_4,PAY_5,PAY_6,BILL_AMT1,BILL_AMT2,BILL_AMT3,BILL_AMT4,BILL_AMT5,BILL_AMT6,PAY_AMT1,PAY_AMT2,PAY_AMT3,PAY_AMT4,PAY_AMT5,PAY_AMT6
0.4936708860759494,1.0,0.3333333333333333,0.3333333333333333,0.05555555555555558,0.2,0.2222222222222222,0.2,0.2,0.2,0.2,0.31880663739665366,0.269701024031287,0.39017461734883363,0.20936936289051497,0.1970732313081898,0.4254072821569227,0.01118660283202056,0.036489818936305804,0.003947665830875898,0.005064417591976922,0.002615500771765991,0.12912019826517968
