LIMIT_BAL,SEX,EDUCATION,MARRIAGE,AGE,PAY_0,PAY_2,PAY_3,PAY_4,PAY_5,PAY_6,BILL_AMT1,BILL_AMT2,BILL_AMT3,BILL_AMT4,BILL_AMT5,BILL_AMT6,PAY_AMT1,PAY_AMT2,PAY_AMT3,PAY_AMT4,PAY_AMT5,PAY_AMT6
0.6455696202531646,1.0,0.5,0.3333333333333333,0.37037037037037035,0.0,0.0,0.1,0.2,0.2,0.2,0.035522724026264524,0.046413317552616684,0.7123212602688174,0.6559348087952391,0.7790430159181446,0.8693357518915492,0.005529453257066876,0.3386505547306537,0.036795819994848586,0.03500847402548707,0.03607587271401367,0.03767038413878563
