LIMIT_BAL,SEX,EDUCATION,MARRIAGE,AGE,PAY_0,PAY_2,PAY_3,PAY_4,PAY_5,PAY_6,BILL_AMT1,BILL_AMT2,BILL_AMT3,BILL_AMT4,BILL_AMT5,BILL_AMT6,PAY_AMT1,PAY_AMT2,PAY_AMT3,PAY_AMT4,PAY_AMT5,PAY_AMT6
0.5569620253164557,1.0,0.3333333333333333,0.3333333333333333,0.3148148148148149,0.0,0.0,0.0,0.0,0.0,0.0,0.04125219564340396,0.0622073277414707,0.09905932104073856,0.10168671305202472,0.161516390362186,0.3979407101702482,0.03042010061659079,0.0009779297553056765,0.013811573862352093,0.011413687425946015,0.0,0.00904089219330855
