LIMIT_BAL,SEX,EDUCATION,MARRIAGE,AGE,PAY_0,PAY_2,PAY_3,PAY_4,PAY_5,PAY_6,BILL_AMT1,BILL_AMT2,BILL_AMT3,BILL_AMT4,BILL_AMT5,BILL_AMT6,PAY_AMT1,PAY_AMT2,PAY_AMT3,PAY_AMT4,PAY_AMT5,PAY_AMT6
0.4936708860759494,1.0,0.3333333333333333,0.6666666666666666,0.14814814814814814,0.2,0.1111111111111111,0.1,0.1,0.2,0.1,0.107028099526416,0.11435959450419392,0.07777808955844705,0.08337078921031026,0.14036136900618623,0.39852660121091954,0.11258356001118862,0.000810051813978202,0.013220212469577742,0.0,0.0012884240255004883,0.0003717472118959108
