LIMIT_BAL,SEX,EDUCATION,MARRIAGE,AGE,PAY_0,PAY_2,PAY_3,PAY_4,PAY_5,PAY_6,BILL_AMT1,BILL_AMT2,BILL_AMT3,BILL_AMT4,BILL_AMT5,BILL_AMT6,PAY_AMT1,PAY_AMT2,PAY_AMT3,PAY_AMT4,PAY_AMT5,PAY_AMT6
0.22784810126582275,1.0,0.3333333333333333,0.6666666666666666,0.18518518518518523,0.2,0.2222222222222222,0.2,0.2,0.2,0.2,0.2556976848225512,0.2426002161272063,0.3412045114296043,0.3189098242270605,0.40379996274546326,0.5959144645951903,0.020269256807429897,0.0064307030825975775,0.015094171016458244,0.015253245876724176,0.015461088306005859,0.015630731102850064
