LIMIT_BAL,SEX,EDUCATION,MARRIAGE,AGE,PAY_0,PAY_2,PAY_3,PAY_4,PAY_5,PAY_6,BILL_AMT1,BILL_AMT2,BILL_AMT3,BILL_AMT4,BILL_AMT5,BILL_AMT6,PAY_AMT1,PAY_AMT2,PAY_AMT3,PAY_AMT4,PAY_AMT5,PAY_AMT6
0.4177215189873417,1.0,0.3333333333333333,0.6666666666666666,0.11111111111111116,0.2,0.2222222222222222,0.2,0.2,0.1,0.2,0.11714807309236065,0.13409663973653066,0.2106285663352805,0.0961806991364173,0.16961925209883563,0.4806568072922342,0.040666209932746604,0.01661258171825518,0.016182275979163052,0.056326022507411644,0.15474487915871066,0.07449566294919455
