LIMIT_BAL,SEX,EDUCATION,MARRIAGE,AGE,PAY_0,PAY_2,PAY_3,PAY_4,PAY_5,PAY_6,BILL_AMT1,BILL_AMT2,BILL_AMT3,BILL_AMT4,BILL_AMT5,BILL_AMT6,PAY_AMT1,PAY_AMT2,PAY_AMT3,PAY_AMT4,PAY_AMT5,PAY_AMT6
0.30379746835443033,0.0,0.3333333333333333,0.6666666666666666,0.12962962962962965,0.0,0.0,0.0,0.0,0.0,0.0,0.05903867314855657,0.10947743529048526,0.383799986465051,0.09000497414046253,0.14371427731100678,0.4097054022669296,0.10491772708661863,0.15190345877455624,0.024881859135087968,0.016548096968848583,0.025871554432049804,0.022205700123915737
