LIMIT_BAL,SEX,EDUCATION,MARRIAGE,AGE,PAY_0,PAY_2,PAY_3,PAY_4,PAY_5,PAY_6,BILL_AMT1,BILL_AMT2,BILL_AMT3,BILL_AMT4,BILL_AMT5,BILL_AMT6,PAY_AMT1,PAY_AMT2,PAY_AMT3,PAY_AMT4,PAY_AMT5,PAY_AMT6
0.05063291139240507,1.0,0.3333333333333333,0.6666666666666666,0.07407407407407407,0.1,0.4444444444444444,0.2,0.2,0.2,0.2,0.03471274940860865,0.05133278443884115,0.08861760302654667,0.08738905569239436,0.1458645830269638,0.453885102079796,0.0,0.0009168091455990716,0.000725403308469872,0.0008698999615044269,0.10307392204003907,0.002852540272614622
