LIMIT_BAL,SEX,EDUCATION,MARRIAGE,AGE,PAY_0,PAY_2,PAY_3,PAY_4,PAY_5,PAY_6,BILL_AMT1,BILL_AMT2,BILL_AMT3,BILL_AMT4,BILL_AMT5,BILL_AMT6,PAY_AMT1,PAY_AMT2,PAY_AMT3,PAY_AMT4,PAY_AMT5,PAY_AMT6
0.569620253164557,1.0,0.3333333333333333,0.3333333333333333,0.33333333333333337,0.1,0.1111111111111111,0.1,0.4,0.2,0.1,0.0490662530982314,0.059757886070086974,0.1133601501388983,0.10857260147546191,0.16919441966255233,0.49183795191240687,0.02655475334341391,0.008149414627547303,0.0,0.02499712533058698,0.20648798802281026,0.01209913258983891
