LIMIT_BAL,SEX,EDUCATION,MARRIAGE,AGE,PAY_0,PAY_2,PAY_3,PAY_4,PAY_5,PAY_6,BILL_AMT1,BILL_AMT2,BILL_AMT3,BILL_AMT4,BILL_AMT5,BILL_AMT6,PAY_AMT1,PAY_AMT2,PAY_AMT3,PAY_AMT4,PAY_AMT5,PAY_AMT6
0.24050632911392406,1.0,0.16666666666666666,0.6666666666666666,0.16666666666666674,0.2,0.2222222222222222,0.2,0.2,0.2,0.2,0.14169689682398906,0.1325734575207122,0.18047203960128022,0.16138089330768354,0.20880350846233536,0.4427789515128292,0.005093664235707133,0.0013495430623218334,0.013141364283874494,0.04999425066117396,0.03865272076501465,0.03469640644361834
