LIMIT_BAL,SEX,EDUCATION,MARRIAGE,AGE,PAY_0,PAY_2,PAY_3,PAY_4,PAY_5,PAY_6,BILL_AMT1,BILL_AMT2,BILL_AMT3,BILL_AMT4,BILL_AMT5,BILL_AMT6,PAY_AMT1,PAY_AMT2,PAY_AMT3,PAY_AMT4,PAY_AMT5,PAY_AMT6
0.5189873417721519,0.0,0.16666666666666666,0.3333333333333333,0.5555555555555556,0.2,0.1111111111111111,0.1,0.1,0.2,0.2,0.11478250768769513,0.04419029485926002,0.0761373896365206,0.5072080089654387,0.609641081950177,0.7485754059346075,0.00202692568074299,0.0,0.7593632220522606,0.02499712533058698,0.054371493876120607,0.0
