LIMIT_BAL,SEX,EDUCATION,MARRIAGE,AGE,PAY_0,PAY_2,PAY_3,PAY_4,PAY_5,PAY_6,BILL_AMT1,BILL_AMT2,BILL_AMT3,BILL_AMT4,BILL_AMT5,BILL_AMT6,PAY_AMT1,PAY_AMT2,PAY_AMT3,PAY_AMT4,PAY_AMT5,PAY_AMT6
0.2151898734177215,0.0,0.3333333333333333,0.3333333333333333,0.40740740740740744,0.2,0.2222222222222222,0.2,0.2,0.2,0.2,0.27336800317710974,0.2390997272680492,0.31298084144467425,0.29478524298376513,0.2533504573484574,0.5588310770669357,0.012220334929199486,0.005733113190479528,0.026301126477746413,0.04999425066117396,0.010307392204003906,0.024783147459727387
