LIMIT_BAL,SEX,EDUCATION,MARRIAGE,AGE,PAY_0,PAY_2,PAY_3,PAY_4,PAY_5,PAY_6,BILL_AMT1,BILL_AMT2,BILL_AMT3,BILL_AMT4,BILL_AMT5,BILL_AMT6,PAY_AMT1,PAY_AMT2,PAY_AMT3,PAY_AMT4,PAY_AMT5,PAY_AMT6
0.24050632911392406,1.0,0.5,0.6666666666666666,0.16666666666666674,0.2,0.2222222222222222,0.2,0.2,0.2,0.2,0.31556202977127634,0.2573920650439973,0.34053271578752775,0.31775318674601316,0.3032094456590295,0.5757305182440611,0.016233647777070606,0.005217255244555784,0.017648852233243445,0.011561170465396479,0.1290640114824349,0.013526641883519208
