LIMIT_BAL,SEX,EDUCATION,MARRIAGE,AGE,PAY_0,PAY_2,PAY_3,PAY_4,PAY_5,PAY_6,BILL_AMT1,BILL_AMT2,BILL_AMT3,BILL_AMT4,BILL_AMT5,BILL_AMT6,PAY_AMT1,PAY_AMT2,PAY_AMT3,PAY_AMT4,PAY_AMT5,PAY_AMT6
0.30379746835443033,1.0,0.16666666666666666,0.6666666666666666,0.09259259259259262,0.2,0.2222222222222222,0.2,0.2,0.2,0.2,0.10270666518066672,0.10046312972778265,0.14743355908087794,0.13783313256983273,0.1872203867282347,0.43654858618632975,0.00410857835486604,0.0016461817547645554,0.003968692013730097,0.002499712533058698,0.0025768480510009765,0.01734820322180917
