LIMIT_BAL,SEX,EDUCATION,MARRIAGE,AGE,PAY_0,PAY_2,PAY_3,PAY_4,PAY_5,PAY_6,BILL_AMT1,BILL_AMT2,BILL_AMT3,BILL_AMT4,BILL_AMT5,BILL_AMT6,PAY_AMT1,PAY_AMT2,PAY_AMT3,PAY_AMT4,PAY_AMT5,PAY_AMT6
0.5189873417721519,1.0,0.5,0.6666666666666666,0.11111111111111116,0.0,0.0,0.1,0.2,0.2,0.2,0.026361848311846507,0.03860572222508105,0.2686951483810055,0.25533521511659263,0.3325375895007565,0.5514160400561986,0.00543013389871047,0.09779297553056765,0.013149249102444818,0.01249856266529349,0.02829121475193972,0.012431226765799257
