LIMIT_BAL,SEX,EDUCATION,MARRIAGE,AGE,PAY_0,PAY_2,PAY_3,PAY_4,PAY_5,PAY_6,BILL_AMT1,BILL_AMT2,BILL_AMT3,BILL_AMT4,BILL_AMT5,BILL_AMT6,PAY_AMT1,PAY_AMT2,PAY_AMT3,PAY_AMT4,PAY_AMT5,PAY_AMT6
0.10126582278481013,1.0,0.5,0.6666666666666666,0.09259259259259262,0.2,0.2222222222222222,0.2,0.2,0.2,0.2,0.1677589289498428,0.09848067719857975,0.14582422062627198,0.07848504461744066,0.13660486988689655,0.4017712657941577,0.006080777042228969,0.002444824388264191,0.002628272856774899,0.001249856266529349,0.0025768480510009765,0.2143742255266419
