LIMIT_BAL,SEX,EDUCATION,MARRIAGE,AGE,PAY_0,PAY_2,PAY_3,PAY_4,PAY_5,PAY_6,BILL_AMT1,BILL_AMT2,BILL_AMT3,BILL_AMT4,BILL_AMT5,BILL_AMT6,PAY_AMT1,PAY_AMT2,PAY_AMT3,PAY_AMT4,PAY_AMT5,PAY_AMT6
0.5189873417721519,0.0,0.3333333333333333,0.6666666666666666,0.42592592592592593,0.2,0.2222222222222222,0.2,0.2,0.2,0.2,0.045408809572769784,0.059630525394946746,0.09128993016296409,0.09675751964186188,0.1496374218553413,0.42160953643129073,0.00405385136148598,0.0040747073137736515,0.013141364283874494,0.01249856266529349,0.025768480510009767,0.024783147459727387
