LIMIT_BAL,SEX,EDUCATION,MARRIAGE,AGE,PAY_0,PAY_2,PAY_3,PAY_4,PAY_5,PAY_6,BILL_AMT1,BILL_AMT2,BILL_AMT3,BILL_AMT4,BILL_AMT5,BILL_AMT6,PAY_AMT1,PAY_AMT2,PAY_AMT3,PAY_AMT4,PAY_AMT5,PAY_AMT6
0.24050632911392406,1.0,0.16666666666666666,0.6666666666666666,0.2592592592592593,0.2,0.1111111111111111,0.2,0.2,0.2,0.2,0.04563798843745536,0.0931688365152061,0.15001510302242016,0.1441107375511647,0.19922353702414683,0.40631309314144226,0.07930144033338873,0.012224121941320956,0.004263058573688886,0.005169405518365388,0.0025768480510009765,0.005033457249070632
