LIMIT_BAL,SEX,EDUCATION,MARRIAGE,AGE,PAY_0,PAY_2,PAY_3,PAY_4,PAY_5,PAY_6,BILL_AMT1,BILL_AMT2,BILL_AMT3,BILL_AMT4,BILL_AMT5,BILL_AMT6,PAY_AMT1,PAY_AMT2,PAY_AMT3,PAY_AMT4,PAY_AMT5,PAY_AMT6
0.27848101265822783,1.0,0.3333333333333333,0.3333333333333333,0.16666666666666674,0.1,0.1111111111111111,0.1,0.2,0.1,0.1,0.02981522846464288,0.05005274533010858,0.08573729984368784,0.07776439354440469,0.1707989790949762,0.4156018097002464,0.011389295400094859,0.004757628259562116,1.839790999742429e-05,0.05827329857066437,0.03903151742851179,0.0409368029739777
