LIMIT_BAL,SEX,EDUCATION,MARRIAGE,AGE,PAY_0,PAY_2,PAY_3,PAY_4,PAY_5,PAY_6,BILL_AMT1,BILL_AMT2,BILL_AMT3,BILL_AMT4,BILL_AMT5,BILL_AMT6,PAY_AMT1,PAY_AMT2,PAY_AMT3,PAY_AMT4,PAY_AMT5,PAY_AMT6
0.4683544303797468,0.0,0.16666666666666666,0.3333333333333333,0.35185185185185186,0.2,0.2222222222222222,0.2,0.2,0.2,0.2,0.3878255791867917,0.3431109452992333,0.46616180206292435,0.4311800698776841,0.5191337993418366,0.6782555914511466,0.020269256807429897,0.007334473164792573,0.026337922297741262,0.02499712533058698,0.025768480510009767,0.024783147459727387
