LIMIT_BAL,SEX,EDUCATION,MARRIAGE,AGE,PAY_0,PAY_2,PAY_3,PAY_4,PAY_5,PAY_6,BILL_AMT1,BILL_AMT2,BILL_AMT3,BILL_AMT4,BILL_AMT5,BILL_AMT6,PAY_AMT1,PAY_AMT2,PAY_AMT3,PAY_AMT4,PAY_AMT5,PAY_AMT6
0.37974683544303794,0.0,0.16666666666666666,0.6666666666666666,0.12962962962962965,0.2,0.2222222222222222,0.2,0.2,0.2,0.2,0.2651693647507209,0.23204471774816038,0.28640777500292985,0.27043442824352915,0.34641817237085915,0.5476218096768107,0.013383790269945961,0.0037487307286717597,0.01184562576548447,0.010066342370627377,0.01037181340527893,0.009957868649318464
