LIMIT_BAL,SEX,EDUCATION,MARRIAGE,AGE,PAY_0,PAY_2,PAY_3,PAY_4,PAY_5,PAY_6,BILL_AMT1,BILL_AMT2,BILL_AMT3,BILL_AMT4,BILL_AMT5,BILL_AMT6,PAY_AMT1,PAY_AMT2,PAY_AMT3,PAY_AMT4,PAY_AMT5,PAY_AMT6
0.5822784810126582,0.0,0.16666666666666666,0.3333333333333333,0.2222222222222222,0.1,0.1111111111111111,0.1,0.1,0.2,0.2,0.026007091987059243,0.046140585601811356,0.07643614887783719,0.0803458525856541,0.13762119979215892,0.40204429101911054,0.005128121972279764,0.0001475044047586062,0.007937384027460194,0.004509481409637891,0.003909078493368481,0.0048525402726146225
