LIMIT_BAL,SEX,EDUCATION,MARRIAGE,AGE,PAY_0,PAY_2,PAY_3,PAY_4,PAY_5,PAY_6,BILL_AMT1,BILL_AMT2,BILL_AMT3,BILL_AMT4,BILL_AMT5,BILL_AMT6,PAY_AMT1,PAY_AMT2,PAY_AMT3,PAY_AMT4,PAY_AMT5,PAY_AMT6
0.6075949367088608,1.0,0.3333333333333333,0.6666666666666666,0.11111111111111116,0.2,0.2222222222222222,0.2,0.2,0.2,0.1,0.3736133501397834,0.28958729995368704,0.398041393835656,0.3696370675344445,0.46179776015267826,0.4995377319689102,0.010156924586203122,0.0042515496111914285,0.013141364283874494,0.013348464926533448,0.24418727500895454,0.012456009913258985
