LIMIT_BAL,SEX,EDUCATION,MARRIAGE,AGE,PAY_0,PAY_2,PAY_3,PAY_4,PAY_5,PAY_6,BILL_AMT1,BILL_AMT2,BILL_AMT3,BILL_AMT4,BILL_AMT5,BILL_AMT6,PAY_AMT1,PAY_AMT2,PAY_AMT3,PAY_AMT4,PAY_AMT5,PAY_AMT6
0.430379746835443,1.0,0.16666666666666666,0.6666666666666666,0.20370370370370372,0.2,0.1111111111111111,0.1,0.1,0.2,0.2,0.041029295651723474,0.04644033345340401,0.0814671884774668,0.08047320256737563,0.14331068649653764,0.4102807472688689,0.005572018696362479,0.0026314459832350243,0.009198954998712146,0.009998850132234793,0.012884240255004883,0.009913258983890954
