LIMIT_BAL,SEX,EDUCATION,MARRIAGE,AGE,PAY_0,PAY_2,PAY_3,PAY_4,PAY_5,PAY_6,BILL_AMT1,BILL_AMT2,BILL_AMT3,BILL_AMT4,BILL_AMT5,BILL_AMT6,PAY_AMT1,PAY_AMT2,PAY_AMT3,PAY_AMT4,PAY_AMT5,PAY_AMT6
0.3291139240506329,1.0,0.5,0.6666666666666666,0.2222222222222222,0.2,0.1111111111111111,0.1,0.1,0.2,0.2,0.03972642950316847,0.05576853805382597,0.09264342506837625,0.2611558583988062,0.32381545278967855,0.526905874260752,0.020269256807429897,0.008149414627547303,0.5854477788466087,0.01249856266529349,0.012904855039412891,0.012456009913258985
