LIMIT_BAL,SEX,EDUCATION,MARRIAGE,AGE,PAY_0,PAY_2,PAY_3,PAY_4,PAY_5,PAY_6,BILL_AMT1,BILL_AMT2,BILL_AMT3,BILL_AMT4,BILL_AMT5,BILL_AMT6,PAY_AMT1,PAY_AMT2,PAY_AMT3,PAY_AMT4,PAY_AMT5,PAY_AMT6
0.24050632911392406,1.0,0.16666666666666666,0.6666666666666666,0.16666666666666674,0.1,0.1111111111111111,0.4,0.4,0.4,0.4,0.31123588627077325,0.2936679874440385,0.20098078862536087,0.21734896292167827,0.2323653689669709,0.4462427393452784,0.03111128227372415,8.149414627547304e-06,0.08410473141679677,0.0,0.0077305441530029296,0.0
