LIMIT_BAL,SEX,EDUCATION,MARRIAGE,AGE,PAY_0,PAY_2,PAY_3,PAY_4,PAY_5,PAY_6,BILL_AMT1,BILL_AMT2,BILL_AMT3,BILL_AMT4,BILL_AMT5,BILL_AMT6,PAY_AMT1,PAY_AMT2,PAY_AMT3,PAY_AMT4,PAY_AMT5,PAY_AMT6
0.20253164556962022,1.0,0.3333333333333333,0.3333333333333333,0.2592592592592593,0.2,0.2222222222222222,0.2,0.2,0.2,0.2,0.17560908992444946,0.12333916533731282,0.22203423681869278,0.17092764723156123,0.22422002398669294,0.45846325467160215,0.06198338731712063,0.04074707313773652,0.0644373656295502,0.03560340560835504,0.020233410896459667,0.01198265179677819
