LIMIT_BAL,SEX,EDUCATION,MARRIAGE,AGE,PAY_0,PAY_2,PAY_3,PAY_4,PAY_5,PAY_6,BILL_AMT1,BILL_AMT2,BILL_AMT3,BILL_AMT4,BILL_AMT5,BILL_AMT6,PAY_AMT1,PAY_AMT2,PAY_AMT3,PAY_AMT4,PAY_AMT5,PAY_AMT6
0.5569620253164557,1.0,0.3333333333333333,0.3333333333333333,0.2777777777777778,0.1,0.1111111111111111,0.1,0.1,0.1,0.1,0.028874967232131503,0.045580970514074004,0.07646420913807134,0.09011584353631422,0.13848557040290455,0.3980930418408227,0.004218032341626161,0.0001613584096254366,0.025052696870778338,0.008549016863060747,0.000334990246630127,0.0021759603469640645
