LIMIT_BAL,SEX,EDUCATION,MARRIAGE,AGE,PAY_0,PAY_2,PAY_3,PAY_4,PAY_5,PAY_6,BILL_AMT1,BILL_AMT2,BILL_AMT3,BILL_AMT4,BILL_AMT5,BILL_AMT6,PAY_AMT1,PAY_AMT2,PAY_AMT3,PAY_AMT4,PAY_AMT5,PAY_AMT6
0.34177215189873417,0.0,0.16666666666666666,0.6666666666666666,0.12962962962962965,0.2,0.2222222222222222,0.2,0.2,0.2,0.2,0.24334871133980163,0.2179308392939845,0.27103405360169947,0.22784110318045342,0.2654516458988964,0.4475621659688704,0.012161554084457939,0.0032597658510189215,0.010513091427099596,0.009998850132234793,0.0077305441530029296,0.0024783147459727386
