LIMIT_BAL,SEX,EDUCATION,MARRIAGE,AGE,PAY_0,PAY_2,PAY_3,PAY_4,PAY_5,PAY_6,BILL_AMT1,BILL_AMT2,BILL_AMT3,BILL_AMT4,BILL_AMT5,BILL_AMT6,PAY_AMT1,PAY_AMT2,PAY_AMT3,PAY_AMT4,PAY_AMT5,PAY_AMT6
0.4177215189873417,1.0,0.3333333333333333,0.6666666666666666,0.16666666666666674,0.2,0.2222222222222222,0.2,0.2,0.1,0.2,0.4288344685012487,0.3707778006483817,0.11708886354295449,0.11703912790732517,0.1385999483665193,0.5145494322129924,0.026350033849658866,0.0016298829255094608,0.013141364283874494,0.008723996740374856,0.25510795704909667,0.012391573729863693
