LIMIT_BAL,SEX,EDUCATION,MARRIAGE,AGE,PAY_0,PAY_2,PAY_3,PAY_4,PAY_5,PAY_6,BILL_AMT1,BILL_AMT2,BILL_AMT3,BILL_AMT4,BILL_AMT5,BILL_AMT6,PAY_AMT1,PAY_AMT2,PAY_AMT3,PAY_AMT4,PAY_AMT5,PAY_AMT6
0.4936708860759494,1.0,0.5,0.3333333333333333,0.462962962962963,0.1,0.1111111111111111,0.4,0.2,0.2,0.1,0.02443737373578816,0.11784979159162251,0.14702751060925429,0.11473184588554683,0.1579232883337745,0.40592406149043647,0.12174526408814694,3.4227541435698674e-05,0.0031591839738434285,2.249741279752828e-05,0.017556065771469655,0.011603469640644362
