LIMIT_BAL,SEX,EDUCATION,MARRIAGE,AGE,PAY_0,PAY_2,PAY_3,PAY_4,PAY_5,PAY_6,BILL_AMT1,BILL_AMT2,BILL_AMT3,BILL_AMT4,BILL_AMT5,BILL_AMT6,PAY_AMT1,PAY_AMT2,PAY_AMT3,PAY_AMT4,PAY_AMT5,PAY_AMT6
0.4177215189873417,1.0,0.3333333333333333,0.3333333333333333,0.2777777777777778,0.2,0.2222222222222222,0.2,0.2,0.2,0.2,0.028829445402844642,0.04816163227499615,0.08460333520951936,0.08054212138101316,0.13814243651206035,0.4028071211540647,0.00220326821496763,0.0009200689114500905,0.0027649430453271936,0.0002999655039670438,0.0025768480510009765,0.0024783147459727386
