LIMIT_BAL,SEX,EDUCATION,MARRIAGE,AGE,PAY_0,PAY_2,PAY_3,PAY_4,PAY_5,PAY_6,BILL_AMT1,BILL_AMT2,BILL_AMT3,BILL_AMT4,BILL_AMT5,BILL_AMT6,PAY_AMT1,PAY_AMT2,PAY_AMT3,PAY_AMT4,PAY_AMT5,PAY_AMT6
0.35443037974683544,1.0,0.5,0.6666666666666666,0.20370370370370372,0.2,0.2222222222222222,0.2,0.2,0.2,0.2,0.05853322387164728,0.07456388617300469,0.12071854073441954,0.11579409455661231,0.17346235167629076,0.42405621741713445,0.006080777042228969,0.002444824388264191,0.007884818570324697,0.0074991375991760945,0.0077305441530029296,0.007434944237918216
