LIMIT_BAL,SEX,EDUCATION,MARRIAGE,AGE,PAY_0,PAY_2,PAY_3,PAY_4,PAY_5,PAY_6,BILL_AMT1,BILL_AMT2,BILL_AMT3,BILL_AMT4,BILL_AMT5,BILL_AMT6,PAY_AMT1,PAY_AMT2,PAY_AMT3,PAY_AMT4,PAY_AMT5,PAY_AMT6
0.2151898734177215,1.0,0.3333333333333333,0.3333333333333333,0.09259259259259262,0.2,0.2222222222222222,0.2,0.2,0.2,0.2,0.31638613185319364,0.27189703082385636,0.3158842530771377,0.1629450507302398,0.16935454881161296,0.4065415906473041,0.036484662253373816,0.00411056473813486,0.017099543206177494,0.001249856266529349,0.0012884240255004883,0.004956629491945477
