LIMIT_BAL,SEX,EDUCATION,MARRIAGE,AGE,PAY_0,PAY_2,PAY_3,PAY_4,PAY_5,PAY_6,BILL_AMT1,BILL_AMT2,BILL_AMT3,BILL_AMT4,BILL_AMT5,BILL_AMT6,PAY_AMT1,PAY_AMT2,PAY_AMT3,PAY_AMT4,PAY_AMT5,PAY_AMT6
0.10126582278481013,1.0,0.5,0.3333333333333333,0.3148148148148149,0.1,0.2222222222222222,0.2,0.2,0.2,0.2,0.15858235605291207,0.15672567282457675,0.22488978094840378,0.21235984010835235,0.24037672833272877,0.47512130873997094,0.008513087859120557,0.0040747073137736515,0.012552631163956917,0.005999310079340876,0.0077305441530029296,0.007434944237918216
