LIMIT_BAL,SEX,EDUCATION,MARRIAGE,AGE,PAY_0,PAY_2,PAY_3,PAY_4,PAY_5,PAY_6,BILL_AMT1,BILL_AMT2,BILL_AMT3,BILL_AMT4,BILL_AMT5,BILL_AMT6,PAY_AMT1,PAY_AMT2,PAY_AMT3,PAY_AMT4,PAY_AMT5,PAY_AMT6
0.4430379746835443,1.0,0.3333333333333333,0.6666666666666666,0.42592592592592593,0.1,0.1111111111111111,0.1,0.1,0.1,0.1,0.040214611879313786,0.046451911696598576,0.07844328278635083,0.07628114081611861,0.14588745861968674,0.46836129791270453,0.0055902610274891655,0.0011384732234683583,0.0007832253113189199,0.01987271463781665,0.1548608373210057,0.002973977695167286
