LIMIT_BAL,SEX,EDUCATION,MARRIAGE,AGE,PAY_0,PAY_2,PAY_3,PAY_4,PAY_5,PAY_6,BILL_AMT1,BILL_AMT2,BILL_AMT3,BILL_AMT4,BILL_AMT5,BILL_AMT6,PAY_AMT1,PAY_AMT2,PAY_AMT3,PAY_AMT4,PAY_AMT5,PAY_AMT6
0.27848101265822783,1.0,0.3333333333333333,0.6666666666666666,0.2592592592592593,0.1,0.1111111111111111,0.2,0.2,0.2,0.2,0.028539047526359492,0.08083929398445944,0.18485934381906743,0.162988499547533,0.22445368182664877,0.4532394501529761,0.05984498072393677,0.040758482318215085,0.021662224885538716,0.017577978532468765,0.012961545696534913,0.01984386617100372
