LIMIT_BAL,SEX,EDUCATION,MARRIAGE,AGE,PAY_0,PAY_2,PAY_3,PAY_4,PAY_5,PAY_6,BILL_AMT1,BILL_AMT2,BILL_AMT3,BILL_AMT4,BILL_AMT5,BILL_AMT6,PAY_AMT1,PAY_AMT2,PAY_AMT3,PAY_AMT4,PAY_AMT5,PAY_AMT6
0.48101265822784806,1.0,0.16666666666666666,0.3333333333333333,0.5185185185185185,0.1,0.1111111111111111,0.1,0.0,0.0,0.1,0.04761583343405692,0.060087222765399066,0.0761373896365206,0.07583466676255371,0.13289738989487032,0.515118918304525,0.027073646317684115,0.0,0.0,0.0,0.25768480510009767,0.0973184634448575
