LIMIT_BAL,SEX,EDUCATION,MARRIAGE,AGE,PAY_0,PAY_2,PAY_3,PAY_4,PAY_5,PAY_6,BILL_AMT1,BILL_AMT2,BILL_AMT3,BILL_AMT4,BILL_AMT5,BILL_AMT6,PAY_AMT1,PAY_AMT2,PAY_AMT3,PAY_AMT4,PAY_AMT5,PAY_AMT6
0.3291139240506329,1.0,0.16666666666666666,0.6666666666666666,0.18518518518518523,0.1,0.2222222222222222,0.2,0.2,0.2,0.2,0.03849106123941814,0.0458408377502187,0.08142427278534396,0.07754864769301763,0.13476665261451687,0.3992812288713043,0.002189079735202429,0.0008149414627547304,0.0029462938724446617,0.0,0.0,0.0
