LIMIT_BAL,SEX,EDUCATION,MARRIAGE,AGE,PAY_0,PAY_2,PAY_3,PAY_4,PAY_5,PAY_6,BILL_AMT1,BILL_AMT2,BILL_AMT3,BILL_AMT4,BILL_AMT5,BILL_AMT6,PAY_AMT1,PAY_AMT2,PAY_AMT3,PAY_AMT4,PAY_AMT5,PAY_AMT6
0.20253164556962022,1.0,0.16666666666666666,0.6666666666666666,0.09259259259259262,0.2,0.2222222222222222,0.2,0.2,0.2,0.2,0.09881376391751444,0.09536484330777545,0.1331987541244456,0.12550565433918842,0.17369600951624659,0.4247663173584282,0.00810770272297196,0.001634772574285989,0.002628272856774899,0.002499712533058698,0.0025768480510009765,0.0024783147459727386
