LIMIT_BAL,SEX,EDUCATION,MARRIAGE,AGE,PAY_0,PAY_2,PAY_3,PAY_4,PAY_5,PAY_6,BILL_AMT1,BILL_AMT2,BILL_AMT3,BILL_AMT4,BILL_AMT5,BILL_AMT6,PAY_AMT1,PAY_AMT2,PAY_AMT3,PAY_AMT4,PAY_AMT5,PAY_AMT6
0.24050632911392406,1.0,0.3333333333333333,0.3333333333333333,0.20370370370370372,0.1,0.2222222222222222,0.2,0.2,0.2,0.1,0.04159596394043233,0.06341017856223949,0.10961328009586706,0.11260135560309956,0.1736290167089865,0.3997358803188653,0.012165607935819424,0.0040747073137736515,0.01196389804403934,0.007826599941006783,0.003965769150490503,0.0025452292441140024
