LIMIT_BAL,SEX,EDUCATION,MARRIAGE,AGE,PAY_0,PAY_2,PAY_3,PAY_4,PAY_5,PAY_6,BILL_AMT1,BILL_AMT2,BILL_AMT3,BILL_AMT4,BILL_AMT5,BILL_AMT6,PAY_AMT1,PAY_AMT2,PAY_AMT3,PAY_AMT4,PAY_AMT5,PAY_AMT6
0.3164556962025316,1.0,0.16666666666666666,0.3333333333333333,0.18518518518518523,0.2,0.2222222222222222,0.2,0.2,0.2,0.2,0.10300491164840822,0.20766479699480267,0.16751315118373034,0.13454900127649627,0.21444724398126816,0.4222926853847136,0.17307310310160168,0.02694277970013414,0.013243866925288715,0.050379206391265,0.007354324337556787,7.187112763320942e-05
