LIMIT_BAL,SEX,EDUCATION,MARRIAGE,AGE,PAY_0,PAY_2,PAY_3,PAY_4,PAY_5,PAY_6,BILL_AMT1,BILL_AMT2,BILL_AMT3,BILL_AMT4,BILL_AMT5,BILL_AMT6,PAY_AMT1,PAY_AMT2,PAY_AMT3,PAY_AMT4,PAY_AMT5,PAY_AMT6
0.12658227848101264,1.0,0.16666666666666666,0.6666666666666666,0.14814814814814814,0.1,0.1111111111111111,0.1,0.1,0.1,0.1,0.024525277957859342,0.0839358308032728,0.07665898035616724,0.076308109047542,0.1334137247020454,0.4351740858049146,0.06464879458729766,0.0002575215022304948,0.000830534222740868,0.0007899091604465486,0.08187934682055603,0.002855018587360595
