LIMIT_BAL,SEX,EDUCATION,MARRIAGE,AGE,PAY_0,PAY_2,PAY_3,PAY_4,PAY_5,PAY_6,BILL_AMT1,BILL_AMT2,BILL_AMT3,BILL_AMT4,BILL_AMT5,BILL_AMT6,PAY_AMT1,PAY_AMT2,PAY_AMT3,PAY_AMT4,PAY_AMT5,PAY_AMT6
0.6835443037974683,0.0,0.16666666666666666,0.3333333333333333,0.5925925925925926,0.2,0.2222222222222222,0.2,0.2,0.2,0.2,0.34019718800672466,0.30718365666649516,0.4223019647133975,0.39650192073737134,0.4892599092165763,0.6443242977217041,0.014411441590082657,0.005992264575635532,0.019801407702942087,0.018460377056638486,0.018689878913910083,0.03717472118959108
