LIMIT_BAL,SEX,EDUCATION,MARRIAGE,AGE,PAY_0,PAY_2,PAY_3,PAY_4,PAY_5,PAY_6,BILL_AMT1,BILL_AMT2,BILL_AMT3,BILL_AMT4,BILL_AMT5,BILL_AMT6,PAY_AMT1,PAY_AMT2,PAY_AMT3,PAY_AMT4,PAY_AMT5,PAY_AMT6
0.30379746835443033,0.0,0.16666666666666666,0.6666666666666666,0.2592592592592593,0.1,0.1111111111111111,0.1,0.1,0.1,0.1,0.028339693308448065,0.04504708485565791,0.08203334549277944,0.19052755853604453,0.2972193083074349,0.3979407101702482,0.0033768581841178208,0.002931344441528765,0.20119954373183205,0.25138609059958106,0.0,0.0
