LIMIT_BAL,SEX,EDUCATION,MARRIAGE,AGE,PAY_0,PAY_2,PAY_3,PAY_4,PAY_5,PAY_6,BILL_AMT1,BILL_AMT2,BILL_AMT3,BILL_AMT4,BILL_AMT5,BILL_AMT6,PAY_AMT1,PAY_AMT2,PAY_AMT3,PAY_AMT4,PAY_AMT5,PAY_AMT6
0.27848101265822783,1.0,0.5,0.3333333333333333,0.16666666666666674,0.2,0.2222222222222222,0.2,0.2,0.2,0.2,0.3237182858048809,0.2896297535120671,0.3478300340519511,0.28044713327699966,0.3608722790299441,0.5528960008249345,0.014622241860879927,0.005104793322695631,0.02628272856774899,0.012568554616219134,0.012884240255004883,0.012391573729863693
