LIMIT_BAL,SEX,EDUCATION,MARRIAGE,AGE,PAY_0,PAY_2,PAY_3,PAY_4,PAY_5,PAY_6,BILL_AMT1,BILL_AMT2,BILL_AMT3,BILL_AMT4,BILL_AMT5,BILL_AMT6,PAY_AMT1,PAY_AMT2,PAY_AMT3,PAY_AMT4,PAY_AMT5,PAY_AMT6
0.6708860759493671,1.0,0.3333333333333333,0.3333333333333333,0.537037037037037,0.2,0.2222222222222222,0.2,0.2,0.2,0.2,0.1286305621004086,0.12866644367827923,0.18592398310442215,0.17643965408748494,0.24217736427420647,0.4772316882684693,0.006283469610303269,0.002501870290657022,0.008147645856002186,0.00579933307669618,0.007204867150598731,0.008674101610904586
