LIMIT_BAL,SEX,EDUCATION,MARRIAGE,AGE,PAY_0,PAY_2,PAY_3,PAY_4,PAY_5,PAY_6,BILL_AMT1,BILL_AMT2,BILL_AMT3,BILL_AMT4,BILL_AMT5,BILL_AMT6,PAY_AMT1,PAY_AMT2,PAY_AMT3,PAY_AMT4,PAY_AMT5,PAY_AMT6
0.16455696202531644,1.0,0.5,0.6666666666666666,0.40740740740740744,0.2,0.2222222222222222,0.2,0.2,0.2,0.2,0.24541603027672565,0.22501415118612672,0.29468720237554863,0.25569179506541295,0.28456256964800997,0.5040162830838023,0.009129273266066426,0.00506323130809514,0.014253123702290276,0.008499022612399574,0.010307392204003906,0.009913258983890954
