LIMIT_BAL,SEX,EDUCATION,MARRIAGE,AGE,PAY_0,PAY_2,PAY_3,PAY_4,PAY_5,PAY_6,BILL_AMT1,BILL_AMT2,BILL_AMT3,BILL_AMT4,BILL_AMT5,BILL_AMT6,PAY_AMT1,PAY_AMT2,PAY_AMT3,PAY_AMT4,PAY_AMT5,PAY_AMT6
0.45569620253164556,0.0,0.3333333333333333,0.6666666666666666,0.2777777777777778,0.2,0.2222222222222222,0.2,0.2,0.4,0.2,0.09822825900979033,0.09890521278238049,0.17484513212256061,0.15662699340177272,0.18278905762361808,0.4256158593674017,0.00405385136148598,0.016298829255094606,0.02102618285419919,0.0,0.0025768480510009765,0.0
