LIMIT_BAL,SEX,EDUCATION,MARRIAGE,AGE,PAY_0,PAY_2,PAY_3,PAY_4,PAY_5,PAY_6,BILL_AMT1,BILL_AMT2,BILL_AMT3,BILL_AMT4,BILL_AMT5,BILL_AMT6,PAY_AMT1,PAY_AMT2,PAY_AMT3,PAY_AMT4,PAY_AMT5,PAY_AMT6
0.35443037974683544,0.0,0.3333333333333333,0.3333333333333333,0.5,0.2,0.2222222222222222,0.2,0.2,0.2,0.2,0.3766852887575209,0.32095404723923227,0.34671422605675767,0.2219485446144442,0.19066316343303824,0.4266271073036005,0.020593564916348776,0.005824386634308058,0.013249123471002265,0.0039520455147658015,0.00778208111402295,0.024783147459727387
