LIMIT_BAL,SEX,EDUCATION,MARRIAGE,AGE,PAY_0,PAY_2,PAY_3,PAY_4,PAY_5,PAY_6,BILL_AMT1,BILL_AMT2,BILL_AMT3,BILL_AMT4,BILL_AMT5,BILL_AMT6,PAY_AMT1,PAY_AMT2,PAY_AMT3,PAY_AMT4,PAY_AMT5,PAY_AMT6
0.37974683544303794,1.0,0.3333333333333333,0.3333333333333333,0.20370370370370372,0.2,0.2222222222222222,0.2,0.2,0.2,0.2,0.13938941099462057,0.14125713991663666,0.20609931021277933,0.19657743178535686,0.2676231932366676,0.49666569408753913,0.00810770272297196,0.0032597658510189215,0.007884818570324697,0.0074991375991760945,0.0077305441530029296,0.012391573729863693
