LIMIT_BAL,SEX,EDUCATION,MARRIAGE,AGE,PAY_0,PAY_2,PAY_3,PAY_4,PAY_5,PAY_6,BILL_AMT1,BILL_AMT2,BILL_AMT3,BILL_AMT4,BILL_AMT5,BILL_AMT6,PAY_AMT1,PAY_AMT2,PAY_AMT3,PAY_AMT4,PAY_AMT5,PAY_AMT6
0.430379746835443,0.0,0.3333333333333333,0.6666666666666666,0.5555555555555556,0.2,0.2222222222222222,0.2,0.2,0.2,0.2,0.0867285031009784,0.09546776102506047,0.15107148929005892,0.15169630175653082,0.23181798871252896,0.4741932573315475,0.003768054840501218,0.004399054015950034,0.01480768927506978,0.026346970098438678,0.013131617667900978,0.005690210656753408
