LIMIT_BAL,SEX,EDUCATION,MARRIAGE,AGE,PAY_0,PAY_2,PAY_3,PAY_4,PAY_5,PAY_6,BILL_AMT1,BILL_AMT2,BILL_AMT3,BILL_AMT4,BILL_AMT5,BILL_AMT6,PAY_AMT1,PAY_AMT2,PAY_AMT3,PAY_AMT4,PAY_AMT5,PAY_AMT6
0.4430379746835443,0.0,0.16666666666666666,0.3333333333333333,0.5,0.2,0.2222222222222222,0.2,0.2,0.2,0.2,0.2876194751803999,0.24800982864200075,0.28430160488182504,0.1031894428363388,0.1443172125763473,0.4069528861578554,0.012579100774690995,0.008173862871429946,0.002788597501038168,0.002527209370922344,0.007771773721818946,0.4705154894671624
