LIMIT_BAL,SEX,EDUCATION,MARRIAGE,AGE,PAY_0,PAY_2,PAY_3,PAY_4,PAY_5,PAY_6,BILL_AMT1,BILL_AMT2,BILL_AMT3,BILL_AMT4,BILL_AMT5,BILL_AMT6,PAY_AMT1,PAY_AMT2,PAY_AMT3,PAY_AMT4,PAY_AMT5,PAY_AMT6
0.35443037974683544,0.0,0.5,0.6666666666666666,0.2407407407407407,0.2,0.2222222222222222,0.2,0.2,0.2,0.2,0.03258578117813633,0.0509185406267689,0.30854566972413466,0.2906126582885361,0.3718247860315095,0.572325319515679,0.002432310816891588,0.1100170974718886,0.013667018855229474,0.01374841893182284,0.01417266428050537,0.013382899628252789
