LIMIT_BAL,SEX,EDUCATION,MARRIAGE,AGE,PAY_0,PAY_2,PAY_3,PAY_4,PAY_5,PAY_6,BILL_AMT1,BILL_AMT2,BILL_AMT3,BILL_AMT4,BILL_AMT5,BILL_AMT6,PAY_AMT1,PAY_AMT2,PAY_AMT3,PAY_AMT4,PAY_AMT5,PAY_AMT6
0.35443037974683544,1.0,0.16666666666666666,0.6666666666666666,0.2407407407407407,0.2,0.2222222222222222,0.2,0.2,0.2,0.2,0.0583260210624795,0.05489116451397108,0.08928279625445044,0.09131892630481293,0.1525050408002536,0.41371641233136586,0.0030403885211144847,0.0016429219889135364,0.013141364283874494,0.004999425066117396,0.003769928698614429,0.008339529120198266
