LIMIT_BAL,SEX,EDUCATION,MARRIAGE,AGE,PAY_0,PAY_2,PAY_3,PAY_4,PAY_5,PAY_6,BILL_AMT1,BILL_AMT2,BILL_AMT3,BILL_AMT4,BILL_AMT5,BILL_AMT6,PAY_AMT1,PAY_AMT2,PAY_AMT3,PAY_AMT4,PAY_AMT5,PAY_AMT6
0.12658227848101264,1.0,0.3333333333333333,0.6666666666666666,0.2407407407407407,0.2,0.2222222222222222,0.2,0.2,0.2,0.2,0.17007426337046763,0.14732542582205527,0.21280736301228542,0.23762308001174617,0.29568500962408867,0.49239806374728873,0.009121165563343454,0.0033412599972943947,0.1776870147551238,0.010248821385540662,0.007988228958103027,0.007090458488228005
