LIMIT_BAL,SEX,EDUCATION,MARRIAGE,AGE,PAY_0,PAY_2,PAY_3,PAY_4,PAY_5,PAY_6,BILL_AMT1,BILL_AMT2,BILL_AMT3,BILL_AMT4,BILL_AMT5,BILL_AMT6,PAY_AMT1,PAY_AMT2,PAY_AMT3,PAY_AMT4,PAY_AMT5,PAY_AMT6
0.27848101265822783,1.0,0.5,0.3333333333333333,0.35185185185185186,0.1,0.1111111111111111,0.1,0.1,0.1,0.1,0.026942644064816806,0.08439767405958937,0.08406853966152725,0.07823184288907667,0.14059666081705083,0.4020021068641822,0.06537646090668439,0.003927202909015046,0.004205236570839838,0.011778645455772585,0.008931355344769385,0.007928128872366791
