LIMIT_BAL,SEX,EDUCATION,MARRIAGE,AGE,PAY_0,PAY_2,PAY_3,PAY_4,PAY_5,PAY_6,BILL_AMT1,BILL_AMT2,BILL_AMT3,BILL_AMT4,BILL_AMT5,BILL_AMT6,PAY_AMT1,PAY_AMT2,PAY_AMT3,PAY_AMT4,PAY_AMT5,PAY_AMT6
0.2151898734177215,1.0,0.3333333333333333,0.6666666666666666,0.16666666666666674,0.2,0.2222222222222222,0.2,0.2,0.2,0.2,0.0607575146336984,0.06148690372047548,0.10156328661575106,0.10562707130999682,0.1694248095606906,0.42477686339716025,0.003123492474024947,0.0012224121941320956,0.012907447999621529,0.02588452327982282,0.028092797452012645,0.008674101610904586
