LIMIT_BAL,SEX,EDUCATION,MARRIAGE,AGE,PAY_0,PAY_2,PAY_3,PAY_4,PAY_5,PAY_6,BILL_AMT1,BILL_AMT2,BILL_AMT3,BILL_AMT4,BILL_AMT5,BILL_AMT6,PAY_AMT1,PAY_AMT2,PAY_AMT3,PAY_AMT4,PAY_AMT5,PAY_AMT6
0.16455696202531644,1.0,0.16666666666666666,0.6666666666666666,0.07407407407407407,0.2,0.2222222222222222,0.2,0.2,0.2,0.2,0.10596226083380293,0.06475068182987702,0.10947793060532585,0.106917051713082,0.1365901641487175,0.40283875927026097,0.00405385136148598,0.0040747073137736515,0.002628272856774899,0.0031496377916539597,0.0077305441530029296,0.0010879801734820322
