LIMIT_BAL,SEX,EDUCATION,MARRIAGE,AGE,PAY_0,PAY_2,PAY_3,PAY_4,PAY_5,PAY_6,BILL_AMT1,BILL_AMT2,BILL_AMT3,BILL_AMT4,BILL_AMT5,BILL_AMT6,PAY_AMT1,PAY_AMT2,PAY_AMT3,PAY_AMT4,PAY_AMT5,PAY_AMT6
0.24050632911392406,1.0,0.5,0.6666666666666666,0.5185185185185185,0.2,0.2222222222222222,0.4,0.2,0.2,0.2,0.33212098760393494,0.31182009983018577,0.41218706620075635,0.36684885205228246,0.44735672526086345,0.6280259807523074,0.03547119941300232,0.0,0.018397909997424293,0.01837288711798143,0.018810990772307128,0.028500619578686496
