LIMIT_BAL,SEX,EDUCATION,MARRIAGE,AGE,PAY_0,PAY_2,PAY_3,PAY_4,PAY_5,PAY_6,BILL_AMT1,BILL_AMT2,BILL_AMT3,BILL_AMT4,BILL_AMT5,BILL_AMT6,PAY_AMT1,PAY_AMT2,PAY_AMT3,PAY_AMT4,PAY_AMT5,PAY_AMT6
0.5189873417721519,1.0,0.16666666666666666,0.6666666666666666,0.2962962962962963,0.2,0.2222222222222222,0.2,0.2,0.2,0.2,0.705031103967149,0.5911580816137498,0.7555868803427974,0.5866534222685676,0.5702149978921776,0.6492235186037982,0.031417348051516344,0.013854004866830416,0.035589442753588905,0.025017123030851452,0.019854614232962524,0.017957868649318465
