LIMIT_BAL,SEX,EDUCATION,MARRIAGE,AGE,PAY_0,PAY_2,PAY_3,PAY_4,PAY_5,PAY_6,BILL_AMT1,BILL_AMT2,BILL_AMT3,BILL_AMT4,BILL_AMT5,BILL_AMT6,PAY_AMT1,PAY_AMT2,PAY_AMT3,PAY_AMT4,PAY_AMT5,PAY_AMT6
0.30379746835443033,1.0,0.16666666666666666,0.3333333333333333,0.37037037037037035,0.1,0.4444444444444444,0.1,0.1,0.1,0.0,0.0592270393387091,0.06386816240415788,0.1299982338542088,0.14085657095940982,0.13669310431597076,0.4528914308748173,0.00012161554084457939,0.026739859275908214,0.11546528314383486,0.005806832214295355,0.12202921630320225,0.013581164807930608
