LIMIT_BAL,SEX,EDUCATION,MARRIAGE,AGE,PAY_0,PAY_2,PAY_3,PAY_4,PAY_5,PAY_6,BILL_AMT1,BILL_AMT2,BILL_AMT3,BILL_AMT4,BILL_AMT5,BILL_AMT6,PAY_AMT1,PAY_AMT2,PAY_AMT3,PAY_AMT4,PAY_AMT5,PAY_AMT6
0.24050632911392406,0.0,0.16666666666666666,0.6666666666666666,0.20370370370370372,0.2,0.2222222222222222,0.0,0.0,0.0,0.1,0.04056151961284469,0.04290382339319714,0.0761373896365206,0.07583466676255371,0.13289738989487032,0.4012709148454243,0.0,0.0,0.0,0.0,0.007323402160944775,0.5063122676579925
