LIMIT_BAL,SEX,EDUCATION,MARRIAGE,AGE,PAY_0,PAY_2,PAY_3,PAY_4,PAY_5,PAY_6,BILL_AMT1,BILL_AMT2,BILL_AMT3,BILL_AMT4,BILL_AMT5,BILL_AMT6,PAY_AMT1,PAY_AMT2,PAY_AMT3,PAY_AMT4,PAY_AMT5,PAY_AMT6
0.620253164556962,1.0,0.16666666666666666,0.6666666666666666,0.40740740740740744,0.0,0.0,0.0,0.0,0.0,0.0,0.45454174430231514,0.3126408686255339,0.3726154968564256,0.3036697770026908,0.31388090966428434,0.4791065395986177,0.023056279618451508,0.004128493450315464,0.013522463848106854,0.012861020982587002,0.013185731476971998,0.01260470879801735
