LIMIT_BAL,SEX,EDUCATION,MARRIAGE,AGE,PAY_0,PAY_2,PAY_3,PAY_4,PAY_5,PAY_6,BILL_AMT1,BILL_AMT2,BILL_AMT3,BILL_AMT4,BILL_AMT5,BILL_AMT6,PAY_AMT1,PAY_AMT2,PAY_AMT3,PAY_AMT4,PAY_AMT5,PAY_AMT6
0.5189873417721519,0.0,0.16666666666666666,0.3333333333333333,0.6111111111111112,0.1,0.1111111111111111,0.1,0.1,0.1,0.1,0.04341369767540424,0.05132377913857871,0.08666328843141495,0.10400298448427753,0.16913886465165376,0.4134211232468675,0.0133290632765659,0.005231924190885369,0.04965333081019139,0.05570609379921309,0.03419477363678296,0.026475836431226765
