LIMIT_BAL,SEX,EDUCATION,MARRIAGE,AGE,PAY_0,PAY_2,PAY_3,PAY_4,PAY_5,PAY_6,BILL_AMT1,BILL_AMT2,BILL_AMT3,BILL_AMT4,BILL_AMT5,BILL_AMT6,PAY_AMT1,PAY_AMT2,PAY_AMT3,PAY_AMT4,PAY_AMT5,PAY_AMT6
0.24050632911392406,1.0,0.3333333333333333,0.3333333333333333,0.2777777777777778,0.1,0.2222222222222222,0.2,0.2,0.2,0.2,0.23795986858318802,0.27911928163433336,0.3811557195888677,0.3680833977574417,0.4517766165691186,0.6234337667755252,0.10134628403714949,0.005704590239283112,0.03942409285162348,0.018747843997940238,0.019326360382507325,0.024783147459727387
