LIMIT_BAL,SEX,EDUCATION,MARRIAGE,AGE,PAY_0,PAY_2,PAY_3,PAY_4,PAY_5,PAY_6,BILL_AMT1,BILL_AMT2,BILL_AMT3,BILL_AMT4,BILL_AMT5,BILL_AMT6,PAY_AMT1,PAY_AMT2,PAY_AMT3,PAY_AMT4,PAY_AMT5,PAY_AMT6
0.15189873417721517,1.0,0.3333333333333333,0.6666666666666666,0.20370370370370372,0.0,0.0,0.0,0.0,0.0,0.0,0.041570848448411996,0.061147275253434885,0.191748963008324,0.10690656406752845,0.14510151861256262,0.4049280467212951,0.02874383307861634,0.05745744783152226,0.054534033505222373,0.018670352909415416,0.015453357761852856,0.004902106567534077
