LIMIT_BAL,SEX,EDUCATION,MARRIAGE,AGE,PAY_0,PAY_2,PAY_3,PAY_4,PAY_5,PAY_6,BILL_AMT1,BILL_AMT2,BILL_AMT3,BILL_AMT4,BILL_AMT5,BILL_AMT6,PAY_AMT1,PAY_AMT2,PAY_AMT3,PAY_AMT4,PAY_AMT5,PAY_AMT6
0.620253164556962,0.0,0.16666666666666666,0.6666666666666666,0.4814814814814815,0.0,0.0,0.1,0.1,0.2,0.1,0.05758354432962827,0.06924175371790255,0.08204820092466811,0.10408388917854766,0.14398061456913822,0.4048788318738787,0.04149724946185123,0.0029231950269012178,0.04956922607877459,0.00036495802982656995,0.015262671006078784,0.023454770755886
