LIMIT_BAL,SEX,EDUCATION,MARRIAGE,AGE,PAY_0,PAY_2,PAY_3,PAY_4,PAY_5,PAY_6,BILL_AMT1,BILL_AMT2,BILL_AMT3,BILL_AMT4,BILL_AMT5,BILL_AMT6,PAY_AMT1,PAY_AMT2,PAY_AMT3,PAY_AMT4,PAY_AMT5,PAY_AMT6
0.4430379746835443,0.0,0.16666666666666666,0.3333333333333333,0.462962962962963,0.1,0.1111111111111111,0.1,0.1,0.2,0.2,0.027437105313967196,0.04427134256162198,0.22717091504508624,0.22584545405512307,0.2714140057450417,0.48811051311165554,0.002164756627033513,0.07471301836389092,0.1184983100205531,0.005556860960989486,0.005388189274643042,0.024510532837670386
