LIMIT_BAL,SEX,EDUCATION,MARRIAGE,AGE,PAY_0,PAY_2,PAY_3,PAY_4,PAY_5,PAY_6,BILL_AMT1,BILL_AMT2,BILL_AMT3,BILL_AMT4,BILL_AMT5,BILL_AMT6,PAY_AMT1,PAY_AMT2,PAY_AMT3,PAY_AMT4,PAY_AMT5,PAY_AMT6
0.27848101265822783,0.0,0.3333333333333333,0.6666666666666666,0.16666666666666674,0.2,0.2222222222222222,0.2,0.2,0.2,0.2,0.29380259537215664,0.2453802809653682,0.34291123549325814,0.3192993653476205,0.3997722244553158,0.5872538232319858,0.020269256807429897,0.008149414627547303,0.02102618285419919,0.02499712533058698,0.018037936357006835,0.01734820322180917
