LIMIT_BAL,SEX,EDUCATION,MARRIAGE,AGE,PAY_0,PAY_2,PAY_3,PAY_4,PAY_5,PAY_6,BILL_AMT1,BILL_AMT2,BILL_AMT3,BILL_AMT4,BILL_AMT5,BILL_AMT6,PAY_AMT1,PAY_AMT2,PAY_AMT3,PAY_AMT4,PAY_AMT5,PAY_AMT6
0.3164556962025316,1.0,0.8333333333333333,0.3333333333333333,0.12962962962962965,0.2,0.2222222222222222,0.2,0.2,0.2,0.2,0.3963852528109729,0.33704651880821285,0.45768430226512324,0.41056285695450756,0.3922722979840067,0.5845001353408303,0.016227567000028375,0.006152808043798214,0.021236444682741183,0.011611164716057653,0.01300535211340193,0.011221809169764561
