LIMIT_BAL,SEX,EDUCATION,MARRIAGE,AGE,PAY_0,PAY_2,PAY_3,PAY_4,PAY_5,PAY_6,BILL_AMT1,BILL_AMT2,BILL_AMT3,BILL_AMT4,BILL_AMT5,BILL_AMT6,PAY_AMT1,PAY_AMT2,PAY_AMT3,PAY_AMT4,PAY_AMT5,PAY_AMT6
0.34177215189873417,1.0,0.16666666666666666,0.6666666666666666,0.3148148148148149,0.1,0.2222222222222222,0.2,0.1,0.2,0.1,0.05209266988668204,0.06092857510420419,0.12578589361199924,0.0955199774665444,0.15575500893782088,0.41617246757386034,0.00405385136148598,0.024448243882641912,0.036795819994848586,0.002499712533058698,0.041229568816015624,0.0
