LIMIT_BAL,SEX,EDUCATION,MARRIAGE,AGE,PAY_0,PAY_2,PAY_3,PAY_4,PAY_5,PAY_6,BILL_AMT1,BILL_AMT2,BILL_AMT3,BILL_AMT4,BILL_AMT5,BILL_AMT6,PAY_AMT1,PAY_AMT2,PAY_AMT3,PAY_AMT4,PAY_AMT5,PAY_AMT6
0.2531645569620253,1.0,0.3333333333333333,0.6666666666666666,0.11111111111111116,0.2,0.2222222222222222,0.2,0.2,0.2,0.2,0.06533010389965105,0.07481474810888694,0.11873946708614005,0.11639338858824305,0.17834955866445756,0.4312204930624641,0.00405385136148598,0.0014668946329585146,0.005256545713549798,0.0037495687995880472,0.002656730340582007,0.0029516728624535316
