LIMIT_BAL,SEX,EDUCATION,MARRIAGE,AGE,PAY_0,PAY_2,PAY_3,PAY_4,PAY_5,PAY_6,BILL_AMT1,BILL_AMT2,BILL_AMT3,BILL_AMT4,BILL_AMT5,BILL_AMT6,PAY_AMT1,PAY_AMT2,PAY_AMT3,PAY_AMT4,PAY_AMT5,PAY_AMT6
0.6455696202531646,1.0,0.16666666666666666,0.3333333333333333,0.2962962962962963,0.0,0.0,0.0,0.0,0.0,0.0,0.030997226307850005,0.047389749395358415,0.08850206077852367,0.07929558979522122,0.1525050408002536,0.3979407101702482,0.007931360188747318,0.006107171321883949,0.006071310299150016,0.029996550396704378,0.0,0.0
