LIMIT_BAL,SEX,EDUCATION,MARRIAGE,AGE,PAY_0,PAY_2,PAY_3,PAY_4,PAY_5,PAY_6,BILL_AMT1,BILL_AMT2,BILL_AMT3,BILL_AMT4,BILL_AMT5,BILL_AMT6,PAY_AMT1,PAY_AMT2,PAY_AMT3,PAY_AMT4,PAY_AMT5,PAY_AMT6
0.15189873417721517,1.0,0.3333333333333333,0.6666666666666666,0.018518518518518545,0.2,0.1111111111111111,0.1,0.2,0.1,0.2,0.03748173240385083,0.04358179385581228,0.09470502889381503,0.08754487214061835,0.15998535962065732,0.41684038336022566,0.0010681898337515556,0.009167276514527962,0.0031539274281298787,0.0414402343730471,0.0,0.08235935563816606
