LIMIT_BAL,SEX,EDUCATION,MARRIAGE,AGE,PAY_0,PAY_2,PAY_3,PAY_4,PAY_5,PAY_6,BILL_AMT1,BILL_AMT2,BILL_AMT3,BILL_AMT4,BILL_AMT5,BILL_AMT6,PAY_AMT1,PAY_AMT2,PAY_AMT3,PAY_AMT4,PAY_AMT5,PAY_AMT6
0.4683544303797468,0.0,0.5,0.3333333333333333,0.42592592592592593,0.2,0.2222222222222222,0.2,0.2,0.2,0.2,0.5418431945650075,0.44142824062162306,0.5639732668250146,0.49181963646824045,0.5646202815005081,0.6772560613357612,0.02443458908135674,0.008016579169118283,0.024059209730917425,0.022602400723916748,0.021941861154273316,0.01919454770755886
