LIMIT_BAL,SEX,EDUCATION,MARRIAGE,AGE,PAY_0,PAY_2,PAY_3,PAY_4,PAY_5,PAY_6,BILL_AMT1,BILL_AMT2,BILL_AMT3,BILL_AMT4,BILL_AMT5,BILL_AMT6,PAY_AMT1,PAY_AMT2,PAY_AMT3,PAY_AMT4,PAY_AMT5,PAY_AMT6
0.26582278481012656,0.0,0.5,0.3333333333333333,0.33333333333333337,0.2,0.2222222222222222,0.2,0.2,0.2,0.1,0.3266944716092908,0.3109594504193897,0.22139710385102312,0.12263503592767719,0.15900824501720573,0.3985605828912785,0.04053851361485979,0.004077152138161916,0.008008347394593118,0.01249856266529349,0.0025768480510009765,0.20074349442379183
