LIMIT_BAL,SEX,EDUCATION,MARRIAGE,AGE,PAY_0,PAY_2,PAY_3,PAY_4,PAY_5,PAY_6,BILL_AMT1,BILL_AMT2,BILL_AMT3,BILL_AMT4,BILL_AMT5,BILL_AMT6,PAY_AMT1,PAY_AMT2,PAY_AMT3,PAY_AMT4,PAY_AMT5,PAY_AMT6
0.34177215189873417,1.0,0.3333333333333333,0.3333333333333333,0.14814814814814814,0.2,0.2222222222222222,0.2,0.2,0.2,0.2,0.3908990875227805,0.1550468275613647,0.2210372722786087,0.20544698345349177,0.2694319990326892,0.4973172049247657,0.02027736451015287,0.0024986105248060034,0.008334253228833204,0.008751493578238501,0.007807849594532959,0.006912019826517968
