LIMIT_BAL,SEX,EDUCATION,MARRIAGE,AGE,PAY_0,PAY_2,PAY_3,PAY_4,PAY_5,PAY_6,BILL_AMT1,BILL_AMT2,BILL_AMT3,BILL_AMT4,BILL_AMT5,BILL_AMT6,PAY_AMT1,PAY_AMT2,PAY_AMT3,PAY_AMT4,PAY_AMT5,PAY_AMT6
0.4936708860759494,1.0,0.16666666666666666,0.6666666666666666,0.16666666666666674,0.1,0.1111111111111111,0.2,0.2,0.2,0.2,0.025024448361763547,0.0505441774301446,0.08707098750658179,0.0878265403354848,0.14987434763711469,0.4229289630548827,0.012037911617932617,0.0021384063982684124,0.007895331661751796,0.007724111727151377,0.02918280417758606,0.008133828996282528
