LIMIT_BAL,SEX,EDUCATION,MARRIAGE,AGE,PAY_0,PAY_2,PAY_3,PAY_4,PAY_5,PAY_6,BILL_AMT1,BILL_AMT2,BILL_AMT3,BILL_AMT4,BILL_AMT5,BILL_AMT6,PAY_AMT1,PAY_AMT2,PAY_AMT3,PAY_AMT4,PAY_AMT5,PAY_AMT6
0.2151898734177215,1.0,0.16666666666666666,0.6666666666666666,0.05555555555555558,0.2,0.2222222222222222,0.2,0.2,0.2,0.2,0.22931699989168944,0.19924998713528536,0.2616289146126281,0.2157863037342011,0.2890380159671637,0.5085053802374264,0.009526550699492053,0.0036672365823962865,0.008673300427357167,0.008998965119011314,0.010049707398903809,0.008674101610904586
