LIMIT_BAL,SEX,EDUCATION,MARRIAGE,AGE,PAY_0,PAY_2,PAY_3,PAY_4,PAY_5,PAY_6,BILL_AMT1,BILL_AMT2,BILL_AMT3,BILL_AMT4,BILL_AMT5,BILL_AMT6,PAY_AMT1,PAY_AMT2,PAY_AMT3,PAY_AMT4,PAY_AMT5,PAY_AMT6
0.2911392405063291,0.0,0.3333333333333333,0.3333333333333333,0.4444444444444444,0.2,0.2222222222222222,0.2,0.2,0.2,0.2,0.3823613899541171,0.3419428292080482,0.4456299445892391,0.4138709600091093,0.49421737695382073,0.66211429328065,0.020269256807429897,0.007334473164792573,0.02628272856774899,0.020750113736920255,0.02319163245900879,0.032218091697645605
