LIMIT_BAL,SEX,EDUCATION,MARRIAGE,AGE,PAY_0,PAY_2,PAY_3,PAY_4,PAY_5,PAY_6,BILL_AMT1,BILL_AMT2,BILL_AMT3,BILL_AMT4,BILL_AMT5,BILL_AMT6,PAY_AMT1,PAY_AMT2,PAY_AMT3,PAY_AMT4,PAY_AMT5,PAY_AMT6
0.9240506329113924,0.0,0.16666666666666666,0.3333333333333333,0.537037037037037,0.2,0.2222222222222222,0.2,0.2,0.2,0.2,0.5283467570405789,0.4495355838007513,0.5997401950023026,0.5201512618135836,0.6000692803665324,0.7122794559650152,0.026350033849658866,0.010757227308362441,0.028911001424523887,0.02499712533058698,0.025768480510009767,0.03717472118959108
