LIMIT_BAL,SEX,EDUCATION,MARRIAGE,AGE,PAY_0,PAY_2,PAY_3,PAY_4,PAY_5,PAY_6,BILL_AMT1,BILL_AMT2,BILL_AMT3,BILL_AMT4,BILL_AMT5,BILL_AMT6,PAY_AMT1,PAY_AMT2,PAY_AMT3,PAY_AMT4,PAY_AMT5,PAY_AMT6
0.26582278481012656,1.0,0.16666666666666666,0.3333333333333333,0.2962962962962963,0.0,0.0,0.0,0.0,0.0,0.0,0.04647307854713158,0.17233057170791954,0.0946274505272853,0.10832089798217699,0.15064231396424219,0.4126278267777984,0.2055403986557429,0.00912897426577849,0.05723852627484375,0.02714687810901746,0.03229821347124624,0.01963568773234201
