LIMIT_BAL,SEX,EDUCATION,MARRIAGE,AGE,PAY_0,PAY_2,PAY_3,PAY_4,PAY_5,PAY_6,BILL_AMT1,BILL_AMT2,BILL_AMT3,BILL_AMT4,BILL_AMT5,BILL_AMT6,PAY_AMT1,PAY_AMT2,PAY_AMT3,PAY_AMT4,PAY_AMT5,PAY_AMT6
0.15189873417721517,1.0,0.3333333333333333,0.3333333333333333,0.18518518518518523,0.1,0.1111111111111111,0.2,0.2,0.2,0.2,0.03388550789018879,0.05687747645757217,0.08583963726336535,0.09876665288290394,0.14599366672875758,0.4049303902854578,0.02240563647493301,0.004214877245367466,0.0383543857989161,0.0018172910115336735,0.0134563005223271,0.010408921933085503
