LIMIT_BAL,SEX,EDUCATION,MARRIAGE,AGE,PAY_0,PAY_2,PAY_3,PAY_4,PAY_5,PAY_6,BILL_AMT1,BILL_AMT2,BILL_AMT3,BILL_AMT4,BILL_AMT5,BILL_AMT6,PAY_AMT1,PAY_AMT2,PAY_AMT3,PAY_AMT4,PAY_AMT5,PAY_AMT6
0.4050632911392405,1.0,0.16666666666666666,0.3333333333333333,0.5925925925925926,0.2,0.2222222222222222,0.2,0.2,0.2,0.2,0.5026708756045377,0.41921859723151345,0.4257863887930622,0.306324649562815,0.3892118704718581,0.5803625728116091,0.028376959530401858,0.0061177655608997605,0.015769637140649394,0.015425726041505225,0.015461088306005859,0.014869888475836432
