LIMIT_BAL,SEX,EDUCATION,MARRIAGE,AGE,PAY_0,PAY_2,PAY_3,PAY_4,PAY_5,PAY_6,BILL_AMT1,BILL_AMT2,BILL_AMT3,BILL_AMT4,BILL_AMT5,BILL_AMT6,PAY_AMT1,PAY_AMT2,PAY_AMT3,PAY_AMT4,PAY_AMT5,PAY_AMT6
0.26582278481012656,1.0,0.3333333333333333,1.0,0.537037037037037,0.2,0.2222222222222222,0.2,0.2,0.2,0.2,0.22427977402336055,0.19312252354242784,0.16834505536949584,0.1613524268411811,0.2165599683663232,0.46027365798727676,0.010540013539863547,0.0016298829255094608,0.005256545713549798,0.004999425066117396,0.008245913763203125,0.00495910780669145
