LIMIT_BAL,SEX,EDUCATION,MARRIAGE,AGE,PAY_0,PAY_2,PAY_3,PAY_4,PAY_5,PAY_6,BILL_AMT1,BILL_AMT2,BILL_AMT3,BILL_AMT4,BILL_AMT5,BILL_AMT6,PAY_AMT1,PAY_AMT2,PAY_AMT3,PAY_AMT4,PAY_AMT5,PAY_AMT6
0.27848101265822783,0.0,0.3333333333333333,0.3333333333333333,0.12962962962962965,0.2,0.2222222222222222,0.2,0.1,0.2,0.2,0.3871945524497808,0.34335022899192097,0.23960161032881672,0.43092836638439913,0.43468364689235073,0.6148563219400961,0.020269256807429897,0.005704590239283112,0.6229216932385052,0.016218134914484834,0.01702008137686145,0.01685254027261462
