LIMIT_BAL,SEX,EDUCATION,MARRIAGE,AGE,PAY_0,PAY_2,PAY_3,PAY_4,PAY_5,PAY_6,BILL_AMT1,BILL_AMT2,BILL_AMT3,BILL_AMT4,BILL_AMT5,BILL_AMT6,PAY_AMT1,PAY_AMT2,PAY_AMT3,PAY_AMT4,PAY_AMT5,PAY_AMT6
0.3164556962025316,1.0,0.3333333333333333,1.0,0.3148148148148149,0.1,0.1111111111111111,0.1,0.1,0.1,0.2,0.03658699300062632,0.053195595121700204,0.08934221798200513,0.0878205473951685,0.17277608389460236,0.4190831742639157,0.01621540544594392,0.006519531702037843,0.02102618285419919,0.061007984081830585,0.005153696102001953,0.0009640644361833953
