LIMIT_BAL,SEX,EDUCATION,MARRIAGE,AGE,PAY_0,PAY_2,PAY_3,PAY_4,PAY_5,PAY_6,BILL_AMT1,BILL_AMT2,BILL_AMT3,BILL_AMT4,BILL_AMT5,BILL_AMT6,PAY_AMT1,PAY_AMT2,PAY_AMT3,PAY_AMT4,PAY_AMT5,PAY_AMT6
0.025316455696202535,1.0,0.5,0.3333333333333333,0.07407407407407407,0.0,0.1111111111111111,0.2,0.2,0.4,0.2,0.024029246990457682,0.06895358410950446,0.08235191197661426,0.11987229044185949,0.1760472936539838,0.43034400006561974,0.04187020378710794,0.0008149414627547304,0.06940742960171153,0.0,0.004259529828304614,0.0020396530359355638
