LIMIT_BAL,SEX,EDUCATION,MARRIAGE,AGE,PAY_0,PAY_2,PAY_3,PAY_4,PAY_5,PAY_6,BILL_AMT1,BILL_AMT2,BILL_AMT3,BILL_AMT4,BILL_AMT5,BILL_AMT6,PAY_AMT1,PAY_AMT2,PAY_AMT3,PAY_AMT4,PAY_AMT5,PAY_AMT6
0.48101265822784806,1.0,0.16666666666666666,0.6666666666666666,0.18518518518518523,0.0,0.0,0.0,0.0,0.0,0.0,0.03417904520317648,0.050964853599547166,0.09689868100270865,0.0872961651174916,0.21147505089819382,0.4178762387201327,0.012700716315535574,0.010252778542917262,0.020106287354327977,0.1202111757147928,0.07465901858165129,0.04280297397769517
