LIMIT_BAL,SEX,EDUCATION,MARRIAGE,AGE,PAY_0,PAY_2,PAY_3,PAY_4,PAY_5,PAY_6,BILL_AMT1,BILL_AMT2,BILL_AMT3,BILL_AMT4,BILL_AMT5,BILL_AMT6,PAY_AMT1,PAY_AMT2,PAY_AMT3,PAY_AMT4,PAY_AMT5,PAY_AMT6
0.3291139240506329,1.0,0.16666666666666666,0.3333333333333333,0.4444444444444444,0.2,0.2222222222222222,0.2,0.2,0.2,0.2,0.17499689980645375,0.1562316677816086,0.20583191243878324,0.18120553987402838,0.23314967500318626,0.4600088352368933,0.007349632518374081,0.002200341949437772,0.008357907684544178,0.005749338826035006,0.007215174542802735,0.004978934324659232
