LIMIT_BAL,SEX,EDUCATION,MARRIAGE,AGE,PAY_0,PAY_2,PAY_3,PAY_4,PAY_5,PAY_6,BILL_AMT1,BILL_AMT2,BILL_AMT3,BILL_AMT4,BILL_AMT5,BILL_AMT6,PAY_AMT1,PAY_AMT2,PAY_AMT3,PAY_AMT4,PAY_AMT5,PAY_AMT6
0.2151898734177215,1.0,0.16666666666666666,0.6666666666666666,0.2222222222222222,0.1,0.2222222222222222,0.2,0.2,0.2,0.2,0.07377204865498692,0.08176812638295683,0.14155741046713732,0.13969693700820435,0.20631987268098678,0.4546971470621665,0.020269256807429897,0.008149414627547303,0.013141364283874494,0.0074991375991760945,0.025768480510009767,0.07434944237918216
