LIMIT_BAL,SEX,EDUCATION,MARRIAGE,AGE,PAY_0,PAY_2,PAY_3,PAY_4,PAY_5,PAY_6,BILL_AMT1,BILL_AMT2,BILL_AMT3,BILL_AMT4,BILL_AMT5,BILL_AMT6,PAY_AMT1,PAY_AMT2,PAY_AMT3,PAY_AMT4,PAY_AMT5,PAY_AMT6
0.3164556962025316,1.0,0.5,0.3333333333333333,0.37037037037037035,0.2,0.2222222222222222,0.2,0.2,0.2,0.2,0.43929664064597046,0.33495986209025885,0.4614311723081545,0.42090667194045417,0.3418773672153541,0.5372281026153004,0.020269256807429897,0.009785002143296048,0.024101262096625824,0.012131104922933861,0.011675698519085426,0.009687732342007436
