LIMIT_BAL,SEX,EDUCATION,MARRIAGE,AGE,PAY_0,PAY_2,PAY_3,PAY_4,PAY_5,PAY_6,BILL_AMT1,BILL_AMT2,BILL_AMT3,BILL_AMT4,BILL_AMT5,BILL_AMT6,PAY_AMT1,PAY_AMT2,PAY_AMT3,PAY_AMT4,PAY_AMT5,PAY_AMT6
0.15189873417721517,1.0,0.5,0.6666666666666666,0.6296296296296295,0.2,0.2222222222222222,0.2,0.2,0.2,0.2,0.20664398947032997,0.19926671126434417,0.2878157398252671,0.24843734081252283,0.2981866190854338,0.510308752860613,0.020396953125316707,0.016298829255094606,0.026306383023459962,0.02499712533058698,0.012884240255004883,0.012391573729863693
