LIMIT_BAL,SEX,EDUCATION,MARRIAGE,AGE,PAY_0,PAY_2,PAY_3,PAY_4,PAY_5,PAY_6,BILL_AMT1,BILL_AMT2,BILL_AMT3,BILL_AMT4,BILL_AMT5,BILL_AMT6,PAY_AMT1,PAY_AMT2,PAY_AMT3,PAY_AMT4,PAY_AMT5,PAY_AMT6
0.4936708860759494,0.0,0.16666666666666666,0.6666666666666666,0.14814814814814814,0.2,0.1111111111111111,0.2,0.2,0.2,0.2,0.025792040586635104,0.1491097617454845,0.18808627374599524,0.16860238638883396,0.2340140456139319,0.4704869106082603,0.1676145922433608,0.0015801714962814222,0.004520629313652826,0.004279507856596491,0.004550713658067725,0.004726146220570012
