LIMIT_BAL,SEX,EDUCATION,MARRIAGE,AGE,PAY_0,PAY_2,PAY_3,PAY_4,PAY_5,PAY_6,BILL_AMT1,BILL_AMT2,BILL_AMT3,BILL_AMT4,BILL_AMT5,BILL_AMT6,PAY_AMT1,PAY_AMT2,PAY_AMT3,PAY_AMT4,PAY_AMT5,PAY_AMT6
0.34177215189873417,1.0,0.3333333333333333,0.3333333333333333,0.40740740740740744,0.0,0.0,0.0,0.0,0.0,0.0,0.04699893416130739,0.05010806360314929,0.09825052530457762,0.10580536128440697,0.15017009637160422,0.4078188331159677,0.011350783812160743,0.010917770776525122,0.052575970226925076,0.026424461186963497,0.02172282906993823,0.033608426270136306
