LIMIT_BAL,SEX,EDUCATION,MARRIAGE,AGE,PAY_0,PAY_2,PAY_3,PAY_4,PAY_5,PAY_6,BILL_AMT1,BILL_AMT2,BILL_AMT3,BILL_AMT4,BILL_AMT5,BILL_AMT6,PAY_AMT1,PAY_AMT2,PAY_AMT3,PAY_AMT4,PAY_AMT5,PAY_AMT6
0.24050632911392406,0.0,0.8333333333333333,0.6666666666666666,0.35185185185185186,0.4,0.2222222222222222,0.2,0.2,0.2,0.2,0.11525813231783026,0.3075464416199249,0.39679188695346457,0.2846287073827032,0.2681084825965758,0.3979407101702482,0.3040388521114485,0.006253045843717046,0.013141364283874494,0.01249856266529349,0.0,0.0
