LIMIT_BAL,SEX,EDUCATION,MARRIAGE,AGE,PAY_0,PAY_2,PAY_3,PAY_4,PAY_5,PAY_6,BILL_AMT1,BILL_AMT2,BILL_AMT3,BILL_AMT4,BILL_AMT5,BILL_AMT6,PAY_AMT1,PAY_AMT2,PAY_AMT3,PAY_AMT4,PAY_AMT5,PAY_AMT6
0.34177215189873417,1.0,0.5,0.6666666666666666,0.4814814814814815,0.1,0.1111111111111111,0.1,0.1,0.1,0.1,0.06730951861450388,0.09297071990943241,0.12070368530253088,0.11628701389762859,0.13289738989487032,0.4336331923679489,0.08064529205972133,0.02363330241988718,0.07096336713292227,0.0,0.07849079163348975,0.014827757125154896
