LIMIT_BAL,SEX,EDUCATION,MARRIAGE,AGE,PAY_0,PAY_2,PAY_3,PAY_4,PAY_5,PAY_6,BILL_AMT1,BILL_AMT2,BILL_AMT3,BILL_AMT4,BILL_AMT5,BILL_AMT6,PAY_AMT1,PAY_AMT2,PAY_AMT3,PAY_AMT4,PAY_AMT5,PAY_AMT6
0.4683544303797468,1.0,0.3333333333333333,0.6666666666666666,0.37037037037037035,0.2,0.2222222222222222,0.2,0.2,0.2,0.2,0.4982882222469889,0.38531106880049404,0.46620141654796077,0.4114827732930608,0.4989428208220181,0.6627376813479243,0.02030574146968327,0.008149414627547303,0.03942409285162348,0.07499137599176095,0.07795223039083055,0.04956629491945477
