LIMIT_BAL,SEX,EDUCATION,MARRIAGE,AGE,PAY_0,PAY_2,PAY_3,PAY_4,PAY_5,PAY_6,BILL_AMT1,BILL_AMT2,BILL_AMT3,BILL_AMT4,BILL_AMT5,BILL_AMT6,PAY_AMT1,PAY_AMT2,PAY_AMT3,PAY_AMT4,PAY_AMT5,PAY_AMT6
0.3164556962025316,0.0,0.16666666666666666,0.3333333333333333,0.16666666666666674,0.1,0.2222222222222222,0.1,0.1,0.1,0.1,0.0670049932737573,0.06487932897648331,0.09814488667781375,0.07598299203538232,0.13305915301483973,0.599609093497664,0.02030574146968327,0.01086561452290882,0.000260199012820715,0.0002474715407728111,0.44348585696947207,0.07438166047087981
