LIMIT_BAL,SEX,EDUCATION,MARRIAGE,AGE,PAY_0,PAY_2,PAY_3,PAY_4,PAY_5,PAY_6,BILL_AMT1,BILL_AMT2,BILL_AMT3,BILL_AMT4,BILL_AMT5,BILL_AMT6,PAY_AMT1,PAY_AMT2,PAY_AMT3,PAY_AMT4,PAY_AMT5,PAY_AMT6
0.5949367088607596,0.0,0.16666666666666666,0.3333333333333333,0.2962962962962963,0.2,0.2222222222222222,0.2,0.2,0.2,0.4,0.7622944257735179,0.6471247362733494,0.8191928878794531,0.632906935629828,0.7704368911415901,0.8476964521953922,0.03751231357351051,0.01573407482140558,0.035571044843591484,0.06999445063817661,3.6075872714013675e-05,0.02866914498141264
