LIMIT_BAL,SEX,EDUCATION,MARRIAGE,AGE,PAY_0,PAY_2,PAY_3,PAY_4,PAY_5,PAY_6,BILL_AMT1,BILL_AMT2,BILL_AMT3,BILL_AMT4,BILL_AMT5,BILL_AMT6,PAY_AMT1,PAY_AMT2,PAY_AMT3,PAY_AMT4,PAY_AMT5,PAY_AMT6
0.1772151898734177,1.0,0.16666666666666666,0.6666666666666666,0.16666666666666674,0.2,0.2222222222222222,0.2,0.2,0.2,0.2,0.25997516705726487,0.22074563886173007,0.30538476393893427,0.2918352181130628,0.37794400708489784,0.5681561188702614,0.011148091244086444,0.0027708009733660834,0.015462129216406731,0.014498332691740449,0.007485743588157837,0.006936802973977695
