LIMIT_BAL,SEX,EDUCATION,MARRIAGE,AGE,PAY_0,PAY_2,PAY_3,PAY_4,PAY_5,PAY_6,BILL_AMT1,BILL_AMT2,BILL_AMT3,BILL_AMT4,BILL_AMT5,BILL_AMT6,PAY_AMT1,PAY_AMT2,PAY_AMT3,PAY_AMT4,PAY_AMT5,PAY_AMT6
0.759493670886076,0.0,0.16666666666666666,0.6666666666666666,0.2592592592592593,0.2,0.2222222222222222,0.2,0.2,0.2,0.2,0.44733830724723217,0.39653167292749447,0.5331680528985423,0.4665159442177116,0.5687542278997264,0.7165318531382081,0.020269256807429897,0.008964356090302035,0.02628272856774899,0.02749683786364568,0.025768480510009767,0.024783147459727387
