LIMIT_BAL,SEX,EDUCATION,MARRIAGE,AGE,PAY_0,PAY_2,PAY_3,PAY_4,PAY_5,PAY_6,BILL_AMT1,BILL_AMT2,BILL_AMT3,BILL_AMT4,BILL_AMT5,BILL_AMT6,PAY_AMT1,PAY_AMT2,PAY_AMT3,PAY_AMT4,PAY_AMT5,PAY_AMT6
0.24050632911392406,0.0,0.3333333333333333,0.6666666666666666,0.4444444444444444,0.2,0.2222222222222222,0.2,0.2,0.2,0.2,0.3395363366229395,0.29337853136417436,0.378765645658335,0.30638308073089904,0.38674947631232376,0.5839915819175276,0.018647716262835505,0.007334473164792573,0.02102618285419919,0.014998275198352189,0.015461088306005859,0.014869888475836432
