LIMIT_BAL,SEX,EDUCATION,MARRIAGE,AGE,PAY_0,PAY_2,PAY_3,PAY_4,PAY_5,PAY_6,BILL_AMT1,BILL_AMT2,BILL_AMT3,BILL_AMT4,BILL_AMT5,BILL_AMT6,PAY_AMT1,PAY_AMT2,PAY_AMT3,PAY_AMT4,PAY_AMT5,PAY_AMT6
0.430379746835443,1.0,0.16666666666666666,0.6666666666666666,0.20370370370370372,0.1,0.1111111111111111,0.1,0.1,0.1,0.2,0.04277482234713691,0.04706684505737663,0.08808940989272729,0.08602266530027627,0.1413335816969115,0.39904452889087305,0.0065915623137762025,0.005940108322019229,0.022327177918302767,0.012958509771376291,2.5768480510009766e-06,4.956629491945477e-06
