LIMIT_BAL,SEX,EDUCATION,MARRIAGE,AGE,PAY_0,PAY_2,PAY_3,PAY_4,PAY_5,PAY_6,BILL_AMT1,BILL_AMT2,BILL_AMT3,BILL_AMT4,BILL_AMT5,BILL_AMT6,PAY_AMT1,PAY_AMT2,PAY_AMT3,PAY_AMT4,PAY_AMT5,PAY_AMT6
0.05063291139240507,1.0,0.3333333333333333,0.6666666666666666,0.11111111111111116,0.1,0.1111111111111111,0.1,0.1,0.1,0.1,0.09584385698610956,0.04503293366953121,0.090043724487859,0.09142829746558553,0.22003215654748484,0.3983133368721152,0.003354562001629648,0.006865881823708603,0.027397116259021546,0.13330217025042118,0.0008194376802183105,0.009343246592317224
