LIMIT_BAL,SEX,EDUCATION,MARRIAGE,AGE,PAY_0,PAY_2,PAY_3,PAY_4,PAY_5,PAY_6,BILL_AMT1,BILL_AMT2,BILL_AMT3,BILL_AMT4,BILL_AMT5,BILL_AMT6,PAY_AMT1,PAY_AMT2,PAY_AMT3,PAY_AMT4,PAY_AMT5,PAY_AMT6
0.06329113924050633,1.0,0.3333333333333333,0.3333333333333333,0.3148148148148149,0.0,0.0,0.0,0.0,0.0,0.0,0.0315073847395131,0.08214120310811507,0.0761373896365206,0.07583466676255371,0.21921843903491145,0.44645717546616415,0.06182123326266119,0.0,0.0,0.13205731340895796,0.10669181670364443,0.05551672862453532
