LIMIT_BAL,SEX,EDUCATION,MARRIAGE,AGE,PAY_0,PAY_2,PAY_3,PAY_4,PAY_5,PAY_6,BILL_AMT1,BILL_AMT2,BILL_AMT3,BILL_AMT4,BILL_AMT5,BILL_AMT6,PAY_AMT1,PAY_AMT2,PAY_AMT3,PAY_AMT4,PAY_AMT5,PAY_AMT6
0.10126582278481013,1.0,0.5,0.6666666666666666,0.03703703703703709,0.2,0.1111111111111111,0.1,0.2,0.1,0.1,0.21213800334977875,0.07099521432614625,0.0943534503391165,0.12053600858189054,0.1345084852109293,0.4232687798584721,0.06080777042228969,0.008993693982961204,0.052134420386986895,0.002464716557595876,0.05569857062238611,0.014584882280049567
