LIMIT_BAL,SEX,EDUCATION,MARRIAGE,AGE,PAY_0,PAY_2,PAY_3,PAY_4,PAY_5,PAY_6,BILL_AMT1,BILL_AMT2,BILL_AMT3,BILL_AMT4,BILL_AMT5,BILL_AMT6,PAY_AMT1,PAY_AMT2,PAY_AMT3,PAY_AMT4,PAY_AMT5,PAY_AMT6
0.5189873417721519,0.0,0.16666666666666666,0.6666666666666666,0.20370370370370372,0.0,0.0,0.0,0.0,0.0,0.1,0.0424389026413649,0.05430196058251428,0.0841081541465637,0.09408466826078879,0.14531066688888672,0.4187656213198719,0.01804774626133558,0.003965505157764518,0.03217268803978154,0.01908530518990316,0.04601735249477544,0.024924411400247832
