LIMIT_BAL,SEX,EDUCATION,MARRIAGE,AGE,PAY_0,PAY_2,PAY_3,PAY_4,PAY_5,PAY_6,BILL_AMT1,BILL_AMT2,BILL_AMT3,BILL_AMT4,BILL_AMT5,BILL_AMT6,PAY_AMT1,PAY_AMT2,PAY_AMT3,PAY_AMT4,PAY_AMT5,PAY_AMT6
0.24050632911392406,1.0,0.16666666666666666,0.6666666666666666,0.09259259259259262,0.2,0.2222222222222222,0.2,0.2,0.2,0.2,0.20967511541353442,0.17555704214480525,0.21759081208043723,0.17235546526192147,0.21366783985777918,0.43873513155011534,0.006613858496264375,0.004167610640527691,0.004239404117977912,0.0035045969713482948,0.007872270795807983,0.017454770755885998
