LIMIT_BAL,SEX,EDUCATION,MARRIAGE,AGE,PAY_0,PAY_2,PAY_3,PAY_4,PAY_5,PAY_6,BILL_AMT1,BILL_AMT2,BILL_AMT3,BILL_AMT4,BILL_AMT5,BILL_AMT6,PAY_AMT1,PAY_AMT2,PAY_AMT3,PAY_AMT4,PAY_AMT5,PAY_AMT6
0.5569620253164557,0.0,0.16666666666666666,0.6666666666666666,0.3148148148148149,0.1,0.2222222222222222,0.1,0.1,0.1,0.1,0.07072365581101848,0.11148690372047548,0.09416198032810698,0.08792842032086202,0.17016663235327759,0.41248838471011867,0.06146246741716968,0.008942352670807657,0.02132054941415798,0.057300910395304536,0.032148756284288184,0.016674101610904584
