LIMIT_BAL,SEX,EDUCATION,MARRIAGE,AGE,PAY_0,PAY_2,PAY_3,PAY_4,PAY_5,PAY_6,BILL_AMT1,BILL_AMT2,BILL_AMT3,BILL_AMT4,BILL_AMT5,BILL_AMT6,PAY_AMT1,PAY_AMT2,PAY_AMT3,PAY_AMT4,PAY_AMT5,PAY_AMT6
0.18987341772151897,1.0,0.3333333333333333,0.6666666666666666,0.12962962962962965,0.1,0.1111111111111111,0.1,0.1,0.1,0.4,0.02626766521677024,0.04332321309113364,0.07939898223785528,0.07704823717660596,0.13643493691238323,0.4002807589866897,0.0006607777719222147,0.0016103243304033473,0.002128901013987668,0.005411877634072081,0.0,0.07032713754646841
