LIMIT_BAL,SEX,EDUCATION,MARRIAGE,AGE,PAY_0,PAY_2,PAY_3,PAY_4,PAY_5,PAY_6,BILL_AMT1,BILL_AMT2,BILL_AMT3,BILL_AMT4,BILL_AMT5,BILL_AMT6,PAY_AMT1,PAY_AMT2,PAY_AMT3,PAY_AMT4,PAY_AMT5,PAY_AMT6
0.30379746835443033,1.0,0.3333333333333333,0.3333333333333333,0.18518518518518523,0.2,0.2222222222222222,0.2,0.2,0.2,0.2,0.09064965929265356,0.09830057119333094,0.12464037475302844,0.11730131904616362,0.2738273807773126,0.4749385107352815,0.00810770272297196,0.002444824388264191,0.002368073843954184,0.157481889582698,0.006957489737702637,0.004956629491945477
