LIMIT_BAL,SEX,EDUCATION,MARRIAGE,AGE,PAY_0,PAY_2,PAY_3,PAY_4,PAY_5,PAY_6,BILL_AMT1,BILL_AMT2,BILL_AMT3,BILL_AMT4,BILL_AMT5,BILL_AMT6,PAY_AMT1,PAY_AMT2,PAY_AMT3,PAY_AMT4,PAY_AMT5,PAY_AMT6
0.6835443037974683,0.0,0.3333333333333333,0.3333333333333333,0.4814814814814815,0.2,0.2222222222222222,0.2,0.2,0.2,0.0,0.131284955663308,0.14170097257242836,0.16725070522036384,0.12078171913485913,0.13289738989487032,0.3979407101702482,0.020269256807429897,0.016298829255094606,0.013141364283874494,0.0,0.0,0.0
