LIMIT_BAL,SEX,EDUCATION,MARRIAGE,AGE,PAY_0,PAY_2,PAY_3,PAY_4,PAY_5,PAY_6,BILL_AMT1,BILL_AMT2,BILL_AMT3,BILL_AMT4,BILL_AMT5,BILL_AMT6,PAY_AMT1,PAY_AMT2,PAY_AMT3,PAY_AMT4,PAY_AMT5,PAY_AMT6
0.3924050632911392,1.0,0.3333333333333333,0.3333333333333333,0.33333333333333337,0.2,0.2222222222222222,0.2,0.2,0.2,0.2,0.25546850595786563,0.22035712447897907,0.2937133462850691,0.2567630331469529,0.3295866380394964,0.5396056484583449,0.010152870734841635,0.0049915164593727235,0.01051571969995637,0.010031346395164556,0.012884240255004883,0.009950433705080546
