LIMIT_BAL,SEX,EDUCATION,MARRIAGE,AGE,PAY_0,PAY_2,PAY_3,PAY_4,PAY_5,PAY_6,BILL_AMT1,BILL_AMT2,BILL_AMT3,BILL_AMT4,BILL_AMT5,BILL_AMT6,PAY_AMT1,PAY_AMT2,PAY_AMT3,PAY_AMT4,PAY_AMT5,PAY_AMT6
0.430379746835443,0.0,0.5,0.6666666666666666,0.2777777777777778,0.1,0.1111111111111111,0.1,0.1,0.1,0.1,0.03845338800138763,0.05072556990685947,0.0969713075586088,0.10295721639908188,0.15503279379613927,0.4434855361078789,0.012339923544363321,0.010296785381906018,0.04762167589190439,0.03386360568534618,0.10015693004630596,0.011524163568773234
