LIMIT_BAL,SEX,EDUCATION,MARRIAGE,AGE,PAY_0,PAY_2,PAY_3,PAY_4,PAY_5,PAY_6,BILL_AMT1,BILL_AMT2,BILL_AMT3,BILL_AMT4,BILL_AMT5,BILL_AMT6,PAY_AMT1,PAY_AMT2,PAY_AMT3,PAY_AMT4,PAY_AMT5,PAY_AMT6
0.5949367088607596,1.0,0.3333333333333333,0.6666666666666666,0.3148148148148149,0.0,0.0,0.1,0.2,0.2,0.2,0.032849493844349875,0.05268100653527505,0.28079242174901253,0.3411031804534259,0.5796724215122073,0.7414568297904501,0.015404635173646722,0.1010429620840335,0.15769637140649392,0.2499712533058698,0.06248856523677368,0.031561338289962826
