LIMIT_BAL,SEX,EDUCATION,MARRIAGE,AGE,PAY_0,PAY_2,PAY_3,PAY_4,PAY_5,PAY_6,BILL_AMT1,BILL_AMT2,BILL_AMT3,BILL_AMT4,BILL_AMT5,BILL_AMT6,PAY_AMT1,PAY_AMT2,PAY_AMT3,PAY_AMT4,PAY_AMT5,PAY_AMT6
0.16455696202531644,1.0,0.3333333333333333,0.3333333333333333,0.14814814814814814,0.2,0.2222222222222222,0.2,0.2,0.2,0.2,0.15237569008738622,0.16135053774507283,0.1483958609465551,0.11000341597598029,0.15355568409460038,0.4327508404606978,0.040877010203543875,0.0040747073137736515,0.07569425827511708,0.004999425066117396,0.05155499895637654,0.02480545229244114
