LIMIT_BAL,SEX,EDUCATION,MARRIAGE,AGE,PAY_0,PAY_2,PAY_3,PAY_4,PAY_5,PAY_6,BILL_AMT1,BILL_AMT2,BILL_AMT3,BILL_AMT4,BILL_AMT5,BILL_AMT6,PAY_AMT1,PAY_AMT2,PAY_AMT3,PAY_AMT4,PAY_AMT5,PAY_AMT6
0.4683544303797468,0.0,0.3333333333333333,0.6666666666666666,0.16666666666666674,0.2,0.2222222222222222,0.2,0.2,0.2,0.2,0.09900683926242078,0.10458369783358207,0.29924451875828395,0.21895656916152773,0.2824727208556779,0.5066914615755078,0.006080777042228969,0.07377420579879748,0.013141364283874494,0.0074991375991760945,0.010307392204003906,0.007434944237918216
