LIMIT_BAL,SEX,EDUCATION,MARRIAGE,AGE,PAY_0,PAY_2,PAY_3,PAY_4,PAY_5,PAY_6,BILL_AMT1,BILL_AMT2,BILL_AMT3,BILL_AMT4,BILL_AMT5,BILL_AMT6,PAY_AMT1,PAY_AMT2,PAY_AMT3,PAY_AMT4,PAY_AMT5,PAY_AMT6
0.4050632911392405,0.0,0.16666666666666666,0.3333333333333333,0.2407407407407407,0.2,0.2222222222222222,0.2,0.2,0.2,0.2,0.24066449313012808,0.22462177738897754,0.2916517424596304,0.2679938032997129,0.3240523785714519,0.5221039112914092,0.014218883650412073,0.005704590239283112,0.026301126477746413,0.01624813146488154,0.017007197136606447,0.02230483271375465
