LIMIT_BAL,SEX,EDUCATION,MARRIAGE,AGE,PAY_0,PAY_2,PAY_3,PAY_4,PAY_5,PAY_6,BILL_AMT1,BILL_AMT2,BILL_AMT3,BILL_AMT4,BILL_AMT5,BILL_AMT6,PAY_AMT1,PAY_AMT2,PAY_AMT3,PAY_AMT4,PAY_AMT5,PAY_AMT6
0.2911392405063291,1.0,0.3333333333333333,0.3333333333333333,0.33333333333333337,0.1,0.1111111111111111,0.1,0.2,0.2,0.2,0.038156711251897395,0.04654582411362116,0.18855174394517354,0.21908841384848649,0.3353970385911249,0.5755348306364768,0.005738226602183404,0.05551055267700122,0.08095080398866689,0.07499137599176095,0.0773054415300293,0.024783147459727387
