LIMIT_BAL,SEX,EDUCATION,MARRIAGE,AGE,PAY_0,PAY_2,PAY_3,PAY_4,PAY_5,PAY_6,BILL_AMT1,BILL_AMT2,BILL_AMT3,BILL_AMT4,BILL_AMT5,BILL_AMT6,PAY_AMT1,PAY_AMT2,PAY_AMT3,PAY_AMT4,PAY_AMT5,PAY_AMT6
0.48101265822784806,1.0,0.16666666666666666,0.6666666666666666,0.09259259259259262,0.0,0.1111111111111111,0.1,0.2,0.2,0.2,0.031946905849869006,0.04450933978284362,0.4053766759815727,0.3765319453683561,0.47747734499334976,0.6476908276414018,0.002529603249567251,0.16455705486674893,0.016282150347720497,0.07499137599176095,0.020614784408007812,0.01982651796778191
