LIMIT_BAL,SEX,EDUCATION,MARRIAGE,AGE,PAY_0,PAY_2,PAY_3,PAY_4,PAY_5,PAY_6,BILL_AMT1,BILL_AMT2,BILL_AMT3,BILL_AMT4,BILL_AMT5,BILL_AMT6,PAY_AMT1,PAY_AMT2,PAY_AMT3,PAY_AMT4,PAY_AMT5,PAY_AMT6
0.24050632911392406,1.0,0.16666666666666666,0.3333333333333333,0.16666666666666674,0.2,0.2222222222222222,0.2,0.4,0.2,0.2,0.05332018955917602,0.07875906962383575,0.1673778016931891,0.13315564265295482,0.14640379342686183,0.4134082336439727,0.05474726263686815,0.02469272632146833,0.0004704608413627069,0.01353594336651285,0.025768480510009767,0.024783147459727387
