LIMIT_BAL,SEX,EDUCATION,MARRIAGE,AGE,PAY_0,PAY_2,PAY_3,PAY_4,PAY_5,PAY_6,BILL_AMT1,BILL_AMT2,BILL_AMT3,BILL_AMT4,BILL_AMT5,BILL_AMT6,PAY_AMT1,PAY_AMT2,PAY_AMT3,PAY_AMT4,PAY_AMT5,PAY_AMT6
0.2531645569620253,0.0,0.5,0.6666666666666666,0.20370370370370372,0.2,0.2222222222222222,0.2,0.2,0.2,0.2,0.1881558479068592,0.1788336849688674,0.2551651511375134,0.17926832191678205,0.24958905631644135,0.48397880949284094,0.00865091880541108,0.0040747073137736515,0.007884818570324697,0.008748993865705443,0.009018968178503417,0.007434944237918216
