LIMIT_BAL,SEX,EDUCATION,MARRIAGE,AGE,PAY_0,PAY_2,PAY_3,PAY_4,PAY_5,PAY_6,BILL_AMT1,BILL_AMT2,BILL_AMT3,BILL_AMT4,BILL_AMT5,BILL_AMT6,PAY_AMT1,PAY_AMT2,PAY_AMT3,PAY_AMT4,PAY_AMT5,PAY_AMT6
0.08860759493670886,1.0,0.3333333333333333,0.6666666666666666,0.20370370370370372,0.2,0.2222222222222222,0.2,0.2,0.2,0.2,0.04915572703855385,0.06817398240107035,0.11445284968448713,0.11710654848588363,0.18379721767433654,0.4420852565206743,0.010134628403714948,0.0040747073137736515,0.015769637140649394,0.01249856266529349,0.020614784408007812,0.024783147459727387
