LIMIT_BAL,SEX,EDUCATION,MARRIAGE,AGE,PAY_0,PAY_2,PAY_3,PAY_4,PAY_5,PAY_6,BILL_AMT1,BILL_AMT2,BILL_AMT3,BILL_AMT4,BILL_AMT5,BILL_AMT6,PAY_AMT1,PAY_AMT2,PAY_AMT3,PAY_AMT4,PAY_AMT5,PAY_AMT6
0.4050632911392405,1.0,0.3333333333333333,0.6666666666666666,0.2222222222222222,0.30000000000000004,0.0,0.0,0.1,0.2,0.2,0.02360385334436322,0.04078371841712551,0.07211486880177738,0.21836326807021328,0.20808782920428887,0.45239342349024664,0.0,0.0,0.2698710569336466,0.00431950325712543,0.004367757446446656,0.004956629491945477
