LIMIT_BAL,SEX,EDUCATION,MARRIAGE,AGE,PAY_0,PAY_2,PAY_3,PAY_4,PAY_5,PAY_6,BILL_AMT1,BILL_AMT2,BILL_AMT3,BILL_AMT4,BILL_AMT5,BILL_AMT6,PAY_AMT1,PAY_AMT2,PAY_AMT3,PAY_AMT4,PAY_AMT5,PAY_AMT6
0.4430379746835443,0.0,0.16666666666666666,0.6666666666666666,0.2222222222222222,0.1,0.1111111111111111,0.1,0.1,0.2,0.1,0.032637581880428285,0.04844465599752998,0.09595123456892013,0.10851117383721975,0.15545762623242257,0.40140918513102275,0.008750238163767486,0.009784187201833293,0.057322631006260547,0.0,0.007627470230962891,0.004485749690210657
