LIMIT_BAL,SEX,EDUCATION,MARRIAGE,AGE,PAY_0,PAY_2,PAY_3,PAY_4,PAY_5,PAY_6,BILL_AMT1,BILL_AMT2,BILL_AMT3,BILL_AMT4,BILL_AMT5,BILL_AMT6,PAY_AMT1,PAY_AMT2,PAY_AMT3,PAY_AMT4,PAY_AMT5,PAY_AMT6
0.2911392405063291,1.0,0.16666666666666666,0.6666666666666666,0.12962962962962965,0.1,0.1111111111111111,0.1,0.1,0.1,0.2,0.037513126768876255,0.051134667833067464,0.10299435988769294,0.11752305783786698,0.15657199439221184,0.44145718132507455,0.01296827050539365,0.013293325140455161,0.07314220533118866,0.0362533308669503,0.08666713049931585,0.027216852540272615
