LIMIT_BAL,SEX,EDUCATION,MARRIAGE,AGE,PAY_0,PAY_2,PAY_3,PAY_4,PAY_5,PAY_6,BILL_AMT1,BILL_AMT2,BILL_AMT3,BILL_AMT4,BILL_AMT5,BILL_AMT6,PAY_AMT1,PAY_AMT2,PAY_AMT3,PAY_AMT4,PAY_AMT5,PAY_AMT6
0.620253164556962,1.0,0.16666666666666666,0.3333333333333333,0.5185185185185185,0.2,0.2222222222222222,0.2,0.2,0.2,0.2,0.708013568644564,0.5857729120568106,0.7602349799204079,0.7083415736262683,0.8251683807021499,0.8822687107233294,0.04085674094673644,0.011140249795857165,0.035733997760711525,0.03613084495283042,0.08689131627975293,0.030443618339529122
