LIMIT_BAL,SEX,EDUCATION,MARRIAGE,AGE,PAY_0,PAY_2,PAY_3,PAY_4,PAY_5,PAY_6,BILL_AMT1,BILL_AMT2,BILL_AMT3,BILL_AMT4,BILL_AMT5,BILL_AMT6,PAY_AMT1,PAY_AMT2,PAY_AMT3,PAY_AMT4,PAY_AMT5,PAY_AMT6
0.4177215189873417,0.0,0.5,0.3333333333333333,0.42592592592592593,0.2,0.2222222222222222,0.2,0.2,0.2,0.2,0.1957940969175443,0.18648175783461124,0.26051640782452107,0.24150650533671336,0.31252307983908656,0.528157337523626,0.008172564344755735,0.003355114002161225,0.0110361177255978,0.010256320523139838,0.010049707398903809,0.008381660470879801
