LIMIT_BAL,SEX,EDUCATION,MARRIAGE,AGE,PAY_0,PAY_2,PAY_3,PAY_4,PAY_5,PAY_6,BILL_AMT1,BILL_AMT2,BILL_AMT3,BILL_AMT4,BILL_AMT5,BILL_AMT6,PAY_AMT1,PAY_AMT2,PAY_AMT3,PAY_AMT4,PAY_AMT5,PAY_AMT6
0.34177215189873417,1.0,0.16666666666666666,0.6666666666666666,0.12962962962962965,0.1,0.1111111111111111,0.1,0.2,0.2,0.1,0.029802670718632712,0.04525677970462615,0.09264672627546264,0.09602488268819331,0.17141335215667822,0.4150522439040966,0.0074144941401578564,0.008165713456802398,0.02628272856774899,0.02749683786364568,0.03762971208876726,0.00946468401486989
