LIMIT_BAL,SEX,EDUCATION,MARRIAGE,AGE,PAY_0,PAY_2,PAY_3,PAY_4,PAY_5,PAY_6,BILL_AMT1,BILL_AMT2,BILL_AMT3,BILL_AMT4,BILL_AMT5,BILL_AMT6,PAY_AMT1,PAY_AMT2,PAY_AMT3,PAY_AMT4,PAY_AMT5,PAY_AMT6
0.4430379746835443,0.0,0.16666666666666666,0.3333333333333333,0.40740740740740744,0.1,0.4444444444444444,0.1,0.1,0.1,0.1,0.05591022467377331,0.05137909741161942,0.09532895703313918,0.12941904436573715,0.14871586226278827,0.4014583999784392,6.891547314526166e-05,0.009848567577390917,0.11006943896887598,0.02512961009483909,0.010348621772819921,0.001251548946716233
