LIMIT_BAL,SEX,EDUCATION,MARRIAGE,AGE,PAY_0,PAY_2,PAY_3,PAY_4,PAY_5,PAY_6,BILL_AMT1,BILL_AMT2,BILL_AMT3,BILL_AMT4,BILL_AMT5,BILL_AMT6,PAY_AMT1,PAY_AMT2,PAY_AMT3,PAY_AMT4,PAY_AMT5,PAY_AMT6
0.2151898734177215,1.0,0.3333333333333333,0.6666666666666666,0.2962962962962963,0.30000000000000004,0.4444444444444444,0.2,0.2,0.2,0.2,0.08225794552135837,0.0852042916688108,0.1316422349832216,0.26768516687342314,0.3074610379636801,0.5216234806380587,0.0,0.00247905192969989,0.2877170296311482,0.009998850132234793,0.010307392204003906,0.017417596034696406
