LIMIT_BAL,SEX,EDUCATION,MARRIAGE,AGE,PAY_0,PAY_2,PAY_3,PAY_4,PAY_5,PAY_6,BILL_AMT1,BILL_AMT2,BILL_AMT3,BILL_AMT4,BILL_AMT5,BILL_AMT6,PAY_AMT1,PAY_AMT2,PAY_AMT3,PAY_AMT4,PAY_AMT5,PAY_AMT6
0.4936708860759494,1.0,0.3333333333333333,0.3333333333333333,0.33333333333333337,0.0,0.0,0.0,0.0,0.0,0.0,0.10613492984144275,0.04758400658673391,0.09536527031108925,0.1120020615714688,0.1423793230785319,0.4048975803871802,0.00741044028879637,0.009545409353246158,0.06377504086964292,0.019577748558915725,0.015373475472271827,0.023204460966542752
