LIMIT_BAL,SEX,EDUCATION,MARRIAGE,AGE,PAY_0,PAY_2,PAY_3,PAY_4,PAY_5,PAY_6,BILL_AMT1,BILL_AMT2,BILL_AMT3,BILL_AMT4,BILL_AMT5,BILL_AMT6,PAY_AMT1,PAY_AMT2,PAY_AMT3,PAY_AMT4,PAY_AMT5,PAY_AMT6
0.620253164556962,0.0,0.16666666666666666,0.3333333333333333,0.5,0.2,0.2222222222222222,0.2,0.2,0.2,0.2,0.19292308223596946,0.18390752843101943,0.2633306868656524,0.246919628677418,0.3245376679313602,0.5390092113789414,0.010134628403714948,0.004540038889006603,0.01091258890132938,0.01249856266529349,0.012884240255004883,0.012391573729863693
