LIMIT_BAL,SEX,EDUCATION,MARRIAGE,AGE,PAY_0,PAY_2,PAY_3,PAY_4,PAY_5,PAY_6,BILL_AMT1,BILL_AMT2,BILL_AMT3,BILL_AMT4,BILL_AMT5,BILL_AMT6,PAY_AMT1,PAY_AMT2,PAY_AMT3,PAY_AMT4,PAY_AMT5,PAY_AMT6
0.1139240506329114,1.0,0.3333333333333333,0.3333333333333333,0.40740740740740744,0.1,0.1111111111111111,0.1,0.1,0.1,0.2,0.057453257714772776,0.13419441156795142,0.09135100249406196,0.0785989104834505,0.20020718751123356,0.44519282260039533,0.1438569963393722,0.0075186499353751424,0.004849163420749689,0.10297315808682,0.007524396308922852,0.003405204460966543
