LIMIT_BAL,SEX,EDUCATION,MARRIAGE,AGE,PAY_0,PAY_2,PAY_3,PAY_4,PAY_5,PAY_6,BILL_AMT1,BILL_AMT2,BILL_AMT3,BILL_AMT4,BILL_AMT5,BILL_AMT6,PAY_AMT1,PAY_AMT2,PAY_AMT3,PAY_AMT4,PAY_AMT5,PAY_AMT6
0.4430379746835443,0.0,0.3333333333333333,0.3333333333333333,0.20370370370370372,0.1,0.1111111111111111,0.1,0.2,0.2,0.1,0.025507921583155038,0.04762517367364792,0.13085159588603573,0.12651846125264438,0.15994777828975534,0.4062486451269684,0.007455032653772716,0.0270136796073938,0.003382587166669295,0.0010323812761532424,0.01836519605948396,0.002956629491945477
