LIMIT_BAL,SEX,EDUCATION,MARRIAGE,AGE,PAY_0,PAY_2,PAY_3,PAY_4,PAY_5,PAY_6,BILL_AMT1,BILL_AMT2,BILL_AMT3,BILL_AMT4,BILL_AMT5,BILL_AMT6,PAY_AMT1,PAY_AMT2,PAY_AMT3,PAY_AMT4,PAY_AMT5,PAY_AMT6
0.5949367088607596,1.0,0.3333333333333333,0.3333333333333333,0.2592592592592593,0.1,0.4444444444444444,0.1,0.1,0.4,0.2,0.052620095219109125,0.05709489013533681,0.37675025873210544,0.35893517436459854,0.42567066335950954,0.610907416325971,0.0,0.14841958402127975,0.03406241622380269,0.0,0.02319163245900879,0.12391573729863693
