LIMIT_BAL,SEX,EDUCATION,MARRIAGE,AGE,PAY_0,PAY_2,PAY_3,PAY_4,PAY_5,PAY_6,BILL_AMT1,BILL_AMT2,BILL_AMT3,BILL_AMT4,BILL_AMT5,BILL_AMT6,PAY_AMT1,PAY_AMT2,PAY_AMT3,PAY_AMT4,PAY_AMT5,PAY_AMT6
0.24050632911392406,0.0,0.16666666666666666,0.6666666666666666,0.16666666666666674,0.1,0.1111111111111111,0.0,0.1,0.2,0.2,0.03813316547812833,0.043221581845314674,0.08606576994878178,0.12724510526599664,0.17113721107309407,0.3957858029226588,0.0016316751729981067,0.005007000347165063,0.09045989518447847,0.0005749338826035006,0.004738823565790796,0.0
