LIMIT_BAL,SEX,EDUCATION,MARRIAGE,AGE,PAY_0,PAY_2,PAY_3,PAY_4,PAY_5,PAY_6,BILL_AMT1,BILL_AMT2,BILL_AMT3,BILL_AMT4,BILL_AMT5,BILL_AMT6,PAY_AMT1,PAY_AMT2,PAY_AMT3,PAY_AMT4,PAY_AMT5,PAY_AMT6
0.620253164556962,0.0,0.16666666666666666,0.3333333333333333,0.2592592592592593,0.2,0.2222222222222222,0.2,0.2,0.4,0.2,0.24981595053503847,0.19455693922708797,0.24253308222151432,0.23272385130316486,0.29885654715803445,0.5059204289659843,0.009818427997519042,0.004152126752735351,0.018999784481625745,0.0,0.007325979008995776,0.002973977695167286
