LIMIT_BAL,SEX,EDUCATION,MARRIAGE,AGE,PAY_0,PAY_2,PAY_3,PAY_4,PAY_5,PAY_6,BILL_AMT1,BILL_AMT2,BILL_AMT3,BILL_AMT4,BILL_AMT5,BILL_AMT6,PAY_AMT1,PAY_AMT2,PAY_AMT3,PAY_AMT4,PAY_AMT5,PAY_AMT6
0.2151898734177215,1.0,0.5,0.6666666666666666,0.09259259259259262,0.1,0.4444444444444444,0.1,0.4,0.4,0.0,0.02674172012865411,0.04488370297946792,0.08059897101375119,0.07830675464303051,0.13289738989487032,0.3979407101702482,0.0,0.002202786773826036,0.0,0.0,0.0,0.0
