LIMIT_BAL,SEX,EDUCATION,MARRIAGE,AGE,PAY_0,PAY_2,PAY_3,PAY_4,PAY_5,PAY_6,BILL_AMT1,BILL_AMT2,BILL_AMT3,BILL_AMT4,BILL_AMT5,BILL_AMT6,PAY_AMT1,PAY_AMT2,PAY_AMT3,PAY_AMT4,PAY_AMT5,PAY_AMT6
0.8481012658227848,1.0,0.16666666666666666,0.3333333333333333,0.38888888888888884,0.2,0.2222222222222222,0.2,0.2,0.2,0.2,0.321512831661845,0.2858964133175526,0.38987750871106025,0.34844902704613967,0.4306493727185681,0.6062027112693797,0.01621540544594392,0.007334473164792573,0.018397909997424293,0.017497987731410886,0.018037936357006835,0.01734820322180917
