LIMIT_BAL,SEX,EDUCATION,MARRIAGE,AGE,PAY_0,PAY_2,PAY_3,PAY_4,PAY_5,PAY_6,BILL_AMT1,BILL_AMT2,BILL_AMT3,BILL_AMT4,BILL_AMT5,BILL_AMT6,PAY_AMT1,PAY_AMT2,PAY_AMT3,PAY_AMT4,PAY_AMT5,PAY_AMT6
0.2911392405063291,0.0,0.3333333333333333,0.3333333333333333,0.3148148148148149,0.2,0.2222222222222222,0.2,0.2,0.2,0.2,0.23137333080085457,0.22811197447640613,0.3330241202695766,0.3191165806679731,0.38886710261010515,0.5825385721366625,0.040599321385282085,0.016298829255094606,0.026466707667723233,0.025089614694310154,0.033852052845999826,0.02491201982651797
