LIMIT_BAL,SEX,EDUCATION,MARRIAGE,AGE,PAY_0,PAY_2,PAY_3,PAY_4,PAY_5,PAY_6,BILL_AMT1,BILL_AMT2,BILL_AMT3,BILL_AMT4,BILL_AMT5,BILL_AMT6,PAY_AMT1,PAY_AMT2,PAY_AMT3,PAY_AMT4,PAY_AMT5,PAY_AMT6
0.24050632911392406,1.0,0.16666666666666666,0.6666666666666666,0.09259259259259262,0.2,0.2222222222222222,0.2,0.2,0.0,0.0,0.33195773690580277,0.30172901765038856,0.4073507978192226,0.07354536356172428,0.13040068234625152,0.39617834991990863,0.01783694599053831,0.00829854891523142,0.003952922376589448,0.0,6.184435322402343e-05,0.506555142503098
