LIMIT_BAL,SEX,EDUCATION,MARRIAGE,AGE,PAY_0,PAY_2,PAY_3,PAY_4,PAY_5,PAY_6,BILL_AMT1,BILL_AMT2,BILL_AMT3,BILL_AMT4,BILL_AMT5,BILL_AMT6,PAY_AMT1,PAY_AMT2,PAY_AMT3,PAY_AMT4,PAY_AMT5,PAY_AMT6
0.3164556962025316,1.0,0.3333333333333333,0.3333333333333333,0.2777777777777778,0.2,0.2222222222222222,0.1,0.2,0.1,0.2,0.035422262058183177,0.053111974476406115,0.08435574467804154,0.08179164943696325,0.14371917922373312,0.4265626592891266,0.00412884761167347,0.0040575935430558025,0.0026782100410536218,0.01655559610644776,0.046689909836086695,0.003425030978934325
