LIMIT_BAL,SEX,EDUCATION,MARRIAGE,AGE,PAY_0,PAY_2,PAY_3,PAY_4,PAY_5,PAY_6,BILL_AMT1,BILL_AMT2,BILL_AMT3,BILL_AMT4,BILL_AMT5,BILL_AMT6,PAY_AMT1,PAY_AMT2,PAY_AMT3,PAY_AMT4,PAY_AMT5,PAY_AMT6
0.3291139240506329,0.0,1.0,0.6666666666666666,0.20370370370370372,0.0,0.0,0.0,0.0,0.0,0.0,0.06184218994532671,0.10903874852055781,0.12081427573992432,0.1363019363190162,0.2166612745626677,0.43880543847499587,0.10620685181957118,0.02264477842556569,0.10662640152650087,0.13373462051864035,0.09032110103563523,0.29836679058240395
