LIMIT_BAL,SEX,EDUCATION,MARRIAGE,AGE,PAY_0,PAY_2,PAY_3,PAY_4,PAY_5,PAY_6,BILL_AMT1,BILL_AMT2,BILL_AMT3,BILL_AMT4,BILL_AMT5,BILL_AMT6,PAY_AMT1,PAY_AMT2,PAY_AMT3,PAY_AMT4,PAY_AMT5,PAY_AMT6
0.16455696202531644,1.0,0.8333333333333333,0.6666666666666666,0.12962962962962965,0.2,0.2222222222222222,0.1,0.2,0.2,0.2,0.19358707305625714,0.05126588792260588,0.08658075825425568,0.2833177516885109,0.36245723081146264,0.5631690143320666,0.00202692568074299,0.005156134634849179,0.35481683566461136,0.01174864890537588,0.012884240255004883,0.012391573729863693
