LIMIT_BAL,SEX,EDUCATION,MARRIAGE,AGE,PAY_0,PAY_2,PAY_3,PAY_4,PAY_5,PAY_6,BILL_AMT1,BILL_AMT2,BILL_AMT3,BILL_AMT4,BILL_AMT5,BILL_AMT6,PAY_AMT1,PAY_AMT2,PAY_AMT3,PAY_AMT4,PAY_AMT5,PAY_AMT6
0.2531645569620253,1.0,0.3333333333333333,0.3333333333333333,0.37037037037037035,0.1,0.2222222222222222,0.1,0.1,0.1,0.1,0.04496928846241388,0.09804456337158443,0.09195677399441106,0.0877875862234288,0.1438907461691552,0.40582446001352235,0.08513087859120556,0.007823438042445412,0.02096836085135014,0.016818065922418923,0.01733703368713457,0.016674101610904584
