LIMIT_BAL,SEX,EDUCATION,MARRIAGE,AGE,PAY_0,PAY_2,PAY_3,PAY_4,PAY_5,PAY_6,BILL_AMT1,BILL_AMT2,BILL_AMT3,BILL_AMT4,BILL_AMT5,BILL_AMT6,PAY_AMT1,PAY_AMT2,PAY_AMT3,PAY_AMT4,PAY_AMT5,PAY_AMT6
0.430379746835443,0.0,0.3333333333333333,0.3333333333333333,0.5185185185185185,0.2,0.2222222222222222,0.2,0.2,0.2,0.2,0.35874968801849755,0.31003705037822266,0.42635749761900443,0.37548168257792325,0.4556785390992899,0.6345071074442143,0.015404635173646722,0.0065260512337398805,0.01892356456877927,0.017997930238022628,0.019326360382507325,0.01858736059479554
