LIMIT_BAL,SEX,EDUCATION,MARRIAGE,AGE,PAY_0,PAY_2,PAY_3,PAY_4,PAY_5,PAY_6,BILL_AMT1,BILL_AMT2,BILL_AMT3,BILL_AMT4,BILL_AMT5,BILL_AMT6,PAY_AMT1,PAY_AMT2,PAY_AMT3,PAY_AMT4,PAY_AMT5,PAY_AMT6
0.37974683544303794,1.0,0.3333333333333333,0.6666666666666666,0.20370370370370372,0.2,0.2222222222222222,0.2,0.2,0.2,0.2,0.10409586583304162,0.10805588432048577,0.15884748258200612,0.1497560873291263,0.2132511772760398,0.4550697737640335,0.004459236497634578,0.0017113770717849337,0.004468063856517328,0.004999425066117396,0.004638326491801758,0.004956629491945477
