LIMIT_BAL,SEX,EDUCATION,MARRIAGE,AGE,PAY_0,PAY_2,PAY_3,PAY_4,PAY_5,PAY_6,BILL_AMT1,BILL_AMT2,BILL_AMT3,BILL_AMT4,BILL_AMT5,BILL_AMT6,PAY_AMT1,PAY_AMT2,PAY_AMT3,PAY_AMT4,PAY_AMT5,PAY_AMT6
0.3924050632911392,0.0,0.16666666666666666,0.6666666666666666,0.37037037037037035,0.2,0.2222222222222222,0.2,0.2,0.2,0.2,0.5103358098254944,0.34897468224154793,0.4655428257342297,0.41700376955945895,0.3860632085306353,0.5178585448107045,0.03206191041799261,0.008189346759222286,0.026322152660600614,0.037343205531363895,0.011178366845242236,0.013053283767038414
