LIMIT_BAL,SEX,EDUCATION,MARRIAGE,AGE,PAY_0,PAY_2,PAY_3,PAY_4,PAY_5,PAY_6,BILL_AMT1,BILL_AMT2,BILL_AMT3,BILL_AMT4,BILL_AMT5,BILL_AMT6,PAY_AMT1,PAY_AMT2,PAY_AMT3,PAY_AMT4,PAY_AMT5,PAY_AMT6
0.37974683544303794,1.0,0.16666666666666666,0.6666666666666666,0.20370370370370372,0.2,0.2222222222222222,0.2,0.2,0.2,0.2,0.0790698477530268,0.09204060103946896,0.14089551844631992,0.1351303164871781,0.2031516030888586,0.45221648439596385,0.00810770272297196,0.0016298829255094608,0.005256545713549798,0.009998850132234793,0.010307392204003906,0.009913258983890954
