LIMIT_BAL,SEX,EDUCATION,MARRIAGE,AGE,PAY_0,PAY_2,PAY_3,PAY_4,PAY_5,PAY_6,BILL_AMT1,BILL_AMT2,BILL_AMT3,BILL_AMT4,BILL_AMT5,BILL_AMT6,PAY_AMT1,PAY_AMT2,PAY_AMT3,PAY_AMT4,PAY_AMT5,PAY_AMT6
0.620253164556962,0.0,0.16666666666666666,0.6666666666666666,0.20370370370370372,0.30000000000000004,0.1111111111111111,0.1,0.1,0.2,0.2,0.023687048411680588,0.04350331909638244,0.07822870432573671,0.30948592557966714,0.39392260860187645,0.5941157791003291,0.00202692568074299,0.0010325308333102433,0.40738229280010935,0.014998275198352189,0.025768480510009767,0.01982651796778191
