LIMIT_BAL,SEX,EDUCATION,MARRIAGE,AGE,PAY_0,PAY_2,PAY_3,PAY_4,PAY_5,PAY_6,BILL_AMT1,BILL_AMT2,BILL_AMT3,BILL_AMT4,BILL_AMT5,BILL_AMT6,PAY_AMT1,PAY_AMT2,PAY_AMT3,PAY_AMT4,PAY_AMT5,PAY_AMT6
0.2151898734177215,0.0,0.16666666666666666,0.6666666666666666,0.09259259259259262,0.2,0.2222222222222222,0.2,0.2,0.4,0.2,0.06132261320415598,0.08314207790871199,0.281997362335538,0.2752527522578403,0.3359656604673811,0.5429463991722531,0.018242331126686908,0.08149414627547304,0.03153927428129879,0.0,0.012368870644804688,0.016109045848822803
