LIMIT_BAL,SEX,EDUCATION,MARRIAGE,AGE,PAY_0,PAY_2,PAY_3,PAY_4,PAY_5,PAY_6,BILL_AMT1,BILL_AMT2,BILL_AMT3,BILL_AMT4,BILL_AMT5,BILL_AMT6,PAY_AMT1,PAY_AMT2,PAY_AMT3,PAY_AMT4,PAY_AMT5,PAY_AMT6
0.620253164556962,0.0,0.3333333333333333,0.3333333333333333,0.6111111111111112,0.2,0.2222222222222222,0.2,0.2,0.2,0.2,0.1936765469965796,0.1799542016158082,0.24501889115755177,0.21132755613886842,0.2830985317137414,0.49329799238576,0.010163005363245351,0.0036672365823962865,0.010513091427099596,0.010128835183953844,0.0077485820893599365,0.0099454770755886
