LIMIT_BAL,SEX,EDUCATION,MARRIAGE,AGE,PAY_0,PAY_2,PAY_3,PAY_4,PAY_5,PAY_6,BILL_AMT1,BILL_AMT2,BILL_AMT3,BILL_AMT4,BILL_AMT5,BILL_AMT6,PAY_AMT1,PAY_AMT2,PAY_AMT3,PAY_AMT4,PAY_AMT5,PAY_AMT6
0.2151898734177215,1.0,0.5,0.6666666666666666,0.05555555555555558,0.2,0.2222222222222222,0.2,0.2,0.2,0.2,0.1822128946075469,0.1524918952297638,0.2043859837349527,0.17690410696199876,0.21913347254765475,0.45223757647342805,0.006149692515374231,0.003285029036364318,0.006557540777653373,0.0038895527014393342,0.0036874695609823973,0.003204460966542751
