LIMIT_BAL,SEX,EDUCATION,MARRIAGE,AGE,PAY_0,PAY_2,PAY_3,PAY_4,PAY_5,PAY_6,BILL_AMT1,BILL_AMT2,BILL_AMT3,BILL_AMT4,BILL_AMT5,BILL_AMT6,PAY_AMT1,PAY_AMT2,PAY_AMT3,PAY_AMT4,PAY_AMT5,PAY_AMT6
0.5949367088607596,1.0,0.3333333333333333,0.3333333333333333,0.18518518518518523,0.2,0.2222222222222222,0.2,0.2,0.2,0.2,0.056717059854926644,0.07115473678793804,0.11061024463595115,0.10572295835505774,0.17052937389502718,0.42978506001281924,0.01014273610643792,0.0040747073137736515,0.0020894769211360444,0.01249856266529349,0.012884240255004883,0.024783147459727387
