LIMIT_BAL,SEX,EDUCATION,MARRIAGE,AGE,PAY_0,PAY_2,PAY_3,PAY_4,PAY_5,PAY_6,BILL_AMT1,BILL_AMT2,BILL_AMT3,BILL_AMT4,BILL_AMT5,BILL_AMT6,PAY_AMT1,PAY_AMT2,PAY_AMT3,PAY_AMT4,PAY_AMT5,PAY_AMT6
0.8481012658227848,1.0,0.16666666666666666,0.6666666666666666,0.16666666666666674,0.2,0.2222222222222222,0.1,0.1,0.1,0.2,0.086251308752592,0.042845932177224315,0.09305772655771584,0.11343137783690813,0.1448694947435156,0.5942376444367887,0.0,0.008390637300522703,0.06628241317500617,0.018350389705183903,0.4203431846234323,0.018009913258983892
