LIMIT_BAL,SEX,EDUCATION,MARRIAGE,AGE,PAY_0,PAY_2,PAY_3,PAY_4,PAY_5,PAY_6,BILL_AMT1,BILL_AMT2,BILL_AMT3,BILL_AMT4,BILL_AMT5,BILL_AMT6,PAY_AMT1,PAY_AMT2,PAY_AMT3,PAY_AMT4,PAY_AMT5,PAY_AMT6
0.620253164556962,0.0,0.3333333333333333,0.6666666666666666,0.20370370370370372,0.0,0.0,0.0,0.0,0.0,0.0,0.13662670687238349,0.1398484536612978,0.1791466049561022,0.17128123071022336,0.23004022836377422,0.4540315748399638,0.05166025482509658,0.06551232924939002,0.13176057485583922,0.055513615934167565,0.07773577515454647,0.062047087980173485
