LIMIT_BAL,SEX,EDUCATION,MARRIAGE,AGE,PAY_0,PAY_2,PAY_3,PAY_4,PAY_5,PAY_6,BILL_AMT1,BILL_AMT2,BILL_AMT3,BILL_AMT4,BILL_AMT5,BILL_AMT6,PAY_AMT1,PAY_AMT2,PAY_AMT3,PAY_AMT4,PAY_AMT5,PAY_AMT6
0.37974683544303794,1.0,0.3333333333333333,0.3333333333333333,0.38888888888888884,0.0,0.0,0.0,0.0,0.0,0.1,0.023077997730187406,0.1006380898471672,0.10906693032307263,0.1945353373725751,0.16573530324866098,0.42793130076013497,0.09219268766291415,0.016325722323365512,0.20900025757073995,0.00023497297810751763,0.0667661330014353,0.027095415117719953
