LIMIT_BAL,SEX,EDUCATION,MARRIAGE,AGE,PAY_0,PAY_2,PAY_3,PAY_4,PAY_5,PAY_6,BILL_AMT1,BILL_AMT2,BILL_AMT3,BILL_AMT4,BILL_AMT5,BILL_AMT6,PAY_AMT1,PAY_AMT2,PAY_AMT3,PAY_AMT4,PAY_AMT5,PAY_AMT6
0.35443037974683544,1.0,0.5,0.6666666666666666,0.2592592592592593,0.2,0.2222222222222222,0.2,0.2,0.2,0.2,0.273873452454019,0.2583684968867391,0.3533232426436727,0.33225160760623984,0.41866092816083506,0.6078642982607239,0.02229618248817289,0.00456367219142649,0.014455500712261943,0.01374841893182284,0.015461088306005859,0.013630731102850062
