LIMIT_BAL,SEX,EDUCATION,MARRIAGE,AGE,PAY_0,PAY_2,PAY_3,PAY_4,PAY_5,PAY_6,BILL_AMT1,BILL_AMT2,BILL_AMT3,BILL_AMT4,BILL_AMT5,BILL_AMT6,PAY_AMT1,PAY_AMT2,PAY_AMT3,PAY_AMT4,PAY_AMT5,PAY_AMT6
0.20253164556962022,1.0,0.3333333333333333,0.6666666666666666,0.11111111111111116,0.2,0.2222222222222222,0.2,0.2,0.2,0.2,0.1008622462354232,0.0889299130345289,0.13818192622132283,0.11940184462702935,0.1772335565337595,0.4304389144142085,0.020269256807429897,0.002474977222386116,0.013188673195296442,0.012513560940491842,0.0077923885062269535,0.008200743494423792
