LIMIT_BAL,SEX,EDUCATION,MARRIAGE,AGE,PAY_0,PAY_2,PAY_3,PAY_4,PAY_5,PAY_6,BILL_AMT1,BILL_AMT2,BILL_AMT3,BILL_AMT4,BILL_AMT5,BILL_AMT6,PAY_AMT1,PAY_AMT2,PAY_AMT3,PAY_AMT4,PAY_AMT5,PAY_AMT6
0.34177215189873417,0.0,0.3333333333333333,0.6666666666666666,0.18518518518518523,0.2,0.2222222222222222,0.2,0.2,0.1,0.2,0.3847191067675263,0.0831382184943138,0.13038942689394378,0.12721214409425696,0.4163701009467228,0.60557463607378,0.00405385136148598,0.0017113770717849337,0.006570682141937247,0.46483904350999633,0.016749512331506348,0.015117719950433706
