LIMIT_BAL,SEX,EDUCATION,MARRIAGE,AGE,PAY_0,PAY_2,PAY_3,PAY_4,PAY_5,PAY_6,BILL_AMT1,BILL_AMT2,BILL_AMT3,BILL_AMT4,BILL_AMT5,BILL_AMT6,PAY_AMT1,PAY_AMT2,PAY_AMT3,PAY_AMT4,PAY_AMT5,PAY_AMT6
0.48101265822784806,0.0,0.5,0.3333333333333333,0.33333333333333337,0.2,0.2222222222222222,0.2,0.2,0.2,0.2,0.7711115331909076,0.4392759738588998,0.4148874535974079,0.3532089198923668,0.43019676277683555,0.5579580994163353,0.12024533908439712,0.004965438332564572,0.014221584428008978,0.015060768011678657,0.012884240255004883,0.008964064436183396
