LIMIT_BAL,SEX,EDUCATION,MARRIAGE,AGE,PAY_0,PAY_2,PAY_3,PAY_4,PAY_5,PAY_6,BILL_AMT1,BILL_AMT2,BILL_AMT3,BILL_AMT4,BILL_AMT5,BILL_AMT6,PAY_AMT1,PAY_AMT2,PAY_AMT3,PAY_AMT4,PAY_AMT5,PAY_AMT6
0.27848101265822783,1.0,0.3333333333333333,0.6666666666666666,0.12962962962962965,0.2,0.2222222222222222,0.2,0.2,0.2,0.2,0.07591942322272575,0.08625533885658417,0.13663531070135795,0.13339835673576528,0.19410430616693303,0.46212858902204235,0.0030403885211144847,0.0038848259529517997,0.007884818570324697,0.007729111152217495,0.044865501415978004,0.012391573729863693
