LIMIT_BAL,SEX,EDUCATION,MARRIAGE,AGE,PAY_0,PAY_2,PAY_3,PAY_4,PAY_5,PAY_6,BILL_AMT1,BILL_AMT2,BILL_AMT3,BILL_AMT4,BILL_AMT5,BILL_AMT6,PAY_AMT1,PAY_AMT2,PAY_AMT3,PAY_AMT4,PAY_AMT5,PAY_AMT6
0.30379746835443033,0.0,0.3333333333333333,0.3333333333333333,0.16666666666666674,0.0,0.0,0.0,0.0,0.0,0.0,0.027826395440282422,0.08016646940770855,0.1490594035709157,0.1314866087748632,0.20925775237497674,0.4529711120563486,0.058906514133752766,0.036171176824368705,0.10692339635931644,0.11716902556206035,0.12137985059435,0.1299826517967782
