LIMIT_BAL,SEX,EDUCATION,MARRIAGE,AGE,PAY_0,PAY_2,PAY_3,PAY_4,PAY_5,PAY_6,BILL_AMT1,BILL_AMT2,BILL_AMT3,BILL_AMT4,BILL_AMT5,BILL_AMT6,PAY_AMT1,PAY_AMT2,PAY_AMT3,PAY_AMT4,PAY_AMT5,PAY_AMT6
0.9367088607594937,1.0,0.3333333333333333,0.3333333333333333,0.40740740740740744,0.1,0.1111111111111111,0.1,0.0,0.1,0.1,0.13782597161635457,0.17107240261411003,0.19933018508217532,0.17134565481862365,0.27189439319222364,0.49544235359461725,0.20201152104556933,0.06082723078001307,0.16757342080225401,0.21265554461236957,0.21443241056404627,0.30746716232961585
