LIMIT_BAL,SEX,EDUCATION,MARRIAGE,AGE,PAY_0,PAY_2,PAY_3,PAY_4,PAY_5,PAY_6,BILL_AMT1,BILL_AMT2,BILL_AMT3,BILL_AMT4,BILL_AMT5,BILL_AMT6,PAY_AMT1,PAY_AMT2,PAY_AMT3,PAY_AMT4,PAY_AMT5,PAY_AMT6
0.0379746835443038,1.0,0.16666666666666666,0.6666666666666666,0.11111111111111116,0.2,0.2222222222222222,0.2,0.1,0.2,0.2,0.07671370065786892,0.06932666083466268,0.08003281399843853,0.133724971983004,0.1474380970121208,0.3979407101702482,0.00244041851961456,0.0008149414627547304,0.10155383491292531,0.0004449488308844483,0.0,0.0
