LIMIT_BAL,SEX,EDUCATION,MARRIAGE,AGE,PAY_0,PAY_2,PAY_3,PAY_4,PAY_5,PAY_6,BILL_AMT1,BILL_AMT2,BILL_AMT3,BILL_AMT4,BILL_AMT5,BILL_AMT6,PAY_AMT1,PAY_AMT2,PAY_AMT3,PAY_AMT4,PAY_AMT5,PAY_AMT6
0.5189873417721519,1.0,0.16666666666666666,0.6666666666666666,0.16666666666666674,0.2,0.2222222222222222,0.2,0.2,0.2,0.2,0.09656435766344298,0.07706221376009881,0.10120840685396616,0.09649083379778621,0.14792828828475538,0.4031024102385631,0.0031275463253864332,0.0016339576328232345,0.013141364283874494,0.004999425066117396,0.0025768480510009765,0.0005947955390334573
