LIMIT_BAL,SEX,EDUCATION,MARRIAGE,AGE,PAY_0,PAY_2,PAY_3,PAY_4,PAY_5,PAY_6,BILL_AMT1,BILL_AMT2,BILL_AMT3,BILL_AMT4,BILL_AMT5,BILL_AMT6,PAY_AMT1,PAY_AMT2,PAY_AMT3,PAY_AMT4,PAY_AMT5,PAY_AMT6
0.2911392405063291,1.0,0.5,0.0,0.2962962962962963,0.1,0.1111111111111111,0.1,0.1,0.2,0.2,0.024616321616433064,0.04524906087582978,0.0790886687717364,0.08516717307012339,0.15876151540997965,0.42229620073095764,0.0036950855159944705,0.001457115335405458,0.016371511624850846,0.02499712533058698,0.025768480510009767,0.013977695167286246
