LIMIT_BAL,SEX,EDUCATION,MARRIAGE,AGE,PAY_0,PAY_2,PAY_3,PAY_4,PAY_5,PAY_6,BILL_AMT1,BILL_AMT2,BILL_AMT3,BILL_AMT4,BILL_AMT5,BILL_AMT6,PAY_AMT1,PAY_AMT2,PAY_AMT3,PAY_AMT4,PAY_AMT5,PAY_AMT6
0.24050632911392406,0.0,0.3333333333333333,0.6666666666666666,0.14814814814814814,0.1,0.2222222222222222,0.2,0.4,0.2,0.2,0.04057093792235232,0.0637459476148819,0.11067791938122175,0.10618890946465064,0.17334470577085848,0.43237118306634276,0.01256896614628728,0.0040747073137736515,0.0,0.01249856266529349,0.013023390049758936,0.012525402726146221
