LIMIT_BAL,SEX,EDUCATION,MARRIAGE,AGE,PAY_0,PAY_2,PAY_3,PAY_4,PAY_5,PAY_6,BILL_AMT1,BILL_AMT2,BILL_AMT3,BILL_AMT4,BILL_AMT5,BILL_AMT6,PAY_AMT1,PAY_AMT2,PAY_AMT3,PAY_AMT4,PAY_AMT5,PAY_AMT6
0.8987341772151899,1.0,0.16666666666666666,0.3333333333333333,0.4444444444444444,0.2,0.2222222222222222,0.2,0.2,0.2,0.2,0.221074409354265,0.1881889054700767,0.250411412933139,0.23240173076116336,0.26934049666179743,0.49099309703175875,0.016253917033878035,0.006554574184936296,0.02652452967057228,0.007549131849837268,0.00667661330014353,0.02498389095415118
