LIMIT_BAL,SEX,EDUCATION,MARRIAGE,AGE,PAY_0,PAY_2,PAY_3,PAY_4,PAY_5,PAY_6,BILL_AMT1,BILL_AMT2,BILL_AMT3,BILL_AMT4,BILL_AMT5,BILL_AMT6,PAY_AMT1,PAY_AMT2,PAY_AMT3,PAY_AMT4,PAY_AMT5,PAY_AMT6
0.16455696202531644,1.0,0.5,0.6666666666666666,0.05555555555555558,0.2,0.2222222222222222,0.2,0.2,0.2,0.2,0.2226708128158077,0.20361755776256885,0.2597175157096192,0.18926005165914553,0.24609562651346556,0.46659425053403963,0.009976528200616995,0.0031864211193709958,0.012100568232591634,0.009998850132234793,0.0077305441530029296,0.009913258983890954
