LIMIT_BAL,SEX,EDUCATION,MARRIAGE,AGE,PAY_0,PAY_2,PAY_3,PAY_4,PAY_5,PAY_6,BILL_AMT1,BILL_AMT2,BILL_AMT3,BILL_AMT4,BILL_AMT5,BILL_AMT6,PAY_AMT1,PAY_AMT2,PAY_AMT3,PAY_AMT4,PAY_AMT5,PAY_AMT6
0.2911392405063291,1.0,0.5,0.3333333333333333,0.20370370370370372,0.1,0.1111111111111111,0.1,0.1,0.1,0.2,0.026204876486719396,0.04445659445273504,0.07837725864462342,0.07817041525083451,0.1713055100766986,0.42317152194572066,0.0024464992966567885,0.001105875564958169,0.004097477383712068,0.05875824280207776,0.004130687425754565,0.0034869888475836434
