LIMIT_BAL,SEX,EDUCATION,MARRIAGE,AGE,PAY_0,PAY_2,PAY_3,PAY_4,PAY_5,PAY_6,BILL_AMT1,BILL_AMT2,BILL_AMT3,BILL_AMT4,BILL_AMT5,BILL_AMT6,PAY_AMT1,PAY_AMT2,PAY_AMT3,PAY_AMT4,PAY_AMT5,PAY_AMT6
0.2911392405063291,1.0,0.16666666666666666,0.3333333333333333,0.2962962962962963,0.1,0.1111111111111111,0.1,0.2,0.2,0.2,0.03191551148484358,0.06500668965162354,0.12300627724527474,0.11266428147642077,0.15040538818246882,0.4088921855024777,0.0349989257293892,0.023203828269015438,0.03172062510841626,5.249396319423266e-05,0.007673853495880908,0.06417596034696407
