LIMIT_BAL,SEX,EDUCATION,MARRIAGE,AGE,PAY_0,PAY_2,PAY_3,PAY_4,PAY_5,PAY_6,BILL_AMT1,BILL_AMT2,BILL_AMT3,BILL_AMT4,BILL_AMT5,BILL_AMT6,PAY_AMT1,PAY_AMT2,PAY_AMT3,PAY_AMT4,PAY_AMT5,PAY_AMT6
0.569620253164557,0.0,0.16666666666666666,0.3333333333333333,0.5185185185185185,0.2,0.2222222222222222,0.2,0.2,0.2,0.2,0.48463010374267923,0.42369680440487834,0.5643974719356133,0.5127439875826276,0.6059793531435966,0.7371118618328312,0.026755418985807466,0.011409180478566225,0.030225137852911338,0.02624698159711633,0.027056904535510254,0.024783147459727387
