LIMIT_BAL,SEX,EDUCATION,MARRIAGE,AGE,PAY_0,PAY_2,PAY_3,PAY_4,PAY_5,PAY_6,BILL_AMT1,BILL_AMT2,BILL_AMT3,BILL_AMT4,BILL_AMT5,BILL_AMT6,PAY_AMT1,PAY_AMT2,PAY_AMT3,PAY_AMT4,PAY_AMT5,PAY_AMT6
0.8860759493670887,1.0,0.16666666666666666,0.6666666666666666,0.20370370370370372,0.2,0.2222222222222222,0.2,0.2,0.2,0.2,0.06889964320304148,0.08370941182524572,0.13366752553071032,0.12943252848144884,0.19094257245843996,0.4390081567750682,0.0072178823491257866,0.0030120236463414833,0.004247288936548237,0.007559130699969503,0.012912585583565894,0.004983890954151178
