LIMIT_BAL,SEX,EDUCATION,MARRIAGE,AGE,PAY_0,PAY_2,PAY_3,PAY_4,PAY_5,PAY_6,BILL_AMT1,BILL_AMT2,BILL_AMT3,BILL_AMT4,BILL_AMT5,BILL_AMT6,PAY_AMT1,PAY_AMT2,PAY_AMT3,PAY_AMT4,PAY_AMT5,PAY_AMT6
0.2151898734177215,1.0,0.3333333333333333,0.6666666666666666,0.09259259259259262,0.2,0.2222222222222222,0.2,0.2,0.2,0.1,0.03525116276879463,0.059558482992847224,0.1028160947050289,0.09552447217178164,0.14891030480093334,0.40363205573933003,0.012052100097697816,0.0029851305780705774,0.008302713954551906,0.0074991375991760945,0.012515750983711743,0.01546468401486989
