LIMIT_BAL,SEX,EDUCATION,MARRIAGE,AGE,PAY_0,PAY_2,PAY_3,PAY_4,PAY_5,PAY_6,BILL_AMT1,BILL_AMT2,BILL_AMT3,BILL_AMT4,BILL_AMT5,BILL_AMT6,PAY_AMT1,PAY_AMT2,PAY_AMT3,PAY_AMT4,PAY_AMT5,PAY_AMT6
0.48101265822784806,1.0,0.16666666666666666,0.3333333333333333,0.33333333333333337,0.1,0.1111111111111111,0.1,0.2,0.2,0.1,0.07398553033715978,0.11537462049091751,0.1918991679307539,0.17048866435339172,0.23693231765701644,0.4241968312668956,0.11475034356390287,0.057175478085409126,0.003322136890963472,0.001232358278797938,0.05799196538777698,0.002879801734820322
