LIMIT_BAL,SEX,EDUCATION,MARRIAGE,AGE,PAY_0,PAY_2,PAY_3,PAY_4,PAY_5,PAY_6,BILL_AMT1,BILL_AMT2,BILL_AMT3,BILL_AMT4,BILL_AMT5,BILL_AMT6,PAY_AMT1,PAY_AMT2,PAY_AMT3,PAY_AMT4,PAY_AMT5,PAY_AMT6
0.16455696202531644,1.0,0.3333333333333333,1.0,0.16666666666666674,0.2,0.2222222222222222,0.2,0.2,0.2,0.2,0.2191263890044376,0.20136108681109455,0.2908726575872468,0.2591317428069734,0.25958895827818684,0.492600782047361,0.020269256807429897,0.014668946329585146,0.02628272856774899,0.02499712533058698,0.051536961020019534,0.03717472118959108
