LIMIT_BAL,SEX,EDUCATION,MARRIAGE,AGE,PAY_0,PAY_2,PAY_3,PAY_4,PAY_5,PAY_6,BILL_AMT1,BILL_AMT2,BILL_AMT3,BILL_AMT4,BILL_AMT5,BILL_AMT6,PAY_AMT1,PAY_AMT2,PAY_AMT3,PAY_AMT4,PAY_AMT5,PAY_AMT6
0.4050632911392405,1.0,0.16666666666666666,0.3333333333333333,0.14814814814814814,0.1,0.1111111111111111,0.1,0.2,0.2,0.2,0.02517514131388557,0.043177841815468535,0.08004601882678403,0.08088072250888453,0.13514736783626305,0.3979407101702482,0.00043173516999825683,0.0019297813838032014,0.002628272856774899,0.00047494538128115265,0.0,0.0
