LIMIT_BAL,SEX,EDUCATION,MARRIAGE,AGE,PAY_0,PAY_2,PAY_3,PAY_4,PAY_5,PAY_6,BILL_AMT1,BILL_AMT2,BILL_AMT3,BILL_AMT4,BILL_AMT5,BILL_AMT6,PAY_AMT1,PAY_AMT2,PAY_AMT3,PAY_AMT4,PAY_AMT5,PAY_AMT6
0.2151898734177215,1.0,0.16666666666666666,0.6666666666666666,0.14814814814814814,0.1,0.1111111111111111,0.1,0.1,0.1,0.1,0.04913061154653351,0.04479879586270777,0.12049901046317588,0.1558254376344666,0.19056349120760255,0.47048573882617895,0.002985661527734424,0.021902366752996134,0.14032348782321186,0.08821985471670757,0.15953266283747047,0.0592639405204461
