LIMIT_BAL,SEX,EDUCATION,MARRIAGE,AGE,PAY_0,PAY_2,PAY_3,PAY_4,PAY_5,PAY_6,BILL_AMT1,BILL_AMT2,BILL_AMT3,BILL_AMT4,BILL_AMT5,BILL_AMT6,PAY_AMT1,PAY_AMT2,PAY_AMT3,PAY_AMT4,PAY_AMT5,PAY_AMT6
0.20253164556962022,1.0,0.16666666666666666,0.6666666666666666,0.14814814814814814,0.2,0.2222222222222222,0.2,0.1,0.2,0.2,0.2048513712273784,0.18697704934904547,0.11327431875465264,0.11331301726566105,0.1890128528151685,0.46051738866019604,0.020269256807429897,0.008149414627547303,0.06574624551222409,0.02499712533058698,0.051536961020019534,0.04956629491945477
