LIMIT_BAL,SEX,EDUCATION,MARRIAGE,AGE,PAY_0,PAY_2,PAY_3,PAY_4,PAY_5,PAY_6,BILL_AMT1,BILL_AMT2,BILL_AMT3,BILL_AMT4,BILL_AMT5,BILL_AMT6,PAY_AMT1,PAY_AMT2,PAY_AMT3,PAY_AMT4,PAY_AMT5,PAY_AMT6
0.1772151898734177,0.0,0.3333333333333333,0.6666666666666666,0.03703703703703709,0.4,0.2222222222222222,0.2,0.1,0.2,0.2,0.051711228351623166,0.2380435341944116,0.3195584965642687,0.08703247574357406,0.1462518341323451,0.5004716422877404,0.273671451562557,0.002444824388264191,0.31539274281298785,0.0020572634147073086,0.20614784408007814,0.00913011152416357
