LIMIT_BAL,SEX,EDUCATION,MARRIAGE,AGE,PAY_0,PAY_2,PAY_3,PAY_4,PAY_5,PAY_6,BILL_AMT1,BILL_AMT2,BILL_AMT3,BILL_AMT4,BILL_AMT5,BILL_AMT6,PAY_AMT1,PAY_AMT2,PAY_AMT3,PAY_AMT4,PAY_AMT5,PAY_AMT6
0.2151898734177215,1.0,0.5,0.3333333333333333,0.40740740740740744,0.1,0.1111111111111111,0.1,0.1,0.1,0.2,0.028929907370925993,0.009180260381824734,0.2392731402237228,0.12778896459970154,0.22380172743404478,0.4498799509257664,3.2430810891887836e-05,0.10594239015811495,0.10528072582383212,0.1399839018512871,0.025768480510009767,0.16356877323420074
