LIMIT_BAL,SEX,EDUCATION,MARRIAGE,AGE,PAY_0,PAY_2,PAY_3,PAY_4,PAY_5,PAY_6,BILL_AMT1,BILL_AMT2,BILL_AMT3,BILL_AMT4,BILL_AMT5,BILL_AMT6,PAY_AMT1,PAY_AMT2,PAY_AMT3,PAY_AMT4,PAY_AMT5,PAY_AMT6
0.5443037974683544,1.0,0.16666666666666666,0.3333333333333333,0.6111111111111112,0.2,0.2222222222222222,0.2,0.2,0.2,0.2,0.4850821825990453,0.3703082385632687,0.35611606383874267,0.32924614803761165,0.3819210922768731,0.5601704239859104,0.019661179103207,0.00515287486899816,0.014981155283616923,0.011998620158681752,0.010307392204003906,0.011152416356877325
