LIMIT_BAL,SEX,EDUCATION,MARRIAGE,AGE,PAY_0,PAY_2,PAY_3,PAY_4,PAY_5,PAY_6,BILL_AMT1,BILL_AMT2,BILL_AMT3,BILL_AMT4,BILL_AMT5,BILL_AMT6,PAY_AMT1,PAY_AMT2,PAY_AMT3,PAY_AMT4,PAY_AMT5,PAY_AMT6
0.3164556962025316,0.0,0.16666666666666666,0.6666666666666666,0.20370370370370372,0.2,0.2222222222222222,0.2,0.2,0.2,0.2,0.21619886446581704,0.2011475325477281,0.27908899889244504,0.2611798301600714,0.3299591834066986,0.5416879052168909,0.01203993854361336,0.004889648776528382,0.011827227855487045,0.011248706398764142,0.01171435123985044,0.011177199504337052
