LIMIT_BAL,SEX,EDUCATION,MARRIAGE,AGE,PAY_0,PAY_2,PAY_3,PAY_4,PAY_5,PAY_6,BILL_AMT1,BILL_AMT2,BILL_AMT3,BILL_AMT4,BILL_AMT5,BILL_AMT6,PAY_AMT1,PAY_AMT2,PAY_AMT3,PAY_AMT4,PAY_AMT5,PAY_AMT6
0.3291139240506329,1.0,0.16666666666666666,0.6666666666666666,0.11111111111111116,0.1,0.1111111111111111,0.1,0.2,0.2,0.2,0.026211155359724483,0.043370812535377966,0.1005168039693714,0.09735981014365078,0.15640696333042486,0.45353122389123046,0.0007357740221097053,0.012094546248742953,0.0031539274281298787,0.003219629742579603,0.10677685268932746,0.003308550185873606
