LIMIT_BAL,SEX,EDUCATION,MARRIAGE,AGE,PAY_0,PAY_2,PAY_3,PAY_4,PAY_5,PAY_6,BILL_AMT1,BILL_AMT2,BILL_AMT3,BILL_AMT4,BILL_AMT5,BILL_AMT6,PAY_AMT1,PAY_AMT2,PAY_AMT3,PAY_AMT4,PAY_AMT5,PAY_AMT6
0.4936708860759494,1.0,0.3333333333333333,0.3333333333333333,0.6296296296296295,0.1,0.1111111111111111,0.4,0.2,0.1,0.2,0.024861197663631353,0.04976328925024443,0.08455711831031017,0.08512522248790924,0.13644800867965348,0.401225215344252,0.010339347897469991,4.889648776528382e-06,0.005256545713549798,0.005431875334336551,0.005153696102001953,0.011152416356877325
