LIMIT_BAL,SEX,EDUCATION,MARRIAGE,AGE,PAY_0,PAY_2,PAY_3,PAY_4,PAY_5,PAY_6,BILL_AMT1,BILL_AMT2,BILL_AMT3,BILL_AMT4,BILL_AMT5,BILL_AMT6,PAY_AMT1,PAY_AMT2,PAY_AMT3,PAY_AMT4,PAY_AMT5,PAY_AMT6
0.26582278481012656,0.0,0.16666666666666666,0.3333333333333333,0.37037037037037035,0.1,0.1111111111111111,0.2,0.1,0.1,0.1,0.07153206071042309,0.09059074769721609,0.09969315280132181,0.09064322228414927,0.13958033091178845,0.4050979551230898,0.07518272735011898,0.008207275471402889,0.0259778489163631,0.010223824260210075,0.015739387895513966,0.0494002478314746
