LIMIT_BAL,SEX,EDUCATION,MARRIAGE,AGE,PAY_0,PAY_2,PAY_3,PAY_4,PAY_5,PAY_6,BILL_AMT1,BILL_AMT2,BILL_AMT3,BILL_AMT4,BILL_AMT5,BILL_AMT6,PAY_AMT1,PAY_AMT2,PAY_AMT3,PAY_AMT4,PAY_AMT5,PAY_AMT6
0.4177215189873417,1.0,0.3333333333333333,0.6666666666666666,0.40740740740740744,0.2,0.2222222222222222,0.4,0.2,0.2,0.2,0.19178032734904413,0.193616528585396,0.26317057832196344,0.24720129687228445,0.3185606023470358,0.5294064572223374,0.024327162020277363,0.0,0.011530233022671482,0.011583667878194008,0.011644776342473413,0.005952912019826518
