LIMIT_BAL,SEX,EDUCATION,MARRIAGE,AGE,PAY_0,PAY_2,PAY_3,PAY_4,PAY_5,PAY_6,BILL_AMT1,BILL_AMT2,BILL_AMT3,BILL_AMT4,BILL_AMT5,BILL_AMT6,PAY_AMT1,PAY_AMT2,PAY_AMT3,PAY_AMT4,PAY_AMT5,PAY_AMT6
0.26582278481012656,0.0,0.5,0.6666666666666666,0.37037037037037035,0.2,0.2222222222222222,0.2,0.2,0.2,0.2,0.3284023250666738,0.270294087377142,0.3196971472618963,0.2292015006322552,0.23721336065332693,0.4486226287524856,0.01621540544594392,0.005704590239283112,0.009198954998712146,0.0037495687995880472,0.005153696102001953,0.0024783147459727386
