LIMIT_BAL,SEX,EDUCATION,MARRIAGE,AGE,PAY_0,PAY_2,PAY_3,PAY_4,PAY_5,PAY_6,BILL_AMT1,BILL_AMT2,BILL_AMT3,BILL_AMT4,BILL_AMT5,BILL_AMT6,PAY_AMT1,PAY_AMT2,PAY_AMT3,PAY_AMT4,PAY_AMT5,PAY_AMT6
0.620253164556962,1.0,0.16666666666666666,0.6666666666666666,0.2777777777777778,0.1,0.1111111111111111,0.1,0.1,0.1,0.1,0.04119411606810694,0.048151340503267644,0.08264571940730128,0.08083577545651223,0.1348973702872194,0.4342917338976635,0.008271883703112142,0.00349039428497851,0.008773174795914612,0.0030596481404638466,0.0799389802381523,0.0026964064436183397
