LIMIT_BAL,SEX,EDUCATION,MARRIAGE,AGE,PAY_0,PAY_2,PAY_3,PAY_4,PAY_5,PAY_6,BILL_AMT1,BILL_AMT2,BILL_AMT3,BILL_AMT4,BILL_AMT5,BILL_AMT6,PAY_AMT1,PAY_AMT2,PAY_AMT3,PAY_AMT4,PAY_AMT5,PAY_AMT6
0.2151898734177215,1.0,0.16666666666666666,0.6666666666666666,0.12962962962962965,0.2,0.2222222222222222,0.2,0.2,0.2,0.2,0.3862260362887465,0.08262105696495653,0.12901117293538383,0.15280349747996858,0.21876746306408762,0.460636910432493,0.0030403885211144847,0.0013528028281728523,0.05256545713549798,0.0050744164421091574,0.005027430547502905,0.007434944237918216
