LIMIT_BAL,SEX,EDUCATION,MARRIAGE,AGE,PAY_0,PAY_2,PAY_3,PAY_4,PAY_5,PAY_6,BILL_AMT1,BILL_AMT2,BILL_AMT3,BILL_AMT4,BILL_AMT5,BILL_AMT6,PAY_AMT1,PAY_AMT2,PAY_AMT3,PAY_AMT4,PAY_AMT5,PAY_AMT6
0.4430379746835443,1.0,0.6666666666666666,0.6666666666666666,0.2777777777777778,0.0,0.0,0.1,0.2,0.2,0.2,0.04760484540629802,0.044474605053259925,0.08754140951638967,0.08475515842337726,0.1396947088754032,0.3999632060426458,0.004203843861860961,0.005736372956330547,2.6282728567748988e-05,2.499712533058698e-06,1.0307392204003906e-05,0.11201239157372987
