LIMIT_BAL,SEX,EDUCATION,MARRIAGE,AGE,PAY_0,PAY_2,PAY_3,PAY_4,PAY_5,PAY_6,BILL_AMT1,BILL_AMT2,BILL_AMT3,BILL_AMT4,BILL_AMT5,BILL_AMT6,PAY_AMT1,PAY_AMT2,PAY_AMT3,PAY_AMT4,PAY_AMT5,PAY_AMT6
0.16455696202531644,0.0,0.8333333333333333,0.6666666666666666,0.16666666666666674,0.0,0.0,0.0,0.1,0.1,0.2,0.028209406693592565,0.04524906087582978,0.07914643989574789,0.07848504461744066,0.27021957301072214,0.5026757643827462,0.0036950855159944705,0.0014856382866018734,0.0046494146836347965,0.21271553771316298,0.02319163245900879,0.009913258983890954
