LIMIT_BAL,SEX,EDUCATION,MARRIAGE,AGE,PAY_0,PAY_2,PAY_3,PAY_4,PAY_5,PAY_6,BILL_AMT1,BILL_AMT2,BILL_AMT3,BILL_AMT4,BILL_AMT5,BILL_AMT6,PAY_AMT1,PAY_AMT2,PAY_AMT3,PAY_AMT4,PAY_AMT5,PAY_AMT6
0.08860759493670886,1.0,0.3333333333333333,0.6666666666666666,0.35185185185185186,0.2,0.2222222222222222,0.2,0.2,0.2,0.2,0.07727095063707015,0.10835691864354449,0.16161719532747149,0.1543751460779202,0.22049130237285258,0.45689541024676555,0.04053851361485979,0.001955859510611353,0.005256545713549798,0.005249396319423266,0.006442120127502442,0.004956629491945477
