LIMIT_BAL,SEX,EDUCATION,MARRIAGE,AGE,PAY_0,PAY_2,PAY_3,PAY_4,PAY_5,PAY_6,BILL_AMT1,BILL_AMT2,BILL_AMT3,BILL_AMT4,BILL_AMT5,BILL_AMT6,PAY_AMT1,PAY_AMT2,PAY_AMT3,PAY_AMT4,PAY_AMT5,PAY_AMT6
0.620253164556962,1.0,0.3333333333333333,0.6666666666666666,0.12962962962962965,0.2,0.2222222222222222,0.2,0.2,0.2,0.2,0.36223917169107317,0.30240441517007155,0.30916464605282923,0.2711326057903789,0.33946726012490075,0.5305255091100197,0.015023573145667041,0.0038473386456650822,0.01012936359001046,0.009053958794738604,0.008846319359086353,0.007933085501858736
