LIMIT_BAL,SEX,EDUCATION,MARRIAGE,AGE,PAY_0,PAY_2,PAY_3,PAY_4,PAY_5,PAY_6,BILL_AMT1,BILL_AMT2,BILL_AMT3,BILL_AMT4,BILL_AMT5,BILL_AMT6,PAY_AMT1,PAY_AMT2,PAY_AMT3,PAY_AMT4,PAY_AMT5,PAY_AMT6
0.3291139240506329,0.0,0.3333333333333333,0.6666666666666666,0.2592592592592593,0.2,0.2222222222222222,0.2,0.1,0.1,0.1,0.37784374082695893,0.32618741316317607,0.43110958521983567,0.09157512450333508,0.14960310846625688,0.408759774127286,0.018242331126686908,0.0076180727938312195,0.027859692281813928,0.02574703909050459,0.023964686874309082,0.0024783147459727386
