LIMIT_BAL,SEX,EDUCATION,MARRIAGE,AGE,PAY_0,PAY_2,PAY_3,PAY_4,PAY_5,PAY_6,BILL_AMT1,BILL_AMT2,BILL_AMT3,BILL_AMT4,BILL_AMT5,BILL_AMT6,PAY_AMT1,PAY_AMT2,PAY_AMT3,PAY_AMT4,PAY_AMT5,PAY_AMT6
0.18987341772151897,1.0,0.8333333333333333,0.6666666666666666,0.35185185185185186,0.2,0.2222222222222222,0.2,0.2,0.2,0.2,0.2563114446587982,0.23573303144136265,0.2812793497942523,0.2612157878019693,0.33432515367496396,0.5416293161128238,0.012161554084457939,0.0035612941922381716,0.011564400569809554,0.01117371502277238,0.011389668385424316,0.01573729863692689
