LIMIT_BAL,SEX,EDUCATION,MARRIAGE,AGE,PAY_0,PAY_2,PAY_3,PAY_4,PAY_5,PAY_6,BILL_AMT1,BILL_AMT2,BILL_AMT3,BILL_AMT4,BILL_AMT5,BILL_AMT6,PAY_AMT1,PAY_AMT2,PAY_AMT3,PAY_AMT4,PAY_AMT5,PAY_AMT6
0.3924050632911392,1.0,0.16666666666666666,0.3333333333333333,0.33333333333333337,0.2,0.2222222222222222,0.2,0.2,0.2,0.2,0.348114846866136,0.193637112128853,0.2887879453122034,0.2755928516207907,0.22091940275095343,0.41339065691275256,0.010134628403714948,0.012224121941320956,0.013141364283874494,0.01249856266529349,0.0077305441530029296,0.012391573729863693
