LIMIT_BAL,SEX,EDUCATION,MARRIAGE,AGE,PAY_0,PAY_2,PAY_3,PAY_4,PAY_5,PAY_6,BILL_AMT1,BILL_AMT2,BILL_AMT3,BILL_AMT4,BILL_AMT5,BILL_AMT6,PAY_AMT1,PAY_AMT2,PAY_AMT3,PAY_AMT4,PAY_AMT5,PAY_AMT6
0.16455696202531644,0.0,0.16666666666666666,0.6666666666666666,0.11111111111111116,0.0,0.1111111111111111,0.2,0.2,0.2,0.2,0.06327377299048594,0.22099006844028202,0.2999146637968173,0.222919400945686,0.2859628827168361,0.5095834197522617,0.28675322990607227,0.006519531702037843,0.013338484748132613,0.009998850132234793,0.010307392204003906,0.012391573729863693
