LIMIT_BAL,SEX,EDUCATION,MARRIAGE,AGE,PAY_0,PAY_2,PAY_3,PAY_4,PAY_5,PAY_6,BILL_AMT1,BILL_AMT2,BILL_AMT3,BILL_AMT4,BILL_AMT5,BILL_AMT6,PAY_AMT1,PAY_AMT2,PAY_AMT3,PAY_AMT4,PAY_AMT5,PAY_AMT6
0.620253164556962,0.0,0.3333333333333333,0.3333333333333333,0.42592592592592593,0.1,0.1111111111111111,0.1,0.1,0.1,0.1,0.02786720811481547,0.05961251479442187,0.08033652505038467,0.07725649185259764,0.27401038551909623,0.3979313359135974,0.026457460910738244,0.0020829903788010906,0.0025100005782200284,0.21695754988176358,0.0,0.00444361833952912
