LIMIT_BAL,SEX,EDUCATION,MARRIAGE,AGE,PAY_0,PAY_2,PAY_3,PAY_4,PAY_5,PAY_6,BILL_AMT1,BILL_AMT2,BILL_AMT3,BILL_AMT4,BILL_AMT5,BILL_AMT6,PAY_AMT1,PAY_AMT2,PAY_AMT3,PAY_AMT4,PAY_AMT5,PAY_AMT6
0.24050632911392406,1.0,0.16666666666666666,0.3333333333333333,0.20370370370370372,0.0,0.0,0.0,0.0,0.0,0.0,0.034295204353770536,0.06514434209849226,0.08110405569796597,0.10626531945368356,0.1584575968209462,0.4046151809055766,0.035067841202534464,0.0024521588614289836,0.06901056040033852,0.03910300315463722,0.014677726498501563,0.0301090458488228
