LIMIT_BAL,SEX,EDUCATION,MARRIAGE,AGE,PAY_0,PAY_2,PAY_3,PAY_4,PAY_5,PAY_6,BILL_AMT1,BILL_AMT2,BILL_AMT3,BILL_AMT4,BILL_AMT5,BILL_AMT6,PAY_AMT1,PAY_AMT2,PAY_AMT3,PAY_AMT4,PAY_AMT5,PAY_AMT6
0.2151898734177215,1.0,0.16666666666666666,0.3333333333333333,0.3148148148148149,0.1,0.1111111111111111,0.1,0.1,0.1,0.1,0.06791699957774579,0.06072788555549838,0.10300426350895206,0.07583466676255371,0.17986261572598963,0.4075610410580723,0.028083055306694124,0.013264802189258747,0.0,0.07184923733770616,0.02115592249871802,0.03470631970260223
