LIMIT_BAL,SEX,EDUCATION,MARRIAGE,AGE,PAY_0,PAY_2,PAY_3,PAY_4,PAY_5,PAY_6,BILL_AMT1,BILL_AMT2,BILL_AMT3,BILL_AMT4,BILL_AMT5,BILL_AMT6,PAY_AMT1,PAY_AMT2,PAY_AMT3,PAY_AMT4,PAY_AMT5,PAY_AMT6
0.5189873417721519,1.0,0.16666666666666666,0.6666666666666666,0.2407407407407407,0.1,0.1111111111111111,0.1,0.1,0.1,0.1,0.044760515934994825,0.05085936293933001,0.08718322854751841,0.07739133300971456,0.13459508566909476,0.39970189863850636,0.012611531585582883,0.007923675842364244,0.0027465451353297695,0.0026047004594471636,0.0038884637089604736,0.022837670384138788
