LIMIT_BAL,SEX,EDUCATION,MARRIAGE,AGE,PAY_0,PAY_2,PAY_3,PAY_4,PAY_5,PAY_6,BILL_AMT1,BILL_AMT2,BILL_AMT3,BILL_AMT4,BILL_AMT5,BILL_AMT6,PAY_AMT1,PAY_AMT2,PAY_AMT3,PAY_AMT4,PAY_AMT5,PAY_AMT6
0.3164556962025316,1.0,0.3333333333333333,0.6666666666666666,0.14814814814814814,0.2,0.2222222222222222,0.2,0.2,0.2,0.2,0.04992331926342541,0.06298564297843874,0.08849380776080774,0.08436262083265912,0.1414038424459891,0.4051577160092383,0.01627013243932398,0.002444824388264191,0.007884818570324697,0.0074991375991760945,0.0025768480510009765,0.004956629491945477
