LIMIT_BAL,SEX,EDUCATION,MARRIAGE,AGE,PAY_0,PAY_2,PAY_3,PAY_4,PAY_5,PAY_6,BILL_AMT1,BILL_AMT2,BILL_AMT3,BILL_AMT4,BILL_AMT5,BILL_AMT6,PAY_AMT1,PAY_AMT2,PAY_AMT3,PAY_AMT4,PAY_AMT5,PAY_AMT6
0.3291139240506329,0.0,0.16666666666666666,0.6666666666666666,0.14814814814814814,0.2,0.2222222222222222,0.2,0.2,0.2,0.2,0.38110718507135155,0.2765643493027325,0.38251251570136624,0.3597861718895141,0.44984036104221203,0.6320194140855236,0.014188479765200929,0.005704590239283112,0.018397909997424293,0.018747843997940238,0.02319163245900879,0.024783147459727387
