LIMIT_BAL,SEX,EDUCATION,MARRIAGE,AGE,PAY_0,PAY_2,PAY_3,PAY_4,PAY_5,PAY_6,BILL_AMT1,BILL_AMT2,BILL_AMT3,BILL_AMT4,BILL_AMT5,BILL_AMT6,PAY_AMT1,PAY_AMT2,PAY_AMT3,PAY_AMT4,PAY_AMT5,PAY_AMT6
0.15189873417721517,1.0,0.5,0.6666666666666666,0.09259259259259262,0.2,0.2222222222222222,0.2,0.2,0.2,0.2,0.2025172001877383,0.19126357227396698,0.27497074305219704,0.2573862989398489,0.14045123740616922,0.4042706769736618,0.010134628403714948,0.005704590239283112,0.013141364283874494,0.004999425066117396,0.005153696102001953,0.012391573729863693
