LIMIT_BAL,SEX,EDUCATION,MARRIAGE,AGE,PAY_0,PAY_2,PAY_3,PAY_4,PAY_5,PAY_6,BILL_AMT1,BILL_AMT2,BILL_AMT3,BILL_AMT4,BILL_AMT5,BILL_AMT6,PAY_AMT1,PAY_AMT2,PAY_AMT3,PAY_AMT4,PAY_AMT5,PAY_AMT6
0.5189873417721519,1.0,0.3333333333333333,0.3333333333333333,0.2777777777777778,0.1,0.1111111111111111,0.1,0.1,0.1,0.1,0.029779124944863646,0.04848453661297793,0.08174944168335152,0.07963269268801351,0.13815224033751305,0.40339184041265475,0.008792803603063089,0.0027708009733660834,0.006662671691924369,0.008039075506316773,0.00683380103125459,0.006195786864931847
