LIMIT_BAL,SEX,EDUCATION,MARRIAGE,AGE,PAY_0,PAY_2,PAY_3,PAY_4,PAY_5,PAY_6,BILL_AMT1,BILL_AMT2,BILL_AMT3,BILL_AMT4,BILL_AMT5,BILL_AMT6,PAY_AMT1,PAY_AMT2,PAY_AMT3,PAY_AMT4,PAY_AMT5,PAY_AMT6
0.2531645569620253,0.0,0.3333333333333333,0.3333333333333333,0.5,0.2,0.2222222222222222,0.2,0.2,0.2,0.2,0.3160031205998835,0.2607690526424124,0.3461365148166427,0.2494111936139228,0.31525834714038753,0.5395915870733687,0.016418098014018216,0.005704590239283112,0.010513091427099596,0.01249856266529349,0.27060769807586754,0.010161090458488228
