LIMIT_BAL,SEX,EDUCATION,MARRIAGE,AGE,PAY_0,PAY_2,PAY_3,PAY_4,PAY_5,PAY_6,BILL_AMT1,BILL_AMT2,BILL_AMT3,BILL_AMT4,BILL_AMT5,BILL_AMT6,PAY_AMT1,PAY_AMT2,PAY_AMT3,PAY_AMT4,PAY_AMT5,PAY_AMT6
0.6835443037974683,1.0,0.8333333333333333,0.6666666666666666,0.5740740740740741,0.0,0.0,0.0,0.0,0.0,0.0,0.45943141665502457,0.3857896361858694,0.49922174042938805,0.10542930427955868,0.13365555239654514,0.40754815145517753,0.012163581010138681,0.004902687839932458,0.05191627373987458,0.001159866615339236,0.021127577170157008,0.0
