LIMIT_BAL,SEX,EDUCATION,MARRIAGE,AGE,PAY_0,PAY_2,PAY_3,PAY_4,PAY_5,PAY_6,BILL_AMT1,BILL_AMT2,BILL_AMT3,BILL_AMT4,BILL_AMT5,BILL_AMT6,PAY_AMT1,PAY_AMT2,PAY_AMT3,PAY_AMT4,PAY_AMT5,PAY_AMT6
0.620253164556962,0.0,0.3333333333333333,0.6666666666666666,0.2592592592592593,0.2,0.2222222222222222,0.2,0.2,0.2,0.2,0.34933294822912236,0.33108243709154533,0.5310684851916103,0.4055782288464189,0.48662268016980226,0.5574038464918601,0.040540540540540536,0.024585154048384704,0.01582745914349844,0.0159356673982492,0.012897124495259888,0.012391573729863693
