LIMIT_BAL,SEX,EDUCATION,MARRIAGE,AGE,PAY_0,PAY_2,PAY_3,PAY_4,PAY_5,PAY_6,BILL_AMT1,BILL_AMT2,BILL_AMT3,BILL_AMT4,BILL_AMT5,BILL_AMT6,PAY_AMT1,PAY_AMT2,PAY_AMT3,PAY_AMT4,PAY_AMT5,PAY_AMT6
0.24050632911392406,1.0,0.16666666666666666,0.6666666666666666,0.07407407407407407,0.2,0.2222222222222222,0.2,0.2,0.2,0.0,0.31209766159072105,0.2738691915813307,0.29826240965008854,0.16790121237182598,0.13257059571311394,0.3977063537539796,0.013580402060978032,0.005704590239283112,0.007884818570324697,0.0,0.0,0.0
