LIMIT_BAL,SEX,EDUCATION,MARRIAGE,AGE,PAY_0,PAY_2,PAY_3,PAY_4,PAY_5,PAY_6,BILL_AMT1,BILL_AMT2,BILL_AMT3,BILL_AMT4,BILL_AMT5,BILL_AMT6,PAY_AMT1,PAY_AMT2,PAY_AMT3,PAY_AMT4,PAY_AMT5,PAY_AMT6
0.1772151898734177,1.0,0.3333333333333333,0.6666666666666666,0.16666666666666674,0.2,0.2222222222222222,0.2,0.2,0.2,0.2,0.13383888725812604,0.11929449904801112,0.17093320172521081,0.15487256012417372,0.21856648464230743,0.4468860477079356,0.00379643180003162,0.0015459439548457235,0.004079079473714643,0.004122025967013793,0.0051665803422569585,0.02742007434944238
