LIMIT_BAL,SEX,EDUCATION,MARRIAGE,AGE,PAY_0,PAY_2,PAY_3,PAY_4,PAY_5,PAY_6,BILL_AMT1,BILL_AMT2,BILL_AMT3,BILL_AMT4,BILL_AMT5,BILL_AMT6,PAY_AMT1,PAY_AMT2,PAY_AMT3,PAY_AMT4,PAY_AMT5,PAY_AMT6
0.24050632911392406,0.0,0.3333333333333333,0.3333333333333333,0.16666666666666674,0.2,0.2222222222222222,0.2,0.2,0.2,0.2,0.2024685389219489,0.1925912108269439,0.27058178823086665,0.2500734135188748,0.232229749381542,0.4340409725322562,0.012161554084457939,0.0040747073137736515,0.015769637140649394,0.0074991375991760945,0.004151302210162573,0.13630731102850063
