LIMIT_BAL,SEX,EDUCATION,MARRIAGE,AGE,PAY_0,PAY_2,PAY_3,PAY_4,PAY_5,PAY_6,BILL_AMT1,BILL_AMT2,BILL_AMT3,BILL_AMT4,BILL_AMT5,BILL_AMT6,PAY_AMT1,PAY_AMT2,PAY_AMT3,PAY_AMT4,PAY_AMT5,PAY_AMT6
0.7848101265822784,1.0,0.3333333333333333,0.6666666666666666,0.37037037037037035,0.1,0.2222222222222222,0.1,0.1,0.1,0.1,0.043080917406134775,0.05126588792260588,0.08686631266722677,0.08557319477655322,0.14351820080195293,0.4013037247437019,0.00202692568074299,0.005297119507905747,0.017083773569036842,0.01624813146488154,0.007395553906372803,0.0
