LIMIT_BAL,SEX,EDUCATION,MARRIAGE,AGE,PAY_0,PAY_2,PAY_3,PAY_4,PAY_5,PAY_6,BILL_AMT1,BILL_AMT2,BILL_AMT3,BILL_AMT4,BILL_AMT5,BILL_AMT6,PAY_AMT1,PAY_AMT2,PAY_AMT3,PAY_AMT4,PAY_AMT5,PAY_AMT6
0.34177215189873417,1.0,0.16666666666666666,0.3333333333333333,0.6481481481481481,0.2,0.2222222222222222,0.2,0.2,0.2,0.2,0.16489419314127307,0.1375430967941131,0.20479203220657632,0.1985790738510035,0.26243370163037616,0.49018691095979494,0.00810770272297196,0.004889648776528382,0.015769637140649394,0.017497987731410886,0.012884240255004883,0.012391573729863693
