LIMIT_BAL,SEX,EDUCATION,MARRIAGE,AGE,PAY_0,PAY_2,PAY_3,PAY_4,PAY_5,PAY_6,BILL_AMT1,BILL_AMT2,BILL_AMT3,BILL_AMT4,BILL_AMT5,BILL_AMT6,PAY_AMT1,PAY_AMT2,PAY_AMT3,PAY_AMT4,PAY_AMT5,PAY_AMT6
0.1772151898734177,1.0,0.5,0.3333333333333333,0.12962962962962965,0.2,0.2222222222222222,0.2,0.2,0.2,0.2,0.2537182701076984,0.22417022590438945,0.2936836354212918,0.24865608313406806,0.30572249291673614,0.5290045359684368,0.010387994113807822,0.008234168539673795,0.026327409206314163,0.009998850132234793,0.03865272076501465,0.01982651796778191
