LIMIT_BAL,SEX,EDUCATION,MARRIAGE,AGE,PAY_0,PAY_2,PAY_3,PAY_4,PAY_5,PAY_6,BILL_AMT1,BILL_AMT2,BILL_AMT3,BILL_AMT4,BILL_AMT5,BILL_AMT6,PAY_AMT1,PAY_AMT2,PAY_AMT3,PAY_AMT4,PAY_AMT5,PAY_AMT6
0.5443037974683544,0.0,0.16666666666666666,0.6666666666666666,0.40740740740740744,0.2,0.2222222222222222,0.2,0.2,0.2,0.2,0.11524243513531755,0.10853059229146297,0.1559226131034813,0.15004524669938812,0.22066450328918347,0.4645190244679816,0.004864621633783176,0.002444824388264191,0.005256545713549798,0.01249856266529349,0.010307392204003906,0.009913258983890954
