LIMIT_BAL,SEX,EDUCATION,MARRIAGE,AGE,PAY_0,PAY_2,PAY_3,PAY_4,PAY_5,PAY_6,BILL_AMT1,BILL_AMT2,BILL_AMT3,BILL_AMT4,BILL_AMT5,BILL_AMT6,PAY_AMT1,PAY_AMT2,PAY_AMT3,PAY_AMT4,PAY_AMT5,PAY_AMT6
0.4936708860759494,1.0,0.16666666666666666,0.3333333333333333,0.2962962962962963,0.2,0.2222222222222222,0.2,0.2,0.2,0.2,0.38461550536294237,0.32943446714351876,0.34490186336633993,0.272752197910861,0.3402956833756532,0.5414746408780866,0.023263026037887293,0.006519531702037843,0.011966526316896115,0.008998965119011314,0.009137503188849464,0.009576208178438662
