LIMIT_BAL,SEX,EDUCATION,MARRIAGE,AGE,PAY_0,PAY_2,PAY_3,PAY_4,PAY_5,PAY_6,BILL_AMT1,BILL_AMT2,BILL_AMT3,BILL_AMT4,BILL_AMT5,BILL_AMT6,PAY_AMT1,PAY_AMT2,PAY_AMT3,PAY_AMT4,PAY_AMT5,PAY_AMT6
0.5443037974683544,0.0,0.16666666666666666,0.6666666666666666,0.2592592592592593,0.2,0.2222222222222222,0.2,0.2,0.2,0.2,0.6862855286104698,0.5751003447743529,0.7708632161349798,0.6042696703283532,0.7207511037473489,0.8098631241350782,0.030606577779219147,0.013100998955245045,0.03270885570256361,0.03295371032331282,0.033174341808586576,0.030101610904584884
