LIMIT_BAL,SEX,EDUCATION,MARRIAGE,AGE,PAY_0,PAY_2,PAY_3,PAY_4,PAY_5,PAY_6,BILL_AMT1,BILL_AMT2,BILL_AMT3,BILL_AMT4,BILL_AMT5,BILL_AMT6,PAY_AMT1,PAY_AMT2,PAY_AMT3,PAY_AMT4,PAY_AMT5,PAY_AMT6
0.620253164556962,1.0,0.3333333333333333,0.3333333333333333,0.4814814814814815,0.2,0.2222222222222222,0.2,0.2,0.2,0.2,0.31052794333945,0.17777491895229766,0.26209768601889283,0.17573548360031882,0.2474224108913965,0.48433385946348784,0.010134628403714948,0.008149414627547303,0.013141364283874494,0.01249856266529349,0.012884240255004883,0.012391573729863693
