LIMIT_BAL,SEX,EDUCATION,MARRIAGE,AGE,PAY_0,PAY_2,PAY_3,PAY_4,PAY_5,PAY_6,BILL_AMT1,BILL_AMT2,BILL_AMT3,BILL_AMT4,BILL_AMT5,BILL_AMT6,PAY_AMT1,PAY_AMT2,PAY_AMT3,PAY_AMT4,PAY_AMT5,PAY_AMT6
0.27848101265822783,1.0,0.3333333333333333,0.6666666666666666,0.12962962962962965,0.2,0.2222222222222222,0.2,0.2,0.2,0.2,0.12604837557706766,0.11592780322132457,0.17190540721214714,0.1650995127739523,0.22966768299657192,0.47043535219668126,0.005067314201857474,0.0020373536568868257,0.007884818570324697,0.004999425066117396,0.010307392204003906,0.004956629491945477
