LIMIT_BAL,SEX,EDUCATION,MARRIAGE,AGE,PAY_0,PAY_2,PAY_3,PAY_4,PAY_5,PAY_6,BILL_AMT1,BILL_AMT2,BILL_AMT3,BILL_AMT4,BILL_AMT5,BILL_AMT6,PAY_AMT1,PAY_AMT2,PAY_AMT3,PAY_AMT4,PAY_AMT5,PAY_AMT6
0.24050632911392406,1.0,0.5,0.3333333333333333,0.462962962962963,0.1,0.2222222222222222,0.2,0.2,0.2,0.2,0.26713936115606607,0.2234935419132404,0.2906531273160031,0.2620383188603825,0.3272680333199348,0.540252472167246,0.010572444350755435,0.006519531702037843,0.05256545713549798,0.0391280002799678,0.009773984657446704,0.024783147459727387
