LIMIT_BAL,SEX,EDUCATION,MARRIAGE,AGE,PAY_0,PAY_2,PAY_3,PAY_4,PAY_5,PAY_6,BILL_AMT1,BILL_AMT2,BILL_AMT3,BILL_AMT4,BILL_AMT5,BILL_AMT6,PAY_AMT1,PAY_AMT2,PAY_AMT3,PAY_AMT4,PAY_AMT5,PAY_AMT6
0.4430379746835443,0.0,0.16666666666666666,0.6666666666666666,0.14814814814814814,0.1,0.2222222222222222,0.2,0.2,0.1,0.1,0.12544246433207704,0.10010806360314929,0.14243388094856885,0.10689757465705399,0.1533628755273641,0.40670798370285477,0.010408263370615253,0.016996419147212657,0.0002707121042478146,0.03146388165360983,0.01937274364742534,0.0158909541511772
