LIMIT_BAL,SEX,EDUCATION,MARRIAGE,AGE,PAY_0,PAY_2,PAY_3,PAY_4,PAY_5,PAY_6,BILL_AMT1,BILL_AMT2,BILL_AMT3,BILL_AMT4,BILL_AMT5,BILL_AMT6,PAY_AMT1,PAY_AMT2,PAY_AMT3,PAY_AMT4,PAY_AMT5,PAY_AMT6
0.2911392405063291,0.0,0.3333333333333333,0.6666666666666666,0.6666666666666667,0.1,0.1111111111111111,0.1,0.1,0.2,0.2,0.025779482840624934,0.044461740338599294,0.07977862105278796,0.1694848468504102,0.23620683457351727,0.4723687926308968,0.0024546069993797606,0.002000681291062863,0.1692476306120196,0.004791948925873524,0.010719687892164063,0.004237918215613383
