LIMIT_BAL,SEX,EDUCATION,MARRIAGE,AGE,PAY_0,PAY_2,PAY_3,PAY_4,PAY_5,PAY_6,BILL_AMT1,BILL_AMT2,BILL_AMT3,BILL_AMT4,BILL_AMT5,BILL_AMT6,PAY_AMT1,PAY_AMT2,PAY_AMT3,PAY_AMT4,PAY_AMT5,PAY_AMT6
0.430379746835443,1.0,0.16666666666666666,0.3333333333333333,0.462962962962963,0.2,0.2222222222222222,0.2,0.2,0.2,0.1,0.18423469171518406,0.1538516955693923,0.18014522009972947,0.14650941191276676,0.16473041113976009,0.5454387796592691,0.020409114679401163,0.004588935376771887,0.05266007495834187,0.01249856266529349,0.3221060063751221,0.007434944237918216
