LIMIT_BAL,SEX,EDUCATION,MARRIAGE,AGE,PAY_0,PAY_2,PAY_3,PAY_4,PAY_5,PAY_6,BILL_AMT1,BILL_AMT2,BILL_AMT3,BILL_AMT4,BILL_AMT5,BILL_AMT6,PAY_AMT1,PAY_AMT2,PAY_AMT3,PAY_AMT4,PAY_AMT5,PAY_AMT6
0.06329113924050633,1.0,0.3333333333333333,0.6666666666666666,0.018518518518518545,0.2,0.2222222222222222,0.2,0.2,0.2,0.1,0.04765978554509251,0.05551896258940977,0.09440626965249845,0.08486303134907079,0.08659882419453405,0.41980616380810426,0.0030403885211144847,0.0012370811404616806,0.005369561446391119,0.0,0.12284092343926756,0.0015291201982651798
