LIMIT_BAL,SEX,EDUCATION,MARRIAGE,AGE,PAY_0,PAY_2,PAY_3,PAY_4,PAY_5,PAY_6,BILL_AMT1,BILL_AMT2,BILL_AMT3,BILL_AMT4,BILL_AMT5,BILL_AMT6,PAY_AMT1,PAY_AMT2,PAY_AMT3,PAY_AMT4,PAY_AMT5,PAY_AMT6
0.759493670886076,1.0,0.16666666666666666,0.6666666666666666,0.18518518518518523,0.2,0.2222222222222222,0.2,0.2,0.2,0.2,0.24812850341492207,0.20577882982555448,0.18819191237275912,0.16332710067540437,0.3049561605605174,0.5221085984197347,0.013256093952059154,0.0017113770717849337,0.005650786642066033,0.1249856266529349,0.01211118583970459,0.004956629491945477
