LIMIT_BAL,SEX,EDUCATION,MARRIAGE,AGE,PAY_0,PAY_2,PAY_3,PAY_4,PAY_5,PAY_6,BILL_AMT1,BILL_AMT2,BILL_AMT3,BILL_AMT4,BILL_AMT5,BILL_AMT6,PAY_AMT1,PAY_AMT2,PAY_AMT3,PAY_AMT4,PAY_AMT5,PAY_AMT6
0.18987341772151897,1.0,0.16666666666666666,0.6666666666666666,0.07407407407407407,0.1,0.2222222222222222,0.1,0.1,0.2,0.2,0.033584121985944744,0.04539185920856276,0.0949146555437996,0.0791292857014437,0.15063577808060707,0.3979407101702482,0.00202692568074299,0.009311521153435549,0.0057795720120480025,0.02499712533058698,0.0,0.02445353159851301
