LIMIT_BAL,SEX,EDUCATION,MARRIAGE,AGE,PAY_0,PAY_2,PAY_3,PAY_4,PAY_5,PAY_6,BILL_AMT1,BILL_AMT2,BILL_AMT3,BILL_AMT4,BILL_AMT5,BILL_AMT6,PAY_AMT1,PAY_AMT2,PAY_AMT3,PAY_AMT4,PAY_AMT5,PAY_AMT6
0.35443037974683544,1.0,0.3333333333333333,0.6666666666666666,0.33333333333333337,0.2,0.2222222222222222,0.2,0.2,0.2,0.2,0.38246185192219845,0.3457134770750785,0.47236311957467253,0.2376335676572997,0.31376326375885205,0.4566973790750186,0.02148541221587569,0.00831240292009825,0.010513091427099596,0.011333696624888137,0.006880184296172607,0.0017348203221809171
