LIMIT_BAL,SEX,EDUCATION,MARRIAGE,AGE,PAY_0,PAY_2,PAY_3,PAY_4,PAY_5,PAY_6,BILL_AMT1,BILL_AMT2,BILL_AMT3,BILL_AMT4,BILL_AMT5,BILL_AMT6,PAY_AMT1,PAY_AMT2,PAY_AMT3,PAY_AMT4,PAY_AMT5,PAY_AMT6
0.35443037974683544,0.0,0.16666666666666666,0.6666666666666666,0.18518518518518523,0.2,0.2222222222222222,0.2,0.2,0.2,0.2,0.21965695377336722,0.1911555086708177,0.2634709881668232,0.22692717978221655,0.26409708401551624,0.4941264423172693,0.00790501015489766,0.003963875274839009,0.013141364283874494,0.006979197392299885,0.0077305441530029296,0.0065477075588599755
