LIMIT_BAL,SEX,EDUCATION,MARRIAGE,AGE,PAY_0,PAY_2,PAY_3,PAY_4,PAY_5,PAY_6,BILL_AMT1,BILL_AMT2,BILL_AMT3,BILL_AMT4,BILL_AMT5,BILL_AMT6,PAY_AMT1,PAY_AMT2,PAY_AMT3,PAY_AMT4,PAY_AMT5,PAY_AMT6
0.34177215189873417,1.0,0.16666666666666666,0.3333333333333333,0.3148148148148149,0.1,0.1111111111111111,0.4,0.2,0.2,0.1,0.032136841758272805,0.05391473267122936,0.08679203550778343,0.07664970664557151,0.13289738989487032,0.4034410552600711,0.013083805269196,8.964356090302035e-06,1.3141364283874494e-05,0.0,0.012095724751398584,0.013115241635687733
