LIMIT_BAL,SEX,EDUCATION,MARRIAGE,AGE,PAY_0,PAY_2,PAY_3,PAY_4,PAY_5,PAY_6,BILL_AMT1,BILL_AMT2,BILL_AMT3,BILL_AMT4,BILL_AMT5,BILL_AMT6,PAY_AMT1,PAY_AMT2,PAY_AMT3,PAY_AMT4,PAY_AMT5,PAY_AMT6
0.5063291139240507,1.0,0.3333333333333333,0.3333333333333333,0.14814814814814814,0.0,0.0,0.0,0.1,0.1,0.2,0.03464682124205526,0.05126588792260588,0.08730207200262777,0.07844609050538466,0.376609052852423,0.5685486658675112,0.013175016924829433,0.005512264054072996,0.009309342458696692,0.40261369942456615,0.013069773314676953,0.012121437422552665
