LIMIT_BAL,SEX,EDUCATION,MARRIAGE,AGE,PAY_0,PAY_2,PAY_3,PAY_4,PAY_5,PAY_6,BILL_AMT1,BILL_AMT2,BILL_AMT3,BILL_AMT4,BILL_AMT5,BILL_AMT6,PAY_AMT1,PAY_AMT2,PAY_AMT3,PAY_AMT4,PAY_AMT5,PAY_AMT6
0.569620253164557,1.0,0.16666666666666666,0.3333333333333333,0.3148148148148149,0.1,0.1111111111111111,0.1,0.1,0.1,0.1,0.05731198307215837,0.07098492255441774,0.09887610404744496,0.08815914852303985,0.15331712434191822,0.4032172448825347,0.044253868387661696,0.01122907841529743,0.021620172519830318,0.03123890752563455,0.011603546773657398,0.014483271375464684
