LIMIT_BAL,SEX,EDUCATION,MARRIAGE,AGE,PAY_0,PAY_2,PAY_3,PAY_4,PAY_5,PAY_6,BILL_AMT1,BILL_AMT2,BILL_AMT3,BILL_AMT4,BILL_AMT5,BILL_AMT6,PAY_AMT1,PAY_AMT2,PAY_AMT3,PAY_AMT4,PAY_AMT5,PAY_AMT6
0.1772151898734177,0.0,0.3333333333333333,0.6666666666666666,0.09259259259259262,0.2,0.2222222222222222,0.1,0.2,0.2,0.2,0.1329017654621172,0.09752354242782896,0.2283444941642912,0.18131940574003824,0.24733581043323105,0.41488585084854596,0.008539437892970216,0.07534704282191411,0.013201814559580317,0.010776260730016047,0.018115241798536866,0.007568773234200744
