LIMIT_BAL,SEX,EDUCATION,MARRIAGE,AGE,PAY_0,PAY_2,PAY_3,PAY_4,PAY_5,PAY_6,BILL_AMT1,BILL_AMT2,BILL_AMT3,BILL_AMT4,BILL_AMT5,BILL_AMT6,PAY_AMT1,PAY_AMT2,PAY_AMT3,PAY_AMT4,PAY_AMT5,PAY_AMT6
0.5063291139240507,0.0,0.16666666666666666,0.6666666666666666,0.2962962962962963,0.2,0.2222222222222222,0.2,0.2,0.2,0.2,0.11778537870237671,0.12795116554314825,0.187381466033055,0.18176138508836592,0.2547752799809152,0.48978498970589435,0.01621540544594392,0.002444824388264191,0.011564400569809554,0.01249856266529349,0.012969276240687916,0.0008550185873605949
