LIMIT_BAL,SEX,EDUCATION,MARRIAGE,AGE,PAY_0,PAY_2,PAY_3,PAY_4,PAY_5,PAY_6,BILL_AMT1,BILL_AMT2,BILL_AMT3,BILL_AMT4,BILL_AMT5,BILL_AMT6,PAY_AMT1,PAY_AMT2,PAY_AMT3,PAY_AMT4,PAY_AMT5,PAY_AMT6
0.4430379746835443,0.0,0.16666666666666666,0.6666666666666666,0.2592592592592593,0.1,0.1111111111111111,0.1,0.1,0.4,0.2,0.02590506030072662,0.07370709617660681,0.07759652316869664,0.07701677423994534,0.13329607879661312,0.3982266249980958,0.04853270849971015,0.0007204082530751817,0.0007884818570324697,0.0,0.0,0.002121437422552664
