LIMIT_BAL,SEX,EDUCATION,MARRIAGE,AGE,PAY_0,PAY_2,PAY_3,PAY_4,PAY_5,PAY_6,BILL_AMT1,BILL_AMT2,BILL_AMT3,BILL_AMT4,BILL_AMT5,BILL_AMT6,PAY_AMT1,PAY_AMT2,PAY_AMT3,PAY_AMT4,PAY_AMT5,PAY_AMT6
0.7215189873417722,1.0,0.16666666666666666,0.3333333333333333,0.2777777777777778,0.2,0.2222222222222222,0.2,0.2,0.2,0.2,0.2748074348135253,0.25155534400247004,0.3503472044553091,0.32958325093040397,0.4086381506063666,0.594757915680905,0.01301691672173148,0.005350090702984805,0.015640851770667423,0.015013273473550541,0.015187942412599756,0.014736059479553905
