LIMIT_BAL,SEX,EDUCATION,MARRIAGE,AGE,PAY_0,PAY_2,PAY_3,PAY_4,PAY_5,PAY_6,BILL_AMT1,BILL_AMT2,BILL_AMT3,BILL_AMT4,BILL_AMT5,BILL_AMT6,PAY_AMT1,PAY_AMT2,PAY_AMT3,PAY_AMT4,PAY_AMT5,PAY_AMT6
0.34177215189873417,0.0,0.16666666666666666,0.6666666666666666,0.12962962962962965,0.2,0.2222222222222222,0.2,0.2,0.2,0.1,0.4661607987982237,0.31538491226264603,0.2358547402857855,0.17704643929451108,0.13289248798214398,0.3993984070794386,0.1621925660473733,0.0040747073137736515,0.0011538117841241805,0.026504451988021375,0.0032133295195982178,0.005420074349442379
