LIMIT_BAL,SEX,EDUCATION,MARRIAGE,AGE,PAY_0,PAY_2,PAY_3,PAY_4,PAY_5,PAY_6,BILL_AMT1,BILL_AMT2,BILL_AMT3,BILL_AMT4,BILL_AMT5,BILL_AMT6,PAY_AMT1,PAY_AMT2,PAY_AMT3,PAY_AMT4,PAY_AMT5,PAY_AMT6
0.430379746835443,1.0,0.16666666666666666,0.6666666666666666,0.18518518518518523,0.2,0.1111111111111111,0.2,0.2,0.2,0.2,0.10123426946097444,0.0695826686564092,0.1547572870019923,0.1529203598161366,0.19025630467675153,0.3979407101702482,0.04203438476724812,0.02256491416221573,0.056379081050678355,0.004999425066117396,0.0,0.05105824039653036
