LIMIT_BAL,SEX,EDUCATION,MARRIAGE,AGE,PAY_0,PAY_2,PAY_3,PAY_4,PAY_5,PAY_6,BILL_AMT1,BILL_AMT2,BILL_AMT3,BILL_AMT4,BILL_AMT5,BILL_AMT6,PAY_AMT1,PAY_AMT2,PAY_AMT3,PAY_AMT4,PAY_AMT5,PAY_AMT6
0.36708860759493667,1.0,0.5,0.3333333333333333,0.16666666666666674,0.1,0.1111111111111111,0.2,0.2,0.1,0.1,0.04300714064832503,0.06224592188545258,0.11887976838731082,0.10042969382067923,0.13938752234455218,0.40051863074920224,0.030489016089736053,0.020781007300245624,0.015769637140649394,0.009928858181309149,0.005669065712202149,0.0
