LIMIT_BAL,SEX,EDUCATION,MARRIAGE,AGE,PAY_0,PAY_2,PAY_3,PAY_4,PAY_5,PAY_6,BILL_AMT1,BILL_AMT2,BILL_AMT3,BILL_AMT4,BILL_AMT5,BILL_AMT6,PAY_AMT1,PAY_AMT2,PAY_AMT3,PAY_AMT4,PAY_AMT5,PAY_AMT6
0.13924050632911392,1.0,0.3333333333333333,0.6666666666666666,0.40740740740740744,0.2,0.2222222222222222,0.2,0.1,0.2,0.2,0.21463542508755104,0.12030180620593836,0.1780175921325633,0.11424641771992593,0.1755309588468087,0.4150323236087138,0.1565293356953774,0.01784966285871686,0.06740468568484906,0.012698539667938186,0.0,0.012520446096654276
