LIMIT_BAL,SEX,EDUCATION,MARRIAGE,AGE,PAY_0,PAY_2,PAY_3,PAY_4,PAY_5,PAY_6,BILL_AMT1,BILL_AMT2,BILL_AMT3,BILL_AMT4,BILL_AMT5,BILL_AMT6,PAY_AMT1,PAY_AMT2,PAY_AMT3,PAY_AMT4,PAY_AMT5,PAY_AMT6
0.620253164556962,1.0,0.5,0.3333333333333333,0.35185185185185186,0.2,0.2222222222222222,0.2,0.2,0.2,0.1,0.08418398981566798,0.09296428755210209,0.12151083043514863,0.11636642035681966,0.13288268415669127,0.41535690724524577,0.002602572574073999,0.001003192940651073,0.0030330268767182335,0.0,0.03832288421448653,0.0002998760842627014
