LIMIT_BAL,SEX,EDUCATION,MARRIAGE,AGE,PAY_0,PAY_2,PAY_3,PAY_4,PAY_5,PAY_6,BILL_AMT1,BILL_AMT2,BILL_AMT3,BILL_AMT4,BILL_AMT5,BILL_AMT6,PAY_AMT1,PAY_AMT2,PAY_AMT3,PAY_AMT4,PAY_AMT5,PAY_AMT6
0.2911392405063291,0.0,0.3333333333333333,0.6666666666666666,0.14814814814814814,0.2,0.2222222222222222,0.2,0.2,0.2,0.2,0.3866011989508003,0.3286239901198992,0.439483096994416,0.40177420998064284,0.4662405270536563,0.6349547281992873,0.014891822976418745,0.005566050190614808,0.017609428140391823,0.015998160211575668,0.01652274970301826,0.016230483271375464
