LIMIT_BAL,SEX,EDUCATION,MARRIAGE,AGE,PAY_0,PAY_2,PAY_3,PAY_4,PAY_5,PAY_6,BILL_AMT1,BILL_AMT2,BILL_AMT3,BILL_AMT4,BILL_AMT5,BILL_AMT6,PAY_AMT1,PAY_AMT2,PAY_AMT3,PAY_AMT4,PAY_AMT5,PAY_AMT6
0.22784810126582275,1.0,0.3333333333333333,0.6666666666666666,0.11111111111111116,0.2,0.2222222222222222,0.2,0.2,0.2,0.2,0.17650539904592524,0.1699647506818299,0.24359442029978262,0.2308585486297142,0.30296598399362096,0.5225702805597837,0.008954957657522529,0.00444306085493879,0.014379280799415473,0.010206326272478665,0.011232480654313258,0.009162329615861215
