LIMIT_BAL,SEX,EDUCATION,MARRIAGE,AGE,PAY_0,PAY_2,PAY_3,PAY_4,PAY_5,PAY_6,BILL_AMT1,BILL_AMT2,BILL_AMT3,BILL_AMT4,BILL_AMT5,BILL_AMT6,PAY_AMT1,PAY_AMT2,PAY_AMT3,PAY_AMT4,PAY_AMT5,PAY_AMT6
0.1772151898734177,1.0,0.3333333333333333,0.6666666666666666,0.16666666666666674,0.2,0.2222222222222222,0.2,0.2,0.2,0.2,0.19184939495210004,0.17912700046312974,0.23549986052400063,0.20630846862396096,0.21839164975506775,0.4580062596598785,0.00810770272297196,0.0036672365823962865,0.013141364283874494,0.004999425066117396,0.00438064168670166,0.005700123915737299
