LIMIT_BAL,SEX,EDUCATION,MARRIAGE,AGE,PAY_0,PAY_2,PAY_3,PAY_4,PAY_5,PAY_6,BILL_AMT1,BILL_AMT2,BILL_AMT3,BILL_AMT4,BILL_AMT5,BILL_AMT6,PAY_AMT1,PAY_AMT2,PAY_AMT3,PAY_AMT4,PAY_AMT5,PAY_AMT6
0.569620253164557,1.0,0.16666666666666666,0.6666666666666666,0.12962962962962965,0.2,0.2222222222222222,0.2,0.1,0.2,0.2,0.050023781231506755,0.05907476972160758,0.10816405018495014,0.09091140636330403,0.1469952908958409,0.3979407101702482,0.005067314201857474,0.00770608647180873,0.02644830975772581,0.0,0.0,0.03266914498141264
