LIMIT_BAL,SEX,EDUCATION,MARRIAGE,AGE,PAY_0,PAY_2,PAY_3,PAY_4,PAY_5,PAY_6,BILL_AMT1,BILL_AMT2,BILL_AMT3,BILL_AMT4,BILL_AMT5,BILL_AMT6,PAY_AMT1,PAY_AMT2,PAY_AMT3,PAY_AMT4,PAY_AMT5,PAY_AMT6
0.620253164556962,1.0,0.3333333333333333,0.3333333333333333,0.3148148148148149,0.2,0.2222222222222222,0.2,0.2,0.2,0.2,0.4047581299632529,0.28038774249987136,0.3883259413804658,0.33454091080706927,0.16599020271043097,0.4325973370080419,0.014188479765200929,0.006519531702037843,0.02365445571097409,0.0019772726136494303,0.025768480510009767,0.01734820322180917
