LIMIT_BAL,SEX,EDUCATION,MARRIAGE,AGE,PAY_0,PAY_2,PAY_3,PAY_4,PAY_5,PAY_6,BILL_AMT1,BILL_AMT2,BILL_AMT3,BILL_AMT4,BILL_AMT5,BILL_AMT6,PAY_AMT1,PAY_AMT2,PAY_AMT3,PAY_AMT4,PAY_AMT5,PAY_AMT6
0.5822784810126582,1.0,0.16666666666666666,0.6666666666666666,0.35185185185185186,0.2,0.2222222222222222,0.2,0.2,0.2,0.2,0.0510958987971249,0.061843256316574904,0.1013421057409642,0.09922960752233868,0.15946739084257344,0.41782468030855363,0.0025194686211635364,0.0010594239015811495,0.0015769637140649394,0.0022497412797528285,0.0025768480510009765,0.003281288723667906
