LIMIT_BAL,SEX,EDUCATION,MARRIAGE,AGE,PAY_0,PAY_2,PAY_3,PAY_4,PAY_5,PAY_6,BILL_AMT1,BILL_AMT2,BILL_AMT3,BILL_AMT4,BILL_AMT5,BILL_AMT6,PAY_AMT1,PAY_AMT2,PAY_AMT3,PAY_AMT4,PAY_AMT5,PAY_AMT6
0.34177215189873417,1.0,0.5,0.3333333333333333,0.4444444444444444,0.2,0.2222222222222222,0.2,0.2,0.2,0.2,0.4870882825241697,0.4498726393248598,0.6284491424289291,0.4693086544051108,0.414502472197985,0.612114351869754,0.05339935705917406,0.020057339281319423,0.05946467338453209,0.03085645150807657,0.03292181069958848,0.029372986369268897
