LIMIT_BAL,SEX,EDUCATION,MARRIAGE,AGE,PAY_0,PAY_2,PAY_3,PAY_4,PAY_5,PAY_6,BILL_AMT1,BILL_AMT2,BILL_AMT3,BILL_AMT4,BILL_AMT5,BILL_AMT6,PAY_AMT1,PAY_AMT2,PAY_AMT3,PAY_AMT4,PAY_AMT5,PAY_AMT6
0.48101265822784806,0.0,0.16666666666666666,0.6666666666666666,0.14814814814814814,0.2,0.1111111111111111,0.2,0.2,0.2,0.2,0.03959771260656425,0.06338187618998611,0.24642850658343224,0.21916931854275662,0.27681754754038357,0.4923582231565231,0.03244702629733378,0.08149414627547304,0.013141364283874494,0.009998850132234793,0.010307392204003906,0.007434944237918216
