LIMIT_BAL,SEX,EDUCATION,MARRIAGE,AGE,PAY_0,PAY_2,PAY_3,PAY_4,PAY_5,PAY_6,BILL_AMT1,BILL_AMT2,BILL_AMT3,BILL_AMT4,BILL_AMT5,BILL_AMT6,PAY_AMT1,PAY_AMT2,PAY_AMT3,PAY_AMT4,PAY_AMT5,PAY_AMT6
0.2151898734177215,1.0,0.16666666666666666,0.6666666666666666,0.16666666666666674,0.2,0.2222222222222222,0.2,0.2,0.2,0.2,0.20242301709266206,0.11107651932280144,0.1395106620735872,0.12127913318111265,0.31398058188972006,0.5147216841789498,0.006080777042228969,0.0025833644369324953,0.005256545713549798,0.2499712533058698,0.012884240255004883,0.009913258983890954
