LIMIT_BAL,SEX,EDUCATION,MARRIAGE,AGE,PAY_0,PAY_2,PAY_3,PAY_4,PAY_5,PAY_6,BILL_AMT1,BILL_AMT2,BILL_AMT3,BILL_AMT4,BILL_AMT5,BILL_AMT6,PAY_AMT1,PAY_AMT2,PAY_AMT3,PAY_AMT4,PAY_AMT5,PAY_AMT6
0.24050632911392406,1.0,0.3333333333333333,0.3333333333333333,0.20370370370370372,0.1,0.1111111111111111,0.1,0.1,0.1,0.1,0.03211329598450374,0.05601296763237792,0.09295703974158151,0.09110168221834679,0.1502076777025062,0.4110564670067178,0.020654372686771064,0.008304253505470703,0.02678210041053622,0.026481954575223846,0.02884266023485393,0.025254027261462208
