LIMIT_BAL,SEX,EDUCATION,MARRIAGE,AGE,PAY_0,PAY_2,PAY_3,PAY_4,PAY_5,PAY_6,BILL_AMT1,BILL_AMT2,BILL_AMT3,BILL_AMT4,BILL_AMT5,BILL_AMT6,PAY_AMT1,PAY_AMT2,PAY_AMT3,PAY_AMT4,PAY_AMT5,PAY_AMT6
0.24050632911392406,0.0,0.16666666666666666,0.3333333333333333,0.5555555555555556,0.2,0.1111111111111111,0.2,0.2,0.1,0.2,0.1854700599789344,0.110515617763598,0.1328669828122653,0.09716953428860801,0.17172380662934678,0.41926480048652387,0.10652710607712856,0.001632327749897725,0.002628272856774899,0.06516250631177414,0.025817440622978784,0.15241635687732344
