LIMIT_BAL,SEX,EDUCATION,MARRIAGE,AGE,PAY_0,PAY_2,PAY_3,PAY_4,PAY_5,PAY_6,BILL_AMT1,BILL_AMT2,BILL_AMT3,BILL_AMT4,BILL_AMT5,BILL_AMT6,PAY_AMT1,PAY_AMT2,PAY_AMT3,PAY_AMT4,PAY_AMT5,PAY_AMT6
0.24050632911392406,1.0,0.3333333333333333,0.3333333333333333,0.2777777777777778,0.1,0.1111111111111111,0.1,0.1,0.2,0.1,0.03786160422065843,0.06244403849122627,0.08637938462198703,0.13225520337042962,0.13403463364738255,0.39961635854656835,0.030878185820438706,0.005073010605648197,0.10026860948596239,4.999425066117396e-06,0.0036952001051354004,0.005613382899628253
