LIMIT_BAL,SEX,EDUCATION,MARRIAGE,AGE,PAY_0,PAY_2,PAY_3,PAY_4,PAY_5,PAY_6,BILL_AMT1,BILL_AMT2,BILL_AMT3,BILL_AMT4,BILL_AMT5,BILL_AMT6,PAY_AMT1,PAY_AMT2,PAY_AMT3,PAY_AMT4,PAY_AMT5,PAY_AMT6
0.4050632911392405,0.0,0.16666666666666666,0.6666666666666666,0.38888888888888884,0.2,0.2222222222222222,0.2,0.2,0.2,0.2,0.1389545990390185,0.1414462512221479,0.20533673137582759,0.19584629306676735,0.23212680921428874,0.46404210916087507,0.020269256807429897,0.0032597658510189215,0.02102618285419919,0.02499712533058698,0.03865272076501465,0.01982651796778191
