LIMIT_BAL,SEX,EDUCATION,MARRIAGE,AGE,PAY_0,PAY_2,PAY_3,PAY_4,PAY_5,PAY_6,BILL_AMT1,BILL_AMT2,BILL_AMT3,BILL_AMT4,BILL_AMT5,BILL_AMT6,PAY_AMT1,PAY_AMT2,PAY_AMT3,PAY_AMT4,PAY_AMT5,PAY_AMT6
0.34177215189873417,0.0,0.3333333333333333,0.6666666666666666,0.38888888888888884,0.1,0.2222222222222222,0.1,0.2,0.2,0.2,0.05985178720271499,0.07271008079040807,0.21160737423638953,0.16818288056669245,0.2062103966300984,0.4328645033225881,0.0022661029110706624,0.0670427893164434,0.004016000925152046,0.002492213395459522,0.0027031136055000243,0.032228004956629495
