LIMIT_BAL,SEX,EDUCATION,MARRIAGE,AGE,PAY_0,PAY_2,PAY_3,PAY_4,PAY_5,PAY_6,BILL_AMT1,BILL_AMT2,BILL_AMT3,BILL_AMT4,BILL_AMT5,BILL_AMT6,PAY_AMT1,PAY_AMT2,PAY_AMT3,PAY_AMT4,PAY_AMT5,PAY_AMT6
0.36708860759493667,1.0,0.3333333333333333,0.3333333333333333,0.2777777777777778,0.1,0.1111111111111111,0.4,0.2,0.1,0.1,0.02328363082110392,0.04958189677352957,0.08374006955643332,0.07928510214966769,0.13742022137037874,0.474543620173869,0.020269256807429897,0.0,0.0,0.006919204291506476,0.16845628763808684,0.026716232961586123
