LIMIT_BAL,SEX,EDUCATION,MARRIAGE,AGE,PAY_0,PAY_2,PAY_3,PAY_4,PAY_5,PAY_6,BILL_AMT1,BILL_AMT2,BILL_AMT3,BILL_AMT4,BILL_AMT5,BILL_AMT6,PAY_AMT1,PAY_AMT2,PAY_AMT3,PAY_AMT4,PAY_AMT5,PAY_AMT6
0.4177215189873417,0.0,0.16666666666666666,0.3333333333333333,0.5740740740740741,0.0,0.0,0.0,0.0,0.0,0.0,0.0724268001136476,0.08619616116914527,0.13422542952830702,0.12078171913485913,0.1504887206988167,0.4376488895607106,0.06824658767061646,0.028695718786519567,0.07884818570324696,0.026911905130909942,0.0873680331691881,0.07484510532837671
