LIMIT_BAL,SEX,EDUCATION,MARRIAGE,AGE,PAY_0,PAY_2,PAY_3,PAY_4,PAY_5,PAY_6,BILL_AMT1,BILL_AMT2,BILL_AMT3,BILL_AMT4,BILL_AMT5,BILL_AMT6,PAY_AMT1,PAY_AMT2,PAY_AMT3,PAY_AMT4,PAY_AMT5,PAY_AMT6
0.7215189873417722,1.0,0.3333333333333333,0.3333333333333333,0.6666666666666667,0.1,0.1111111111111111,0.1,0.1,0.1,0.1,0.05620533170501227,0.04584984305048114,0.08433758803906649,0.08254825815189706,0.14200514374042086,0.4146268870085692,0.004641659808901447,0.0040486291869655,0.011787803762635421,0.013955895072066711,0.03669946994235591,0.024748451053283767
