LIMIT_BAL,SEX,EDUCATION,MARRIAGE,AGE,PAY_0,PAY_2,PAY_3,PAY_4,PAY_5,PAY_6,BILL_AMT1,BILL_AMT2,BILL_AMT3,BILL_AMT4,BILL_AMT5,BILL_AMT6,PAY_AMT1,PAY_AMT2,PAY_AMT3,PAY_AMT4,PAY_AMT5,PAY_AMT6
0.34177215189873417,0.0,0.16666666666666666,0.3333333333333333,0.2592592592592593,0.2,0.2222222222222222,0.2,0.2,0.4,0.2,0.253785767992503,0.3569212164874183,0.42313717010624935,0.3419137256312065,0.3831906876729967,0.5688474702982537,0.2059052452782766,0.07396571704254484,0.13172640730870117,0.0007049189343225528,0.12996590830028526,0.13428500619578687
