LIMIT_BAL,SEX,EDUCATION,MARRIAGE,AGE,PAY_0,PAY_2,PAY_3,PAY_4,PAY_5,PAY_6,BILL_AMT1,BILL_AMT2,BILL_AMT3,BILL_AMT4,BILL_AMT5,BILL_AMT6,PAY_AMT1,PAY_AMT2,PAY_AMT3,PAY_AMT4,PAY_AMT5,PAY_AMT6
0.16455696202531644,1.0,0.3333333333333333,0.6666666666666666,0.07407407407407407,0.2,0.2222222222222222,0.2,0.2,0.2,0.2,0.23999893259158914,0.21228837544383267,0.2659386404638856,0.19790336983033985,0.26820978879292035,0.4817043804729546,0.012566939220606537,0.0034602414508565853,0.013141364283874494,0.0074991375991760945,0.0077305441530029296,0.0069392812887236685
