LIMIT_BAL,SEX,EDUCATION,MARRIAGE,AGE,PAY_0,PAY_2,PAY_3,PAY_4,PAY_5,PAY_6,BILL_AMT1,BILL_AMT2,BILL_AMT3,BILL_AMT4,BILL_AMT5,BILL_AMT6,PAY_AMT1,PAY_AMT2,PAY_AMT3,PAY_AMT4,PAY_AMT5,PAY_AMT6
0.34177215189873417,1.0,0.16666666666666666,0.3333333333333333,0.2777777777777778,0.1,0.2222222222222222,0.1,0.1,0.1,0.1,0.052207259319024826,0.06723743117377656,0.0892200733198094,0.10275045995816928,0.17281856713823068,0.4106018155591568,0.01235208509844778,0.006491823692304182,0.0474639795204979,0.061377941536723275,0.04859935424187842,0.04290706319702602
