LIMIT_BAL,SEX,EDUCATION,MARRIAGE,AGE,PAY_0,PAY_2,PAY_3,PAY_4,PAY_5,PAY_6,BILL_AMT1,BILL_AMT2,BILL_AMT3,BILL_AMT4,BILL_AMT5,BILL_AMT6,PAY_AMT1,PAY_AMT2,PAY_AMT3,PAY_AMT4,PAY_AMT5,PAY_AMT6
0.36708860759493667,1.0,0.16666666666666666,0.6666666666666666,0.12962962962962965,0.1,0.1111111111111111,0.1,0.1,0.2,0.2,0.02526618497245929,0.04385066639221943,0.07735223384430517,0.07737035771860748,0.17748682202462068,0.43091700150339635,0.00202692568074299,0.0005997969165874816,0.0026939796781942716,0.06749223839258485,0.005153696102001953,0.0027261462205700124
