LIMIT_BAL,SEX,EDUCATION,MARRIAGE,AGE,PAY_0,PAY_2,PAY_3,PAY_4,PAY_5,PAY_6,BILL_AMT1,BILL_AMT2,BILL_AMT3,BILL_AMT4,BILL_AMT5,BILL_AMT6,PAY_AMT1,PAY_AMT2,PAY_AMT3,PAY_AMT4,PAY_AMT5,PAY_AMT6
0.620253164556962,1.0,0.5,0.6666666666666666,0.5,0.0,0.0,0.0,0.0,0.0,0.0,0.15580395474816225,0.0754785673853754,0.09984665893083806,0.2614704877654124,0.2496658529491541,0.46229966920591836,0.051331892864816216,0.011705819171008948,0.32611872434148625,0.17883193432755232,0.14153080235317764,0.11684758364312268
