LIMIT_BAL,SEX,EDUCATION,MARRIAGE,AGE,PAY_0,PAY_2,PAY_3,PAY_4,PAY_5,PAY_6,BILL_AMT1,BILL_AMT2,BILL_AMT3,BILL_AMT4,BILL_AMT5,BILL_AMT6,PAY_AMT1,PAY_AMT2,PAY_AMT3,PAY_AMT4,PAY_AMT5,PAY_AMT6
0.620253164556962,1.0,0.5,0.6666666666666666,0.462962962962963,0.1,0.2222222222222222,0.1,0.1,0.2,0.2,0.06207764768301738,0.0900838779395873,0.0787090299568037,0.5415640375637499,0.6261180445943341,0.5546794531527383,0.030403885211144847,0.00126967879897187,0.8170038740741908,0.02499712533058698,0.012884240255004883,0.012391573729863693
