LIMIT_BAL,SEX,EDUCATION,MARRIAGE,AGE,PAY_0,PAY_2,PAY_3,PAY_4,PAY_5,PAY_6,BILL_AMT1,BILL_AMT2,BILL_AMT3,BILL_AMT4,BILL_AMT5,BILL_AMT6,PAY_AMT1,PAY_AMT2,PAY_AMT3,PAY_AMT4,PAY_AMT5,PAY_AMT6
0.27848101265822783,1.0,0.16666666666666666,0.3333333333333333,0.05555555555555558,0.1,0.1111111111111111,0.1,0.2,0.2,0.1,0.07896938578494546,0.08793032470539805,0.15022307906886154,0.09094586577012279,0.14417995902000963,0.3982184225235264,0.07094239882600464,0.036577832614283316,0.0005309111170685296,0.0010123835758887728,0.0006107129880872314,0.008837670384138786
