LIMIT_BAL,SEX,EDUCATION,MARRIAGE,AGE,PAY_0,PAY_2,PAY_3,PAY_4,PAY_5,PAY_6,BILL_AMT1,BILL_AMT2,BILL_AMT3,BILL_AMT4,BILL_AMT5,BILL_AMT6,PAY_AMT1,PAY_AMT2,PAY_AMT3,PAY_AMT4,PAY_AMT5,PAY_AMT6
0.4430379746835443,0.0,0.16666666666666666,0.3333333333333333,0.3148148148148149,0.2,0.2222222222222222,0.2,0.1,0.2,0.2,0.09784681747473145,0.15657000977718316,0.16677698200346958,0.11390032541665918,0.16913723068074496,0.3983356007316607,0.09843561875960255,0.008208090412865644,0.06786463343478466,0.001522324932632747,2.5768480510009766e-06,0.0258364312267658
