LIMIT_BAL,SEX,EDUCATION,MARRIAGE,AGE,PAY_0,PAY_2,PAY_3,PAY_4,PAY_5,PAY_6,BILL_AMT1,BILL_AMT2,BILL_AMT3,BILL_AMT4,BILL_AMT5,BILL_AMT6,PAY_AMT1,PAY_AMT2,PAY_AMT3,PAY_AMT4,PAY_AMT5,PAY_AMT6
0.2151898734177215,1.0,0.16666666666666666,0.6666666666666666,0.11111111111111116,0.2,0.2222222222222222,0.4,0.2,0.2,0.2,0.17964640526671868,0.19681083723563014,0.26734165347559335,0.23411271522146912,0.3279248896252651,0.5339810944678995,0.04560582781671727,9.860791699332238e-05,0.02628272856774899,0.04999425066117396,0.06442120127502442,0.0
