LIMIT_BAL,SEX,EDUCATION,MARRIAGE,AGE,PAY_0,PAY_2,PAY_3,PAY_4,PAY_5,PAY_6,BILL_AMT1,BILL_AMT2,BILL_AMT3,BILL_AMT4,BILL_AMT5,BILL_AMT6,PAY_AMT1,PAY_AMT2,PAY_AMT3,PAY_AMT4,PAY_AMT5,PAY_AMT6
0.4430379746835443,0.0,0.16666666666666666,0.3333333333333333,0.2407407407407407,0.1,0.1111111111111111,0.1,0.1,0.1,0.1,0.03482576912270016,0.10618535480883035,0.1396806742385353,0.09732235426667385,0.16083502449322393,0.40326763151203243,0.09970447423574767,0.03146488987696014,0.0377157154947198,0.04274008489023762,0.01171435123985044,0.01543742255266419
