LIMIT_BAL,SEX,EDUCATION,MARRIAGE,AGE,PAY_0,PAY_2,PAY_3,PAY_4,PAY_5,PAY_6,BILL_AMT1,BILL_AMT2,BILL_AMT3,BILL_AMT4,BILL_AMT5,BILL_AMT6,PAY_AMT1,PAY_AMT2,PAY_AMT3,PAY_AMT4,PAY_AMT5,PAY_AMT6
0.20253164556962022,1.0,0.5,0.6666666666666666,0.16666666666666674,0.2,0.2222222222222222,0.2,0.2,0.2,0.2,0.29703778468802633,0.25509314053414295,0.34947238457742075,0.32068223632560844,0.39956797809171807,0.5845552090986534,0.014999250037498125,0.00619355511693595,0.02050052828284421,0.015868175159856616,0.015976457916206055,0.016109045848822803
