LIMIT_BAL,SEX,EDUCATION,MARRIAGE,AGE,PAY_0,PAY_2,PAY_3,PAY_4,PAY_5,PAY_6,BILL_AMT1,BILL_AMT2,BILL_AMT3,BILL_AMT4,BILL_AMT5,BILL_AMT6,PAY_AMT1,PAY_AMT2,PAY_AMT3,PAY_AMT4,PAY_AMT5,PAY_AMT6
0.3164556962025316,1.0,0.16666666666666666,0.6666666666666666,0.2222222222222222,0.0,0.0,0.0,0.1,0.2,0.2,0.03419317266743792,0.04612000205835435,0.07696269140811338,0.07614929612915984,0.13324052378571452,0.39783524978292734,0.005067314201857474,0.0004074707313773652,0.0005519372999227288,0.0,0.0,0.0
