LIMIT_BAL,SEX,EDUCATION,MARRIAGE,AGE,PAY_0,PAY_2,PAY_3,PAY_4,PAY_5,PAY_6,BILL_AMT1,BILL_AMT2,BILL_AMT3,BILL_AMT4,BILL_AMT5,BILL_AMT6,PAY_AMT1,PAY_AMT2,PAY_AMT3,PAY_AMT4,PAY_AMT5,PAY_AMT6
0.10126582278481013,1.0,0.3333333333333333,0.3333333333333333,0.12962962962962965,0.1,0.2222222222222222,0.2,0.2,0.2,0.2,0.04123649846089125,0.059941851489733966,0.08785172298250857,0.08575897592635875,0.1440181959000402,0.40528309669194196,0.00914548867151237,0.0020373536568868257,0.0062999700376894325,0.005374381946076201,0.0018269852681596923,0.05452292441140025
