LIMIT_BAL,SEX,EDUCATION,MARRIAGE,AGE,PAY_0,PAY_2,PAY_3,PAY_4,PAY_5,PAY_6,BILL_AMT1,BILL_AMT2,BILL_AMT3,BILL_AMT4,BILL_AMT5,BILL_AMT6,PAY_AMT1,PAY_AMT2,PAY_AMT3,PAY_AMT4,PAY_AMT5,PAY_AMT6
0.0759493670886076,1.0,0.3333333333333333,0.6666666666666666,0.16666666666666674,0.1,0.2222222222222222,0.2,0.2,0.2,0.2,0.13311524714429007,0.18804482066587766,0.1921830717401818,0.18223482737335417,0.2410956755325928,0.4762790294363376,0.00550513014889796,0.002094399559279657,0.007148902170427725,0.00587432445268794,0.006442120127502442,0.006592317224287485
