LIMIT_BAL,SEX,EDUCATION,MARRIAGE,AGE,PAY_0,PAY_2,PAY_3,PAY_4,PAY_5,PAY_6,BILL_AMT1,BILL_AMT2,BILL_AMT3,BILL_AMT4,BILL_AMT5,BILL_AMT6,PAY_AMT1,PAY_AMT2,PAY_AMT3,PAY_AMT4,PAY_AMT5,PAY_AMT6
0.2151898734177215,0.0,0.3333333333333333,0.6666666666666666,0.3148148148148149,0.1,0.1111111111111111,0.4,0.2,0.2,0.2,0.10910483677284764,0.11259584212422169,0.1631027385163385,0.15388672144214116,0.21705996346441048,0.4575457493019108,0.008918472995269155,0.0,0.005256545713549798,0.004999425066117396,0.005153696102001953,0.007434944237918216
