LIMIT_BAL,SEX,EDUCATION,MARRIAGE,AGE,PAY_0,PAY_2,PAY_3,PAY_4,PAY_5,PAY_6,BILL_AMT1,BILL_AMT2,BILL_AMT3,BILL_AMT4,BILL_AMT5,BILL_AMT6,PAY_AMT1,PAY_AMT2,PAY_AMT3,PAY_AMT4,PAY_AMT5,PAY_AMT6
0.4430379746835443,1.0,0.16666666666666666,0.3333333333333333,0.20370370370370372,0.2,0.2222222222222222,0.2,0.2,0.2,0.2,0.5216676058814204,0.4464827870117841,0.5697652346580527,0.4974919544776254,0.5811903804864658,0.7153495250181332,0.022701567624321486,0.009870570996885293,0.030225137852911338,0.023997240317363503,0.02578136475026477,0.0239182156133829
