LIMIT_BAL,SEX,EDUCATION,MARRIAGE,AGE,PAY_0,PAY_2,PAY_3,PAY_4,PAY_5,PAY_6,BILL_AMT1,BILL_AMT2,BILL_AMT3,BILL_AMT4,BILL_AMT5,BILL_AMT6,PAY_AMT1,PAY_AMT2,PAY_AMT3,PAY_AMT4,PAY_AMT5,PAY_AMT6
0.34177215189873417,0.0,0.3333333333333333,0.6666666666666666,0.33333333333333337,0.2,0.2222222222222222,0.2,0.2,0.2,0.2,0.4535842161690398,0.4022101579786961,0.5430122524301011,0.45286252794208426,0.5506988493576861,0.7045855348189186,0.022555628975307992,0.00915505239258664,0.028916257970237436,0.02499712533058698,0.025768480510009767,0.024783147459727387
