LIMIT_BAL,SEX,EDUCATION,MARRIAGE,AGE,PAY_0,PAY_2,PAY_3,PAY_4,PAY_5,PAY_6,BILL_AMT1,BILL_AMT2,BILL_AMT3,BILL_AMT4,BILL_AMT5,BILL_AMT6,PAY_AMT1,PAY_AMT2,PAY_AMT3,PAY_AMT4,PAY_AMT5,PAY_AMT6
0.4936708860759494,0.0,0.16666666666666666,0.6666666666666666,0.14814814814814814,0.2,0.2222222222222222,0.2,0.1,0.1,0.4,0.08847716923289438,0.05724798023979828,0.08653289075150329,0.2830510658444353,0.3772544713613919,0.5721050244843866,0.0026350033849658868,0.0008157564042174851,0.3635085340019659,0.042485114211865634,0.012910008735514893,0.0002379182156133829
