LIMIT_BAL,SEX,EDUCATION,MARRIAGE,AGE,PAY_0,PAY_2,PAY_3,PAY_4,PAY_5,PAY_6,BILL_AMT1,BILL_AMT2,BILL_AMT3,BILL_AMT4,BILL_AMT5,BILL_AMT6,PAY_AMT1,PAY_AMT2,PAY_AMT3,PAY_AMT4,PAY_AMT5,PAY_AMT6
0.10126582278481013,1.0,0.16666666666666666,0.6666666666666666,0.12962962962962965,0.0,0.0,0.1,0.2,0.2,0.2,0.021068758368560425,0.04022024391498997,0.13283066953431522,0.12833582040356462,0.2082201808479002,0.4526137185215391,0.0,0.029853750605094036,0.0034903463537970655,0.029236637786654533,0.0034787448688513183,0.0033135068153655515
