LIMIT_BAL,SEX,EDUCATION,MARRIAGE,AGE,PAY_0,PAY_2,PAY_3,PAY_4,PAY_5,PAY_6,BILL_AMT1,BILL_AMT2,BILL_AMT3,BILL_AMT4,BILL_AMT5,BILL_AMT6,PAY_AMT1,PAY_AMT2,PAY_AMT3,PAY_AMT4,PAY_AMT5,PAY_AMT6
0.1139240506329114,1.0,0.3333333333333333,0.6666666666666666,0.03703703703703709,0.0,0.0,0.0,0.1,0.1,0.2,0.1837810431405667,0.1752534348788144,0.207555142537869,0.08238195405811953,0.26108730960153986,0.49175709894879427,0.007702317586823361,5.7045902392831125e-06,0.0025520529439284267,0.1991795943466501,0.007372362273913794,0.006686493184634449
