LIMIT_BAL,SEX,EDUCATION,MARRIAGE,AGE,PAY_0,PAY_2,PAY_3,PAY_4,PAY_5,PAY_6,BILL_AMT1,BILL_AMT2,BILL_AMT3,BILL_AMT4,BILL_AMT5,BILL_AMT6,PAY_AMT1,PAY_AMT2,PAY_AMT3,PAY_AMT4,PAY_AMT5,PAY_AMT6
0.569620253164557,1.0,0.3333333333333333,0.3333333333333333,0.2222222222222222,0.2,0.2222222222222222,0.2,0.2,0.2,0.2,0.22542723806503973,0.1191324036432872,0.1621321836329454,0.1440223416814992,0.19668924814462604,0.43727860642300626,0.0048058407890416285,0.0016364024572114986,0.004100105656568842,0.003642081160666523,0.0033473256182502686,0.001905824039653036
