LIMIT_BAL,SEX,EDUCATION,MARRIAGE,AGE,PAY_0,PAY_2,PAY_3,PAY_4,PAY_5,PAY_6,BILL_AMT1,BILL_AMT2,BILL_AMT3,BILL_AMT4,BILL_AMT5,BILL_AMT6,PAY_AMT1,PAY_AMT2,PAY_AMT3,PAY_AMT4,PAY_AMT5,PAY_AMT6
0.24050632911392406,1.0,0.16666666666666666,0.6666666666666666,0.14814814814814814,0.0,0.0,0.0,0.0,0.0,0.1,0.022786030135450986,0.041884937992075336,0.07483011163031764,0.07464806457992484,0.13160328493511503,0.47962329549648985,0.0,0.0006454336385017464,0.0,0.0,0.18166778759556884,0.004183395291201983
