LIMIT_BAL,SEX,EDUCATION,MARRIAGE,AGE,PAY_0,PAY_2,PAY_3,PAY_4,PAY_5,PAY_6,BILL_AMT1,BILL_AMT2,BILL_AMT3,BILL_AMT4,BILL_AMT5,BILL_AMT6,PAY_AMT1,PAY_AMT2,PAY_AMT3,PAY_AMT4,PAY_AMT5,PAY_AMT6
0.3924050632911392,0.0,0.16666666666666666,0.3333333333333333,0.40740740740740744,0.2,0.2222222222222222,0.2,0.2,0.2,0.2,0.1967484856143171,0.1844735758760871,0.2616536736657759,0.24294930571786436,0.32069620232481383,0.5364781620832411,0.008164456642032763,0.0032597658510189215,0.013141364283874494,0.01249856266529349,0.012884240255004883,0.012391573729863693
