LIMIT_BAL,SEX,EDUCATION,MARRIAGE,AGE,PAY_0,PAY_2,PAY_3,PAY_4,PAY_5,PAY_6,BILL_AMT1,BILL_AMT2,BILL_AMT3,BILL_AMT4,BILL_AMT5,BILL_AMT6,PAY_AMT1,PAY_AMT2,PAY_AMT3,PAY_AMT4,PAY_AMT5,PAY_AMT6
0.24050632911392406,1.0,0.16666666666666666,0.6666666666666666,0.14814814814814814,0.1,0.1111111111111111,0.1,0.2,0.2,0.1,0.027350770810147286,0.04290382339319714,0.09228194289241862,0.11975243163553334,0.21314660313787775,0.3987984546537911,0.0,0.007970942447204017,0.05256545713549798,0.04999425066117396,0.0018862527733327149,0.002490706319702602
