LIMIT_BAL,SEX,EDUCATION,MARRIAGE,AGE,PAY_0,PAY_2,PAY_3,PAY_4,PAY_5,PAY_6,BILL_AMT1,BILL_AMT2,BILL_AMT3,BILL_AMT4,BILL_AMT5,BILL_AMT6,PAY_AMT1,PAY_AMT2,PAY_AMT3,PAY_AMT4,PAY_AMT5,PAY_AMT6
0.2151898734177215,0.0,0.5,0.3333333333333333,0.16666666666666674,0.1,0.2222222222222222,0.2,0.2,0.2,0.2,0.11342627111859692,0.11744326660834664,0.1735130950632099,0.16579918855588116,0.23320523001408483,0.47181922683474703,0.004256543929560278,0.0017521241449226703,0.005782200284904777,0.006249281332646745,0.0077305441530029296,0.0024783147459727386
