LIMIT_BAL,SEX,EDUCATION,MARRIAGE,AGE,PAY_0,PAY_2,PAY_3,PAY_4,PAY_5,PAY_6,BILL_AMT1,BILL_AMT2,BILL_AMT3,BILL_AMT4,BILL_AMT5,BILL_AMT6,PAY_AMT1,PAY_AMT2,PAY_AMT3,PAY_AMT4,PAY_AMT5,PAY_AMT6
0.35443037974683544,1.0,0.16666666666666666,0.6666666666666666,0.18518518518518523,0.2,0.2222222222222222,0.2,0.2,0.2,0.2,0.08976747763543921,0.09807029280090568,0.14875074070834002,0.14334663766083555,0.20969075466580395,0.45775549829447115,0.00405385136148598,0.0017113770717849337,0.0055193729992272875,0.0074991375991760945,0.012884240255004883,0.005080545229244114
