LIMIT_BAL,SEX,EDUCATION,MARRIAGE,AGE,PAY_0,PAY_2,PAY_3,PAY_4,PAY_5,PAY_6,BILL_AMT1,BILL_AMT2,BILL_AMT3,BILL_AMT4,BILL_AMT5,BILL_AMT6,PAY_AMT1,PAY_AMT2,PAY_AMT3,PAY_AMT4,PAY_AMT5,PAY_AMT6
0.35443037974683544,1.0,0.3333333333333333,0.6666666666666666,0.14814814814814814,0.1,0.2222222222222222,0.2,0.2,0.2,0.2,0.05434835501375858,0.08189677352956312,0.1245198806943759,0.12288524118588304,0.18355702395074558,0.432067691507275,0.030403885211144847,0.0016298829255094608,0.007884818570324697,0.0,0.0,0.010607187112763322
