LIMIT_BAL,SEX,EDUCATION,MARRIAGE,AGE,PAY_0,PAY_2,PAY_3,PAY_4,PAY_5,PAY_6,BILL_AMT1,BILL_AMT2,BILL_AMT3,BILL_AMT4,BILL_AMT5,BILL_AMT6,PAY_AMT1,PAY_AMT2,PAY_AMT3,PAY_AMT4,PAY_AMT5,PAY_AMT6
0.18987341772151897,1.0,0.16666666666666666,0.6666666666666666,0.12962962962962965,0.0,0.4444444444444444,0.2,0.2,0.2,0.2,0.030535729141976307,0.04795965625482427,0.08580827579604483,0.09126498984196615,0.15221909589121677,0.41331566285954663,0.0,0.0016298829255094608,0.013162390466728693,0.007516635586907505,0.005153696102001953,0.004956629491945477
