LIMIT_BAL,SEX,EDUCATION,MARRIAGE,AGE,PAY_0,PAY_2,PAY_3,PAY_4,PAY_5,PAY_6,BILL_AMT1,BILL_AMT2,BILL_AMT3,BILL_AMT4,BILL_AMT5,BILL_AMT6,PAY_AMT1,PAY_AMT2,PAY_AMT3,PAY_AMT4,PAY_AMT5,PAY_AMT6
0.620253164556962,1.0,0.16666666666666666,0.6666666666666666,0.11111111111111116,0.2,0.2222222222222222,0.2,0.2,0.2,0.2,0.1469931262037777,0.12167961714609171,0.1676567536919875,0.14656334837561352,0.18521550442315926,0.4240925426616561,0.004692332950920021,0.0021180328616995443,0.003942409285162349,0.005046919604245512,0.003092217661201172,0.004421313506815365
