LIMIT_BAL,SEX,EDUCATION,MARRIAGE,AGE,PAY_0,PAY_2,PAY_3,PAY_4,PAY_5,PAY_6,BILL_AMT1,BILL_AMT2,BILL_AMT3,BILL_AMT4,BILL_AMT5,BILL_AMT6,PAY_AMT1,PAY_AMT2,PAY_AMT3,PAY_AMT4,PAY_AMT5,PAY_AMT6
0.24050632911392406,1.0,0.16666666666666666,0.6666666666666666,0.09259259259259262,0.2,0.2222222222222222,0.2,0.2,0.2,0.2,0.33930558804000266,0.23116605773683943,0.3182149052801157,0.29401215368296146,0.3684604399303275,0.5680143332384189,0.16215405445943917,0.0037487307286717597,0.015769637140649394,0.01174864890537588,0.012368870644804688,0.012391573729863693
