LIMIT_BAL,SEX,EDUCATION,MARRIAGE,AGE,PAY_0,PAY_2,PAY_3,PAY_4,PAY_5,PAY_6,BILL_AMT1,BILL_AMT2,BILL_AMT3,BILL_AMT4,BILL_AMT5,BILL_AMT6,PAY_AMT1,PAY_AMT2,PAY_AMT3,PAY_AMT4,PAY_AMT5,PAY_AMT6
0.4430379746835443,0.0,0.16666666666666666,0.6666666666666666,0.20370370370370372,0.2,0.2222222222222222,0.2,0.2,0.2,0.2,0.06614949682681455,0.07329799825039882,0.11009195512339087,0.09894194638715592,0.1574085874975082,0.41542018347763826,0.0034903660222394286,0.0021481856958214694,0.0026440424939155483,0.0025072116706578744,0.0026051933795619873,0.004964064436183396
