LIMIT_BAL,SEX,EDUCATION,MARRIAGE,AGE,PAY_0,PAY_2,PAY_3,PAY_4,PAY_5,PAY_6,BILL_AMT1,BILL_AMT2,BILL_AMT3,BILL_AMT4,BILL_AMT5,BILL_AMT6,PAY_AMT1,PAY_AMT2,PAY_AMT3,PAY_AMT4,PAY_AMT5,PAY_AMT6
0.05063291139240507,1.0,0.3333333333333333,0.6666666666666666,0.20370370370370372,0.30000000000000004,0.1111111111111111,0.2,0.2,0.1,0.1,0.07172042690057562,0.10193742602789072,0.15635507123179593,0.07546010799278449,0.152704385251125,0.4022587271399963,0.11068635757401318,0.005753486727048397,0.00029436655995878865,0.0803207631122421,0.02912869036851504,0.13056009913258984
