LIMIT_BAL,SEX,EDUCATION,MARRIAGE,AGE,PAY_0,PAY_2,PAY_3,PAY_4,PAY_5,PAY_6,BILL_AMT1,BILL_AMT2,BILL_AMT3,BILL_AMT4,BILL_AMT5,BILL_AMT6,PAY_AMT1,PAY_AMT2,PAY_AMT3,PAY_AMT4,PAY_AMT5,PAY_AMT6
0.1772151898734177,1.0,0.3333333333333333,0.6666666666666666,0.11111111111111116,0.1,0.1111111111111111,0.1,0.1,0.1,0.2,0.026768405338925716,0.04725724283435394,0.07870407814617415,0.07901991454067109,0.23108596974539466,0.46804960387906736,0.006859116503634278,0.0012672339745836056,0.005587708093503435,0.15021272553656329,0.0077305441530029296,0.007434944237918216
