LIMIT_BAL,SEX,EDUCATION,MARRIAGE,AGE,PAY_0,PAY_2,PAY_3,PAY_4,PAY_5,PAY_6,BILL_AMT1,BILL_AMT2,BILL_AMT3,BILL_AMT4,BILL_AMT5,BILL_AMT6,PAY_AMT1,PAY_AMT2,PAY_AMT3,PAY_AMT4,PAY_AMT5,PAY_AMT6
0.620253164556962,1.0,0.16666666666666666,0.3333333333333333,0.537037037037037,0.1,0.1111111111111111,0.1,0.1,0.1,0.1,0.05823968655865959,0.05907991560747183,0.09694819910900421,0.07563390326195742,0.16960618033156538,0.4002479490884121,0.0255595328341691,0.010344866928208548,0.0,0.05649350324712658,0.04338639063470344,0.0
