LIMIT_BAL,SEX,EDUCATION,MARRIAGE,AGE,PAY_0,PAY_2,PAY_3,PAY_4,PAY_5,PAY_6,BILL_AMT1,BILL_AMT2,BILL_AMT3,BILL_AMT4,BILL_AMT5,BILL_AMT6,PAY_AMT1,PAY_AMT2,PAY_AMT3,PAY_AMT4,PAY_AMT5,PAY_AMT6
0.5189873417721519,0.0,0.16666666666666666,0.6666666666666666,0.18518518518518523,0.0,0.0,0.0,0.0,0.0,0.0,0.03613491414426025,0.13670045798384192,0.10589777152015635,0.09356028598311189,0.15178936154220712,0.45257270614869205,0.0720105886597562,0.015029150456122737,0.03138946272846262,0.02904665963414207,0.12074079227770176,0.05403221809169765
