LIMIT_BAL,SEX,EDUCATION,MARRIAGE,AGE,PAY_0,PAY_2,PAY_3,PAY_4,PAY_5,PAY_6,BILL_AMT1,BILL_AMT2,BILL_AMT3,BILL_AMT4,BILL_AMT5,BILL_AMT6,PAY_AMT1,PAY_AMT2,PAY_AMT3,PAY_AMT4,PAY_AMT5,PAY_AMT6
0.16455696202531644,1.0,0.3333333333333333,0.6666666666666666,0.18518518518518523,0.2,0.2222222222222222,0.2,0.2,0.2,0.2,0.23959237556450994,0.22058997581433645,0.3038381484189694,0.2859681295433979,0.36112881246262296,0.5640384766364229,0.012972324356755134,0.0053786136541812204,0.017083773569036842,0.012748533918599361,0.013657294670305176,0.014869888475836432
