LIMIT_BAL,SEX,EDUCATION,MARRIAGE,AGE,PAY_0,PAY_2,PAY_3,PAY_4,PAY_5,PAY_6,BILL_AMT1,BILL_AMT2,BILL_AMT3,BILL_AMT4,BILL_AMT5,BILL_AMT6,PAY_AMT1,PAY_AMT2,PAY_AMT3,PAY_AMT4,PAY_AMT5,PAY_AMT6
0.3164556962025316,1.0,0.5,0.3333333333333333,0.5,0.2,0.2222222222222222,0.2,0.2,0.2,0.2,0.17771722153590652,0.1519618689857459,0.19210714397719525,0.16324319951097607,0.22886050136763364,0.4597979144622516,0.00604023852861411,0.0019053331399205597,0.005022629429296831,0.012533558640756313,0.012894547647208886,0.004973977695167287
