LIMIT_BAL,SEX,EDUCATION,MARRIAGE,AGE,PAY_0,PAY_2,PAY_3,PAY_4,PAY_5,PAY_6,BILL_AMT1,BILL_AMT2,BILL_AMT3,BILL_AMT4,BILL_AMT5,BILL_AMT6,PAY_AMT1,PAY_AMT2,PAY_AMT3,PAY_AMT4,PAY_AMT5,PAY_AMT6
0.5189873417721519,1.0,0.3333333333333333,0.6666666666666666,0.2962962962962963,0.30000000000000004,0.1111111111111111,0.2,0.2,0.1,0.2,0.033882368453686244,0.08215664076570782,0.10504936129895898,0.08897868311129489,0.15812099881373712,0.42884763434774503,0.0634954738749549,0.0009371826821679399,0.0005387959356388543,0.03860056093549242,0.05744309675291377,0.002485749690210657
