LIMIT_BAL,SEX,EDUCATION,MARRIAGE,AGE,PAY_0,PAY_2,PAY_3,PAY_4,PAY_5,PAY_6,BILL_AMT1,BILL_AMT2,BILL_AMT3,BILL_AMT4,BILL_AMT5,BILL_AMT6,PAY_AMT1,PAY_AMT2,PAY_AMT3,PAY_AMT4,PAY_AMT5,PAY_AMT6
0.3164556962025316,0.0,0.5,0.3333333333333333,0.42592592592592593,0.2,0.2222222222222222,0.2,0.2,0.2,0.2,0.41711181260075625,0.3747967375083621,0.505465973633259,0.4556192804875856,0.37085257334078425,0.5722081413075447,0.02229618248817289,0.005786084385558585,0.35625187264441044,0.011248706398764142,0.011827732554094483,0.011154894671623297
