LIMIT_BAL,SEX,EDUCATION,MARRIAGE,AGE,PAY_0,PAY_2,PAY_3,PAY_4,PAY_5,PAY_6,BILL_AMT1,BILL_AMT2,BILL_AMT3,BILL_AMT4,BILL_AMT5,BILL_AMT6,PAY_AMT1,PAY_AMT2,PAY_AMT3,PAY_AMT4,PAY_AMT5,PAY_AMT6
0.5569620253164557,1.0,0.3333333333333333,0.3333333333333333,0.2407407407407407,0.2,0.2222222222222222,0.2,0.2,0.2,0.2,0.6082595434945383,0.5356892914115166,0.1996603057908124,0.2070560879284203,0.2883876955454685,0.5191006338169277,0.04053851361485979,0.0030177282365807666,0.03942409285162348,0.02499712533058698,0.025768480510009767,0.061957868649318466
