LIMIT_BAL,SEX,EDUCATION,MARRIAGE,AGE,PAY_0,PAY_2,PAY_3,PAY_4,PAY_5,PAY_6,BILL_AMT1,BILL_AMT2,BILL_AMT3,BILL_AMT4,BILL_AMT5,BILL_AMT6,PAY_AMT1,PAY_AMT2,PAY_AMT3,PAY_AMT4,PAY_AMT5,PAY_AMT6
0.36708860759493667,1.0,0.16666666666666666,0.3333333333333333,0.20370370370370372,0.30000000000000004,0.1111111111111111,0.1,0.1,0.1,0.1,0.023672920947419147,0.10052616682961973,0.07506614793699316,0.27030258355657033,0.13380914566197064,0.3985523804167091,0.09124814029568791,0.0,0.3428503093477152,0.0013998390185128709,0.0013502683787245118,0.016793060718711277
