LIMIT_BAL,SEX,EDUCATION,MARRIAGE,AGE,PAY_0,PAY_2,PAY_3,PAY_4,PAY_5,PAY_6,BILL_AMT1,BILL_AMT2,BILL_AMT3,BILL_AMT4,BILL_AMT5,BILL_AMT6,PAY_AMT1,PAY_AMT2,PAY_AMT3,PAY_AMT4,PAY_AMT5,PAY_AMT6
0.4177215189873417,0.0,0.16666666666666666,0.6666666666666666,0.2777777777777778,0.2,0.2222222222222222,0.2,0.2,0.2,0.2,0.04278894981139835,0.06391447537693615,0.10979484648561746,0.10895165495046835,0.17597049702127104,0.43817150436898944,0.010134628403714948,0.004084486611326709,0.013141364283874494,0.012513560940491842,0.025794248990519776,0.024783147459727387
