LIMIT_BAL,SEX,EDUCATION,MARRIAGE,AGE,PAY_0,PAY_2,PAY_3,PAY_4,PAY_5,PAY_6,BILL_AMT1,BILL_AMT2,BILL_AMT3,BILL_AMT4,BILL_AMT5,BILL_AMT6,PAY_AMT1,PAY_AMT2,PAY_AMT3,PAY_AMT4,PAY_AMT5,PAY_AMT6
0.2911392405063291,1.0,0.3333333333333333,0.3333333333333333,0.2962962962962963,0.1,0.2222222222222222,0.2,0.2,0.2,0.2,0.04343881316742458,0.16149590902073793,0.21892615034687435,0.20938434524130575,0.28178155116126313,0.5071847818317532,0.18343677410724057,0.002444824388264191,0.007884818570324697,0.006249281332646745,0.006442120127502442,0.007434944237918216
