LIMIT_BAL,SEX,EDUCATION,MARRIAGE,AGE,PAY_0,PAY_2,PAY_3,PAY_4,PAY_5,PAY_6,BILL_AMT1,BILL_AMT2,BILL_AMT3,BILL_AMT4,BILL_AMT5,BILL_AMT6,PAY_AMT1,PAY_AMT2,PAY_AMT3,PAY_AMT4,PAY_AMT5,PAY_AMT6
0.430379746835443,1.0,0.3333333333333333,0.3333333333333333,0.3148148148148149,0.2,0.2222222222222222,0.2,0.2,0.2,0.2,0.12270487570186027,0.14572762826120517,0.20167734332058518,0.1734282015785405,0.22600758816090039,0.46243325236319144,0.048646216337831755,0.004889648776528382,0.013141364283874494,0.0074991375991760945,0.015461088306005859,0.012391573729863693
