LIMIT_BAL,SEX,EDUCATION,MARRIAGE,AGE,PAY_0,PAY_2,PAY_3,PAY_4,PAY_5,PAY_6,BILL_AMT1,BILL_AMT2,BILL_AMT3,BILL_AMT4,BILL_AMT5,BILL_AMT6,PAY_AMT1,PAY_AMT2,PAY_AMT3,PAY_AMT4,PAY_AMT5,PAY_AMT6
0.35443037974683544,1.0,0.5,0.6666666666666666,0.11111111111111116,0.2,0.2222222222222222,0.2,0.1,0.1,0.1,0.12383821227927799,0.08017547470797098,0.09391769100371551,0.10948952134385694,0.4017999823531142,0.40927418646099545,0.00405385136148598,0.0011401031063938678,0.05905203454601843,0.4119301280352759,0.024923274349281446,0.04681288723667906
