LIMIT_BAL,SEX,EDUCATION,MARRIAGE,AGE,PAY_0,PAY_2,PAY_3,PAY_4,PAY_5,PAY_6,BILL_AMT1,BILL_AMT2,BILL_AMT3,BILL_AMT4,BILL_AMT5,BILL_AMT6,PAY_AMT1,PAY_AMT2,PAY_AMT3,PAY_AMT4,PAY_AMT5,PAY_AMT6
0.26582278481012656,1.0,0.5,0.6666666666666666,0.33333333333333337,0.2,0.2222222222222222,0.2,0.2,0.2,0.2,0.3530359135838708,0.24940179076828078,0.31038609267478656,0.29279558679875106,0.37421038355833114,0.5746220123951108,0.013961464088957714,0.004201023240500635,0.013819458680922419,0.01320848102468216,0.014103089383128344,0.013643122676579926
