LIMIT_BAL,SEX,EDUCATION,MARRIAGE,AGE,PAY_0,PAY_2,PAY_3,PAY_4,PAY_5,PAY_6,BILL_AMT1,BILL_AMT2,BILL_AMT3,BILL_AMT4,BILL_AMT5,BILL_AMT6,PAY_AMT1,PAY_AMT2,PAY_AMT3,PAY_AMT4,PAY_AMT5,PAY_AMT6
0.4683544303797468,1.0,0.16666666666666666,0.3333333333333333,0.2222222222222222,0.2,0.2222222222222222,0.2,0.2,0.2,0.2,0.6094179955639762,0.49840220243914996,0.6164492546699701,0.4466897994162876,0.34267637898974845,0.5488896778888236,0.026852711418483128,0.007776986379068392,0.01604823406346753,0.0075316338621058574,0.008756129677301319,0.015035935563816605
