LIMIT_BAL,SEX,EDUCATION,MARRIAGE,AGE,PAY_0,PAY_2,PAY_3,PAY_4,PAY_5,PAY_6,BILL_AMT1,BILL_AMT2,BILL_AMT3,BILL_AMT4,BILL_AMT5,BILL_AMT6,PAY_AMT1,PAY_AMT2,PAY_AMT3,PAY_AMT4,PAY_AMT5,PAY_AMT6
0.4177215189873417,1.0,0.16666666666666666,0.6666666666666666,0.11111111111111116,0.1,0.1111111111111111,0.1,0.1,0.2,0.1,0.03572835711718104,0.04667061184582926,0.07871893357806282,0.08741003098350143,0.1403090819371052,0.40375392107578967,0.005963215352745876,0.0012924971599290024,0.02034808845715127,0.0032496262929763075,0.012845587534239868,0.014760842627013632
