LIMIT_BAL,SEX,EDUCATION,MARRIAGE,AGE,PAY_0,PAY_2,PAY_3,PAY_4,PAY_5,PAY_6,BILL_AMT1,BILL_AMT2,BILL_AMT3,BILL_AMT4,BILL_AMT5,BILL_AMT6,PAY_AMT1,PAY_AMT2,PAY_AMT3,PAY_AMT4,PAY_AMT5,PAY_AMT6
0.4683544303797468,0.0,0.16666666666666666,0.3333333333333333,0.2962962962962963,0.2,0.2222222222222222,0.2,0.2,0.2,0.2,0.2959860734596747,0.18827638552976897,0.1987359678066285,0.1473349394413381,0.24312996931402636,0.44100487344167627,0.020409114679401163,0.010359535874538132,0.02628272856774899,0.04999425066117396,0.043164781702317356,0.07187112763320942
