LIMIT_BAL,SEX,EDUCATION,MARRIAGE,AGE,PAY_0,PAY_2,PAY_3,PAY_4,PAY_5,PAY_6,BILL_AMT1,BILL_AMT2,BILL_AMT3,BILL_AMT4,BILL_AMT5,BILL_AMT6,PAY_AMT1,PAY_AMT2,PAY_AMT3,PAY_AMT4,PAY_AMT5,PAY_AMT6
0.620253164556962,1.0,0.3333333333333333,0.6666666666666666,0.2777777777777778,0.0,0.0,0.0,0.0,0.0,0.0,0.0415598604206531,0.05485128389852313,0.09258235273727838,0.10152190719332627,0.14538909749250825,0.4167817942561586,0.018824058797060145,0.008119261793425378,0.045266743412234085,0.019110302315233748,0.0414331398120447,0.027975216852540275
