LIMIT_BAL,SEX,EDUCATION,MARRIAGE,AGE,PAY_0,PAY_2,PAY_3,PAY_4,PAY_5,PAY_6,BILL_AMT1,BILL_AMT2,BILL_AMT3,BILL_AMT4,BILL_AMT5,BILL_AMT6,PAY_AMT1,PAY_AMT2,PAY_AMT3,PAY_AMT4,PAY_AMT5,PAY_AMT6
0.20253164556962022,0.0,0.5,0.6666666666666666,0.2777777777777778,0.1,0.1111111111111111,0.1,0.2,0.2,0.1,0.02465085541796103,0.050102917717285034,0.08761403607228983,0.10004165093519833,0.18004725443868197,0.4037304854341628,0.01134267610943777,0.00566628799053364,0.02628272856774899,0.037495687995880475,0.012732206219995825,0.054805452292441145
