LIMIT_BAL,SEX,EDUCATION,MARRIAGE,AGE,PAY_0,PAY_2,PAY_3,PAY_4,PAY_5,PAY_6,BILL_AMT1,BILL_AMT2,BILL_AMT3,BILL_AMT4,BILL_AMT5,BILL_AMT6,PAY_AMT1,PAY_AMT2,PAY_AMT3,PAY_AMT4,PAY_AMT5,PAY_AMT6
0.5189873417721519,1.0,0.3333333333333333,0.6666666666666666,0.18518518518518523,0.2,0.2222222222222222,0.2,0.2,0.2,0.2,0.10372541232574164,0.10490660217156383,0.15360351512530557,0.14407328167418781,0.2086629869641801,0.4479183877215986,0.003774135617543447,0.001638032340137008,0.004468063856517328,0.004054533728621208,0.0039168090375214844,0.003261462205700124
