LIMIT_BAL,SEX,EDUCATION,MARRIAGE,AGE,PAY_0,PAY_2,PAY_3,PAY_4,PAY_5,PAY_6,BILL_AMT1,BILL_AMT2,BILL_AMT3,BILL_AMT4,BILL_AMT5,BILL_AMT6,PAY_AMT1,PAY_AMT2,PAY_AMT3,PAY_AMT4,PAY_AMT5,PAY_AMT6
0.2911392405063291,0.0,0.16666666666666666,0.6666666666666666,0.16666666666666674,0.1,0.2222222222222222,0.2,0.2,0.2,0.2,0.30486910904361775,0.2776977306643339,0.38389242026346937,0.3612829087335119,0.4505495044166234,0.6119432716858779,0.013339197904969615,0.005607612205215299,0.01887362738450055,0.018200406953200382,0.017105117362544484,0.017053283767038414
