LIMIT_BAL,SEX,EDUCATION,MARRIAGE,AGE,PAY_0,PAY_2,PAY_3,PAY_4,PAY_5,PAY_6,BILL_AMT1,BILL_AMT2,BILL_AMT3,BILL_AMT4,BILL_AMT5,BILL_AMT6,PAY_AMT1,PAY_AMT2,PAY_AMT3,PAY_AMT4,PAY_AMT5,PAY_AMT6
0.16455696202531644,0.0,0.3333333333333333,0.3333333333333333,0.2962962962962963,0.2,0.1111111111111111,0.2,0.2,0.2,0.2,0.07843725129776456,0.049733700406524986,0.16080179717713783,0.16084452514937403,0.23004513027650056,0.4653556768740603,0.010811621581083107,0.040751962786513045,0.024863461225090543,0.02364978027526834,0.006460158063859449,0.024800495662949194
