LIMIT_BAL,SEX,EDUCATION,MARRIAGE,AGE,PAY_0,PAY_2,PAY_3,PAY_4,PAY_5,PAY_6,BILL_AMT1,BILL_AMT2,BILL_AMT3,BILL_AMT4,BILL_AMT5,BILL_AMT6,PAY_AMT1,PAY_AMT2,PAY_AMT3,PAY_AMT4,PAY_AMT5,PAY_AMT6
0.620253164556962,1.0,0.3333333333333333,0.6666666666666666,0.2407407407407407,0.1,0.1111111111111111,0.1,0.2,0.2,0.1,0.028314577816427728,0.04795451036896002,0.10502460224581119,0.10159532071220102,0.14765214720117123,0.4004951951075754,0.0113629453662452,0.014262290539670536,0.005766430647764128,0.0025747039090504593,0.005617528751182129,0.00498636926889715
