LIMIT_BAL,SEX,EDUCATION,MARRIAGE,AGE,PAY_0,PAY_2,PAY_3,PAY_4,PAY_5,PAY_6,BILL_AMT1,BILL_AMT2,BILL_AMT3,BILL_AMT4,BILL_AMT5,BILL_AMT6,PAY_AMT1,PAY_AMT2,PAY_AMT3,PAY_AMT4,PAY_AMT5,PAY_AMT6
0.1772151898734177,1.0,0.16666666666666666,0.6666666666666666,0.20370370370370372,0.1,0.1111111111111111,0.2,0.2,0.2,0.1,0.026639688442321487,0.06097231513405033,0.09785107924712672,0.09858236996817749,0.15168478740404506,0.4007436129088201,0.028468171186035292,0.0008393897066373723,0.0136223382166643,0.0,0.006163820537994336,0.01736555142503098
