LIMIT_BAL,SEX,EDUCATION,MARRIAGE,AGE,PAY_0,PAY_2,PAY_3,PAY_4,PAY_5,PAY_6,BILL_AMT1,BILL_AMT2,BILL_AMT3,BILL_AMT4,BILL_AMT5,BILL_AMT6,PAY_AMT1,PAY_AMT2,PAY_AMT3,PAY_AMT4,PAY_AMT5,PAY_AMT6
0.1772151898734177,1.0,0.3333333333333333,0.3333333333333333,0.20370370370370372,0.1,0.4444444444444444,0.1,0.2,0.2,0.2,0.02905862426753022,0.04345700612360418,0.12470639889475588,0.12143644786441571,0.18375146648889062,0.4319188751829444,0.0,0.02397965254155794,0.005256545713549798,0.0038195607505136907,0.003911655341419482,0.004956629491945477
